"spatial_unit","unit_id","unit","species","feeding_regime","forage_profile","climate_scenario","Without_Intervention","With_Intervention","intervention_benefit_raw","intervention_benefit_pct","without_intervention_animals","with_intervention_animals","intervention_benefit_animals"
"Conservancy","Conservancy_1","Okanguati","Cattle","Grazer","Cattle_Grazer","SSP245_2050",2784.09505975868,7615.87154483657,4831.77648507788,173.549263993043,2784,7616,4832
"Conservancy","Conservancy_1","Okanguati","Sheep","Grazer-Mixed","Sheep_Grazer_Mixed","SSP245_2050",33963.1607575509,62603.9133282973,28640.7525707464,84.3288785022131,33963,62604,28641
"Conservancy","Conservancy_1","Okanguati","Goats","Browser-Mixed","Goat_Browser_Mixed","SSP245_2050",63841.9104235107,57378.4232657344,-6463.48715777633,-10.1242069902032,63842,57378,-6463
"Conservancy","Conservancy_1","Okanguati","Donkeys","Grazer","Donkey_Grazer","SSP245_2050",11543.8229232174,26092.803434581,14548.9805113636,126.032602961208,11544,26093,14549
"Conservancy","Conservancy_2","Iipumbu ya Tshilongo","Cattle","Grazer","Cattle_Grazer","SSP245_2050",10779.255169647,12223.8048641934,1444.54969454636,13.4012013985347,10779,12224,1445
"Conservancy","Conservancy_2","Iipumbu ya Tshilongo","Sheep","Grazer-Mixed","Sheep_Grazer_Mixed","SSP245_2050",86540.2834338713,95271.900507746,8731.61707387463,10.0896562010301,86540,95272,8732
"Conservancy","Conservancy_2","Iipumbu ya Tshilongo","Goats","Browser-Mixed","Goat_Browser_Mixed","SSP245_2050",73208.38835855,71942.2682072129,-1266.12015133708,-1.72947414869461,73208,71942,-1266
"Conservancy","Conservancy_2","Iipumbu ya Tshilongo","Donkeys","Grazer","Donkey_Grazer","SSP245_2050",36603.6002132972,40968.2678941222,4364.66768082498,11.9241485957422,36604,40968,4365
"Conservancy","Conservancy_3","Otjitanda","Cattle","Grazer","Cattle_Grazer","SSP245_2050",2642.90970833518,7475.11056462497,4832.20085628979,182.83639585,2643,7475,4832
"Conservancy","Conservancy_3","Otjitanda","Sheep","Grazer-Mixed","Sheep_Grazer_Mixed","SSP245_2050",31543.5934782859,61048.6423452399,29505.0488669539,93.5373735629224,31544,61049,29505
"Conservancy","Conservancy_3","Otjitanda","Goats","Browser-Mixed","Goat_Browser_Mixed","SSP245_2050",57892.9529378564,54769.2315344547,-3123.72140340162,-5.39568504435194,57893,54769,-3124
"Conservancy","Conservancy_3","Otjitanda","Donkeys","Grazer","Donkey_Grazer","SSP245_2050",11011.2124876804,25643.6594709413,14632.4469832608,132.886791528471,11011,25644,14632
"Conservancy","Conservancy_4","Orupupa","Cattle","Grazer","Cattle_Grazer","SSP245_2050",2939.36522233619,5910.31219242102,2970.94697008483,101.0744410905,2939,5910,2971
"Conservancy","Conservancy_4","Orupupa","Sheep","Grazer-Mixed","Sheep_Grazer_Mixed","SSP245_2050",35465.9089795426,53182.9049065956,17716.995927053,49.9550030912008,35466,53183,17717
"Conservancy","Conservancy_4","Orupupa","Goats","Browser-Mixed","Goat_Browser_Mixed","SSP245_2050",65884.9777195862,62323.3906338959,-3561.58708569023,-5.40576503015413,65885,62323,-3562
"Conservancy","Conservancy_4","Orupupa","Donkeys","Grazer","Donkey_Grazer","SSP245_2050",12155.1061643477,21111.0893487013,8955.98318435358,73.680830617691,12155,21111,8956
"Conservancy","Conservancy_5","Omuramba ua Mbinda","Cattle","Grazer","Cattle_Grazer","SSP245_2050",7254.25981232709,23959.7377522104,16705.4779398833,230.285079002766,7254,23960,16705
"Conservancy","Conservancy_5","Omuramba ua Mbinda","Sheep","Grazer-Mixed","Sheep_Grazer_Mixed","SSP245_2050",90284.4449785624,189295.931979079,99011.4870005165,109.666163450444,90284,189296,99011
"Conservancy","Conservancy_5","Omuramba ua Mbinda","Goats","Browser-Mixed","Goat_Browser_Mixed","SSP245_2050",173273.177231584,150881.198853886,-22391.9783776979,-12.9229340255996,173273,150881,-22392
"Conservancy","Conservancy_5","Omuramba ua Mbinda","Donkeys","Grazer","Donkey_Grazer","SSP245_2050",30398.803023085,80699.6240164644,50300.8209933794,165.469742197351,30399,80700,50301
"Conservancy","Conservancy_6","Otjombinde","Cattle","Grazer","Cattle_Grazer","SSP245_2050",13277.5367522813,43777.9077085781,30500.3709562968,229.714076679594,13278,43778,30500
"Conservancy","Conservancy_6","Otjombinde","Sheep","Grazer-Mixed","Sheep_Grazer_Mixed","SSP245_2050",164977.427596001,345749.692437374,180772.264841373,109.57393837177,164977,345750,180772
"Conservancy","Conservancy_6","Otjombinde","Goats","Browser-Mixed","Goat_Browser_Mixed","SSP245_2050",316094.747162859,275212.130728724,-40882.6164341355,-12.9336589111593,316095,275212,-40883
"Conservancy","Conservancy_6","Otjombinde","Donkeys","Grazer","Donkey_Grazer","SSP245_2050",55590.1699013152,147427.931456257,91837.7615549421,165.205038441103,55590,147428,91838
"Conservancy","Conservancy_7","Bamunu","Cattle","Grazer","Cattle_Grazer","SSP245_2050",2086.27674481002,2380.50846888813,294.231724078115,14.1031972297093,2086,2381,294
"Conservancy","Conservancy_7","Bamunu","Sheep","Grazer-Mixed","Sheep_Grazer_Mixed","SSP245_2050",20957.8390041734,22677.0552518544,1719.21624768109,8.20321335295468,20958,22677,1719
"Conservancy","Conservancy_7","Bamunu","Goats","Browser-Mixed","Goat_Browser_Mixed","SSP245_2050",26779.5776894448,26339.2695435888,-440.30814585607,-1.64419376198609,26780,26339,-440
"Conservancy","Conservancy_7","Bamunu","Donkeys","Grazer","Donkey_Grazer","SSP245_2050",7741.44919359865,8620.13770989195,878.688516293299,11.3504396182033,7741,8620,879
"Conservancy","Conservancy_8","Mashi","Cattle","Grazer","Cattle_Grazer","SSP245_2050",1031.21355431751,1281.95999780255,250.746443485042,24.3156659874389,1031,1282,251
"Conservancy","Conservancy_8","Mashi","Sheep","Grazer-Mixed","Sheep_Grazer_Mixed","SSP245_2050",11626.1524054718,13112.2983462756,1486.1459408038,12.7827839251818,11626,13112,1486
"Conservancy","Conservancy_8","Mashi","Goats","Browser-Mixed","Goat_Browser_Mixed","SSP245_2050",21064.9649258136,20728.8650571952,-336.099868618363,-1.59553965459727,21065,20729,-336
"Conservancy","Conservancy_8","Mashi","Donkeys","Grazer","Donkey_Grazer","SSP245_2050",4000.47297974036,4755.4799309845,755.006951244143,18.872942151284,4000,4755,755
"Conservancy","Conservancy_9","Ovitoto","Cattle","Grazer","Cattle_Grazer","SSP245_2050",1440.96944803906,4717.90641290882,3276.93696486976,227.411966945529,1441,4718,3277
"Conservancy","Conservancy_9","Ovitoto","Sheep","Grazer-Mixed","Sheep_Grazer_Mixed","SSP245_2050",17933.8940447376,37355.9305088424,19422.0364641049,108.297932482789,17934,37356,19422
"Conservancy","Conservancy_9","Ovitoto","Goats","Browser-Mixed","Goat_Browser_Mixed","SSP245_2050",34418.5845303044,30026.1869032207,-4392.39762708369,-12.761703268815,34419,30026,-4392
"Conservancy","Conservancy_9","Ovitoto","Donkeys","Grazer","Donkey_Grazer","SSP245_2050",6038.3481632113,15905.3283399935,9866.98017678223,163.405287507218,6038,15905,9867
"Conservancy","Conservancy_10","Salambala","Cattle","Grazer","Cattle_Grazer","SSP245_2050",3137.08519860629,3316.45706459729,179.371865990997,5.71778752042457,3137,3316,179
"Conservancy","Conservancy_10","Salambala","Sheep","Grazer-Mixed","Sheep_Grazer_Mixed","SSP245_2050",32961.0722876665,32988.2259603434,27.1536726768099,0.0823810355434655,32961,32988,27
"Conservancy","Conservancy_10","Salambala","Goats","Browser-Mixed","Goat_Browser_Mixed","SSP245_2050",44983.3788870581,42813.9869177461,-2169.39196931206,-4.82265232844971,44983,42814,-2169
"Conservancy","Conservancy_10","Salambala","Donkeys","Grazer","Donkey_Grazer","SSP245_2050",11870.9623438378,12106.3332644096,235.37092057181,1.98274506947611,11871,12106,235
"Conservancy","Conservancy_11","Doro !nawas Area2","Cattle","Grazer","Cattle_Grazer","SSP245_2050",1623.72477695325,6174.30223727833,4550.57746032508,280.255467238959,1624,6174,4551
"Conservancy","Conservancy_11","Doro !nawas Area2","Sheep","Grazer-Mixed","Sheep_Grazer_Mixed","SSP245_2050",15681.7621104003,48200.673390559,32518.9112801587,207.367711939667,15682,48201,32519
"Conservancy","Conservancy_11","Doro !nawas Area2","Goats","Browser-Mixed","Goat_Browser_Mixed","SSP245_2050",21178.4342825665,36583.9429844199,15405.5087018534,72.7414902174087,21178,36584,15406
"Conservancy","Conservancy_11","Doro !nawas Area2","Donkeys","Grazer","Donkey_Grazer","SSP245_2050",7176.94142819232,21408.0320278753,14231.090599683,198.289072609408,7177,21408,14231
"Conservancy","Conservancy_12","Doro !nawas/Uibasen Twyfelfontein/Sorris Sorri JMA","Cattle","Grazer","Cattle_Grazer","SSP245_2050",36.477948678701,578.240533954172,541.762585275471,1485.17831977706,36,578,542
"Conservancy","Conservancy_12","Doro !nawas/Uibasen Twyfelfontein/Sorris Sorri JMA","Sheep","Grazer-Mixed","Sheep_Grazer_Mixed","SSP245_2050",470.657488800678,4473.47990705434,4002.82241825367,850.474604888068,471,4473,4003
"Conservancy","Conservancy_12","Doro !nawas/Uibasen Twyfelfontein/Sorris Sorri JMA","Goats","Browser-Mixed","Goat_Browser_Mixed","SSP245_2050",922.002479013685,3265.12669205715,2343.12421304346,254.134263885063,922,3265,2343
"Conservancy","Conservancy_12","Doro !nawas/Uibasen Twyfelfontein/Sorris Sorri JMA","Donkeys","Grazer","Donkey_Grazer","SSP245_2050",341.550655114518,2048.33805291671,1706.78739780219,499.717208046322,342,2048,1707
"Conservancy","Conservancy_13","Kwandu","Cattle","Grazer","Cattle_Grazer","SSP245_2050",639.27233054801,636.482843251562,-2.78948729644821,-0.436353516827007,639,636,-3
"Conservancy","Conservancy_13","Kwandu","Sheep","Grazer-Mixed","Sheep_Grazer_Mixed","SSP245_2050",6457.83088256795,6249.98003665104,-207.850845916913,-3.21858608093902,6458,6250,-208
"Conservancy","Conservancy_13","Kwandu","Goats","Browser-Mixed","Goat_Browser_Mixed","SSP245_2050",9173.79420537512,8821.29954926125,-352.494656113868,-3.84240858495969,9174,8821,-352
"Conservancy","Conservancy_13","Kwandu","Donkeys","Grazer","Donkey_Grazer","SSP245_2050",2377.07715489494,2312.40250466946,-64.674650225485,-2.72076361056709,2377,2312,-65
"Conservancy","Conservancy_14","Orupembe","Cattle","Grazer","Cattle_Grazer","SSP245_2050",1902.31127067787,16135.0241185375,14232.7128478597,748.18002012825,1902,16135,14233
"Conservancy","Conservancy_14","Orupembe","Sheep","Grazer-Mixed","Sheep_Grazer_Mixed","SSP245_2050",23872.1256474138,126019.969364847,102147.843717433,427.895886717986,23872,126020,102148
"Conservancy","Conservancy_14","Orupembe","Goats","Browser-Mixed","Goat_Browser_Mixed","SSP245_2050",45920.8420698427,95807.2190530672,49886.3769832245,108.635588405262,45921,95807,49886
"Conservancy","Conservancy_14","Orupembe","Donkeys","Grazer","Donkey_Grazer","SSP245_2050",11747.5125946821,56299.5957322544,44552.0831375724,379.246949330708,11748,56300,44552
"Conservancy","Conservancy_15","Mayuni","Cattle","Grazer","Cattle_Grazer","SSP245_2050",407.600531173033,512.365784305946,104.765253132913,25.702923603021,408,512,105
"Conservancy","Conservancy_15","Mayuni","Sheep","Grazer-Mixed","Sheep_Grazer_Mixed","SSP245_2050",4551.78289222862,5120.65798663516,568.875094406533,12.4978521136803,4552,5121,569
"Conservancy","Conservancy_15","Mayuni","Goats","Browser-Mixed","Goat_Browser_Mixed","SSP245_2050",7616.46479149651,7379.10807797492,-237.356713521584,-3.11636330002581,7616,7379,-237
"Conservancy","Conservancy_15","Mayuni","Donkeys","Grazer","Donkey_Grazer","SSP245_2050",1600.39342055096,1900.53323612158,300.139815570618,18.7541270612879,1600,1901,300
"Conservancy","Conservancy_16","Uibasen Twyfelfontein","Cattle","Grazer","Cattle_Grazer","SSP245_2050",262.215083015287,1252.60393929857,990.388856283283,377.700948738156,262,1253,990
"Conservancy","Conservancy_16","Uibasen Twyfelfontein","Sheep","Grazer-Mixed","Sheep_Grazer_Mixed","SSP245_2050",2319.74727807841,9644.62546749328,7324.87818941487,315.7619046969,2320,9645,7325
"Conservancy","Conservancy_16","Uibasen Twyfelfontein","Goats","Browser-Mixed","Goat_Browser_Mixed","SSP245_2050",2588.59633958216,6900.60704325516,4312.010703673,166.577176894603,2589,6901,4312
"Conservancy","Conservancy_16","Uibasen Twyfelfontein","Donkeys","Grazer","Donkey_Grazer","SSP245_2050",1233.96715016878,4354.82524767993,3120.85809751115,252.912575272711,1234,4355,3121
"Conservancy","Conservancy_17","Oskop","Cattle","Grazer","Cattle_Grazer","SSP245_2050",877.321871091823,877.321871091823,0,0,877,877,0
"Conservancy","Conservancy_17","Oskop","Sheep","Grazer-Mixed","Sheep_Grazer_Mixed","SSP245_2050",6600.96975809488,6600.96975809488,0,0,6601,6601,0
"Conservancy","Conservancy_17","Oskop","Goats","Browser-Mixed","Goat_Browser_Mixed","SSP245_2050",4246.23785608442,4246.23785608442,0,0,4246,4246,0
"Conservancy","Conservancy_17","Oskop","Donkeys","Grazer","Donkey_Grazer","SSP245_2050",2895.16217460302,2895.16217460302,0,0,2895,2895,0
"Conservancy","Conservancy_18","//Huab","Cattle","Grazer","Cattle_Grazer","SSP245_2050",4107.59002235317,11115.6294762725,7008.03945391934,170.611950457133,4108,11116,7008
"Conservancy","Conservancy_18","//Huab","Sheep","Grazer-Mixed","Sheep_Grazer_Mixed","SSP245_2050",47289.703672467,90390.7733272653,43101.0696547983,91.1426088717333,47290,90391,43101
"Conservancy","Conservancy_18","//Huab","Goats","Browser-Mixed","Goat_Browser_Mixed","SSP245_2050",83256.6749163606,79929.9957399616,-3326.67917639899,-3.99569065151949,83257,79930,-3327
"Conservancy","Conservancy_18","//Huab","Donkeys","Grazer","Donkey_Grazer","SSP245_2050",16876.5081599009,38127.2530233753,21250.7448634744,125.919086235901,16877,38127,21251
"Conservancy","Conservancy_19","Omatendeka","Cattle","Grazer","Cattle_Grazer","SSP245_2050",4692.32726666222,8823.14457245901,4130.81730579679,88.033444196128,4692,8823,4131
"Conservancy","Conservancy_19","Omatendeka","Sheep","Grazer-Mixed","Sheep_Grazer_Mixed","SSP245_2050",50428.1626714153,76258.795430564,25830.6327591487,51.222633129544,50428,76259,25831
"Conservancy","Conservancy_19","Omatendeka","Goats","Browser-Mixed","Goat_Browser_Mixed","SSP245_2050",81199.5137204431,80886.5426407331,-312.971079710027,-0.385434672413847,81200,80887,-313
"Conservancy","Conservancy_19","Omatendeka","Donkeys","Grazer","Donkey_Grazer","SSP245_2050",18674.3670667388,31240.9482614752,12566.5811947364,67.293210794378,18674,31241,12567
"Conservancy","Conservancy_20","//Gamaseb","Cattle","Grazer","Cattle_Grazer","SSP245_2050",830.937155307939,4457.31121743373,3626.37406212579,436.419774824233,831,4457,3626
"Conservancy","Conservancy_20","//Gamaseb","Sheep","Grazer-Mixed","Sheep_Grazer_Mixed","SSP245_2050",8227.06533365125,35033.1708652952,26806.105531644,325.828280735765,8227,35033,26806
"Conservancy","Conservancy_20","//Gamaseb","Goats","Browser-Mixed","Goat_Browser_Mixed","SSP245_2050",11527.3014455422,27260.1248944375,15732.8234488953,136.483144153218,11527,27260,15733
"Conservancy","Conservancy_20","//Gamaseb","Donkeys","Grazer","Donkey_Grazer","SSP245_2050",4952.13087678987,16377.9833423917,11425.8524656018,230.72597937897,4952,16378,11426
"Conservancy","Conservancy_21","Ehi-Rovipuka","Cattle","Grazer","Cattle_Grazer","SSP245_2050",6741.50189579037,11694.5475616781,4953.04566588772,73.4709526519688,6742,11695,4953
"Conservancy","Conservancy_21","Ehi-Rovipuka","Sheep","Grazer-Mixed","Sheep_Grazer_Mixed","SSP245_2050",72344.5529500561,101995.172880913,29650.6199308573,40.9852832338696,72345,101995,29651
"Conservancy","Conservancy_21","Ehi-Rovipuka","Goats","Browser-Mixed","Goat_Browser_Mixed","SSP245_2050",116290.514992183,110792.878557536,-5497.63643464747,-4.7275020108192,116291,110793,-5498
"Conservancy","Conservancy_21","Ehi-Rovipuka","Donkeys","Grazer","Donkey_Grazer","SSP245_2050",26263.0582333232,41204.9489843067,14941.8907509835,56.8931866892216,26263,41205,14942
"Conservancy","Conservancy_22","/Audi","Cattle","Grazer","Cattle_Grazer","SSP245_2050",770.692252980086,2150.96656062056,1380.27430764048,179.095391487754,771,2151,1380
"Conservancy","Conservancy_22","/Audi","Sheep","Grazer-Mixed","Sheep_Grazer_Mixed","SSP245_2050",9558.80176747283,17739.5321937372,8180.73042626438,85.5832208394799,9559,17740,8181
"Conservancy","Conservancy_22","/Audi","Goats","Browser-Mixed","Goat_Browser_Mixed","SSP245_2050",18280.7803458457,16430.6643202402,-1850.11602560551,-10.1205527915331,18281,16431,-1850
"Conservancy","Conservancy_22","/Audi","Donkeys","Grazer","Donkey_Grazer","SSP245_2050",3223.59441091838,7379.65214959743,4156.05773867905,128.926198798534,3224,7380,4156
"Conservancy","Conservancy_23","Uukolonkadhi Ruacana","Cattle","Grazer","Cattle_Grazer","SSP245_2050",10488.9370845382,17556.6170093305,7067.67992479231,67.382232039611,10489,17557,7068
"Conservancy","Conservancy_23","Uukolonkadhi Ruacana","Sheep","Grazer-Mixed","Sheep_Grazer_Mixed","SSP245_2050",107134.008603183,149034.43257765,41900.4239744672,39.1102923532558,107134,149034,41900
"Conservancy","Conservancy_23","Uukolonkadhi Ruacana","Goats","Browser-Mixed","Goat_Browser_Mixed","SSP245_2050",159483.8290826,150355.964238075,-9127.86484452544,-5.72337954075452,159484,150356,-9128
"Conservancy","Conservancy_23","Uukolonkadhi Ruacana","Donkeys","Grazer","Donkey_Grazer","SSP245_2050",39483.0124540641,60894.8566535345,21411.8441994703,54.2305231253102,39483,60895,21412
"Conservancy","Conservancy_24","Uukwaluudhi","Cattle","Grazer","Cattle_Grazer","SSP245_2050",3562.28693776323,7665.72709521678,4103.44015745356,115.191174353578,3562,7666,4103
"Conservancy","Conservancy_24","Uukwaluudhi","Sheep","Grazer-Mixed","Sheep_Grazer_Mixed","SSP245_2050",42762.548666314,67083.5655930926,24321.0169267786,56.8745729272618,42763,67084,24321
"Conservancy","Conservancy_24","Uukwaluudhi","Goats","Browser-Mixed","Goat_Browser_Mixed","SSP245_2050",78995.6076419293,73499.7029020776,-5495.90473985174,-6.95722826104907,78996,73500,-5496
"Conservancy","Conservancy_24","Uukwaluudhi","Donkeys","Grazer","Donkey_Grazer","SSP245_2050",14639.9217795657,26997.0277715986,12357.1059920329,84.4069126740882,14640,26997,12357
"Conservancy","Conservancy_25","Okamatapati","Cattle","Grazer","Cattle_Grazer","SSP245_2050",7043.5282409416,23225.7517706673,16182.2235297257,229.745987751764,7044,23226,16182
"Conservancy","Conservancy_25","Okamatapati","Sheep","Grazer-Mixed","Sheep_Grazer_Mixed","SSP245_2050",87546.3366920453,183456.553712994,95910.217020949,109.55366111814,87546,183457,95910
"Conservancy","Conservancy_25","Okamatapati","Goats","Browser-Mixed","Goat_Browser_Mixed","SSP245_2050",167793.123081838,146102.513529411,-21690.609552427,-12.9269955490654,167793,146103,-21691
"Conservancy","Conservancy_25","Okamatapati","Donkeys","Grazer","Donkey_Grazer","SSP245_2050",29494.8576855544,78220.1400134702,48725.2823279158,165.199245398562,29495,78220,48725
"Conservancy","Conservancy_26","Otjituuo","Cattle","Grazer","Cattle_Grazer","SSP245_2050",13954.9396269598,45906.1712520292,31951.2316250695,228.960013294091,13955,45906,31951
"Conservancy","Conservancy_26","Otjituuo","Sheep","Grazer-Mixed","Sheep_Grazer_Mixed","SSP245_2050",173667.758296545,363039.110979805,189371.352683259,109.042319968166,173668,363039,189371
"Conservancy","Conservancy_26","Otjituuo","Goats","Browser-Mixed","Goat_Browser_Mixed","SSP245_2050",333279.457483118,290452.111251899,-42827.3462312189,-12.8502808287811,333279,290452,-42827
"Conservancy","Conservancy_26","Otjituuo","Donkeys","Grazer","Donkey_Grazer","SSP245_2050",58475.7736642003,154682.131140127,96206.3574759266,164.523445261957,58476,154682,96206
"Conservancy","Conservancy_27","Ozonahi","Cattle","Grazer","Cattle_Grazer","SSP245_2050",7400.76420182881,23980.1037381235,16579.3395362947,224.021994001616,7401,23980,16579
"Conservancy","Conservancy_27","Ozonahi","Sheep","Grazer-Mixed","Sheep_Grazer_Mixed","SSP245_2050",91295.2932264105,189559.172109869,98263.8788834588,107.63301744348,91295,189559,98264
"Conservancy","Conservancy_27","Ozonahi","Goats","Browser-Mixed","Goat_Browser_Mixed","SSP245_2050",173628.368489989,151405.46569432,-22222.9027956691,-12.799119745775,173628,151405,-22223
"Conservancy","Conservancy_27","Ozonahi","Donkeys","Grazer","Donkey_Grazer","SSP245_2050",30865.7214969574,80786.7350234605,49921.0135265032,161.736097863205,30866,80787,49921
"Conservancy","Conservancy_28","N#a Jaqna","Cattle","Grazer","Cattle_Grazer","SSP245_2050",21009.1250988404,68814.0589021075,47804.933803267,227.543667708017,21009,68814,47805
"Conservancy","Conservancy_28","N#a Jaqna","Sheep","Grazer-Mixed","Sheep_Grazer_Mixed","SSP245_2050",260211.044980641,543546.658728243,283335.613747603,108.886851351249,260211,543547,283336
"Conservancy","Conservancy_28","N#a Jaqna","Goats","Browser-Mixed","Goat_Browser_Mixed","SSP245_2050",496901.597476715,432836.839760719,-64064.757715996,-12.8928459963339,496902,432837,-64065
"Conservancy","Conservancy_28","N#a Jaqna","Donkeys","Grazer","Donkey_Grazer","SSP245_2050",87794.3545055404,231741.230878907,143946.876373367,163.959148836026,87794,231741,143947
"Conservancy","Conservancy_29","!Han /Awab","Cattle","Grazer","Cattle_Grazer","SSP245_2050",13845.4043542876,14757.6475689803,912.243214692657,6.5887798676689,13845,14758,912
"Conservancy","Conservancy_29","!Han /Awab","Sheep","Grazer-Mixed","Sheep_Grazer_Mixed","SSP245_2050",104977.413344674,111627.136695279,6649.72335060471,6.33443246384016,104977,111627,6650
"Conservancy","Conservancy_29","!Han /Awab","Goats","Browser-Mixed","Goat_Browser_Mixed","SSP245_2050",70094.0352771165,73689.0843451503,3595.04906803381,5.1288944256395,70094,73689,3595
"Conservancy","Conservancy_29","!Han /Awab","Donkeys","Grazer","Donkey_Grazer","SSP245_2050",46256.7257542273,49122.0663342163,2865.34057998899,6.19443017911213,46257,49122,2865
"Conservancy","Conservancy_30","!Khob !naub","Cattle","Grazer","Cattle_Grazer","SSP245_2050",4297.1159913568,9384.82613392504,5087.71014256825,118.398250193889,4297,9385,5088
"Conservancy","Conservancy_30","!Khob !naub","Sheep","Grazer-Mixed","Sheep_Grazer_Mixed","SSP245_2050",35572.01385866,73019.2229857295,37447.2091270695,105.271546547408,35572,73019,37447
"Conservancy","Conservancy_30","!Khob !naub","Goats","Browser-Mixed","Goat_Browser_Mixed","SSP245_2050",33147.8788934022,54596.3000293704,21448.4211359682,64.7052597390697,33148,54596,21448
"Conservancy","Conservancy_30","!Khob !naub","Donkeys","Grazer","Donkey_Grazer","SSP245_2050",17327.5724352663,33342.3899283487,16014.8174930824,92.4238958048611,17328,33342,16015
"Conservancy","Conservancy_31","Anabeb","Cattle","Grazer","Cattle_Grazer","SSP245_2050",1479.25637531006,5089.35212670394,3610.09575139388,244.048010314451,1479,5089,3610
"Conservancy","Conservancy_31","Anabeb","Sheep","Grazer-Mixed","Sheep_Grazer_Mixed","SSP245_2050",17596.1389025312,42642.5801307413,25046.44122821,142.340551907141,17596,42643,25046
"Conservancy","Conservancy_31","Anabeb","Goats","Browser-Mixed","Goat_Browser_Mixed","SSP245_2050",32095.3292862883,41403.3315471555,9308.00226086727,29.001111588046,32095,41403,9308
"Conservancy","Conservancy_31","Anabeb","Donkeys","Grazer","Donkey_Grazer","SSP245_2050",7324.48288156536,18542.701649001,11218.2187674356,153.160556845183,7324,18543,11218
"Conservancy","Conservancy_32","Ozondundu","Cattle","Grazer","Cattle_Grazer","SSP245_2050",1700.28892521136,3572.09528603913,1871.80636082777,110.087546479495,1700,3572,1872
"Conservancy","Conservancy_32","Ozondundu","Sheep","Grazer-Mixed","Sheep_Grazer_Mixed","SSP245_2050",21161.3900678088,32255.3756352686,11093.9855674598,52.4255993198489,21161,32255,11094
"Conservancy","Conservancy_32","Ozondundu","Goats","Browser-Mixed","Goat_Browser_Mixed","SSP245_2050",40612.8818089761,38103.91752135,-2508.96428762611,-6.17775487941755,40613,38104,-2509
"Conservancy","Conservancy_32","Ozondundu","Donkeys","Grazer","Donkey_Grazer","SSP245_2050",7125.61212072473,12761.691317566,5636.07919684124,79.0960706442159,7126,12762,5636
"Conservancy","Conservancy_33","Sesfontein","Cattle","Grazer","Cattle_Grazer","SSP245_2050",767.587247166136,6680.74890088523,5913.16165371909,770.356943207429,768,6681,5913
"Conservancy","Conservancy_33","Sesfontein","Sheep","Grazer-Mixed","Sheep_Grazer_Mixed","SSP245_2050",9947.64486229477,53312.204483387,43364.5596210922,435.927902748718,9948,53312,43365
"Conservancy","Conservancy_33","Sesfontein","Goats","Browser-Mixed","Goat_Browser_Mixed","SSP245_2050",19649.2806575253,43964.2235129176,24314.9428553924,123.744697219133,19649,43964,24315
"Conservancy","Conservancy_33","Sesfontein","Donkeys","Grazer","Donkey_Grazer","SSP245_2050",6138.5804886006,24736.6177033246,18598.037214724,302.96967269975,6139,24737,18598
"Conservancy","Conservancy_34","George Mukoya","Cattle","Grazer","Cattle_Grazer","SSP245_2050",1066.05575109837,1598.06241760568,532.006666507305,49.9042067883571,1066,1598,532
"Conservancy","Conservancy_34","George Mukoya","Sheep","Grazer-Mixed","Sheep_Grazer_Mixed","SSP245_2050",13326.1959653057,16451.3744344208,3125.17846911516,23.4513921095823,13326,16451,3125
"Conservancy","Conservancy_34","George Mukoya","Goats","Browser-Mixed","Goat_Browser_Mixed","SSP245_2050",26036.4004441409,25271.2290395443,-765.171404596622,-2.93885249705787,26036,25271,-765
"Conservancy","Conservancy_34","George Mukoya","Donkeys","Grazer","Donkey_Grazer","SSP245_2050",4458.27342256016,6051.93962180916,1593.666199249,35.7462642642012,4458,6052,1594
"Conservancy","Conservancy_35","Muduva Nyangana","Cattle","Grazer","Cattle_Grazer","SSP245_2050",1397.18174211362,2003.24152345585,606.059781342221,43.3773046894663,1397,2003,606
"Conservancy","Conservancy_35","Muduva Nyangana","Sheep","Grazer-Mixed","Sheep_Grazer_Mixed","SSP245_2050",17270.5606402918,20677.6197838991,3407.05914360732,19.7275538100294,17271,20678,3407
"Conservancy","Conservancy_35","Muduva Nyangana","Goats","Browser-Mixed","Goat_Browser_Mixed","SSP245_2050",33019.5301347784,31862.7199749048,-1156.81015987352,-3.50341193575948,33020,31863,-1157
"Conservancy","Conservancy_35","Muduva Nyangana","Donkeys","Grazer","Donkey_Grazer","SSP245_2050",5827.52694045021,7597.98191376435,1770.45497331414,30.3808972726493,5828,7598,1770
"Conservancy","Conservancy_36","Shamungwa","Cattle","Grazer","Cattle_Grazer","SSP245_2050",119.463830229167,201.840075572247,82.3762453430803,68.9549675287141,119,202,82
"Conservancy","Conservancy_36","Shamungwa","Sheep","Grazer-Mixed","Sheep_Grazer_Mixed","SSP245_2050",1487.56318388901,1975.79791589062,488.23473200161,32.8211088637722,1488,1976,488
"Conservancy","Conservancy_36","Shamungwa","Goats","Browser-Mixed","Goat_Browser_Mixed","SSP245_2050",2860.84479135415,2750.42789031151,-110.416901042645,-3.85959075362421,2861,2750,-110
"Conservancy","Conservancy_36","Shamungwa","Donkeys","Grazer","Donkey_Grazer","SSP245_2050",500.494520553396,748.532486663686,248.03796611029,49.5585777514677,500,749,248
"Conservancy","Conservancy_37","King Nehale","Cattle","Grazer","Cattle_Grazer","SSP245_2050",2746.77529559935,3344.91066793585,598.135372336497,21.7759120411043,2747,3345,598
"Conservancy","Conservancy_37","King Nehale","Sheep","Grazer-Mixed","Sheep_Grazer_Mixed","SSP245_2050",23592.316792591,27056.0413552061,3463.72456261506,14.6815787235564,23592,27056,3464
"Conservancy","Conservancy_37","King Nehale","Goats","Browser-Mixed","Goat_Browser_Mixed","SSP245_2050",24548.1203210645,23778.1626375634,-769.95768350111,-3.13652399218696,24548,23778,-770
"Conservancy","Conservancy_37","King Nehale","Donkeys","Grazer","Donkey_Grazer","SSP245_2050",9618.77176000857,11377.7620142126,1758.990254204,18.287056789488,9619,11378,1759
"Conservancy","Conservancy_38","Doro !nawas Area1","Cattle","Grazer","Cattle_Grazer","SSP245_2050",625.097072484551,10882.9784993581,10257.8814268735,1641.00615382854,625,10883,10258
"Conservancy","Conservancy_38","Doro !nawas Area1","Sheep","Grazer-Mixed","Sheep_Grazer_Mixed","SSP245_2050",8086.00193339572,83915.4527564191,75829.4508230233,937.786701606423,8086,83915,75829
"Conservancy","Conservancy_38","Doro !nawas Area1","Goats","Browser-Mixed","Goat_Browser_Mixed","SSP245_2050",15876.2337415982,60392.4202377057,44516.1864961075,280.395131620343,15876,60392,44516
"Conservancy","Conservancy_38","Doro !nawas Area1","Donkeys","Grazer","Donkey_Grazer","SSP245_2050",5903.54093132346,38224.0329485732,32320.4920172498,547.476377198661,5904,38224,32320
"Conservancy","Conservancy_39","African Wild Dog","Cattle","Grazer","Cattle_Grazer","SSP245_2050",8682.72528886937,28545.4276082417,19862.7023193723,228.761151119625,8683,28545,19863
"Conservancy","Conservancy_39","African Wild Dog","Sheep","Grazer-Mixed","Sheep_Grazer_Mixed","SSP245_2050",107956.425070051,225680.425518696,117724.000448645,109.047701766946,107956,225680,117724
"Conservancy","Conservancy_39","African Wild Dog","Goats","Browser-Mixed","Goat_Browser_Mixed","SSP245_2050",206981.769695307,180357.85612285,-26623.9135724567,-12.8629268228062,206982,180358,-26624
"Conservancy","Conservancy_39","African Wild Dog","Donkeys","Grazer","Donkey_Grazer","SSP245_2050",36365.5221882856,96172.8642713404,59807.3420830549,164.461661717374,36366,96173,59807
"Conservancy","Conservancy_40","Torra","Cattle","Grazer","Cattle_Grazer","SSP245_2050",1589.03448044737,14597.0692362292,13008.0347557818,818.612491789328,1589,14597,13008
"Conservancy","Conservancy_40","Torra","Sheep","Grazer-Mixed","Sheep_Grazer_Mixed","SSP245_2050",17049.2526127431,112782.319703897,95733.0670911538,561.508878222615,17049,112782,95733
"Conservancy","Conservancy_40","Torra","Goats","Browser-Mixed","Goat_Browser_Mixed","SSP245_2050",27104.0135178031,81902.4002133611,54798.386695558,202.178126348572,27104,81902,54798
"Conservancy","Conservancy_40","Torra","Donkeys","Grazer","Donkey_Grazer","SSP245_2050",10164.4344085834,51109.435130531,40945.0007219476,402.826159096183,10164,51109,40945
"Conservancy","Conservancy_41","Ondjou","Cattle","Grazer","Cattle_Grazer","SSP245_2050",20149.4708161896,65324.4627938002,45174.9919776105,224.199396548487,20149,65324,45175
"Conservancy","Conservancy_41","Ondjou","Sheep","Grazer-Mixed","Sheep_Grazer_Mixed","SSP245_2050",248406.312101469,516153.403626517,267747.091525048,107.785945236238,248406,516153,267747
"Conservancy","Conservancy_41","Ondjou","Goats","Browser-Mixed","Goat_Browser_Mixed","SSP245_2050",472295.807684936,411743.368106999,-60552.4395779363,-12.8208717063884,472296,411743,-60552
"Conservancy","Conservancy_41","Ondjou","Donkeys","Grazer","Donkey_Grazer","SSP245_2050",83997.4835920811,220021.079745416,136023.596153335,161.937703769686,83997,220021,136024
"Conservancy","Conservancy_42","#Gaingu","Cattle","Grazer","Cattle_Grazer","SSP245_2050",11.3013820371766,108.840933484132,97.5395514469551,863.076313375595,11,109,98
"Conservancy","Conservancy_42","#Gaingu","Sheep","Grazer-Mixed","Sheep_Grazer_Mixed","SSP245_2050",149.17824289073,870.322323000341,721.144080109611,483.411029742341,149,870,721
"Conservancy","Conservancy_42","#Gaingu","Goats","Browser-Mixed","Goat_Browser_Mixed","SSP245_2050",298.356485781461,722.04235324312,423.685867461659,142.006588645771,298,722,424
"Conservancy","Conservancy_42","#Gaingu","Donkeys","Grazer","Donkey_Grazer","SSP245_2050",110.502402141282,417.839300818133,307.336898676851,278.126893824361,111,418,307
"Conservancy","Conservancy_43","#Gaingu","Cattle","Grazer","Cattle_Grazer","SSP245_2050",3649.64982117844,21202.7695553295,17553.119734151,480.953532371589,3650,21203,17553
"Conservancy","Conservancy_43","#Gaingu","Sheep","Grazer-Mixed","Sheep_Grazer_Mixed","SSP245_2050",39440.4026479564,168263.594200149,128823.191552193,326.627475642335,39440,168264,128823
"Conservancy","Conservancy_43","#Gaingu","Goats","Browser-Mixed","Goat_Browser_Mixed","SSP245_2050",63394.3516655588,135949.677907206,72555.3262416467,114.450774139023,63394,135950,72555
"Conservancy","Conservancy_43","#Gaingu","Donkeys","Grazer","Donkey_Grazer","SSP245_2050",22712.8589476688,77929.6168343958,55216.7578867269,243.10791527367,22713,77930,55217
"Conservancy","Conservancy_44","Sheya Shuushona","Cattle","Grazer","Cattle_Grazer","SSP245_2050",23513.4230135408,33167.8707683796,9654.44775483881,41.0593036551039,23513,33168,9654
"Conservancy","Conservancy_44","Sheya Shuushona","Sheep","Grazer-Mixed","Sheep_Grazer_Mixed","SSP245_2050",215719.965138883,272729.743403146,57009.7782642635,26.4276782297642,215720,272730,57010
"Conservancy","Conservancy_44","Sheya Shuushona","Goats","Browser-Mixed","Goat_Browser_Mixed","SSP245_2050",263940.775653559,250703.283762639,-13237.4918909192,-5.01532658534516,263941,250703,-13237
"Conservancy","Conservancy_44","Sheya Shuushona","Donkeys","Grazer","Donkey_Grazer","SSP245_2050",84610.2207944031,113615.501071258,29005.2802768554,34.2810596692995,84610,113616,29005
"Conservancy","Conservancy_45","!Khoro !goreb","Cattle","Grazer","Cattle_Grazer","SSP245_2050",2638.93100620479,7519.05370662011,4880.12270041532,184.928013992823,2639,7519,4880
"Conservancy","Conservancy_45","!Khoro !goreb","Sheep","Grazer-Mixed","Sheep_Grazer_Mixed","SSP245_2050",30456.8707891888,61045.0721915553,30588.2014023665,100.431201925131,30457,61045,30588
"Conservancy","Conservancy_45","!Khoro !goreb","Goats","Browser-Mixed","Goat_Browser_Mixed","SSP245_2050",53769.9627135754,53679.4820063106,-90.4807072648036,-0.16827370282323,53770,53679,-90
"Conservancy","Conservancy_45","!Khoro !goreb","Donkeys","Grazer","Donkey_Grazer","SSP245_2050",10998.8770444642,25851.8316320428,14852.9545875786,135.040645763506,10999,25852,14853
"Conservancy","Conservancy_46","Otjimboyo","Cattle","Grazer","Cattle_Grazer","SSP245_2050",363.559756091568,1350.89506579446,987.335309702896,271.574422955169,364,1351,987
"Conservancy","Conservancy_46","Otjimboyo","Sheep","Grazer-Mixed","Sheep_Grazer_Mixed","SSP245_2050",3243.68992060494,10543.40581137,7299.71589076504,225.043579054673,3244,10543,7300
"Conservancy","Conservancy_46","Otjimboyo","Goats","Browser-Mixed","Goat_Browser_Mixed","SSP245_2050",3690.45622322086,7979.17819252878,4288.72196930792,116.211159539644,3690,7979,4289
"Conservancy","Conservancy_46","Otjimboyo","Donkeys","Grazer","Donkey_Grazer","SSP245_2050",1777.07491430029,4888.06494385008,3110.99002954979,175.062401957022,1777,4888,3111
"Conservancy","Conservancy_47","Tsiseb","Cattle","Grazer","Cattle_Grazer","SSP245_2050",2299.88488200262,20819.6960235903,18519.8111415877,805.249483855108,2300,20820,18520
"Conservancy","Conservancy_47","Tsiseb","Sheep","Grazer-Mixed","Sheep_Grazer_Mixed","SSP245_2050",27060.5997973015,163946.531385686,136885.931588385,505.849584317178,27061,163947,136886
"Conservancy","Conservancy_47","Tsiseb","Goats","Browser-Mixed","Goat_Browser_Mixed","SSP245_2050",48198.4448974534,128513.555870613,80315.11097316,166.63423715026,48198,128514,80315
"Conservancy","Conservancy_47","Tsiseb","Donkeys","Grazer","Donkey_Grazer","SSP245_2050",18611.9773341035,76960.860719403,58348.8833852995,313.501796922912,18612,76961,58349
"Conservancy","Conservancy_48","Sorris Sorris","Cattle","Grazer","Cattle_Grazer","SSP245_2050",3628.9197970293,10947.7751848178,7318.85538778853,201.681376198501,3629,10948,7319
"Conservancy","Conservancy_48","Sorris Sorris","Sheep","Grazer-Mixed","Sheep_Grazer_Mixed","SSP245_2050",32680.3502796904,85275.3669451815,52595.0166654911,160.937738473926,32680,85275,52595
"Conservancy","Conservancy_48","Sorris Sorris","Goats","Browser-Mixed","Goat_Browser_Mixed","SSP245_2050",38220.1637986359,64135.7822829706,25915.6184843347,67.8061418597574,38220,64136,25916
"Conservancy","Conservancy_48","Sorris Sorris","Donkeys","Grazer","Donkey_Grazer","SSP245_2050",14953.7855550244,37870.1641595332,22916.3786045087,153.248008808103,14954,37870,22916
"Conservancy","Conservancy_49","Okangundumba","Cattle","Grazer","Cattle_Grazer","SSP245_2050",2603.83369676772,7404.71910322557,4800.88540645785,184.377574205966,2604,7405,4801
"Conservancy","Conservancy_49","Okangundumba","Sheep","Grazer-Mixed","Sheep_Grazer_Mixed","SSP245_2050",32303.2227251163,60777.6548859305,28474.4321608142,88.147341839905,32303,60778,28474
"Conservancy","Conservancy_49","Okangundumba","Goats","Browser-Mixed","Goat_Browser_Mixed","SSP245_2050",61794.2869972167,55437.1985084699,-6357.08848874683,-10.2875019644343,61794,55437,-6357
"Conservancy","Conservancy_49","Okangundumba","Donkeys","Grazer","Donkey_Grazer","SSP245_2050",10895.4819911913,25353.0474372894,14457.5654460981,132.693215938374,10895,25353,14458
"Conservancy","Conservancy_50","Sanitatas","Cattle","Grazer","Cattle_Grazer","SSP245_2050",1085.43216007385,6701.0996180209,5615.66745794706,517.366968154417,1085,6701,5616
"Conservancy","Conservancy_50","Sanitatas","Sheep","Grazer-Mixed","Sheep_Grazer_Mixed","SSP245_2050",12750.8870688165,52524.555533415,39773.6684645985,311.928638767955,12751,52525,39774
"Conservancy","Conservancy_50","Sanitatas","Goats","Browser-Mixed","Goat_Browser_Mixed","SSP245_2050",22888.1813317194,40517.6596176132,17629.4782858938,77.0243735419126,22888,40518,17629
"Conservancy","Conservancy_50","Sanitatas","Donkeys","Grazer","Donkey_Grazer","SSP245_2050",5819.57496896946,23347.539187201,17527.9642182315,301.189765776579,5820,23348,17528
"Conservancy","Conservancy_51","Epupa","Cattle","Grazer","Cattle_Grazer","SSP245_2050",6523.37699227284,18957.4200085654,12434.0430162926,190.607457318826,6523,18957,12434
"Conservancy","Conservancy_51","Epupa","Sheep","Grazer-Mixed","Sheep_Grazer_Mixed","SSP245_2050",81211.2925444875,155713.499970681,74502.2074261939,91.7387288047184,81211,155713,74502
"Conservancy","Conservancy_51","Epupa","Goats","Browser-Mixed","Goat_Browser_Mixed","SSP245_2050",155894.963609409,142356.536881926,-13538.4267274824,-8.68432591664902,155895,142357,-13538
"Conservancy","Conservancy_51","Epupa","Donkeys","Grazer","Donkey_Grazer","SSP245_2050",27505.5160820736,65021.8536600069,37516.3375779333,136.39568683601,27506,65022,37516
"Conservancy","Conservancy_52","Ongongo","Cattle","Grazer","Cattle_Grazer","SSP245_2050",859.46681857052,2884.1290431997,2024.66222462918,235.571889557834,859,2884,2025
"Conservancy","Conservancy_52","Ongongo","Sheep","Grazer-Mixed","Sheep_Grazer_Mixed","SSP245_2050",10684.3740192691,23451.9689435487,12767.5949242796,119.497828335599,10684,23452,12768
"Conservancy","Conservancy_52","Ongongo","Goats","Browser-Mixed","Goat_Browser_Mixed","SSP245_2050",20469.101843359,20730.7241140979,261.62227073887,1.27813263493899,20469,20731,262
"Conservancy","Conservancy_52","Ongongo","Donkeys","Grazer","Donkey_Grazer","SSP245_2050",3764.54715865839,9934.09240935316,6169.54525069476,163.885455293206,3765,9934,6170
"Conservancy","Conservancy_53","Otjiu-West","Cattle","Grazer","Cattle_Grazer","SSP245_2050",2010.68220522473,6618.05450169213,4607.37229646739,229.144729311037,2011,6618,4607
"Conservancy","Conservancy_53","Otjiu-West","Sheep","Grazer-Mixed","Sheep_Grazer_Mixed","SSP245_2050",24845.2836836577,53611.5472536649,28766.2635700072,115.781586301342,24845,53612,28766
"Conservancy","Conservancy_53","Otjiu-West","Goats","Browser-Mixed","Goat_Browser_Mixed","SSP245_2050",47311.1375511637,46790.1929840606,-520.944567103106,-1.10110344850563,47311,46790,-521
"Conservancy","Conservancy_53","Otjiu-West","Donkeys","Grazer","Donkey_Grazer","SSP245_2050",8695.13042473913,22707.2363702267,14012.1059454875,161.148887492483,8695,22707,14012
"Conservancy","Conservancy_54","Marienfluss","Cattle","Grazer","Cattle_Grazer","SSP245_2050",798.255530558988,12496.481987125,11698.226456566,1465.47390011494,798,12496,11698
"Conservancy","Conservancy_54","Marienfluss","Sheep","Grazer-Mixed","Sheep_Grazer_Mixed","SSP245_2050",10430.7536850344,96551.9581347497,86121.2044497153,825.646995895208,10431,96552,86121
"Conservancy","Conservancy_54","Marienfluss","Goats","Browser-Mixed","Goat_Browser_Mixed","SSP245_2050",20719.8816122765,70107.9224600342,49388.0408477577,238.36063242029,20720,70108,49388
"Conservancy","Conservancy_54","Marienfluss","Donkeys","Grazer","Donkey_Grazer","SSP245_2050",7018.35542217503,43843.1550930906,36824.7996709156,524.692715825773,7018,43843,36825
"Conservancy","Conservancy_55","Puros","Cattle","Grazer","Cattle_Grazer","SSP245_2050",842.029703874501,14640.5418101146,13798.5121062401,1638.72034950168,842,14641,13799
"Conservancy","Conservancy_55","Puros","Sheep","Grazer-Mixed","Sheep_Grazer_Mixed","SSP245_2050",11073.0059775703,112915.528867071,101842.5228895,919.736908801414,11073,112916,101843
"Conservancy","Conservancy_55","Puros","Goats","Browser-Mixed","Goat_Browser_Mixed","SSP245_2050",22090.297137043,81350.1658640746,59259.8687270316,268.261981083357,22090,81350,59260
"Conservancy","Conservancy_55","Puros","Donkeys","Grazer","Donkey_Grazer","SSP245_2050",7923.65255956435,51384.654907178,43461.0023476137,548.497072794459,7924,51385,43461
"Conservancy","Conservancy_56","Okondjombo","Cattle","Grazer","Cattle_Grazer","SSP245_2050",1443.03417085408,7964.2160672983,6521.18189644422,451.907655976336,1443,7964,6521
"Conservancy","Conservancy_56","Okondjombo","Sheep","Grazer-Mixed","Sheep_Grazer_Mixed","SSP245_2050",17568.8530077077,62891.630713267,45322.7777055593,257.972320023826,17569,62892,45323
"Conservancy","Conservancy_56","Okondjombo","Goats","Browser-Mixed","Goat_Browser_Mixed","SSP245_2050",32853.2370108008,49975.293442237,17122.0564314361,52.116801841496,32853,49975,17122
"Conservancy","Conservancy_56","Okondjombo","Donkeys","Grazer","Donkey_Grazer","SSP245_2050",7358.73922041526,27630.620523385,20271.8813029697,275.4803600966,7359,27631,20272
"Conservancy","Conservancy_57","Otjikongo","Cattle","Grazer","Cattle_Grazer","SSP245_2050",1130.48549674608,5004.87257496681,3874.38707822073,342.718866307664,1130,5005,3874
"Conservancy","Conservancy_57","Otjikongo","Sheep","Grazer-Mixed","Sheep_Grazer_Mixed","SSP245_2050",13045.2794861275,39689.0666553691,26643.7871692416,204.240830543913,13045,39689,26644
"Conservancy","Conservancy_57","Otjikongo","Goats","Browser-Mixed","Goat_Browser_Mixed","SSP245_2050",22979.9230575053,32053.5222755412,9073.59921803598,39.484898166674,22980,32054,9074
"Conservancy","Conservancy_57","Otjikongo","Donkeys","Grazer","Donkey_Grazer","SSP245_2050",5337.3545018701,17354.3133304479,12016.9588285777,225.148223232451,5337,17354,12017
"Conservancy","Conservancy_58","Kunene River","Cattle","Grazer","Cattle_Grazer","SSP245_2050",6368.31356680713,18174.6027172946,11806.2891504875,185.391140474365,6368,18175,11806
"Conservancy","Conservancy_58","Kunene River","Sheep","Grazer-Mixed","Sheep_Grazer_Mixed","SSP245_2050",79074.418922182,149108.702187052,70034.2832648696,88.5675597993216,79074,149109,70034
"Conservancy","Conservancy_58","Kunene River","Goats","Browser-Mixed","Goat_Browser_Mixed","SSP245_2050",151400.123799181,135806.549296049,-15593.5745031319,-10.2995784361547,151400,135807,-15594
"Conservancy","Conservancy_58","Kunene River","Donkeys","Grazer","Donkey_Grazer","SSP245_2050",26665.5811178705,62220.4579387436,35554.8768208731,133.3362159396,26666,62220,35555
"Conservancy","Conservancy_59","Ombazu","Cattle","Grazer","Cattle_Grazer","SSP245_2050",1991.81585261299,5669.11884965748,3677.30299704449,184.620631079945,1992,5669,3677
"Conservancy","Conservancy_59","Ombazu","Sheep","Grazer-Mixed","Sheep_Grazer_Mixed","SSP245_2050",24754.6419497539,46564.8133738219,21810.1714240681,88.1053802690323,24755,46565,21810
"Conservancy","Conservancy_59","Ombazu","Goats","Browser-Mixed","Goat_Browser_Mixed","SSP245_2050",47423.4893877369,42553.3995824988,-4870.08980523809,-10.2693620147181,47423,42553,-4870
"Conservancy","Conservancy_59","Ombazu","Donkeys","Grazer","Donkey_Grazer","SSP245_2050",8336.15560864603,19410.1035751254,11073.9479664793,132.842385463555,8336,19410,11074
"Conservancy","Conservancy_60","Ombombo","Cattle","Grazer","Cattle_Grazer","SSP245_2050",3596.09131713612,9793.21593961476,6197.12462247864,172.32945651152,3596,9793,6197
"Conservancy","Conservancy_60","Ombombo","Sheep","Grazer-Mixed","Sheep_Grazer_Mixed","SSP245_2050",43598.0958397862,80355.7198372882,36757.6239975021,84.3101591697459,43598,80356,36758
"Conservancy","Conservancy_60","Ombombo","Goats","Browser-Mixed","Goat_Browser_Mixed","SSP245_2050",81397.2632649352,73199.0447990418,-8198.21846589344,-10.0718600811056,81397,73199,-8198
"Conservancy","Conservancy_60","Ombombo","Donkeys","Grazer","Donkey_Grazer","SSP245_2050",14858.1158277787,33520.5575804789,18662.4417527002,125.604363090298,14858,33521,18662
"Conservancy","Conservancy_61","Otjikondavirongo","Cattle","Grazer","Cattle_Grazer","SSP245_2050",999.536005236314,5132.58714077651,4133.05113554019,413.496973984748,1000,5133,4133
"Conservancy","Conservancy_61","Otjikondavirongo","Sheep","Grazer-Mixed","Sheep_Grazer_Mixed","SSP245_2050",12187.3371815642,40694.3185520658,28506.9813705015,233.906561751848,12187,40694,28507
"Conservancy","Conservancy_61","Otjikondavirongo","Goats","Browser-Mixed","Goat_Browser_Mixed","SSP245_2050",22834.7352761648,32841.1998533924,10006.4645772277,43.8212418765044,22835,32841,10006
"Conservancy","Conservancy_61","Otjikondavirongo","Donkeys","Grazer","Donkey_Grazer","SSP245_2050",4983.39845519227,17810.6883846388,12827.2899294466,257.40044760181,4983,17811,12827
"Conservancy","Conservancy_62","Ombujokanguindi","Cattle","Grazer","Cattle_Grazer","SSP245_2050",2385.5165125874,7160.14856506542,4774.63205247802,200.150869938825,2386,7160,4775
"Conservancy","Conservancy_62","Ombujokanguindi","Sheep","Grazer-Mixed","Sheep_Grazer_Mixed","SSP245_2050",29492.418466205,58654.7610333871,29162.3425671821,98.8808110145286,29492,58655,29162
"Conservancy","Conservancy_62","Ombujokanguindi","Goats","Browser-Mixed","Goat_Browser_Mixed","SSP245_2050",56205.224745439,53152.8446745698,-3052.38007086921,-5.43077638190017,56205,53153,-3052
"Conservancy","Conservancy_62","Ombujokanguindi","Donkeys","Grazer","Donkey_Grazer","SSP245_2050",10123.2086988475,24582.1705607497,14458.9618619021,142.829830857366,10123,24582,14459
"Conservancy","Conservancy_63","Otuzemba","Cattle","Grazer","Cattle_Grazer","SSP245_2050",1727.38311114967,4970.0643468098,3242.68123566013,187.722180142304,1727,4970,3243
"Conservancy","Conservancy_63","Otuzemba","Sheep","Grazer-Mixed","Sheep_Grazer_Mixed","SSP245_2050",21297.5711825613,40516.577796246,19219.0066136847,90.2403680163369,21298,40517,19219
"Conservancy","Conservancy_63","Otuzemba","Goats","Browser-Mixed","Goat_Browser_Mixed","SSP245_2050",40482.1743377113,36135.6929993165,-4346.48133839476,-10.7367783709824,40482,36136,-4346
"Conservancy","Conservancy_63","Otuzemba","Donkeys","Grazer","Donkey_Grazer","SSP245_2050",7202.20112420782,16966.0360148048,9763.83489059693,135.567373393379,7202,16966,9764
"Conservancy","Conservancy_64","Etanga","Cattle","Grazer","Cattle_Grazer","SSP245_2050",2182.94994168845,6031.3116086975,3848.36166700904,176.291796413455,2183,6031,3848
"Conservancy","Conservancy_64","Etanga","Sheep","Grazer-Mixed","Sheep_Grazer_Mixed","SSP245_2050",26722.1935146744,49530.9998557765,22808.8063411021,85.3552921416301,26722,49531,22809
"Conservancy","Conservancy_64","Etanga","Goats","Browser-Mixed","Goat_Browser_Mixed","SSP245_2050",50414.7303420809,45256.3965579575,-5158.33378412338,-10.2317988197544,50415,45256,-5158
"Conservancy","Conservancy_64","Etanga","Donkeys","Grazer","Donkey_Grazer","SSP245_2050",9066.87368164574,20654.4350807635,11587.5613991177,127.801067997392,9067,20654,11588
"Conservancy","Conservancy_65","Eiseb","Cattle","Grazer","Cattle_Grazer","SSP245_2050",15061.5879345407,49885.5080470248,34823.9201124841,231.210150376127,15062,49886,34824
"Conservancy","Conservancy_65","Eiseb","Sheep","Grazer-Mixed","Sheep_Grazer_Mixed","SSP245_2050",186941.105485336,393338.559418242,206397.453932906,110.407742265703,186941,393339,206397
"Conservancy","Conservancy_65","Eiseb","Goats","Browser-Mixed","Goat_Browser_Mixed","SSP245_2050",357778.909528505,311101.019258527,-46677.8902699787,-13.046574022905,357779,311101,-46678
"Conservancy","Conservancy_65","Eiseb","Donkeys","Grazer","Donkey_Grazer","SSP245_2050",63022.7506535403,167878.880970159,104856.130316619,166.37821934027,63023,167879,104856
"Conservancy","Conservancy_66","Otjambangu","Cattle","Grazer","Cattle_Grazer","SSP245_2050",783.563177413995,2232.1233052029,1448.5601277889,184.868325815107,784,2232,1449
"Conservancy","Conservancy_66","Otjambangu","Sheep","Grazer-Mixed","Sheep_Grazer_Mixed","SSP245_2050",9752.7952328012,18358.2961775886,8605.50094478738,88.236251652704,9753,18358,8606
"Conservancy","Conservancy_66","Otjambangu","Goats","Browser-Mixed","Goat_Browser_Mixed","SSP245_2050",18718.6055201843,16854.6676456978,-1863.93787448651,-9.95767485177578,18719,16855,-1864
"Conservancy","Conservancy_66","Otjambangu","Donkeys","Grazer","Donkey_Grazer","SSP245_2050",3289.36803794771,7652.94895000879,4363.58091206108,132.657120204269,3289,7653,4364
"Conservancy","Conservancy_67","Sikunga","Cattle","Grazer","Cattle_Grazer","SSP245_2050",1214.67584976096,1213.07428278406,-1.60156697690013,-0.131851388764772,1215,1213,-2
"Conservancy","Conservancy_67","Sikunga","Sheep","Grazer-Mixed","Sheep_Grazer_Mixed","SSP245_2050",12286.6172465555,12174.7354001206,-111.88184643495,-0.910599265768736,12287,12175,-112
"Conservancy","Conservancy_67","Sikunga","Goats","Browser-Mixed","Goat_Browser_Mixed","SSP245_2050",12633.6550145711,12445.1525324764,-188.502482094649,-1.49206608758304,12634,12445,-189
"Conservancy","Conservancy_67","Sikunga","Donkeys","Grazer","Donkey_Grazer","SSP245_2050",4472.79696221649,4437.85710331906,-34.9398588974282,-0.781163535760268,4473,4438,-35
"Conservancy","Conservancy_68","Okongo","Cattle","Grazer","Cattle_Grazer","SSP245_2050",2932.55028701429,5276.12259611915,2343.57230910486,79.9158438810921,2933,5276,2344
"Conservancy","Conservancy_68","Okongo","Sheep","Grazer-Mixed","Sheep_Grazer_Mixed","SSP245_2050",36547.6474042628,49318.3446586293,12770.6972543665,34.9425972980056,36548,49318,12771
"Conservancy","Conservancy_68","Okongo","Goats","Browser-Mixed","Goat_Browser_Mixed","SSP245_2050",71276.9157862893,66076.0335461706,-5200.88224011869,-7.29672739448011,71277,66076,-5201
"Conservancy","Conservancy_68","Okongo","Donkeys","Grazer","Donkey_Grazer","SSP245_2050",12213.9339091143,18950.7036273676,6736.76971825332,55.1564284560784,12214,18951,6737
"Conservancy","Conservancy_69","Okatjandja Kozomenje","Cattle","Grazer","Cattle_Grazer","SSP245_2050",1525.43716876785,4271.38688759603,2745.94971882818,180.010673336758,1525,4271,2746
"Conservancy","Conservancy_69","Okatjandja Kozomenje","Sheep","Grazer-Mixed","Sheep_Grazer_Mixed","SSP245_2050",18812.7510674145,35091.047541951,16278.2964745365,86.5279959119433,18813,35091,16278
"Conservancy","Conservancy_69","Okatjandja Kozomenje","Goats","Browser-Mixed","Goat_Browser_Mixed","SSP245_2050",35768.9134349589,32101.2796907657,-3667.63374419318,-10.2536906827273,35769,32101,-3668
"Conservancy","Conservancy_69","Okatjandja Kozomenje","Donkeys","Grazer","Donkey_Grazer","SSP245_2050",6362.26493750123,14630.7431915499,8268.47825404865,129.961237629568,6362,14631,8268
"Conservancy","Conservancy_70","Otjombande","Cattle","Grazer","Cattle_Grazer","SSP245_2050",753.914492738522,2149.66192505597,1395.74743231745,185.133386579098,754,2150,1396
"Conservancy","Conservancy_70","Otjombande","Sheep","Grazer-Mixed","Sheep_Grazer_Mixed","SSP245_2050",9383.00437248286,17655.4422667002,8272.43789421738,88.1640630849285,9383,17655,8272
"Conservancy","Conservancy_70","Otjombande","Goats","Browser-Mixed","Goat_Browser_Mixed","SSP245_2050",18007.7861694115,16136.9300084774,-1870.85616093412,-10.3891513556064,18008,16137,-1871
"Conservancy","Conservancy_70","Otjombande","Donkeys","Grazer","Donkey_Grazer","SSP245_2050",3159.26073147571,7361.90862922627,4202.64789775056,133.026307575047,3159,7362,4203
"Conservancy","Conservancy_71","Sobbe","Cattle","Grazer","Cattle_Grazer","SSP245_2050",1076.70084618795,1337.95833619686,261.257490008915,24.2646312514656,1077,1338,261
"Conservancy","Conservancy_71","Sobbe","Sheep","Grazer-Mixed","Sheep_Grazer_Mixed","SSP245_2050",11517.7675340694,13065.0395145943,1547.27198052497,13.4337837254326,11518,13065,1547
"Conservancy","Conservancy_71","Sobbe","Goats","Browser-Mixed","Goat_Browser_Mixed","SSP245_2050",19275.835291216,18923.4646469975,-352.370644218583,-1.82804344867565,19276,18923,-352
"Conservancy","Conservancy_71","Sobbe","Donkeys","Grazer","Donkey_Grazer","SSP245_2050",4122.35412160229,4908.66556282524,786.311441222952,19.0743302983715,4122,4909,786
"Conservancy","Conservancy_72","Balyerwa","Cattle","Grazer","Cattle_Grazer","SSP245_2050",858.770180761835,968.556055008741,109.785874246906,12.7840808526342,859,969,110
"Conservancy","Conservancy_72","Balyerwa","Sheep","Grazer-Mixed","Sheep_Grazer_Mixed","SSP245_2050",8567.35593423095,9218.04445089327,650.688516662325,7.59497471165512,8567,9218,651
"Conservancy","Conservancy_72","Balyerwa","Goats","Browser-Mixed","Goat_Browser_Mixed","SSP245_2050",10747.054202674,10599.8975076569,-147.156695017047,-1.3692747076723,10747,10600,-147
"Conservancy","Conservancy_72","Balyerwa","Donkeys","Grazer","Donkey_Grazer","SSP245_2050",3173.77727761766,3504.34666497479,330.56938735713,10.4156454105459,3174,3504,331
"Conservancy","Conservancy_73","Wuparo","Cattle","Grazer","Cattle_Grazer","SSP245_2050",878.574418212447,976.25199172507,97.6775735126225,11.1177347630219,879,976,98
"Conservancy","Conservancy_73","Wuparo","Sheep","Grazer-Mixed","Sheep_Grazer_Mixed","SSP245_2050",8015.26543189871,8594.18941329511,578.9239813964,7.22276743440624,8015,8594,579
"Conservancy","Conservancy_73","Wuparo","Goats","Browser-Mixed","Goat_Browser_Mixed","SSP245_2050",9199.55119078752,9068.62442999975,-130.926760787779,-1.4231863932546,9200,9069,-131
"Conservancy","Conservancy_73","Wuparo","Donkeys","Grazer","Donkey_Grazer","SSP245_2050",3142.4187351255,3436.52957457631,294.11083945081,9.35937773547751,3142,3437,294
"Conservancy","Conservancy_74","Dzoti","Cattle","Grazer","Cattle_Grazer","SSP245_2050",1151.41169000515,1349.74075000623,198.329060001083,17.2248607272864,1151,1350,198
"Conservancy","Conservancy_74","Dzoti","Sheep","Grazer-Mixed","Sheep_Grazer_Mixed","SSP245_2050",11147.4992511291,12322.9732613183,1175.4740101892,10.5447328024726,11147,12323,1175
"Conservancy","Conservancy_74","Dzoti","Goats","Browser-Mixed","Goat_Browser_Mixed","SSP245_2050",14215.7930510542,13949.9533044037,-265.839746650458,-1.87003106823326,14216,13950,-266
"Conservancy","Conservancy_74","Dzoti","Donkeys","Grazer","Donkey_Grazer","SSP245_2050",4227.99180161767,4825.16804409333,597.176242475666,14.1243472195755,4228,4825,597
"Conservancy","Conservancy_75","Huibes","Cattle","Grazer","Cattle_Grazer","SSP245_2050",6265.45928326876,7936.8874214083,1671.42813813954,26.6768653752632,6265,7937,1671
"Conservancy","Conservancy_75","Huibes","Sheep","Grazer-Mixed","Sheep_Grazer_Mixed","SSP245_2050",56596.3978122442,66529.2089807854,9932.81116854127,17.5502532890749,56596,66529,9933
"Conservancy","Conservancy_75","Huibes","Goats","Browser-Mixed","Goat_Browser_Mixed","SSP245_2050",66912.599114463,64774.7233661304,-2137.8757483325,-3.1950272095624,66913,64775,-2138
"Conservancy","Conservancy_75","Huibes","Donkeys","Grazer","Donkey_Grazer","SSP245_2050",22398.236791696,27433.4916965708,5035.25490487483,22.4805860912303,22398,27433,5035
"Conservancy","Conservancy_76","Kabulabula","Cattle","Grazer","Cattle_Grazer","SSP245_2050",410.933046383854,400.605456500479,-10.327589883375,-2.51320500365113,411,401,-10
"Conservancy","Conservancy_76","Kabulabula","Sheep","Grazer-Mixed","Sheep_Grazer_Mixed","SSP245_2050",4083.712772518,4013.47618079811,-70.2365917198927,-1.71991997558107,4084,4013,-70
"Conservancy","Conservancy_76","Kabulabula","Goats","Browser-Mixed","Goat_Browser_Mixed","SSP245_2050",3836.02785766812,3833.06428839724,-2.96356927088118,-0.0772561978390506,3836,3833,-3
"Conservancy","Conservancy_76","Kabulabula","Donkeys","Grazer","Donkey_Grazer","SSP245_2050",1498.36358419328,1464.61182305268,-33.7517611405951,-2.25257484209129,1498,1465,-34
"Conservancy","Conservancy_77","Okongoro","Cattle","Grazer","Cattle_Grazer","SSP245_2050",2382.64652699834,6336.99880929731,3954.35228229897,165.964705108007,2383,6337,3954
"Conservancy","Conservancy_77","Okongoro","Sheep","Grazer-Mixed","Sheep_Grazer_Mixed","SSP245_2050",28510.6590481652,51947.6598333724,23437.0007852072,82.2043459101149,28511,51948,23437
"Conservancy","Conservancy_77","Okongoro","Goats","Browser-Mixed","Goat_Browser_Mixed","SSP245_2050",52482.1518150643,47181.7484909762,-5300.40332408816,-10.0994397919613,52482,47182,-5300
"Conservancy","Conservancy_77","Okongoro","Donkeys","Grazer","Donkey_Grazer","SSP245_2050",9774.76499097293,21681.4681103014,11906.7031193285,121.810633097823,9775,21681,11907
"Conservancy","Conservancy_78","Lusese","Cattle","Grazer","Cattle_Grazer","SSP245_2050",797.303778296119,840.451647896151,43.1478696000321,5.41172270527068,797,840,43
"Conservancy","Conservancy_78","Lusese","Sheep","Grazer-Mixed","Sheep_Grazer_Mixed","SSP245_2050",8275.6999163569,8453.96284705098,178.262930694087,2.15405261785473,8276,8454,178
"Conservancy","Conservancy_78","Lusese","Goats","Browser-Mixed","Goat_Browser_Mixed","SSP245_2050",9292.82261687839,9090.73894552981,-202.083671348577,-2.17462099170532,9293,9091,-202
"Conservancy","Conservancy_78","Lusese","Donkeys","Grazer","Donkey_Grazer","SSP245_2050",2968.31223593358,3075.4447019072,107.132465973622,3.60920474189694,2968,3075,107
"Conservancy","Conservancy_79","Nakabolelwa","Cattle","Grazer","Cattle_Grazer","SSP245_2050",516.563298487793,508.964646630909,-7.59865185688437,-1.47100111044067,517,509,-8
"Conservancy","Conservancy_79","Nakabolelwa","Sheep","Grazer-Mixed","Sheep_Grazer_Mixed","SSP245_2050",5161.56928918969,5102.09859981789,-59.4706893717967,-1.15218233137645,5162,5102,-59
"Conservancy","Conservancy_79","Nakabolelwa","Goats","Browser-Mixed","Goat_Browser_Mixed","SSP245_2050",4952.96144262794,4936.26993777842,-16.6915048495166,-0.337000500465444,4953,4936,-17
"Conservancy","Conservancy_79","Nakabolelwa","Donkeys","Grazer","Donkey_Grazer","SSP245_2050",1889.01932437895,1861.89369547334,-27.1256289056159,-1.43596354762193,1889,1862,-27
"Conservancy","Conservancy_80","Ohungu","Cattle","Grazer","Cattle_Grazer","SSP245_2050",4704.46620118424,6702.04551196734,1997.5793107831,42.4613383401555,4704,6702,1998
"Conservancy","Conservancy_80","Ohungu","Sheep","Grazer-Mixed","Sheep_Grazer_Mixed","SSP245_2050",41144.9883111098,54229.9225674242,13084.9342563143,31.8020123310648,41145,54230,13085
"Conservancy","Conservancy_80","Ohungu","Goats","Browser-Mixed","Goat_Browser_Mixed","SSP245_2050",44985.2917197407,47135.4278761717,2150.136156431,4.77964257701471,44985,47135,2150
"Conservancy","Conservancy_80","Ohungu","Donkeys","Grazer","Donkey_Grazer","SSP245_2050",16966.3634219149,23099.9345362922,6133.57111437728,36.1513599694249,16966,23100,6134
"Conservancy","Conservancy_81","Maurus Nekaro","Cattle","Grazer","Cattle_Grazer","SSP245_2050",2729.90233265917,3656.50528547833,926.602952819161,33.9427144236536,2730,3657,927
"Conservancy","Conservancy_81","Maurus Nekaro","Sheep","Grazer-Mixed","Sheep_Grazer_Mixed","SSP245_2050",32062.2352231739,36575.4023047271,4513.16708155311,14.0762708842304,32062,36575,4513
"Conservancy","Conservancy_81","Maurus Nekaro","Goats","Browser-Mixed","Goat_Browser_Mixed","SSP245_2050",58109.9970554873,55254.7051486454,-2855.29190684193,-4.91359843662615,58110,55255,-2855
"Conservancy","Conservancy_81","Maurus Nekaro","Donkeys","Grazer","Donkey_Grazer","SSP245_2050",10809.4177885734,13399.4431518423,2590.02536326888,23.9608220713494,10809,13399,2590
"Conservancy","Conservancy_82","Kapinga kaMwalye","Cattle","Grazer","Cattle_Grazer","SSP245_2050",2923.9481110848,4169.16991449906,1245.22180341426,42.5870007300602,2924,4169,1245
"Conservancy","Conservancy_82","Kapinga kaMwalye","Sheep","Grazer-Mixed","Sheep_Grazer_Mixed","SSP245_2050",35832.302969789,43192.8445488939,7360.54157910488,20.5416369283066,35832,43193,7361
"Conservancy","Conservancy_82","Kapinga kaMwalye","Goats","Browser-Mixed","Goat_Browser_Mixed","SSP245_2050",67901.4215474933,66248.4903861772,-1652.93116131614,-2.43431009785267,67901,66248,-1653
"Conservancy","Conservancy_82","Kapinga kaMwalye","Donkeys","Grazer","Donkey_Grazer","SSP245_2050",12042.6240011746,15806.441657183,3763.81765600832,31.2541324518742,12043,15806,3764
"Conservancy","Conservancy_83","Otjindjerese","Cattle","Grazer","Cattle_Grazer","SSP245_2050",1758.9300930987,4867.29760445033,3108.36751135163,176.719218321839,1759,4867,3108
"Conservancy","Conservancy_83","Otjindjerese","Sheep","Grazer-Mixed","Sheep_Grazer_Mixed","SSP245_2050",21271.0659438788,39727.693739342,18456.6277954633,86.768701879628,21271,39728,18457
"Conservancy","Conservancy_83","Otjindjerese","Goats","Browser-Mixed","Goat_Browser_Mixed","SSP245_2050",39573.7006418844,35537.8131037598,-4035.88753812463,-10.1984082172317,39574,35538,-4036
"Conservancy","Conservancy_83","Otjindjerese","Donkeys","Grazer","Donkey_Grazer","SSP245_2050",7245.88791586423,16608.5115617937,9362.62364592946,129.212924001085,7246,16609,9363
"Conservancy","Conservancy_84","Nyae Nyae","Cattle","Grazer","Cattle_Grazer","SSP245_2050",24373.7901940951,68170.2887973216,43796.4986032265,179.686861396865,24374,68170,43796
"Conservancy","Conservancy_84","Nyae Nyae","Sheep","Grazer-Mixed","Sheep_Grazer_Mixed","SSP245_2050",276887.27756281,536464.194052503,259576.916489693,93.7482280784134,276887,536464,259577
"Conservancy","Conservancy_84","Nyae Nyae","Goats","Browser-Mixed","Goat_Browser_Mixed","SSP245_2050",480062.606511942,421357.895801392,-58704.7107105499,-12.2285530916663,480063,421358,-58705
"Conservancy","Conservancy_84","Nyae Nyae","Donkeys","Grazer","Donkey_Grazer","SSP245_2050",97280.0249810311,229152.925852556,131872.900871525,135.560101775508,97280,229153,131873
"Conservancy","Conservancy_85","Ekango Lyomongwa","Cattle","Grazer","Cattle_Grazer","SSP245_2050",8163.03028978398,9868.71654902271,1705.68625923873,20.895258239742,8163,9869,1706
"Conservancy","Conservancy_85","Ekango Lyomongwa","Sheep","Grazer-Mixed","Sheep_Grazer_Mixed","SSP245_2050",67829.382786139,78124.791254334,10295.408468195,15.1783903159722,67829,78125,10295
"Conservancy","Conservancy_85","Ekango Lyomongwa","Goats","Browser-Mixed","Goat_Browser_Mixed","SSP245_2050",64310.9407043031,62750.5124768422,-1560.42822746089,-2.42638065991854,64311,62751,-1560
"Conservancy","Conservancy_85","Ekango Lyomongwa","Donkeys","Grazer","Donkey_Grazer","SSP245_2050",28138.961663753,33293.8334223146,5154.87175856164,18.3193389299856,28139,33294,5155
"Conservancy","Conservancy_86","#Khoadi-//Hôas","Cattle","Grazer","Cattle_Grazer","SSP245_2050",14217.3549740124,22794.7347444162,8577.37977040384,60.3303482685933,14217,22795,8577
"Conservancy","Conservancy_86","#Khoadi-//Hôas","Sheep","Grazer-Mixed","Sheep_Grazer_Mixed","SSP245_2050",127217.22156509,181055.53252712,53838.3109620306,42.3199864764258,127217,181056,53838
"Conservancy","Conservancy_86","#Khoadi-//Hôas","Goats","Browser-Mixed","Goat_Browser_Mixed","SSP245_2050",147111.030356704,147246.625393965,135.595037260791,0.0921719037192589,147111,147247,136
"Conservancy","Conservancy_86","#Khoadi-//Hôas","Donkeys","Grazer","Donkey_Grazer","SSP245_2050",51212.8224650814,77325.8563339606,26113.0338688792,50.989249590147,51213,77326,26113
"Conservancy","Conservancy_87","Joseph Mbambangandu","Cattle","Grazer","Cattle_Grazer","SSP245_2050",131.13102920973,153.377683072892,22.2466538631623,16.9652095291506,131,153,22
"Conservancy","Conservancy_87","Joseph Mbambangandu","Sheep","Grazer-Mixed","Sheep_Grazer_Mixed","SSP245_2050",1352.20085770032,1464.64138270034,112.440525000018,8.31537151893581,1352,1465,112
"Conservancy","Conservancy_87","Joseph Mbambangandu","Goats","Browser-Mixed","Goat_Browser_Mixed","SSP245_2050",2108.34939716887,2045.22575892275,-63.1236382461193,-2.99398374533571,2108,2045,-63
"Conservancy","Conservancy_87","Joseph Mbambangandu","Donkeys","Grazer","Donkey_Grazer","SSP245_2050",472.798854577653,538.563332449138,65.7644778714846,13.9096102358859,473,539,66
"Conservancy","Conservancy_88","Impalila","Cattle","Grazer","Cattle_Grazer","SSP245_2050",264.546468800583,265.011224638581,0.464755837997473,0.175680227411317,265,265,0
"Conservancy","Conservancy_88","Impalila","Sheep","Grazer-Mixed","Sheep_Grazer_Mixed","SSP245_2050",2708.94668279647,2697.5669820145,-11.3797007819703,-0.420078433224198,2709,2698,-11
"Conservancy","Conservancy_88","Impalila","Goats","Browser-Mixed","Goat_Browser_Mixed","SSP245_2050",3053.85309828858,3026.91216988696,-26.9409284016269,-0.882194641802678,3054,3027,-27
"Conservancy","Conservancy_88","Impalila","Donkeys","Grazer","Donkey_Grazer","SSP245_2050",971.067939189822,968.309800507482,-2.7581386823407,-0.284031484413115,971,968,-3
"Conservancy","Conservancy_89","Kasika","Cattle","Grazer","Cattle_Grazer","SSP245_2050",664.417327886335,656.071360601356,-8.34596728497877,-1.2561332967533,664,656,-8
"Conservancy","Conservancy_89","Kasika","Sheep","Grazer-Mixed","Sheep_Grazer_Mixed","SSP245_2050",6650.68505079209,6593.92521589138,-56.7598349007112,-0.853443434281272,6651,6594,-57
"Conservancy","Conservancy_89","Kasika","Goats","Browser-Mixed","Goat_Browser_Mixed","SSP245_2050",6292.21383614268,6289.81890640004,-2.39492974264522,-0.0380617983592462,6292,6290,-2
"Conservancy","Conservancy_89","Kasika","Donkeys","Grazer","Donkey_Grazer","SSP245_2050",2429.4910177877,2402.21542905201,-27.2755887356911,-1.1226873668596,2429,2402,-27
"Conservancy","Conservancy_90","!Gawachab","Cattle","Grazer","Cattle_Grazer","SSP245_2050",35.5925125963601,339.713497891042,304.120985294682,854.452139256343,36,340,304
"Conservancy","Conservancy_90","!Gawachab","Sheep","Grazer-Mixed","Sheep_Grazer_Mixed","SSP245_2050",462.689320727654,2693.43020465901,2230.74088393135,482.124999216137,463,2693,2231
"Conservancy","Conservancy_90","!Gawachab","Goats","Browser-Mixed","Goat_Browser_Mixed","SSP245_2050",915.869514062908,2168.15902600224,1252.28951193933,136.732306590708,916,2168,1252
"Conservancy","Conservancy_90","!Gawachab","Donkeys","Grazer","Donkey_Grazer","SSP245_2050",295.187193206637,1251.74940314681,956.562209940172,324.052747529111,295,1252,957
"Conservancy","Conservancy_1","Okanguati","Cattle","Grazer","Cattle_Grazer","SSP245_2090",2631.23944227588,7268.95543674563,4637.71599446975,176.255946910646,2631,7269,4638
"Conservancy","Conservancy_1","Okanguati","Sheep","Grazer-Mixed","Sheep_Grazer_Mixed","SSP245_2090",32281.0300502426,59768.2506224986,27487.220572256,85.1497629706193,32281,59768,27487
"Conservancy","Conservancy_1","Okanguati","Goats","Browser-Mixed","Goat_Browser_Mixed","SSP245_2090",61043.3227758049,54826.940542158,-6216.38223364687,-10.1835580878811,61043,54827,-6216
"Conservancy","Conservancy_1","Okanguati","Donkeys","Grazer","Donkey_Grazer","SSP245_2090",10941.7208137409,24906.0577154114,13964.3369016705,127.624686641005,10942,24906,13964
"Conservancy","Conservancy_2","Iipumbu ya Tshilongo","Cattle","Grazer","Cattle_Grazer","SSP245_2090",10377.8976106519,11793.0625589131,1415.16494826124,13.6363356178106,10378,11793,1415
"Conservancy","Conservancy_2","Iipumbu ya Tshilongo","Sheep","Grazer-Mixed","Sheep_Grazer_Mixed","SSP245_2090",83447.9416561401,91991.748495122,8543.80683898191,10.2384872166026,83448,91992,8544
"Conservancy","Conservancy_2","Iipumbu ya Tshilongo","Goats","Browser-Mixed","Goat_Browser_Mixed","SSP245_2090",70985.5892595374,69694.4736967592,-1291.11556277824,-1.81884179063115,70986,69694,-1291
"Conservancy","Conservancy_2","Iipumbu ya Tshilongo","Donkeys","Grazer","Donkey_Grazer","SSP245_2090",35260.1581421739,39536.17777867,4276.01963649604,12.1270574546334,35260,39536,4276
"Conservancy","Conservancy_3","Otjitanda","Cattle","Grazer","Cattle_Grazer","SSP245_2090",2479.7458810502,7075.84425561522,4596.09837456502,185.345539221886,2480,7076,4596
"Conservancy","Conservancy_3","Otjitanda","Sheep","Grazer-Mixed","Sheep_Grazer_Mixed","SSP245_2090",29785.4036225559,57829.1444052788,28043.7407827228,94.1526297178858,29785,57829,28044
"Conservancy","Conservancy_3","Otjitanda","Goats","Browser-Mixed","Goat_Browser_Mixed","SSP245_2090",55051.285516866,52003.8915736465,-3047.39394321949,-5.53555455537157,55051,52004,-3047
"Conservancy","Conservancy_3","Otjitanda","Donkeys","Grazer","Donkey_Grazer","SSP245_2090",10361.7839348723,24277.4087685889,13915.6248337166,134.29757772582,10362,24277,13916
"Conservancy","Conservancy_4","Orupupa","Cattle","Grazer","Cattle_Grazer","SSP245_2090",2785.90374913072,5652.57801891057,2866.67426977985,102.899257401636,2786,5653,2867
"Conservancy","Conservancy_4","Orupupa","Sheep","Grazer-Mixed","Sheep_Grazer_Mixed","SSP245_2090",33796.8583264819,50897.7356743754,17100.8773478935,50.5990148039704,33797,50898,17101
"Conservancy","Conservancy_4","Orupupa","Goats","Browser-Mixed","Goat_Browser_Mixed","SSP245_2090",63151.7986569924,59737.3196306249,-3414.47902636751,-5.40678032768818,63152,59737,-3414
"Conservancy","Conservancy_4","Orupupa","Donkeys","Grazer","Donkey_Grazer","SSP245_2090",11553.056103899,20195.2509043876,8642.19480048865,74.8044043304875,11553,20195,8642
"Conservancy","Conservancy_5","Omuramba ua Mbinda","Cattle","Grazer","Cattle_Grazer","SSP245_2090",7024.07434764021,23198.8794743582,16174.805126718,230.27667883601,7024,23199,16175
"Conservancy","Conservancy_5","Omuramba ua Mbinda","Sheep","Grazer-Mixed","Sheep_Grazer_Mixed","SSP245_2090",87419.622452345,183285.871433852,95866.248981507,109.662163130213,87420,183286,95866
"Conservancy","Conservancy_5","Omuramba ua Mbinda","Goats","Browser-Mixed","Goat_Browser_Mixed","SSP245_2090",167775.032989349,146094.367044662,-21680.6659446869,-12.9224626324844,167775,146094,-21681
"Conservancy","Conservancy_5","Omuramba ua Mbinda","Donkeys","Grazer","Donkey_Grazer","SSP245_2090",29434.2163139209,78137.1615519858,48702.9452380649,165.463706315941,29434,78137,48703
"Conservancy","Conservancy_6","Otjombinde","Cattle","Grazer","Cattle_Grazer","SSP245_2090",12828.3403210772,42373.5082065423,29545.1678854651,230.311693843371,12828,42374,29545
"Conservancy","Conservancy_6","Otjombinde","Sheep","Grazer-Mixed","Sheep_Grazer_Mixed","SSP245_2090",159570.3543544,334681.238134373,175110.883779972,109.738982838289,159570,334681,175111
"Conservancy","Conservancy_6","Otjombinde","Goats","Browser-Mixed","Goat_Browser_Mixed","SSP245_2090",306075.454496548,266473.189728216,-39602.264768332,-12.9387261168891,306075,266473,-39602
"Conservancy","Conservancy_6","Otjombinde","Donkeys","Grazer","Donkey_Grazer","SSP245_2090",53741.0227427867,142702.632004982,88961.6092621951,165.537618604655,53741,142703,88962
"Conservancy","Conservancy_7","Bamunu","Cattle","Grazer","Cattle_Grazer","SSP245_2090",2050.20286821493,2355.72321339665,305.520345181712,14.901956773074,2050,2356,306
"Conservancy","Conservancy_7","Bamunu","Sheep","Grazer-Mixed","Sheep_Grazer_Mixed","SSP245_2090",20692.6821062903,22489.0918867779,1796.40978048761,8.68137717121515,20693,22489,1796
"Conservancy","Conservancy_7","Bamunu","Goats","Browser-Mixed","Goat_Browser_Mixed","SSP245_2090",26565.4729677809,26129.1882403151,-436.284727465798,-1.64229986793358,26565,26129,-436
"Conservancy","Conservancy_7","Bamunu","Donkeys","Grazer","Donkey_Grazer","SSP245_2090",7624.29833595688,8540.00323772588,915.704901769008,12.0103498239367,7624,8540,916
"Conservancy","Conservancy_8","Mashi","Cattle","Grazer","Cattle_Grazer","SSP245_2090",977.387245203071,1247.28245335706,269.895208153987,27.6139482562933,977,1247,270
"Conservancy","Conservancy_8","Mashi","Sheep","Grazer-Mixed","Sheep_Grazer_Mixed","SSP245_2090",11263.6473050605,12863.2858182359,1599.63851317544,14.2017809138676,11264,12863,1600
"Conservancy","Conservancy_8","Mashi","Goats","Browser-Mixed","Goat_Browser_Mixed","SSP245_2090",20926.663097187,20564.8962751316,-361.766822055408,-1.72873630341972,20927,20565,-362
"Conservancy","Conservancy_8","Mashi","Donkeys","Grazer","Donkey_Grazer","SSP245_2090",3833.81080628721,4646.4754065566,812.664600269399,21.1973057965375,3834,4646,813
"Conservancy","Conservancy_9","Ovitoto","Cattle","Grazer","Cattle_Grazer","SSP245_2090",1379.97726515935,4518.18205925132,3138.20479409196,227.409890968716,1380,4518,3138
"Conservancy","Conservancy_9","Ovitoto","Sheep","Grazer-Mixed","Sheep_Grazer_Mixed","SSP245_2090",17174.8027629547,35774.5892697133,18599.7865067586,108.296943862887,17175,35775,18600
"Conservancy","Conservancy_9","Ovitoto","Goats","Browser-Mixed","Goat_Browser_Mixed","SSP245_2090",32961.7426763777,28755.3012835021,-4206.44139287558,-12.7615867709876,32962,28755,-4206
"Conservancy","Conservancy_9","Ovitoto","Donkeys","Grazer","Donkey_Grazer","SSP245_2090",5782.76187304872,15232.0142773345,9449.25240428573,163.403795828515,5783,15232,9449
"Conservancy","Conservancy_10","Salambala","Cattle","Grazer","Cattle_Grazer","SSP245_2090",3001.90623235956,3262.69784899999,260.791616640425,8.68753373537046,3002,3263,261
"Conservancy","Conservancy_10","Salambala","Sheep","Grazer-Mixed","Sheep_Grazer_Mixed","SSP245_2090",32142.6643402176,32619.838471543,477.174131325341,1.48455064668765,32143,32620,477
"Conservancy","Conservancy_10","Salambala","Goats","Browser-Mixed","Goat_Browser_Mixed","SSP245_2090",44958.7527494021,42619.6267637522,-2339.12598564986,-5.2028266858025,44959,42620,-2339
"Conservancy","Conservancy_10","Salambala","Donkeys","Grazer","Donkey_Grazer","SSP245_2090",11471.0248815834,11941.9806732775,470.955791694067,4.10561215371592,11471,11942,471
"Conservancy","Conservancy_11","Doro !nawas Area2","Cattle","Grazer","Cattle_Grazer","SSP245_2090",1520.39832198175,5884.41814401906,4364.01982203731,287.031349544576,1520,5884,4364
"Conservancy","Conservancy_11","Doro !nawas Area2","Sheep","Grazer-Mixed","Sheep_Grazer_Mixed","SSP245_2090",14732.2755046745,45954.5445554601,31222.2690507855,211.931069581741,14732,45955,31222
"Conservancy","Conservancy_11","Doro !nawas Area2","Goats","Browser-Mixed","Goat_Browser_Mixed","SSP245_2090",20016.0694013275,34931.5553608575,14915.48595953,74.5175571710439,20016,34932,14915
"Conservancy","Conservancy_11","Doro !nawas Area2","Donkeys","Grazer","Donkey_Grazer","SSP245_2090",6756.94204681868,20408.090884302,13651.1488374833,202.031462500268,6757,20408,13651
"Conservancy","Conservancy_12","Doro !nawas/Uibasen Twyfelfontein/Sorris Sorri JMA","Cattle","Grazer","Cattle_Grazer","SSP245_2090",32.5676622586025,549.569154905328,517.001492646726,1587.46884729242,33,550,517
"Conservancy","Conservancy_12","Doro !nawas/Uibasen Twyfelfontein/Sorris Sorri JMA","Sheep","Grazer-Mixed","Sheep_Grazer_Mixed","SSP245_2090",429.893141813552,4252.26632581139,3822.37318399784,889.14495538885,430,4252,3822
"Conservancy","Conservancy_12","Doro !nawas/Uibasen Twyfelfontein/Sorris Sorri JMA","Goats","Browser-Mixed","Goat_Browser_Mixed","SSP245_2090",859.786283627105,3105.50325322096,2245.71696959386,261.194789025948,860,3106,2246
"Conservancy","Conservancy_12","Doro !nawas/Uibasen Twyfelfontein/Sorris Sorri JMA","Donkeys","Grazer","Donkey_Grazer","SSP245_2090",318.439364306335,1947.45685520343,1629.0174908971,511.56285104564,318,1947,1629
"Conservancy","Conservancy_13","Kwandu","Cattle","Grazer","Cattle_Grazer","SSP245_2090",610.892437616921,681.191414963922,70.2989773470006,11.5075867727607,611,681,70
"Conservancy","Conservancy_13","Kwandu","Sheep","Grazer-Mixed","Sheep_Grazer_Mixed","SSP245_2090",6277.92240162103,6642.80570262162,364.88330100059,5.81216647256381,6278,6643,365
"Conservancy","Conservancy_13","Kwandu","Goats","Browser-Mixed","Goat_Browser_Mixed","SSP245_2090",9135.03016455941,8944.40438112987,-190.625783429541,-2.08675592740897,9135,8944,-191
"Conservancy","Conservancy_13","Kwandu","Donkeys","Grazer","Donkey_Grazer","SSP245_2090",2291.83440586844,2488.27908058225,196.44467471381,8.57150386654449,2292,2488,196
"Conservancy","Conservancy_14","Orupembe","Cattle","Grazer","Cattle_Grazer","SSP245_2090",1761.88080368695,15229.9136420085,13468.0328383215,764.412258203732,1762,15230,13468
"Conservancy","Conservancy_14","Orupembe","Sheep","Grazer-Mixed","Sheep_Grazer_Mixed","SSP245_2090",22207.3909279103,118902.517527863,96695.1265999522,435.418671710893,22207,118903,96695
"Conservancy","Conservancy_14","Orupembe","Goats","Browser-Mixed","Goat_Browser_Mixed","SSP245_2090",42902.0323095482,90245.2768448951,47343.2445353469,110.351985644303,42902,90245,47343
"Conservancy","Conservancy_14","Orupembe","Donkeys","Grazer","Donkey_Grazer","SSP245_2090",10982.8051226313,53144.6150453714,42161.8099227401,383.889265556219,10983,53145,42162
"Conservancy","Conservancy_15","Mayuni","Cattle","Grazer","Cattle_Grazer","SSP245_2090",378.344657704505,505.726407628586,127.381749924081,33.6681772373718,378,506,127
"Conservancy","Conservancy_15","Mayuni","Sheep","Grazer-Mixed","Sheep_Grazer_Mixed","SSP245_2090",4377.52594129641,5132.50323210472,754.977290808312,17.2466662889661,4378,5133,755
"Conservancy","Conservancy_15","Mayuni","Goats","Browser-Mixed","Goat_Browser_Mixed","SSP245_2090",7604.29495662058,7433.55279645744,-170.742160163139,-2.24533847170781,7604,7434,-171
"Conservancy","Conservancy_15","Mayuni","Donkeys","Grazer","Donkey_Grazer","SSP245_2090",1514.61034888526,1898.16157823723,383.551229351978,25.3234258985665,1515,1898,384
"Conservancy","Conservancy_16","Uibasen Twyfelfontein","Cattle","Grazer","Cattle_Grazer","SSP245_2090",219.740407453855,1176.52874413734,956.788336683485,435.417567378639,220,1177,957
"Conservancy","Conservancy_16","Uibasen Twyfelfontein","Sheep","Grazer-Mixed","Sheep_Grazer_Mixed","SSP245_2090",1973.18684987033,9057.04682419144,7083.85997432111,359.006040141948,1973,9057,7084
"Conservancy","Conservancy_16","Uibasen Twyfelfontein","Goats","Browser-Mixed","Goat_Browser_Mixed","SSP245_2090",2279.29672369228,6474.04724254632,4194.75051885404,184.03705297566,2279,6474,4195
"Conservancy","Conservancy_16","Uibasen Twyfelfontein","Donkeys","Grazer","Donkey_Grazer","SSP245_2090",1079.66465069755,4095.3569872821,3015.69233658454,279.317502396337,1080,4095,3016
"Conservancy","Conservancy_17","Oskop","Cattle","Grazer","Cattle_Grazer","SSP245_2090",850.220143396141,850.220143396141,0,0,850,850,0
"Conservancy","Conservancy_17","Oskop","Sheep","Grazer-Mixed","Sheep_Grazer_Mixed","SSP245_2090",6397.05635891256,6397.05635891256,0,0,6397,6397,0
"Conservancy","Conservancy_17","Oskop","Goats","Browser-Mixed","Goat_Browser_Mixed","SSP245_2090",4115.06549403732,4115.06549403732,0,0,4115,4115,0
"Conservancy","Conservancy_17","Oskop","Donkeys","Grazer","Donkey_Grazer","SSP245_2090",2805.72647320727,2805.72647320727,0,0,2806,2806,0
"Conservancy","Conservancy_18","//Huab","Cattle","Grazer","Cattle_Grazer","SSP245_2090",3888.66228649976,10646.9672118143,6758.30492531459,173.795110693396,3889,10647,6758
"Conservancy","Conservancy_18","//Huab","Sheep","Grazer-Mixed","Sheep_Grazer_Mixed","SSP245_2090",45136.8959001618,86637.1759173863,41500.2800172245,91.94314139151,45137,86637,41500
"Conservancy","Conservancy_18","//Huab","Goats","Browser-Mixed","Goat_Browser_Mixed","SSP245_2090",80242.6528272035,76783.1019043668,-3459.55092283669,-4.3113616025215,80243,76783,-3460
"Conservancy","Conservancy_18","//Huab","Donkeys","Grazer","Donkey_Grazer","SSP245_2090",16034.1830440158,36521.4622329035,20487.2791888878,127.772516583151,16034,36521,20487
"Conservancy","Conservancy_19","Omatendeka","Cattle","Grazer","Cattle_Grazer","SSP245_2090",4425.55904401742,8393.56499244998,3968.00594843256,89.6611232381276,4426,8394,3968
"Conservancy","Conservancy_19","Omatendeka","Sheep","Grazer-Mixed","Sheep_Grazer_Mixed","SSP245_2090",47943.5175393355,72716.7513070055,24773.2337676699,51.6717067064272,47944,72717,24773
"Conservancy","Conservancy_19","Omatendeka","Goats","Browser-Mixed","Goat_Browser_Mixed","SSP245_2090",78063.0905314943,77610.0679845904,-453.022546903943,-0.580328736435528,78063,77610,-453
"Conservancy","Conservancy_19","Omatendeka","Donkeys","Grazer","Donkey_Grazer","SSP245_2090",17674.5205590916,29742.0551120213,12067.5345529298,68.2764463827132,17675,29742,12068
"Conservancy","Conservancy_20","//Gamaseb","Cattle","Grazer","Cattle_Grazer","SSP245_2090",747.084992756592,4255.90811882213,3508.82312606554,469.668533043167,747,4256,3509
"Conservancy","Conservancy_20","//Gamaseb","Sheep","Grazer-Mixed","Sheep_Grazer_Mixed","SSP245_2090",7527.1490071999,33464.3315135762,25937.1825063763,344.581759728242,7527,33464,25937
"Conservancy","Conservancy_20","//Gamaseb","Goats","Browser-Mixed","Goat_Browser_Mixed","SSP245_2090",10858.6447185332,26081.5257570413,15222.8810385081,140.19135383006,10859,26082,15223
"Conservancy","Conservancy_20","//Gamaseb","Donkeys","Grazer","Donkey_Grazer","SSP245_2090",4605.69962540817,15661.1778437756,11055.4782183675,240.039062846781,4606,15661,11055
"Conservancy","Conservancy_21","Ehi-Rovipuka","Cattle","Grazer","Cattle_Grazer","SSP245_2090",6371.66662867184,11154.3035012158,4782.63687254399,75.0610028940093,6372,11154,4783
"Conservancy","Conservancy_21","Ehi-Rovipuka","Sheep","Grazer-Mixed","Sheep_Grazer_Mixed","SSP245_2090",68946.9579592257,97553.1785987113,28606.2206394856,41.4901853340693,68947,97553,28606
"Conservancy","Conservancy_21","Ehi-Rovipuka","Goats","Browser-Mixed","Goat_Browser_Mixed","SSP245_2090",112121.846435884,106719.266715668,-5402.57972021618,-4.81848978763081,112122,106719,-5403
"Conservancy","Conservancy_21","Ehi-Rovipuka","Donkeys","Grazer","Donkey_Grazer","SSP245_2090",24917.2892545194,39342.7914512168,14425.5021966974,57.8935455191259,24917,39343,14426
"Conservancy","Conservancy_22","/Audi","Cattle","Grazer","Cattle_Grazer","SSP245_2090",738.367606069433,2060.77020673599,1322.40260066656,179.098133476647,738,2061,1322
"Conservancy","Conservancy_22","/Audi","Sheep","Grazer-Mixed","Sheep_Grazer_Mixed","SSP245_2090",9157.86892814566,16995.6002625333,7837.73133438769,85.5846638108057,9158,16996,7838
"Conservancy","Conservancy_22","/Audi","Goats","Browser-Mixed","Goat_Browser_Mixed","SSP245_2090",17513.9864573609,15741.4415144807,-1772.5449428802,-10.1207394855283,17514,15741,-1773
"Conservancy","Conservancy_22","/Audi","Donkeys","Grazer","Donkey_Grazer","SSP245_2090",3088.38670604602,7070.19056324069,3981.80385719467,128.928279913899,3088,7070,3982
"Conservancy","Conservancy_23","Uukolonkadhi Ruacana","Cattle","Grazer","Cattle_Grazer","SSP245_2090",10064.553351578,16877.8685875347,6813.31523595672,67.6961510158668,10065,16878,6813
"Conservancy","Conservancy_23","Uukolonkadhi Ruacana","Sheep","Grazer-Mixed","Sheep_Grazer_Mixed","SSP245_2090",103001.226197386,143397.030808407,40395.8046110212,39.218760885049,103001,143397,40396
"Conservancy","Conservancy_23","Uukolonkadhi Ruacana","Goats","Browser-Mixed","Goat_Browser_Mixed","SSP245_2090",154007.891159654,145074.93055753,-8932.96060212393,-5.80032655136058,154008,145075,-8933
"Conservancy","Conservancy_23","Uukolonkadhi Ruacana","Donkeys","Grazer","Donkey_Grazer","SSP245_2090",38020.4269393278,58611.1503496065,20590.7234102787,54.1570020850552,38020,58611,20591
"Conservancy","Conservancy_24","Uukwaluudhi","Cattle","Grazer","Cattle_Grazer","SSP245_2090",3398.23476675437,7366.38813828905,3968.15337153468,116.771019187843,3398,7366,3968
"Conservancy","Conservancy_24","Uukwaluudhi","Sheep","Grazer-Mixed","Sheep_Grazer_Mixed","SSP245_2090",41003.5015236627,64522.2998110049,23518.7982873422,57.3580241037946,41004,64522,23519
"Conservancy","Conservancy_24","Uukwaluudhi","Goats","Browser-Mixed","Goat_Browser_Mixed","SSP245_2090",76177.475313194,70858.5730456534,-5318.90226754053,-6.98225065306055,76177,70859,-5319
"Conservancy","Conservancy_24","Uukwaluudhi","Donkeys","Grazer","Donkey_Grazer","SSP245_2090",14006.8323862733,25955.0911032122,11948.2587169389,85.3030748668639,14007,25955,11948
"Conservancy","Conservancy_25","Okamatapati","Cattle","Grazer","Cattle_Grazer","SSP245_2090",6774.02726392852,22375.2346343369,15601.2073704084,230.309190715608,6774,22375,15601
"Conservancy","Conservancy_25","Okamatapati","Sheep","Grazer-Mixed","Sheep_Grazer_Mixed","SSP245_2090",84285.6505639576,176752.250221048,92466.5996570909,109.706218126566,84286,176752,92467
"Conservancy","Conservancy_25","Okamatapati","Goats","Browser-Mixed","Goat_Browser_Mixed","SSP245_2090",161717.510825081,140805.693793487,-20911.8170315938,-12.9310777323383,161718,140806,-20912
"Conservancy","Conservancy_25","Okamatapati","Donkeys","Grazer","Donkey_Grazer","SSP245_2090",28382.4272667571,75358.2481348302,46975.8208680731,165.510230772593,28382,75358,46976
"Conservancy","Conservancy_26","Otjituuo","Cattle","Grazer","Cattle_Grazer","SSP245_2090",13446.8045033012,44240.2216029406,30793.4170996394,229.001746043676,13447,44240,30793
"Conservancy","Conservancy_26","Otjituuo","Sheep","Grazer-Mixed","Sheep_Grazer_Mixed","SSP245_2090",167355.086903943,349864.203244958,182509.116341015,109.055015725796,167355,349864,182509
"Conservancy","Conservancy_26","Otjituuo","Goats","Browser-Mixed","Goat_Browser_Mixed","SSP245_2090",321186.530421709,279911.115713318,-41275.4147083909,-12.8509170836639,321187,279911,-41275
"Conservancy","Conservancy_26","Otjituuo","Donkeys","Grazer","Donkey_Grazer","SSP245_2090",56348.5141090718,149068.648598935,92720.1344898634,164.547612223436,56349,149069,92720
"Conservancy","Conservancy_27","Ozonahi","Cattle","Grazer","Cattle_Grazer","SSP245_2090",7070.17354787769,23068.5365439959,15998.3629961182,226.279636387718,7070,23069,15998
"Conservancy","Conservancy_27","Ozonahi","Sheep","Grazer-Mixed","Sheep_Grazer_Mixed","SSP245_2090",87573.4577453796,182393.954083168,94820.496337788,108.275382494864,87573,182394,94820
"Conservancy","Conservancy_27","Ozonahi","Goats","Browser-Mixed","Goat_Browser_Mixed","SSP245_2090",167251.23648843,145807.073108203,-21444.1633802274,-12.8215275596547,167251,145807,-21444
"Conservancy","Conservancy_27","Ozonahi","Donkeys","Grazer","Donkey_Grazer","SSP245_2090",29551.4218300644,77723.0931914448,48171.6713613803,163.009656991774,29551,77723,48172
"Conservancy","Conservancy_28","N#a Jaqna","Cattle","Grazer","Cattle_Grazer","SSP245_2090",20252.0117713518,66602.3583139422,46350.3465425904,228.867862935756,20252,66602,46350
"Conservancy","Conservancy_28","N#a Jaqna","Sheep","Grazer-Mixed","Sheep_Grazer_Mixed","SSP245_2090",251390.629190243,526104.286807269,274713.657617025,109.277604539957,251391,526104,274714
"Conservancy","Conservancy_28","N#a Jaqna","Goats","Browser-Mixed","Goat_Browser_Mixed","SSP245_2090",481160.355742348,419036.618159336,-62123.7375830121,-12.9112336129949,481160,419037,-62124
"Conservancy","Conservancy_28","N#a Jaqna","Donkeys","Grazer","Donkey_Grazer","SSP245_2090",84736.6266100405,224300.687198961,139564.060588921,164.703347504258,84737,224301,139564
"Conservancy","Conservancy_29","!Han /Awab","Cattle","Grazer","Cattle_Grazer","SSP245_2090",13375.7914395394,14254.2274909924,878.436051452945,6.5673575685118,13376,14254,878
"Conservancy","Conservancy_29","!Han /Awab","Sheep","Grazer-Mixed","Sheep_Grazer_Mixed","SSP245_2090",101326.370099499,107753.541434069,6427.17133456963,6.34303915975512,101326,107754,6427
"Conservancy","Conservancy_29","!Han /Awab","Goats","Browser-Mixed","Goat_Browser_Mixed","SSP245_2090",67366.3553580946,70920.7449818614,3554.38962376674,5.27620888034229,67366,70921,3554
"Conservancy","Conservancy_29","!Han /Awab","Donkeys","Grazer","Donkey_Grazer","SSP245_2090",44677.3610280997,47438.7915755257,2761.43054742594,6.18082734494802,44677,47439,2761
"Conservancy","Conservancy_30","!Khob !naub","Cattle","Grazer","Cattle_Grazer","SSP245_2090",3910.64641537363,8865.24735857716,4954.60094320353,126.695190946588,3911,8865,4955
"Conservancy","Conservancy_30","!Khob !naub","Sheep","Grazer-Mixed","Sheep_Grazer_Mixed","SSP245_2090",32341.6397128234,68892.2443863182,36550.6046734947,113.014074110171,32342,68892,36551
"Conservancy","Conservancy_30","!Khob !naub","Goats","Browser-Mixed","Goat_Browser_Mixed","SSP245_2090",30030.8608345588,51240.3199221834,21209.4590876247,70.6255448502407,30031,51240,21209
"Conservancy","Conservancy_30","!Khob !naub","Donkeys","Grazer","Donkey_Grazer","SSP245_2090",15969.8604312078,31573.6114959212,15603.7510647133,97.7074980205899,15970,31574,15604
"Conservancy","Conservancy_31","Anabeb","Cattle","Grazer","Cattle_Grazer","SSP245_2090",1379.97952115551,4811.66689871466,3431.68737755915,248.676688671849,1380,4812,3432
"Conservancy","Conservancy_31","Anabeb","Sheep","Grazer-Mixed","Sheep_Grazer_Mixed","SSP245_2090",16533.2231066961,40340.9040865785,23807.6809798824,143.999030474826,16533,40341,23808
"Conservancy","Conservancy_31","Anabeb","Goats","Browser-Mixed","Goat_Browser_Mixed","SSP245_2090",30388.8111482153,39233.0088429102,8844.19769469499,29.1034672319335,30389,39233,8844
"Conservancy","Conservancy_31","Anabeb","Donkeys","Grazer","Donkey_Grazer","SSP245_2090",6881.01282747851,17544.7414357866,10663.7286083081,154.973241231637,6881,17545,10664
"Conservancy","Conservancy_32","Ozondundu","Cattle","Grazer","Cattle_Grazer","SSP245_2090",1613.5067981674,3392.01450889193,1778.50771072454,110.226229771362,1614,3392,1779
"Conservancy","Conservancy_32","Ozondundu","Sheep","Grazer-Mixed","Sheep_Grazer_Mixed","SSP245_2090",20081.2446080491,30622.2595801685,10541.0149721194,52.4918409085775,20081,30622,10541
"Conservancy","Conservancy_32","Ozondundu","Goats","Browser-Mixed","Goat_Browser_Mixed","SSP245_2090",38539.7623790841,36155.8553549076,-2383.90702417646,-6.18557789933398,38540,36156,-2384
"Conservancy","Conservancy_32","Ozondundu","Donkeys","Grazer","Donkey_Grazer","SSP245_2090",6761.36182089194,12116.5152809985,5355.15346010655,79.2022909284289,6761,12117,5355
"Conservancy","Conservancy_33","Sesfontein","Cattle","Grazer","Cattle_Grazer","SSP245_2090",723.194903542569,6332.41171519799,5609.21681165542,775.616197539375,723,6332,5609
"Conservancy","Conservancy_33","Sesfontein","Sheep","Grazer-Mixed","Sheep_Grazer_Mixed","SSP245_2090",9375.7728770607,50522.2732205592,41146.5003434985,438.859823963631,9376,50522,41147
"Conservancy","Conservancy_33","Sesfontein","Goats","Browser-Mixed","Goat_Browser_Mixed","SSP245_2090",18524.3459545198,41631.8715909871,23107.5256364673,124.7413846254,18524,41632,23108
"Conservancy","Conservancy_33","Sesfontein","Donkeys","Grazer","Donkey_Grazer","SSP245_2090",5809.0179479628,23452.1332151974,17643.1152672346,303.719413940216,5809,23452,17643
"Conservancy","Conservancy_34","George Mukoya","Cattle","Grazer","Cattle_Grazer","SSP245_2090",1059.28285430486,1598.02594169028,538.743087385413,50.8592285050203,1059,1598,539
"Conservancy","Conservancy_34","George Mukoya","Sheep","Grazer-Mixed","Sheep_Grazer_Mixed","SSP245_2090",13216.1170098745,16409.1866356126,3193.06962573808,24.1604218799845,13216,16409,3193
"Conservancy","Conservancy_34","George Mukoya","Goats","Browser-Mixed","Goat_Browser_Mixed","SSP245_2090",25621.545873151,24899.4160659536,-722.129807197405,-2.81844745345413,25622,24899,-722
"Conservancy","Conservancy_34","George Mukoya","Donkeys","Grazer","Donkey_Grazer","SSP245_2090",4433.87099083304,6056.04664468228,1622.17565384923,36.5859912749617,4434,6056,1622
"Conservancy","Conservancy_35","Muduva Nyangana","Cattle","Grazer","Cattle_Grazer","SSP245_2090",1364.21727170352,2002.43113632947,638.213864625955,46.7824207964329,1364,2002,638
"Conservancy","Conservancy_35","Muduva Nyangana","Sheep","Grazer-Mixed","Sheep_Grazer_Mixed","SSP245_2090",16929.8508845658,20712.4726083118,3782.62172374599,22.3429122296313,16930,20712,3783
"Conservancy","Conservancy_35","Muduva Nyangana","Goats","Browser-Mixed","Goat_Browser_Mixed","SSP245_2090",32436.5638963817,31581.1037228698,-855.460173511874,-2.63733290691527,32437,31581,-855
"Conservancy","Conservancy_35","Muduva Nyangana","Donkeys","Grazer","Donkey_Grazer","SSP245_2090",5705.62627404596,7627.31217106539,1921.68589701943,33.6805427611144,5706,7627,1922
"Conservancy","Conservancy_36","Shamungwa","Cattle","Grazer","Cattle_Grazer","SSP245_2090",117.531111984018,198.266483315693,80.7353713316745,68.6927656590647,118,198,81
"Conservancy","Conservancy_36","Shamungwa","Sheep","Grazer-Mixed","Sheep_Grazer_Mixed","SSP245_2090",1462.75863943538,1941.26809590555,478.509456470168,32.7128101362554,1463,1941,479
"Conservancy","Conservancy_36","Shamungwa","Goats","Browser-Mixed","Goat_Browser_Mixed","SSP245_2090",2807.31456053255,2699.0970826681,-108.217477864443,-3.85483975988477,2807,2699,-108
"Conservancy","Conservancy_36","Shamungwa","Donkeys","Grazer","Donkey_Grazer","SSP245_2090",492.511326409219,735.608559293113,243.097232883894,49.3587090993942,493,736,243
"Conservancy","Conservancy_37","King Nehale","Cattle","Grazer","Cattle_Grazer","SSP245_2090",2673.65466674914,3357.57603264147,683.921365892326,25.5800187809556,2674,3358,684
"Conservancy","Conservancy_37","King Nehale","Sheep","Grazer-Mixed","Sheep_Grazer_Mixed","SSP245_2090",22942.1816354902,26992.496902905,4050.31526741473,17.6544468689461,22942,26992,4050
"Conservancy","Conservancy_37","King Nehale","Goats","Browser-Mixed","Goat_Browser_Mixed","SSP245_2090",23861.5254246071,23099.2435458418,-762.28187876533,-3.19460665318249,23862,23099,-762
"Conservancy","Conservancy_37","King Nehale","Donkeys","Grazer","Donkey_Grazer","SSP245_2090",9357.7252019436,11400.2616136386,2042.53641169499,21.8272749799359,9358,11400,2043
"Conservancy","Conservancy_38","Doro !nawas Area1","Cattle","Grazer","Cattle_Grazer","SSP245_2090",573.657023188202,10379.1553823843,9805.49835919608,1709.296315192,574,10379,9805
"Conservancy","Conservancy_38","Doro !nawas Area1","Sheep","Grazer-Mixed","Sheep_Grazer_Mixed","SSP245_2090",7533.79076374315,80031.7958728801,72498.005109137,962.304467732741,7534,80032,72498
"Conservancy","Conservancy_38","Doro !nawas Area1","Goats","Browser-Mixed","Goat_Browser_Mixed","SSP245_2090",14998.3736931984,57600.618388494,42602.2446952956,284.04576100551,14998,57601,42602
"Conservancy","Conservancy_38","Doro !nawas Area1","Donkeys","Grazer","Donkey_Grazer","SSP245_2090",5565.17308667571,36461.5105577519,30896.3374710762,555.172983658838,5565,36462,30896
"Conservancy","Conservancy_39","African Wild Dog","Cattle","Grazer","Cattle_Grazer","SSP245_2090",8347.68807016583,27482.4076165194,19134.7195463536,229.221784349369,8348,27482,19135
"Conservancy","Conservancy_39","African Wild Dog","Sheep","Grazer-Mixed","Sheep_Grazer_Mixed","SSP245_2090",103871.038113416,217280.366624705,113409.328511289,109.182819938179,103871,217280,113409
"Conservancy","Conservancy_39","African Wild Dog","Goats","Browser-Mixed","Goat_Browser_Mixed","SSP245_2090",199305.73518,173657.607788066,-25648.1273919335,-12.8687352467654,199306,173658,-25648
"Conservancy","Conservancy_39","African Wild Dog","Donkeys","Grazer","Donkey_Grazer","SSP245_2090",34976.8253170444,92592.1839510979,57615.3586340535,164.724379962459,34977,92592,57615
"Conservancy","Conservancy_40","Torra","Cattle","Grazer","Cattle_Grazer","SSP245_2090",1378.74543536639,13839.3970663236,12460.6516309572,903.767389637509,1379,13839,12461
"Conservancy","Conservancy_40","Torra","Sheep","Grazer-Mixed","Sheep_Grazer_Mixed","SSP245_2090",15201.4817443082,106909.08518631,91707.6034420022,603.2806866103,15201,106909,91708
"Conservancy","Conservancy_40","Torra","Goats","Browser-Mixed","Goat_Browser_Mixed","SSP245_2090",25070.9388421137,77575.097044503,52504.1582023893,209.42238554782,25071,77575,52504
"Conservancy","Conservancy_40","Torra","Donkeys","Grazer","Donkey_Grazer","SSP245_2090",9255.98253223455,48478.2899087892,39222.3073765547,423.750879390281,9256,48478,39222
"Conservancy","Conservancy_41","Ondjou","Cattle","Grazer","Cattle_Grazer","SSP245_2090",19357.0553907063,63267.2839900461,43910.2285993398,226.843534375698,19357,63267,43910
"Conservancy","Conservancy_41","Ondjou","Sheep","Grazer-Mixed","Sheep_Grazer_Mixed","SSP245_2090",239637.863861043,499888.84523366,260250.981372617,108.601778191249,239638,499889,260251
"Conservancy","Conservancy_41","Ondjou","Goats","Browser-Mixed","Goat_Browser_Mixed","SSP245_2090",457483.117106134,398625.963010065,-58857.1540960688,-12.8654264813917,457483,398626,-58857
"Conservancy","Conservancy_41","Ondjou","Donkeys","Grazer","Donkey_Grazer","SSP245_2090",80881.4097232585,213096.755881094,132215.346157836,163.468152459533,80881,213097,132215
"Conservancy","Conservancy_42","#Gaingu","Cattle","Grazer","Cattle_Grazer","SSP245_2090",10.7631606282114,103.661790386731,92.8986297585201,863.116634299989,11,104,93
"Conservancy","Conservancy_42","#Gaingu","Sheep","Grazer-Mixed","Sheep_Grazer_Mixed","SSP245_2090",142.073720292391,828.905840256406,686.832119964015,483.433613584904,142,829,687
"Conservancy","Conservancy_42","#Gaingu","Goats","Browser-Mixed","Goat_Browser_Mixed","SSP245_2090",284.147440584782,687.674378645832,403.52693806105,142.013222864363,284,688,404
"Conservancy","Conservancy_42","#Gaingu","Donkeys","Grazer","Donkey_Grazer","SSP245_2090",105.239792809178,397.953633889733,292.713841080554,278.139887268027,105,398,293
"Conservancy","Conservancy_43","#Gaingu","Cattle","Grazer","Cattle_Grazer","SSP245_2090",3335.29731971924,20106.9755369517,16771.6782172324,502.854066954495,3335,20107,16772
"Conservancy","Conservancy_43","#Gaingu","Sheep","Grazer-Mixed","Sheep_Grazer_Mixed","SSP245_2090",36535.5797708169,159614.561147207,123078.98137639,336.874307588519,36536,159615,123079
"Conservancy","Conservancy_43","#Gaingu","Goats","Browser-Mixed","Goat_Browser_Mixed","SSP245_2090",59812.6027753652,129098.656388975,69286.0536136096,115.83855307856,59813,129099,69286
"Conservancy","Conservancy_43","#Gaingu","Donkeys","Grazer","Donkey_Grazer","SSP245_2090",21201.1960831227,73959.2627992237,52758.066716101,248.844765688004,21201,73959,52758
"Conservancy","Conservancy_44","Sheya Shuushona","Cattle","Grazer","Cattle_Grazer","SSP245_2090",22589.2825200117,32235.4282291779,9646.14570916618,42.7023111540649,22589,32235,9646
"Conservancy","Conservancy_44","Sheya Shuushona","Sheep","Grazer-Mixed","Sheep_Grazer_Mixed","SSP245_2090",207547.704332004,264742.525419747,57194.8210877428,27.5574337340061,207548,264743,57195
"Conservancy","Conservancy_44","Sheya Shuushona","Goats","Browser-Mixed","Goat_Browser_Mixed","SSP245_2090",254771.176797402,241934.163598883,-12837.0131985187,-5.03864422965197,254771,241934,-12837
"Conservancy","Conservancy_44","Sheya Shuushona","Donkeys","Grazer","Donkey_Grazer","SSP245_2090",81344.7755722848,110393.298429847,29048.5228575621,35.7103731041079,81345,110393,29049
"Conservancy","Conservancy_45","!Khoro !goreb","Cattle","Grazer","Cattle_Grazer","SSP245_2090",2525.23181042246,7217.76837280454,4692.53656238208,185.825972214291,2525,7218,4693
"Conservancy","Conservancy_45","!Khoro !goreb","Sheep","Grazer-Mixed","Sheep_Grazer_Mixed","SSP245_2090",29245.2644390358,58588.6970218036,29343.4325827677,100.335671930533,29245,58589,29343
"Conservancy","Conservancy_45","!Khoro !goreb","Goats","Browser-Mixed","Goat_Browser_Mixed","SSP245_2090",51843.3291720758,51488.8977659429,-354.43140613287,-0.683658653471999,51843,51489,-354
"Conservancy","Conservancy_45","!Khoro !goreb","Donkeys","Grazer","Donkey_Grazer","SSP245_2090",10534.8222928577,24810.2668317616,14275.4445389039,135.50721732233,10535,24810,14275
"Conservancy","Conservancy_46","Otjimboyo","Cattle","Grazer","Cattle_Grazer","SSP245_2090",279.62691462115,1237.45714797492,957.83023335377,342.538641050157,280,1237,958
"Conservancy","Conservancy_46","Otjimboyo","Sheep","Grazer-Mixed","Sheep_Grazer_Mixed","SSP245_2090",2596.62754266955,9678.20206588969,7081.57452322015,272.721998317083,2597,9678,7082
"Conservancy","Conservancy_46","Otjimboyo","Goats","Browser-Mixed","Goat_Browser_Mixed","SSP245_2090",3224.94598893231,7385.50575447717,4160.55976554487,129.01176577293,3225,7386,4161
"Conservancy","Conservancy_46","Otjimboyo","Donkeys","Grazer","Donkey_Grazer","SSP245_2090",1485.08311119081,4503.10573904719,3018.02262785638,203.222473214741,1485,4503,3018
"Conservancy","Conservancy_47","Tsiseb","Cattle","Grazer","Cattle_Grazer","SSP245_2090",2007.77614214094,19726.3100846648,17718.5339425239,882.495491934187,2008,19726,17719
"Conservancy","Conservancy_47","Tsiseb","Sheep","Grazer-Mixed","Sheep_Grazer_Mixed","SSP245_2090",24416.4156466819,155394.37091064,130977.955263958,536.434000630053,24416,155394,130978
"Conservancy","Conservancy_47","Tsiseb","Goats","Browser-Mixed","Goat_Browser_Mixed","SSP245_2090",45086.6381880524,121975.678555186,76889.0403671333,170.536201981696,45087,121976,76889
"Conservancy","Conservancy_47","Tsiseb","Donkeys","Grazer","Donkey_Grazer","SSP245_2090",17172.7216415158,72999.2060811004,55826.4844395847,325.088157864399,17173,72999,55826
"Conservancy","Conservancy_48","Sorris Sorris","Cattle","Grazer","Cattle_Grazer","SSP245_2090",3371.5734387623,10446.0018944215,7074.42845565916,209.825726301135,3372,10446,7074
"Conservancy","Conservancy_48","Sorris Sorris","Sheep","Grazer-Mixed","Sheep_Grazer_Mixed","SSP245_2090",30536.9479468162,81368.9698149347,50832.0218681185,166.460714923602,30537,81369,50832
"Conservancy","Conservancy_48","Sorris Sorris","Goats","Browser-Mixed","Goat_Browser_Mixed","SSP245_2090",36179.0605119416,61204.0404211491,25024.9799092075,69.1697892512922,36179,61204,25025
"Conservancy","Conservancy_48","Sorris Sorris","Donkeys","Grazer","Donkey_Grazer","SSP245_2090",13986.4469705055,36136.8715248398,22150.4245543343,158.370632663499,13986,36137,22150
"Conservancy","Conservancy_49","Okangundumba","Cattle","Grazer","Cattle_Grazer","SSP245_2090",2465.11549939653,7037.85214600258,4572.73664660605,185.497866032057,2465,7038,4573
"Conservancy","Conservancy_49","Okangundumba","Sheep","Grazer-Mixed","Sheep_Grazer_Mixed","SSP245_2090",30680.1231867751,57782.2184797986,27102.0952930235,88.3376351784209,30680,57782,27102
"Conservancy","Conservancy_49","Okangundumba","Goats","Browser-Mixed","Goat_Browser_Mixed","SSP245_2090",58881.0444998714,52751.7604119703,-6129.28408790109,-10.4096048906104,58881,52752,-6129
"Conservancy","Conservancy_49","Okangundumba","Donkeys","Grazer","Donkey_Grazer","SSP245_2090",10330.007806995,24098.6894537293,13768.6816467343,133.288201751511,10330,24099,13769
"Conservancy","Conservancy_50","Sanitatas","Cattle","Grazer","Cattle_Grazer","SSP245_2090",995.155213831136,6315.30662070826,5320.15140687713,534.605188510813,995,6315,5320
"Conservancy","Conservancy_50","Sanitatas","Sheep","Grazer-Mixed","Sheep_Grazer_Mixed","SSP245_2090",11886.8006675147,49555.3506742442,37668.5500067295,316.893931852273,11887,49555,37669
"Conservancy","Conservancy_50","Sanitatas","Goats","Browser-Mixed","Goat_Browser_Mixed","SSP245_2090",21741.5947125806,38396.4902849642,16654.8955723836,76.6038360688713,21742,38396,16655
"Conservancy","Conservancy_50","Sanitatas","Donkeys","Grazer","Donkey_Grazer","SSP245_2090",5412.16293161415,22016.5914680389,16604.4285364248,306.798386268697,5412,22017,16604
"Conservancy","Conservancy_51","Epupa","Cattle","Grazer","Cattle_Grazer","SSP245_2090",6246.81081339325,18108.1126969462,11861.3018835529,189.877719013391,6247,18108,11861
"Conservancy","Conservancy_51","Epupa","Sheep","Grazer-Mixed","Sheep_Grazer_Mixed","SSP245_2090",77766.3910216549,148773.754318141,71007.3632964864,91.3085490577975,77766,148774,71007
"Conservancy","Conservancy_51","Epupa","Goats","Browser-Mixed","Goat_Browser_Mixed","SSP245_2090",149277.433089795,136118.044842794,-13159.3882470009,-8.81539022652215,149277,136118,-13159
"Conservancy","Conservancy_51","Epupa","Donkeys","Grazer","Donkey_Grazer","SSP245_2090",26327.989322541,62110.2188523889,35782.2295298479,135.909465365866,26328,62110,35782
"Conservancy","Conservancy_52","Ongongo","Cattle","Grazer","Cattle_Grazer","SSP245_2090",815.204627296375,2739.95779635628,1924.75316905991,236.106752171335,815,2740,1925
"Conservancy","Conservancy_52","Ongongo","Sheep","Grazer-Mixed","Sheep_Grazer_Mixed","SSP245_2090",10167.5554105211,22301.7365869039,12134.1811763828,119.342169149398,10168,22302,12134
"Conservancy","Conservancy_52","Ongongo","Goats","Browser-Mixed","Goat_Browser_Mixed","SSP245_2090",19544.2499279874,19779.847274586,235.597346598664,1.20545606747122,19544,19780,236
"Conservancy","Conservancy_52","Ongongo","Donkeys","Grazer","Donkey_Grazer","SSP245_2090",3577.21806103808,9441.99801687576,5864.77995583768,163.948069582758,3577,9442,5865
"Conservancy","Conservancy_53","Otjiu-West","Cattle","Grazer","Cattle_Grazer","SSP245_2090",1909.39805311648,6302.21480494625,4392.81675182977,230.062911432213,1909,6302,4393
"Conservancy","Conservancy_53","Otjiu-West","Sheep","Grazer-Mixed","Sheep_Grazer_Mixed","SSP245_2090",23678.3136717779,51081.1869919981,27402.8733202202,115.729834903241,23678,51081,27403
"Conservancy","Conservancy_53","Otjiu-West","Goats","Browser-Mixed","Goat_Browser_Mixed","SSP245_2090",45255.5546540626,44666.5936563362,-588.960997726448,-1.30141151120236,45256,44667,-589
"Conservancy","Conservancy_53","Otjiu-West","Donkeys","Grazer","Donkey_Grazer","SSP245_2090",8267.18317461289,21624.5046624777,13357.3214878648,161.570406821066,8267,21625,13357
"Conservancy","Conservancy_54","Marienfluss","Cattle","Grazer","Cattle_Grazer","SSP245_2090",747.616026675635,11813.0120811474,11065.3960544718,1480.09080325303,748,11813,11065
"Conservancy","Conservancy_54","Marienfluss","Sheep","Grazer-Mixed","Sheep_Grazer_Mixed","SSP245_2090",9774.54858248308,91255.6952385642,81481.1466560811,833.605214281742,9775,91256,81481
"Conservancy","Conservancy_54","Marienfluss","Goats","Browser-Mixed","Goat_Browser_Mixed","SSP245_2090",19423.7865387858,66212.9038332242,46789.1172944384,240.885664599995,19424,66213,46789
"Conservancy","Conservancy_54","Marienfluss","Donkeys","Grazer","Donkey_Grazer","SSP245_2090",6613.85322649288,41448.3595120166,34834.5062855237,526.690041230251,6614,41448,34835
"Conservancy","Conservancy_55","Puros","Cattle","Grazer","Cattle_Grazer","SSP245_2090",795.375206161014,13911.8311964527,13116.4559902917,1649.09037755905,795,13912,13116
"Conservancy","Conservancy_55","Puros","Sheep","Grazer-Mixed","Sheep_Grazer_Mixed","SSP245_2090",10463.0949213264,107294.581019303,96831.486097977,925.457398848695,10463,107295,96831
"Conservancy","Conservancy_55","Puros","Goats","Browser-Mixed","Goat_Browser_Mixed","SSP245_2090",20878.3794426541,77298.2289085185,56419.8494658644,270.230980430406,20878,77298,56420
"Conservancy","Conservancy_55","Puros","Donkeys","Grazer","Donkey_Grazer","SSP245_2090",7511.38868247064,48826.3215492754,41314.9328668047,550.030555111888,7511,48826,41315
"Conservancy","Conservancy_56","Okondjombo","Cattle","Grazer","Cattle_Grazer","SSP245_2090",1349.486742355,7540.43410301506,6190.94736066006,458.763110918464,1349,7540,6191
"Conservancy","Conservancy_56","Okondjombo","Sheep","Grazer-Mixed","Sheep_Grazer_Mixed","SSP245_2090",16523.7725834863,59549.5211565041,43025.7485730178,260.386956765656,16524,59550,43026
"Conservancy","Conservancy_56","Okondjombo","Goats","Browser-Mixed","Goat_Browser_Mixed","SSP245_2090",31085.3193070843,47333.0593623865,16247.7400553022,52.2682102596237,31085,47333,16248
"Conservancy","Conservancy_56","Okondjombo","Donkeys","Grazer","Donkey_Grazer","SSP245_2090",6916.63895667625,26161.7679343627,19245.1289776864,278.243943311659,6917,26162,19245
"Conservancy","Conservancy_57","Otjikongo","Cattle","Grazer","Cattle_Grazer","SSP245_2090",1004.09328586941,4712.54348248862,3708.45019661921,369.333233157533,1004,4713,3708
"Conservancy","Conservancy_57","Otjikongo","Sheep","Grazer-Mixed","Sheep_Grazer_Mixed","SSP245_2090",11891.3420154138,37410.710343116,25519.3683277023,214.60461144439,11891,37411,25519
"Conservancy","Conservancy_57","Otjikongo","Goats","Browser-Mixed","Goat_Browser_Mixed","SSP245_2090",21585.3363458506,30335.1020708227,8749.76572497215,40.5356932353484,21585,30335,8750
"Conservancy","Conservancy_57","Otjikongo","Donkeys","Grazer","Donkey_Grazer","SSP245_2090",4849.02361507846,16352.8997075755,11503.876092497,237.241082034015,4849,16353,11504
"Conservancy","Conservancy_58","Kunene River","Cattle","Grazer","Cattle_Grazer","SSP245_2090",6088.07933181557,17400.4052906649,11312.3259588494,185.811080018825,6088,17400,11312
"Conservancy","Conservancy_58","Kunene River","Sheep","Grazer-Mixed","Sheep_Grazer_Mixed","SSP245_2090",75715.590814365,142785.71687039,67070.1260560248,88.5816584598322,75716,142786,67070
"Conservancy","Conservancy_58","Kunene River","Goats","Browser-Mixed","Goat_Browser_Mixed","SSP245_2090",145205.188998053,130132.271634631,-15072.9173634222,-10.3804261179841,145205,130132,-15073
"Conservancy","Conservancy_58","Kunene River","Donkeys","Grazer","Donkey_Grazer","SSP245_2090",25508.3019470951,59572.3566989555,34064.0547518604,133.541051938738,25508,59572,34064
"Conservancy","Conservancy_59","Ombazu","Cattle","Grazer","Cattle_Grazer","SSP245_2090",1899.187177437,5415.29510872728,3516.10793129029,185.137514251511,1899,5415,3516
"Conservancy","Conservancy_59","Ombazu","Sheep","Grazer-Mixed","Sheep_Grazer_Mixed","SSP245_2090",23621.8712803872,44473.6918398912,20851.8205595041,88.2733645950267,23622,44474,20852
"Conservancy","Conservancy_59","Ombazu","Goats","Browser-Mixed","Goat_Browser_Mixed","SSP245_2090",45294.9076013134,40629.3873265083,-4665.52027480505,-10.3003196647867,45295,40629,-4666
"Conservancy","Conservancy_59","Ombazu","Donkeys","Grazer","Donkey_Grazer","SSP245_2090",7953.07742973176,18541.378148017,10588.3007182852,133.134636394988,7953,18541,10588
"Conservancy","Conservancy_60","Ombombo","Cattle","Grazer","Cattle_Grazer","SSP245_2090",3431.39249213101,9391.96456473859,5960.57207260758,173.707090817403,3431,9392,5961
"Conservancy","Conservancy_60","Ombombo","Sheep","Grazer-Mixed","Sheep_Grazer_Mixed","SSP245_2090",41710.5977600679,77060.7939330568,35350.1961729889,84.7511137968677,41711,77061,35350
"Conservancy","Conservancy_60","Ombombo","Goats","Browser-Mixed","Goat_Browser_Mixed","SSP245_2090",78108.468030859,70206.3640868084,-7902.10394405058,-10.1168338635558,78108,70206,-7902
"Conservancy","Conservancy_60","Ombombo","Donkeys","Grazer","Donkey_Grazer","SSP245_2090",14203.7331090737,32153.3905404055,17949.6574313318,126.372815466838,14204,32153,17950
"Conservancy","Conservancy_61","Otjikondavirongo","Cattle","Grazer","Cattle_Grazer","SSP245_2090",932.088475967196,4871.57695735849,3939.4884813913,422.651774264608,932,4872,3939
"Conservancy","Conservancy_61","Otjikondavirongo","Sheep","Grazer-Mixed","Sheep_Grazer_Mixed","SSP245_2090",11426.7086255249,38613.4833078014,27186.7746822766,237.923058802313,11427,38613,27187
"Conservancy","Conservancy_61","Otjikondavirongo","Goats","Browser-Mixed","Goat_Browser_Mixed","SSP245_2090",21531.5981914753,31127.0187056755,9595.42051420011,44.5643673491876,21532,31127,9595
"Conservancy","Conservancy_61","Otjikondavirongo","Donkeys","Grazer","Donkey_Grazer","SSP245_2090",4675.34997646953,16903.3180143411,12227.9680378715,261.541234333545,4675,16903,12228
"Conservancy","Conservancy_62","Ombujokanguindi","Cattle","Grazer","Cattle_Grazer","SSP245_2090",2248.50582406718,6764.78804395962,4516.28221989244,200.857038996823,2249,6765,4516
"Conservancy","Conservancy_62","Ombujokanguindi","Sheep","Grazer-Mixed","Sheep_Grazer_Mixed","SSP245_2090",27895.7836093886,55463.2589368961,27567.4753275075,98.8230899462144,27896,55463,27567
"Conservancy","Conservancy_62","Ombujokanguindi","Goats","Browser-Mixed","Goat_Browser_Mixed","SSP245_2090",53353.3539792969,50400.5260720667,-2952.82790723018,-5.53447475556268,53353,50401,-2953
"Conservancy","Conservancy_62","Ombujokanguindi","Donkeys","Grazer","Donkey_Grazer","SSP245_2090",9560.28572705449,23235.2755471797,13674.9898201253,143.039551437533,9560,23235,13675
"Conservancy","Conservancy_63","Otuzemba","Cattle","Grazer","Cattle_Grazer","SSP245_2090",1648.5107208583,4757.69682765469,3109.18610679639,188.605755938159,1649,4758,3109
"Conservancy","Conservancy_63","Otuzemba","Sheep","Grazer-Mixed","Sheep_Grazer_Mixed","SSP245_2090",20357.2782081941,38785.0742223563,18427.7960141623,90.5219048720611,20357,38785,18428
"Conservancy","Conservancy_63","Otuzemba","Goats","Browser-Mixed","Goat_Browser_Mixed","SSP245_2090",38758.1879805281,34590.6431592328,-4167.54482129531,-10.7526823064821,38758,34591,-4168
"Conservancy","Conservancy_63","Otuzemba","Donkeys","Grazer","Donkey_Grazer","SSP245_2090",6879.166054181,16241.0421020183,9361.87604783726,136.09027568316,6879,16241,9362
"Conservancy","Conservancy_64","Etanga","Cattle","Grazer","Cattle_Grazer","SSP245_2090",2032.4270499827,5718.94765593407,3686.52060595137,181.385137832265,2032,5719,3687
"Conservancy","Conservancy_64","Etanga","Sheep","Grazer-Mixed","Sheep_Grazer_Mixed","SSP245_2090",25127.9887818823,46977.5813746123,21849.59259273,86.9532089591028,25128,46978,21850
"Conservancy","Conservancy_64","Etanga","Goats","Browser-Mixed","Goat_Browser_Mixed","SSP245_2090",47899.6585479338,42958.2560933341,-4941.4024545997,-10.3161538190398,47900,42958,-4941
"Conservancy","Conservancy_64","Etanga","Donkeys","Grazer","Donkey_Grazer","SSP245_2090",8486.61899443218,19586.8708851996,11100.2518907675,130.797104218417,8487,19587,11100
"Conservancy","Conservancy_65","Eiseb","Cattle","Grazer","Cattle_Grazer","SSP245_2090",14545.5911706085,48276.1881829508,33730.5970123423,231.895676268558,14546,48276,33731
"Conservancy","Conservancy_65","Eiseb","Sheep","Grazer-Mixed","Sheep_Grazer_Mixed","SSP245_2090",180744.481903712,380661.932911433,199917.451007721,110.607775630032,180744,380662,199917
"Conservancy","Conservancy_65","Eiseb","Goats","Browser-Mixed","Goat_Browser_Mixed","SSP245_2090",346325.904466566,301113.501583797,-45212.4028827687,-13.05487181284,346326,301114,-45212
"Conservancy","Conservancy_65","Eiseb","Donkeys","Grazer","Donkey_Grazer","SSP245_2090",60901.2460621663,162465.339494473,101564.093432307,166.768498182505,60901,162465,101564
"Conservancy","Conservancy_66","Otjambangu","Cattle","Grazer","Cattle_Grazer","SSP245_2090",746.4605605982,2118.00290631631,1371.54234571811,183.739425512177,746,2118,1372
"Conservancy","Conservancy_66","Otjambangu","Sheep","Grazer-Mixed","Sheep_Grazer_Mixed","SSP245_2090",9290.64859772853,17425.9738709581,8135.32527322952,87.5646644865949,9291,17426,8135
"Conservancy","Conservancy_66","Otjambangu","Goats","Browser-Mixed","Goat_Browser_Mixed","SSP245_2090",17831.1227925668,16017.3172207622,-1813.80557180462,-10.1721332577034,17831,16017,-1814
"Conservancy","Conservancy_66","Otjambangu","Donkeys","Grazer","Donkey_Grazer","SSP245_2090",3131.08990979197,7261.46081597998,4130.37090618802,131.914797249065,3131,7261,4130
"Conservancy","Conservancy_67","Sikunga","Cattle","Grazer","Cattle_Grazer","SSP245_2090",1199.59763376687,1206.95625066232,7.35861689545322,0.613423758793718,1200,1207,7
"Conservancy","Conservancy_67","Sikunga","Sheep","Grazer-Mixed","Sheep_Grazer_Mixed","SSP245_2090",12179.5145061494,12126.4456571411,-53.0688490083066,-0.435722203717664,12180,12126,-53
"Conservancy","Conservancy_67","Sikunga","Goats","Browser-Mixed","Goat_Browser_Mixed","SSP245_2090",12563.2403766992,12373.3541093418,-189.886267357386,-1.51144339886678,12563,12373,-190
"Conservancy","Conservancy_67","Sikunga","Donkeys","Grazer","Donkey_Grazer","SSP245_2090",4424.60380601595,4418.32208757059,-6.28171844535518,-0.141972450433058,4425,4418,-6
"Conservancy","Conservancy_68","Okongo","Cattle","Grazer","Cattle_Grazer","SSP245_2090",2874.8540951169,5214.49425105344,2339.64015593654,81.3829181769799,2875,5214,2340
"Conservancy","Conservancy_68","Okongo","Sheep","Grazer-Mixed","Sheep_Grazer_Mixed","SSP245_2090",35869.3519498655,48627.3068772298,12757.9549273643,35.5678433923091,35869,48627,12758
"Conservancy","Conservancy_68","Okongo","Goats","Browser-Mixed","Goat_Browser_Mixed","SSP245_2090",69823.9568952649,64633.6115865953,-5190.3453086696,-7.43347346592667,69824,64634,-5190
"Conservancy","Conservancy_68","Okongo","Donkeys","Grazer","Donkey_Grazer","SSP245_2090",12006.7704208434,18729.3065324011,6722.53611155765,55.9895448645167,12007,18729,6723
"Conservancy","Conservancy_69","Okatjandja Kozomenje","Cattle","Grazer","Cattle_Grazer","SSP245_2090",1436.9024057286,4056.43636586143,2619.53396013283,182.304236508294,1437,4056,2620
"Conservancy","Conservancy_69","Okatjandja Kozomenje","Sheep","Grazer-Mixed","Sheep_Grazer_Mixed","SSP245_2090",17828.6155084243,33354.2983757122,15525.6828672879,87.0829418019128,17829,33354,15526
"Conservancy","Conservancy_69","Okatjandja Kozomenje","Goats","Browser-Mixed","Goat_Browser_Mixed","SSP245_2090",34109.9157885522,30598.699407553,-3511.21638099923,-10.2938289345694,34110,30599,-3511
"Conservancy","Conservancy_69","Okatjandja Kozomenje","Donkeys","Grazer","Donkey_Grazer","SSP245_2090",6011.41555843693,13898.9306172033,7887.51505876639,131.208947078969,6011,13899,7888
"Conservancy","Conservancy_70","Otjombande","Cattle","Grazer","Cattle_Grazer","SSP245_2090",718.269602259848,2047.97087771941,1329.70127545957,185.125650769016,718,2048,1330
"Conservancy","Conservancy_70","Otjombande","Sheep","Grazer-Mixed","Sheep_Grazer_Mixed","SSP245_2090",8939.3782498397,16820.3680080205,7880.98975818075,88.1603791440648,8939,16820,7881
"Conservancy","Conservancy_70","Otjombande","Goats","Browser-Mixed","Goat_Browser_Mixed","SSP245_2090",17156.3824996924,15374.0544324538,-1782.32806723852,-10.3887172442703,17156,15374,-1782
"Conservancy","Conservancy_70","Otjombande","Donkeys","Grazer","Donkey_Grazer","SSP245_2090",3009.8916666127,7013.67210751082,4003.78044089812,133.020749062505,3010,7014,4004
"Conservancy","Conservancy_71","Sobbe","Cattle","Grazer","Cattle_Grazer","SSP245_2090",1008.69400632479,1282.96676188406,274.27275555927,27.1908778915611,1009,1283,274
"Conservancy","Conservancy_71","Sobbe","Sheep","Grazer-Mixed","Sheep_Grazer_Mixed","SSP245_2090",11067.7712416948,12693.3549855049,1625.5837438101,14.6875437548452,11068,12693,1626
"Conservancy","Conservancy_71","Sobbe","Goats","Browser-Mixed","Goat_Browser_Mixed","SSP245_2090",19175.8620243994,18808.2275493981,-367.634475001298,-1.91717313429519,19176,18808,-368
"Conservancy","Conservancy_71","Sobbe","Donkeys","Grazer","Donkey_Grazer","SSP245_2090",3911.02236798355,4736.86792776907,825.845559785528,21.1158485450268,3911,4737,826
"Conservancy","Conservancy_72","Balyerwa","Cattle","Grazer","Cattle_Grazer","SSP245_2090",832.883032300976,943.143235679413,110.260203378438,13.238377911701,833,943,110
"Conservancy","Conservancy_72","Balyerwa","Sheep","Grazer-Mixed","Sheep_Grazer_Mixed","SSP245_2090",8382.83953851632,9036.33935053994,653.49981202362,7.79568556717575,8383,9036,653
"Conservancy","Conservancy_72","Balyerwa","Goats","Browser-Mixed","Goat_Browser_Mixed","SSP245_2090",10650.4878008838,10502.6953163553,-147.792484528447,-1.38765930060202,10650,10503,-148
"Conservancy","Conservancy_72","Balyerwa","Donkeys","Grazer","Donkey_Grazer","SSP245_2090",3090.67665450944,3422.67426468204,331.997610172602,10.7419069441704,3091,3423,332
"Conservancy","Conservancy_73","Wuparo","Cattle","Grazer","Cattle_Grazer","SSP245_2090",876.915514255209,971.786298680229,94.8707844250205,10.8186915253287,877,972,95
"Conservancy","Conservancy_73","Wuparo","Sheep","Grazer-Mixed","Sheep_Grazer_Mixed","SSP245_2090",7977.71329641641,8540.00175488672,562.288458470306,7.04824098808973,7978,8540,562
"Conservancy","Conservancy_73","Wuparo","Goats","Browser-Mixed","Goat_Browser_Mixed","SSP245_2090",9122.88128526207,8995.71673713211,-127.16454812996,-1.39390773762883,9123,8996,-127
"Conservancy","Conservancy_73","Wuparo","Donkeys","Grazer","Donkey_Grazer","SSP245_2090",3134.59108844041,3420.2505806164,285.659492176,9.1131341893187,3135,3420,286
"Conservancy","Conservancy_74","Dzoti","Cattle","Grazer","Cattle_Grazer","SSP245_2090",1124.27045701968,1323.9415104403,199.671053420629,17.7600551694595,1124,1324,200
"Conservancy","Conservancy_74","Dzoti","Sheep","Grazer-Mixed","Sheep_Grazer_Mixed","SSP245_2090",10956.965311858,12140.3931659595,1183.42785410149,10.8006899759073,10957,12140,1183
"Conservancy","Conservancy_74","Dzoti","Goats","Browser-Mixed","Goat_Browser_Mixed","SSP245_2090",14113.3992549876,13845.7607039125,-267.638551075066,-1.89634365357081,14113,13846,-268
"Conservancy","Conservancy_74","Dzoti","Donkeys","Grazer","Donkey_Grazer","SSP245_2090",4142.66123644247,4743.87827146618,601.217035023703,14.5128216069147,4143,4744,601
"Conservancy","Conservancy_75","Huibes","Cattle","Grazer","Cattle_Grazer","SSP245_2090",6026.70890876367,7642.28594212788,1615.5770333642,26.806953145106,6027,7642,1616
"Conservancy","Conservancy_75","Huibes","Sheep","Grazer-Mixed","Sheep_Grazer_Mixed","SSP245_2090",54569.6576447086,64164.2357504094,9594.57810570076,17.5822581995456,54570,64164,9595
"Conservancy","Conservancy_75","Huibes","Goats","Browser-Mixed","Goat_Browser_Mixed","SSP245_2090",64865.7184822152,62774.7594232246,-2090.95905899064,-3.22351946130673,64866,62775,-2091
"Conservancy","Conservancy_75","Huibes","Donkeys","Grazer","Donkey_Grazer","SSP245_2090",21566.1305228746,26432.5280465474,4866.39752367281,22.5650007937732,21566,26433,4866
"Conservancy","Conservancy_76","Kabulabula","Cattle","Grazer","Cattle_Grazer","SSP245_2090",403.818174380908,397.71738137154,-6.10079300936798,-1.51077722510164,404,398,-6
"Conservancy","Conservancy_76","Kabulabula","Sheep","Grazer-Mixed","Sheep_Grazer_Mixed","SSP245_2090",4035.47999506848,3993.98929756738,-41.4906975011013,-1.02814776809214,4035,3994,-41
"Conservancy","Conservancy_76","Kabulabula","Goats","Browser-Mixed","Goat_Browser_Mixed","SSP245_2090",3811.46109189337,3809.71042955155,-1.75066234181895,-0.0459315286083453,3811,3810,-2
"Conservancy","Conservancy_76","Kabulabula","Donkeys","Grazer","Donkey_Grazer","SSP245_2090",1475.64474021041,1455.70664131748,-19.9380988929345,-1.35114491649877,1476,1456,-20
"Conservancy","Conservancy_77","Okongoro","Cattle","Grazer","Cattle_Grazer","SSP245_2090",2245.31833002289,6062.715369784,3817.3970397611,170.015849811469,2245,6063,3817
"Conservancy","Conservancy_77","Okongoro","Sheep","Grazer-Mixed","Sheep_Grazer_Mixed","SSP245_2090",27105.6293157863,49730.9117972737,22625.2824814874,83.4707883661288,27106,49731,22625
"Conservancy","Conservancy_77","Okongoro","Goats","Browser-Mixed","Goat_Browser_Mixed","SSP245_2090",50384.4776625255,45267.6487827397,-5116.82887978575,-10.155565994071,50384,45268,-5117
"Conservancy","Conservancy_77","Okongoro","Donkeys","Grazer","Donkey_Grazer","SSP245_2090",9257.16140235566,20751.4871468019,11494.3257444462,124.166850342712,9257,20751,11494
"Conservancy","Conservancy_78","Lusese","Cattle","Grazer","Cattle_Grazer","SSP245_2090",784.993900565171,828.73076021189,43.7368596467182,5.57161776865133,785,829,44
"Conservancy","Conservancy_78","Lusese","Sheep","Grazer-Mixed","Sheep_Grazer_Mixed","SSP245_2090",8176.78036782706,8360.93480595415,184.154438127085,2.25216319679653,8177,8361,184
"Conservancy","Conservancy_78","Lusese","Goats","Browser-Mixed","Goat_Browser_Mixed","SSP245_2090",9228.56377366066,9030.16059174702,-198.40318191364,-2.14988146346135,9229,9030,-198
"Conservancy","Conservancy_78","Lusese","Donkeys","Grazer","Donkey_Grazer","SSP245_2090",2927.00650936156,3036.61858227259,109.612072911033,3.74485237940047,2927,3037,110
"Conservancy","Conservancy_79","Nakabolelwa","Cattle","Grazer","Cattle_Grazer","SSP245_2090",507.789023013491,505.583608263829,-2.20541474966166,-0.434317137572913,508,506,-2
"Conservancy","Conservancy_79","Nakabolelwa","Sheep","Grazer-Mixed","Sheep_Grazer_Mixed","SSP245_2090",5099.94992386458,5077.21948222492,-22.7304416396682,-0.445699310365852,5100,5077,-23
"Conservancy","Conservancy_79","Nakabolelwa","Goats","Browser-Mixed","Goat_Browser_Mixed","SSP245_2090",4907.19814398654,4892.16886160184,-15.0292823846967,-0.306270135089493,4907,4892,-15
"Conservancy","Conservancy_79","Nakabolelwa","Donkeys","Grazer","Donkey_Grazer","SSP245_2090",1860.4807322208,1850.99893089014,-9.48180133066876,-0.509642543803751,1860,1851,-9
"Conservancy","Conservancy_80","Ohungu","Cattle","Grazer","Cattle_Grazer","SSP245_2090",4528.89161485275,6433.099440819,1904.20782596626,42.0457804669315,4529,6433,1904
"Conservancy","Conservancy_80","Ohungu","Sheep","Grazer-Mixed","Sheep_Grazer_Mixed","SSP245_2090",39642.2050334357,52093.5553491696,12451.3503157339,31.4093282783639,39642,52094,12451
"Conservancy","Conservancy_80","Ohungu","Goats","Browser-Mixed","Goat_Browser_Mixed","SSP245_2090",43434.0066539668,45398.5069681299,1964.5003141631,4.5229543979537,43434,45399,1965
"Conservancy","Conservancy_80","Ohungu","Donkeys","Grazer","Donkey_Grazer","SSP245_2090",16329.0405248187,22173.8196124295,5844.77908761081,35.7937692586852,16329,22174,5845
"Conservancy","Conservancy_81","Maurus Nekaro","Cattle","Grazer","Cattle_Grazer","SSP245_2090",2691.86639466836,3624.20643115283,932.340036484472,34.6354498994122,2692,3624,932
"Conservancy","Conservancy_81","Maurus Nekaro","Sheep","Grazer-Mixed","Sheep_Grazer_Mixed","SSP245_2090",31688.0413576273,36188.5588772095,4500.51751958216,14.2025739893163,31688,36189,4501
"Conservancy","Conservancy_81","Maurus Nekaro","Goats","Browser-Mixed","Goat_Browser_Mixed","SSP245_2090",57342.6922240192,54363.797634666,-2978.89458935312,-5.19489837992878,57343,54364,-2979
"Conservancy","Conservancy_81","Maurus Nekaro","Donkeys","Grazer","Donkey_Grazer","SSP245_2090",10720.8548252369,13305.6953787082,2584.84055347126,24.1103960048646,10721,13306,2585
"Conservancy","Conservancy_82","Kapinga kaMwalye","Cattle","Grazer","Cattle_Grazer","SSP245_2090",2856.06879001561,4100.21479741455,1244.14600739894,43.561486045024,2856,4100,1244
"Conservancy","Conservancy_82","Kapinga kaMwalye","Sheep","Grazer-Mixed","Sheep_Grazer_Mixed","SSP245_2090",35155.3880037628,42534.5194186831,7379.13141492033,20.9900440129704,35155,42535,7379
"Conservancy","Conservancy_82","Kapinga kaMwalye","Goats","Browser-Mixed","Goat_Browser_Mixed","SSP245_2090",66829.7232686015,65220.2177820094,-1609.50548659212,-2.40836772602395,66830,65220,-1610
"Conservancy","Conservancy_82","Kapinga kaMwalye","Donkeys","Grazer","Donkey_Grazer","SSP245_2090",11812.1424741236,15578.3446458858,3766.20217176222,31.8841580180116,11812,15578,3766
"Conservancy","Conservancy_83","Otjindjerese","Cattle","Grazer","Cattle_Grazer","SSP245_2090",1653.22007125405,4666.44169705821,3013.22162580416,182.263794046397,1653,4666,3013
"Conservancy","Conservancy_83","Otjindjerese","Sheep","Grazer-Mixed","Sheep_Grazer_Mixed","SSP245_2090",20202.2914992576,38093.4556832426,17891.164183985,88.5600734186145,20202,38093,17891
"Conservancy","Conservancy_83","Otjindjerese","Goats","Browser-Mixed","Goat_Browser_Mixed","SSP245_2090",38016.6879980624,34102.3465248141,-3914.34147324829,-10.2963768791427,38017,34102,-3914
"Conservancy","Conservancy_83","Otjindjerese","Donkeys","Grazer","Donkey_Grazer","SSP245_2090",6852.74541869424,15928.7339173601,9075.98849866587,132.443100452946,6853,15929,9076
"Conservancy","Conservancy_84","Nyae Nyae","Cattle","Grazer","Cattle_Grazer","SSP245_2090",23082.4181579595,66357.0133335851,43274.5951756256,187.478603322604,23082,66357,43275
"Conservancy","Conservancy_84","Nyae Nyae","Sheep","Grazer-Mixed","Sheep_Grazer_Mixed","SSP245_2090",265895.242585338,522378.896216979,256483.653631641,96.4604146873085,265895,522379,256484
"Conservancy","Conservancy_84","Nyae Nyae","Goats","Browser-Mixed","Goat_Browser_Mixed","SSP245_2090",468739.220685492,410734.067946772,-58005.1527387194,-12.3747171516588,468739,410734,-58005
"Conservancy","Conservancy_84","Nyae Nyae","Donkeys","Grazer","Donkey_Grazer","SSP245_2090",92812.4767135556,223113.906778795,130301.430065239,140.392148425674,92812,223114,130301
"Conservancy","Conservancy_85","Ekango Lyomongwa","Cattle","Grazer","Cattle_Grazer","SSP245_2090",7846.26494708313,9523.12595439621,1676.86100731308,21.3714553181951,7846,9523,1677
"Conservancy","Conservancy_85","Ekango Lyomongwa","Sheep","Grazer-Mixed","Sheep_Grazer_Mixed","SSP245_2090",65338.2062240895,75453.9586189954,10115.7523949059,15.4821397456368,65338,75454,10116
"Conservancy","Conservancy_85","Ekango Lyomongwa","Goats","Browser-Mixed","Goat_Browser_Mixed","SSP245_2090",62363.5639724187,60802.6914272147,-1560.87254520397,-2.50285975621004,62364,60803,-1561
"Conservancy","Conservancy_85","Ekango Lyomongwa","Donkeys","Grazer","Donkey_Grazer","SSP245_2090",27072.4515208659,32138.4412959874,5065.98977512152,18.7127115962031,27072,32138,5066
"Conservancy","Conservancy_86","#Khoadi-//Hôas","Cattle","Grazer","Cattle_Grazer","SSP245_2090",13476.3112351751,21799.4636870652,8323.15245189008,61.7613552154055,13476,21799,8323
"Conservancy","Conservancy_86","#Khoadi-//Hôas","Sheep","Grazer-Mixed","Sheep_Grazer_Mixed","SSP245_2090",120925.125034622,173183.658985068,52258.5339504455,43.2156129137624,120925,173184,52259
"Conservancy","Conservancy_86","#Khoadi-//Hôas","Goats","Browser-Mixed","Goat_Browser_Mixed","SSP245_2090",140753.63265258,140954.20003911,200.567386530311,0.142495353583782,140754,140954,201
"Conservancy","Conservancy_86","#Khoadi-//Hôas","Donkeys","Grazer","Donkey_Grazer","SSP245_2090",48612.785617083,73952.6625631811,25339.8769460981,52.1259512789438,48613,73953,25340
"Conservancy","Conservancy_87","Joseph Mbambangandu","Cattle","Grazer","Cattle_Grazer","SSP245_2090",130.002369849578,162.762647963016,32.7602781134381,25.1997545516625,130,163,33
"Conservancy","Conservancy_87","Joseph Mbambangandu","Sheep","Grazer-Mixed","Sheep_Grazer_Mixed","SSP245_2090",1337.92634759326,1533.21712976394,195.290782170688,14.5965271198963,1338,1533,195
"Conservancy","Conservancy_87","Joseph Mbambangandu","Goats","Browser-Mixed","Goat_Browser_Mixed","SSP245_2090",2086.87271125919,2055.48885822593,-31.3838530332641,-1.50387001870984,2087,2055,-31
"Conservancy","Conservancy_87","Joseph Mbambangandu","Donkeys","Grazer","Donkey_Grazer","SSP245_2090",468.910433386578,571.868963840928,102.958530454349,21.9569715501443,469,572,103
"Conservancy","Conservancy_88","Impalila","Cattle","Grazer","Cattle_Grazer","SSP245_2090",257.644818776365,257.736658538607,0.0918397622413067,0.0356458797337676,258,258,0
"Conservancy","Conservancy_88","Impalila","Sheep","Grazer-Mixed","Sheep_Grazer_Mixed","SSP245_2090",2663.38418727803,2648.10255019672,-15.2816370813143,-0.573767658241303,2663,2648,-15
"Conservancy","Conservancy_88","Impalila","Goats","Browser-Mixed","Goat_Browser_Mixed","SSP245_2090",3070.88515983574,3041.29413471517,-29.5910251205637,-0.963599209361073,3071,3041,-30
"Conservancy","Conservancy_88","Impalila","Donkeys","Grazer","Donkey_Grazer","SSP245_2090",948.627640913282,944.249029641745,-4.37861127153712,-0.461573233025517,949,944,-4
"Conservancy","Conservancy_89","Kasika","Cattle","Grazer","Cattle_Grazer","SSP245_2090",652.438474481265,650.370068889316,-2.06840559194836,-0.317026918682699,652,650,-2
"Conservancy","Conservancy_89","Kasika","Sheep","Grazer-Mixed","Sheep_Grazer_Mixed","SSP245_2090",6570.93661528884,6556.86965865004,-14.0669566388069,-0.214078410162667,6571,6557,-14
"Conservancy","Conservancy_89","Kasika","Goats","Browser-Mixed","Goat_Browser_Mixed","SSP245_2090",6253.56178334231,6252.9682408681,-0.593542474211063,-0.00949127065142442,6254,6253,-1
"Conservancy","Conservancy_89","Kasika","Donkeys","Grazer","Donkey_Grazer","SSP245_2090",2391.45004188379,2384.69025259416,-6.75978928962832,-0.282664875754775,2391,2385,-7
"Conservancy","Conservancy_90","!Gawachab","Cattle","Grazer","Cattle_Grazer","SSP245_2090",28.0573168439487,318.703817417681,290.646500573732,1035.90269230045,28,319,291
"Conservancy","Conservancy_90","!Gawachab","Sheep","Grazer-Mixed","Sheep_Grazer_Mixed","SSP245_2090",368.720025917596,2517.57144243561,2148.85141651802,582.786739388615,369,2518,2149
"Conservancy","Conservancy_90","!Gawachab","Goats","Browser-Mixed","Goat_Browser_Mixed","SSP245_2090",735.257976605156,1997.74906758834,1262.49109098319,171.707228095964,735,1998,1262
"Conservancy","Conservancy_90","!Gawachab","Donkeys","Grazer","Donkey_Grazer","SSP245_2090",262.215568973965,1178.01221528301,915.796646309048,349.253345212304,262,1178,916
"Conservancy","Conservancy_1","Okanguati","Cattle","Grazer","Cattle_Grazer","SSP585_2050",2694.69939550122,7371.20674786291,4676.50735236169,173.544676640707,2695,7371,4677
"Conservancy","Conservancy_1","Okanguati","Sheep","Grazer-Mixed","Sheep_Grazer_Mixed","SSP585_2050",32872.1299339034,60592.5122374835,27720.3823035801,84.3279165643298,32872,60593,27720
"Conservancy","Conservancy_1","Okanguati","Goats","Browser-Mixed","Goat_Browser_Mixed","SSP585_2050",61790.0739958826,55534.292112841,-6255.78188304159,-10.1242505122399,61790,55534,-6256
"Conservancy","Conservancy_1","Okanguati","Donkeys","Grazer","Donkey_Grazer","SSP585_2050",11173.0674787578,25254.5165429204,14081.4490641626,126.030287483131,11173,25255,14081
"Conservancy","Conservancy_2","Iipumbu ya Tshilongo","Cattle","Grazer","Cattle_Grazer","SSP585_2050",10389.1779312482,11786.165705391,1396.98777414273,13.4465670276078,10389,11786,1397
"Conservancy","Conservancy_2","Iipumbu ya Tshilongo","Sheep","Grazer-Mixed","Sheep_Grazer_Mixed","SSP585_2050",83402.7314671668,91851.6258019549,8448.89433478811,10.1302369672559,83403,91852,8449
"Conservancy","Conservancy_2","Iipumbu ya Tshilongo","Goats","Browser-Mixed","Goat_Browser_Mixed","SSP585_2050",70536.4982428899,69319.4447412677,-1217.05350162223,-1.72542376208037,70536,69319,-1217
"Conservancy","Conservancy_2","Iipumbu ya Tshilongo","Donkeys","Grazer","Donkey_Grazer","SSP585_2050",35277.8918898059,39500.4021741906,4222.51028438467,11.9692817744725,35278,39500,4223
"Conservancy","Conservancy_3","Otjitanda","Cattle","Grazer","Cattle_Grazer","SSP585_2050",2578.86718212744,7300.55281483116,4721.68563270372,183.091462229108,2579,7301,4722
"Conservancy","Conservancy_3","Otjitanda","Sheep","Grazer-Mixed","Sheep_Grazer_Mixed","SSP585_2050",30782.458701707,59618.9378537185,28836.4791520116,93.6782842184484,30782,59619,28836
"Conservancy","Conservancy_3","Otjitanda","Goats","Browser-Mixed","Goat_Browser_Mixed","SSP585_2050",56502.4653304024,53474.3246595546,-3028.14067084785,-5.35930716144962,56502,53474,-3028
"Conservancy","Conservancy_3","Otjitanda","Donkeys","Grazer","Donkey_Grazer","SSP585_2050",10746.4825004668,25044.8709213548,14298.3884208881,133.051800161281,10746,25045,14298
"Conservancy","Conservancy_4","Orupupa","Cattle","Grazer","Cattle_Grazer","SSP585_2050",2834.3230301015,5698.64563337815,2864.32260327665,101.058438747332,2834,5699,2864
"Conservancy","Conservancy_4","Orupupa","Sheep","Grazer-Mixed","Sheep_Grazer_Mixed","SSP585_2050",34196.208990797,51277.5723394917,17081.3633486947,49.9510438519418,34196,51278,17081
"Conservancy","Conservancy_4","Orupupa","Goats","Browser-Mixed","Goat_Browser_Mixed","SSP585_2050",63521.6695167782,60088.7298680026,-3432.93964877568,-5.40435992141064,63522,60089,-3433
"Conservancy","Conservancy_4","Orupupa","Donkeys","Grazer","Donkey_Grazer","SSP585_2050",11720.3835015476,20354.9655649158,8634.58206336815,73.6714977136028,11720,20355,8635
"Conservancy","Conservancy_5","Omuramba ua Mbinda","Cattle","Grazer","Cattle_Grazer","SSP585_2050",7048.84279973336,23280.6556278375,16231.8128281041,230.276277812837,7049,23281,16232
"Conservancy","Conservancy_5","Omuramba ua Mbinda","Sheep","Grazer-Mixed","Sheep_Grazer_Mixed","SSP585_2050",87727.8835303957,183932.010739933,96204.127209537,109.6619721553,87728,183932,96204
"Conservancy","Conservancy_5","Omuramba ua Mbinda","Goats","Browser-Mixed","Goat_Browser_Mixed","SSP585_2050",168366.645159345,146609.566242734,-21757.0789166111,-12.9224401282213,168367,146610,-21757
"Conservancy","Conservancy_5","Omuramba ua Mbinda","Donkeys","Grazer","Donkey_Grazer","SSP585_2050",29538.0079226922,78412.6054889925,48874.5975663003,165.463418163529,29538,78413,48875
"Conservancy","Conservancy_6","Otjombinde","Cattle","Grazer","Cattle_Grazer","SSP585_2050",12939.6410449383,42663.6926488104,29724.0516038721,229.713107965227,12940,42664,29724
"Conservancy","Conservancy_6","Otjombinde","Sheep","Grazer-Mixed","Sheep_Grazer_Mixed","SSP585_2050",160779.590386555,336950.697826299,176171.107439744,109.573054027681,160780,336951,176171
"Conservancy","Conservancy_6","Otjombinde","Goats","Browser-Mixed","Goat_Browser_Mixed","SSP585_2050",308052.952604181,268210.91257356,-39842.0400306205,-12.933503702467,308053,268211,-39842
"Conservancy","Conservancy_6","Otjombinde","Donkeys","Grazer","Donkey_Grazer","SSP585_2050",54175.5858803469,143675.820731741,89500.234851394,165.2039999144,54176,143676,89500
"Conservancy","Conservancy_7","Bamunu","Cattle","Grazer","Cattle_Grazer","SSP585_2050",2094.9305890279,2384.0555622439,289.124973216004,13.8011719686696,2095,2384,289
"Conservancy","Conservancy_7","Bamunu","Sheep","Grazer-Mixed","Sheep_Grazer_Mixed","SSP585_2050",21045.3429612293,22685.900738708,1640.55777747869,7.79534826541434,21045,22686,1641
"Conservancy","Conservancy_7","Bamunu","Goats","Browser-Mixed","Goat_Browser_Mixed","SSP585_2050",26892.8594712776,26369.2917882258,-523.567683051795,-1.94686505394111,26893,26369,-524
"Conservancy","Conservancy_7","Bamunu","Donkeys","Grazer","Donkey_Grazer","SSP585_2050",7773.67209949071,8622.74987691688,849.077777426173,10.9224799626138,7774,8623,849
"Conservancy","Conservancy_8","Mashi","Cattle","Grazer","Cattle_Grazer","SSP585_2050",1032.94962415989,1276.30080853695,243.35118437706,23.5588627639979,1033,1276,243
"Conservancy","Conservancy_8","Mashi","Sheep","Grazer-Mixed","Sheep_Grazer_Mixed","SSP585_2050",11645.666606298,13058.1716017565,1412.50499545853,12.1290179704668,11646,13058,1413
"Conservancy","Conservancy_8","Mashi","Goats","Browser-Mixed","Goat_Browser_Mixed","SSP585_2050",21100.463523607,20718.7699072258,-381.693616381235,-1.80893474664288,21100,20719,-382
"Conservancy","Conservancy_8","Mashi","Donkeys","Grazer","Donkey_Grazer","SSP585_2050",4007.20598797469,4731.17701945429,723.971031479596,18.066728629678,4007,4731,724
"Conservancy","Conservancy_9","Ovitoto","Cattle","Grazer","Cattle_Grazer","SSP585_2050",1374.8317743615,4501.35436995766,3126.52259559616,227.411284340456,1375,4501,3127
"Conservancy","Conservancy_9","Ovitoto","Sheep","Grazer-Mixed","Sheep_Grazer_Mixed","SSP585_2050",17110.7634546248,35641.3108861132,18530.5474314883,108.297607413185,17111,35641,18531
"Conservancy","Conservancy_9","Ovitoto","Goats","Browser-Mixed","Goat_Browser_Mixed","SSP585_2050",32838.8389533204,28648.0563483623,-4190.78260495803,-12.7616649629883,32839,28648,-4191
"Conservancy","Conservancy_9","Ovitoto","Donkeys","Grazer","Donkey_Grazer","SSP585_2050",5761.199816372,15175.2766825821,9414.07686621007,163.404797026089,5761,15175,9414
"Conservancy","Conservancy_10","Salambala","Cattle","Grazer","Cattle_Grazer","SSP585_2050",3159.95854763428,3250.58593383735,90.6273862030675,2.86799288145461,3160,3251,91
"Conservancy","Conservancy_10","Salambala","Sheep","Grazer-Mixed","Sheep_Grazer_Mixed","SSP585_2050",33202.7563339072,32463.2312130845,-739.525120822611,-2.22730038851442,33203,32463,-740
"Conservancy","Conservancy_10","Salambala","Goats","Browser-Mixed","Goat_Browser_Mixed","SSP585_2050",45321.5702936367,42822.9475632957,-2498.62273034101,-5.51309831974606,45322,42823,-2499
"Conservancy","Conservancy_10","Salambala","Donkeys","Grazer","Donkey_Grazer","SSP585_2050",11957.806269424,11855.1631974533,-102.643071970726,-0.858377110801528,11958,11855,-103
"Conservancy","Conservancy_11","Doro !nawas Area2","Cattle","Grazer","Cattle_Grazer","SSP585_2050",1576.34579014795,5990.90697783132,4414.56118768336,280.05030465232,1576,5991,4415
"Conservancy","Conservancy_11","Doro !nawas Area2","Sheep","Grazer-Mixed","Sheep_Grazer_Mixed","SSP585_2050",15219.4055449379,46767.9520589931,31548.5465140552,207.291581927447,15219,46768,31549
"Conservancy","Conservancy_11","Doro !nawas Area2","Goats","Browser-Mixed","Goat_Browser_Mixed","SSP585_2050",20542.0182674678,35493.3449990537,14951.3267315859,72.7841175921072,20542,35493,14951
"Conservancy","Conservancy_11","Doro !nawas Area2","Donkeys","Grazer","Donkey_Grazer","SSP585_2050",6966.21635239224,20772.0958710625,13805.8795186702,198.183329662582,6966,20772,13806
"Conservancy","Conservancy_12","Doro !nawas/Uibasen Twyfelfontein/Sorris Sorri JMA","Cattle","Grazer","Cattle_Grazer","SSP585_2050",35.5972387449931,564.323189132596,528.725950387603,1485.30045876654,36,564,529
"Conservancy","Conservancy_12","Doro !nawas/Uibasen Twyfelfontein/Sorris Sorri JMA","Sheep","Grazer-Mixed","Sheep_Grazer_Mixed","SSP585_2050",459.307726640148,4365.81190537748,3906.50417873734,850.520022232927,459,4366,3907
"Conservancy","Conservancy_12","Doro !nawas/Uibasen Twyfelfontein/Sorris Sorri JMA","Goats","Browser-Mixed","Goat_Browser_Mixed","SSP585_2050",899.793486560473,3186.54650570003,2286.75301913956,254.141984054679,900,3187,2287
"Conservancy","Conservancy_12","Doro !nawas/Uibasen Twyfelfontein/Sorris Sorri JMA","Donkeys","Grazer","Donkey_Grazer","SSP585_2050",333.323016269882,1999.03965523625,1665.71663896637,499.730458942472,333,1999,1666
"Conservancy","Conservancy_13","Kwandu","Cattle","Grazer","Cattle_Grazer","SSP585_2050",641.666157775208,614.976151180251,-26.6900065949577,-4.15948484606039,642,615,-27
"Conservancy","Conservancy_13","Kwandu","Sheep","Grazer-Mixed","Sheep_Grazer_Mixed","SSP585_2050",6481.80185489602,6031.83005613044,-449.971798765585,-6.94207889779443,6482,6032,-450
"Conservancy","Conservancy_13","Kwandu","Goats","Browser-Mixed","Goat_Browser_Mixed","SSP585_2050",9207.7164325759,8700.19174632783,-507.524686248065,-5.51194956930362,9208,8700,-508
"Conservancy","Conservancy_13","Kwandu","Donkeys","Grazer","Donkey_Grazer","SSP585_2050",2385.94442867993,2219.75295478444,-166.191473895495,-6.9654377485834,2386,2220,-166
"Conservancy","Conservancy_14","Orupembe","Cattle","Grazer","Cattle_Grazer","SSP585_2050",1858.42919090804,15789.2956519736,13930.8664610656,749.604371757576,1858,15789,13931
"Conservancy","Conservancy_14","Orupembe","Sheep","Grazer-Mixed","Sheep_Grazer_Mixed","SSP585_2050",23323.0979146,123314.619194449,99991.5212798486,428.723155242832,23323,123315,99992
"Conservancy","Conservancy_14","Orupembe","Goats","Browser-Mixed","Goat_Browser_Mixed","SSP585_2050",44867.2602024639,93734.4962531314,48867.2360506675,108.915132838853,44867,93734,48867
"Conservancy","Conservancy_14","Orupembe","Donkeys","Grazer","Donkey_Grazer","SSP585_2050",11485.8691827986,55094.0506317648,43608.1814489663,379.668101342078,11486,55094,43608
"Conservancy","Conservancy_15","Mayuni","Cattle","Grazer","Cattle_Grazer","SSP585_2050",408.439780626153,518.564974567989,110.125193941836,26.9624064955205,408,519,110
"Conservancy","Conservancy_15","Mayuni","Sheep","Grazer-Mixed","Sheep_Grazer_Mixed","SSP585_2050",4561.24205723003,5161.91204647802,600.669989247992,13.1690004983592,4561,5162,601
"Conservancy","Conservancy_15","Mayuni","Goats","Browser-Mixed","Goat_Browser_Mixed","SSP585_2050",7632.49368643111,7388.00303681191,-244.490649619193,-3.20328662772226,7632,7388,-244
"Conservancy","Conservancy_15","Mayuni","Donkeys","Grazer","Donkey_Grazer","SSP585_2050",1603.70683352235,1919.99361193366,316.286778411307,19.7222317570738,1604,1920,316
"Conservancy","Conservancy_16","Uibasen Twyfelfontein","Cattle","Grazer","Cattle_Grazer","SSP585_2050",255.496560333949,1220.11581465977,964.619254325819,377.546865235682,255,1220,965
"Conservancy","Conservancy_16","Uibasen Twyfelfontein","Sheep","Grazer-Mixed","Sheep_Grazer_Mixed","SSP585_2050",2260.18847055246,9394.48706373706,7134.2985931846,315.650605519669,2260,9394,7134
"Conservancy","Conservancy_16","Uibasen Twyfelfontein","Goats","Browser-Mixed","Goat_Browser_Mixed","SSP585_2050",2521.80885166111,6721.66658685687,4199.85773519576,166.541478051729,2522,6722,4200
"Conservancy","Conservancy_16","Uibasen Twyfelfontein","Donkeys","Grazer","Donkey_Grazer","SSP585_2050",1202.20141674894,4241.85686948026,3039.65545273133,252.84078111897,1202,4242,3040
"Conservancy","Conservancy_17","Oskop","Cattle","Grazer","Cattle_Grazer","SSP585_2050",852.156327812437,852.156327812437,0,0,852,852,0
"Conservancy","Conservancy_17","Oskop","Sheep","Grazer-Mixed","Sheep_Grazer_Mixed","SSP585_2050",6411.62421046077,6411.62421046077,0,0,6412,6412,0
"Conservancy","Conservancy_17","Oskop","Goats","Browser-Mixed","Goat_Browser_Mixed","SSP585_2050",4124.43662661219,4124.43662661219,0,0,4124,4124,0
"Conservancy","Conservancy_17","Oskop","Donkeys","Grazer","Donkey_Grazer","SSP585_2050",2812.11588178104,2812.11588178104,0,0,2812,2812,0
"Conservancy","Conservancy_18","//Huab","Cattle","Grazer","Cattle_Grazer","SSP585_2050",3976.15402102074,10761.7313845323,6785.57736351158,170.656803726371,3976,10762,6786
"Conservancy","Conservancy_18","//Huab","Sheep","Grazer-Mixed","Sheep_Grazer_Mixed","SSP585_2050",45776.6473866852,87512.0874661499,41735.4400794647,91.1719019676484,45777,87512,41735
"Conservancy","Conservancy_18","//Huab","Goats","Browser-Mixed","Goat_Browser_Mixed","SSP585_2050",80593.0696740677,77381.930070197,-3211.13960387067,-3.98438676781649,80593,77382,-3211
"Conservancy","Conservancy_18","//Huab","Donkeys","Grazer","Donkey_Grazer","SSP585_2050",16337.2349344696,36913.6440547379,20576.4091202682,125.947929394431,16337,36914,20576
"Conservancy","Conservancy_19","Omatendeka","Cattle","Grazer","Cattle_Grazer","SSP585_2050",4541.18045705825,8536.80206938769,3995.62161232944,87.9864090430308,4541,8537,3996
"Conservancy","Conservancy_19","Omatendeka","Sheep","Grazer-Mixed","Sheep_Grazer_Mixed","SSP585_2050",48789.7063487477,73777.3255127716,24987.6191640238,51.2149406791114,48790,73777,24988
"Conservancy","Conservancy_19","Omatendeka","Goats","Browser-Mixed","Goat_Browser_Mixed","SSP585_2050",78529.3883635986,78235.9077992136,-293.480564385056,-0.37372068024548,78529,78236,-293
"Conservancy","Conservancy_19","Omatendeka","Donkeys","Grazer","Donkey_Grazer","SSP585_2050",18070.8573440707,30226.3799903989,12155.5226463281,67.2658879149223,18071,30226,12156
"Conservancy","Conservancy_20","//Gamaseb","Cattle","Grazer","Cattle_Grazer","SSP585_2050",801.827100046516,4295.30413428157,3493.47703423505,435.689568740241,802,4295,3493
"Conservancy","Conservancy_20","//Gamaseb","Sheep","Grazer-Mixed","Sheep_Grazer_Mixed","SSP585_2050",7935.65176973508,33759.3594613763,25823.7076916412,325.413821585865,7936,33759,25824
"Conservancy","Conservancy_20","//Gamaseb","Goats","Browser-Mixed","Goat_Browser_Mixed","SSP585_2050",11111.3350045689,26267.4955342585,15156.1605296896,136.402696196789,11111,26267,15156
"Conservancy","Conservancy_20","//Gamaseb","Donkeys","Grazer","Donkey_Grazer","SSP585_2050",4774.87898631675,15782.00177348,11007.1227871633,230.521502612026,4775,15782,11007
"Conservancy","Conservancy_21","Ehi-Rovipuka","Cattle","Grazer","Cattle_Grazer","SSP585_2050",6515.66418273758,11306.7185578787,4791.05437514108,73.5313275941133,6516,11307,4791
"Conservancy","Conservancy_21","Ehi-Rovipuka","Sheep","Grazer-Mixed","Sheep_Grazer_Mixed","SSP585_2050",69936.7419843882,98618.0913161921,28681.3493318039,41.0104167251692,69937,98618,28681
"Conservancy","Conservancy_21","Ehi-Rovipuka","Goats","Browser-Mixed","Goat_Browser_Mixed","SSP585_2050",112455.57612787,107139.542450117,-5316.03367775258,-4.7272299523039,112456,107140,-5316
"Conservancy","Conservancy_21","Ehi-Rovipuka","Donkeys","Grazer","Donkey_Grazer","SSP585_2050",25386.3718653746,39839.6265493456,14453.254683971,56.933124436282,25386,39840,14453
"Conservancy","Conservancy_22","/Audi","Cattle","Grazer","Cattle_Grazer","SSP585_2050",741.601326859234,2069.71937487945,1328.11804802022,179.087873756234,742,2070,1328
"Conservancy","Conservancy_22","/Audi","Sheep","Grazer-Mixed","Sheep_Grazer_Mixed","SSP585_2050",9197.95728912418,17069.5634365161,7871.60614739189,85.5799380227543,9198,17070,7872
"Conservancy","Conservancy_22","/Audi","Goats","Browser-Mixed","Goat_Browser_Mixed","SSP585_2050",17590.6163028173,15810.4103894445,-1780.2059133728,-10.1202020595929,17591,15810,-1780
"Conservancy","Conservancy_22","/Audi","Donkeys","Grazer","Donkey_Grazer","SSP585_2050",3101.90902102798,7100.92230469151,3999.01328366353,128.921037224304,3102,7101,3999
"Conservancy","Conservancy_23","Uukolonkadhi Ruacana","Cattle","Grazer","Cattle_Grazer","SSP585_2050",10123.3239224749,16966.2888459609,6842.96492348599,67.5960284970616,10123,16966,6843
"Conservancy","Conservancy_23","Uukolonkadhi Ruacana","Sheep","Grazer-Mixed","Sheep_Grazer_Mixed","SSP585_2050",103394.677066151,143982.890170172,40588.2131040212,39.2556118513269,103395,143983,40588
"Conservancy","Conservancy_23","Uukolonkadhi Ruacana","Goats","Browser-Mixed","Goat_Browser_Mixed","SSP585_2050",153905.575208526,145103.827497768,-8801.74771075742,-5.71892714011951,153906,145104,-8802
"Conservancy","Conservancy_23","Uukolonkadhi Ruacana","Donkeys","Grazer","Donkey_Grazer","SSP585_2050",38105.888277298,58842.426740876,20736.538463578,54.4181999188088,38106,58842,20737
"Conservancy","Conservancy_24","Uukwaluudhi","Cattle","Grazer","Cattle_Grazer","SSP585_2050",3432.64158607482,7384.60312260908,3951.96153653426,115.128871961645,3433,7385,3952
"Conservancy","Conservancy_24","Uukwaluudhi","Sheep","Grazer-Mixed","Sheep_Grazer_Mixed","SSP585_2050",41206.2848206956,64627.6666593432,23421.3818386476,56.8393436597428,41206,64628,23421
"Conservancy","Conservancy_24","Uukwaluudhi","Goats","Browser-Mixed","Goat_Browser_Mixed","SSP585_2050",76120.7650754728,70824.3499763711,-5296.41509910171,-6.95791101659367,76121,70824,-5296
"Conservancy","Conservancy_24","Uukwaluudhi","Donkeys","Grazer","Donkey_Grazer","SSP585_2050",14107.1217930635,26007.5300009127,11900.4082078492,84.3574499633275,14107,26008,11900
"Conservancy","Conservancy_25","Okamatapati","Cattle","Grazer","Cattle_Grazer","SSP585_2050",6808.17750863198,22449.7177195851,15641.5402109531,229.746362974841,6808,22450,15642
"Conservancy","Conservancy_25","Okamatapati","Sheep","Grazer-Mixed","Sheep_Grazer_Mixed","SSP585_2050",84621.2758384018,177326.923700618,92705.6478622159,109.553592691338,84621,177327,92706
"Conservancy","Conservancy_25","Okamatapati","Goats","Browser-Mixed","Goat_Browser_Mixed","SSP585_2050",162187.263992696,141221.384928478,-20965.879064218,-12.9269577327368,162187,141221,-20966
"Conservancy","Conservancy_25","Okamatapati","Donkeys","Grazer","Donkey_Grazer","SSP585_2050",28509.3582825163,75606.6228470639,47097.2645645476,165.199314898051,28509,75607,47097
"Conservancy","Conservancy_26","Otjituuo","Cattle","Grazer","Cattle_Grazer","SSP585_2050",13471.601872407,44316.2258007692,30844.6239283622,228.960328701067,13472,44316,30845
"Conservancy","Conservancy_26","Otjituuo","Sheep","Grazer-Mixed","Sheep_Grazer_Mixed","SSP585_2050",167652.67328647,350465.286736317,182812.613449848,109.042468495253,167653,350465,182813
"Conservancy","Conservancy_26","Otjituuo","Goats","Browser-Mixed","Goat_Browser_Mixed","SSP585_2050",321736.132397561,280392.080191598,-41344.0522059636,-12.8502981302939,321736,280392,-41344
"Conservancy","Conservancy_26","Otjituuo","Donkeys","Grazer","Donkey_Grazer","SSP585_2050",56450.4304272844,149324.750600101,92874.3201728168,164.523670536846,56450,149325,92874
"Conservancy","Conservancy_27","Ozonahi","Cattle","Grazer","Cattle_Grazer","SSP585_2050",7153.67887173117,23179.7878462336,16026.1089745024,224.02611665771,7154,23180,16026
"Conservancy","Conservancy_27","Ozonahi","Sheep","Grazer-Mixed","Sheep_Grazer_Mixed","SSP585_2050",88247.8457285695,183232.789356521,94984.9436279516,107.634291629173,88248,183233,94985
"Conservancy","Conservancy_27","Ozonahi","Goats","Browser-Mixed","Goat_Browser_Mixed","SSP585_2050",167833.773389144,146352.41937299,-21481.3540161542,-12.799184325283,167834,146352,-21481
"Conservancy","Conservancy_27","Ozonahi","Donkeys","Grazer","Donkey_Grazer","SSP585_2050",29835.3290832294,78090.5446267643,48255.2155435349,161.738506080898,29835,78091,48255
"Conservancy","Conservancy_28","N#a Jaqna","Cattle","Grazer","Cattle_Grazer","SSP585_2050",20302.6609524629,66500.0681504873,46197.4071980244,227.543607737882,20303,66500,46197
"Conservancy","Conservancy_28","N#a Jaqna","Sheep","Grazer-Mixed","Sheep_Grazer_Mixed","SSP585_2050",251460.986940592,525268.932321295,273807.945380703,108.886849094166,251461,525269,273808
"Conservancy","Conservancy_28","N#a Jaqna","Goats","Browser-Mixed","Goat_Browser_Mixed","SSP585_2050",480192.294960733,418281.825322265,-61910.4696384676,-12.8928494455602,480192,418282,-61910
"Conservancy","Conservancy_28","N#a Jaqna","Donkeys","Grazer","Donkey_Grazer","SSP585_2050",84842.1310558024,223948.534171955,139106.403116153,163.959110155613,84842,223949,139106
"Conservancy","Conservancy_29","!Han /Awab","Cattle","Grazer","Cattle_Grazer","SSP585_2050",13282.9631898658,14158.5444493666,875.581259500792,6.5917615443579,13283,14159,876
"Conservancy","Conservancy_29","!Han /Awab","Sheep","Grazer-Mixed","Sheep_Grazer_Mixed","SSP585_2050",100713.065604921,107095.569790235,6382.50418531406,6.33731497197341,100713,107096,6383
"Conservancy","Conservancy_29","!Han /Awab","Goats","Browser-Mixed","Goat_Browser_Mixed","SSP585_2050",67247.1545289958,70697.8205883119,3450.66605931603,5.13131906247151,67247,70698,3451
"Conservancy","Conservancy_29","!Han /Awab","Donkeys","Grazer","Donkey_Grazer","SSP585_2050",44377.845421712,47128.0338210435,2750.18839933151,6.19721028183576,44378,47128,2750
"Conservancy","Conservancy_30","!Khob !naub","Cattle","Grazer","Cattle_Grazer","SSP585_2050",4164.60856514901,9093.74756363621,4929.13899848719,118.357798131043,4165,9094,4929
"Conservancy","Conservancy_30","!Khob !naub","Sheep","Grazer-Mixed","Sheep_Grazer_Mixed","SSP585_2050",34473.9254517526,70754.0438436611,36280.1183919086,105.23930163591,34474,70754,36280
"Conservancy","Conservancy_30","!Khob !naub","Goats","Browser-Mixed","Goat_Browser_Mixed","SSP585_2050",32121.2273248797,52901.3283185164,20780.1009936367,64.6927366238628,32121,52901,20780
"Conservancy","Conservancy_30","!Khob !naub","Donkeys","Grazer","Donkey_Grazer","SSP585_2050",16792.1954184254,32307.8755449046,15515.6801264792,92.3981631934471,16792,32308,15516
"Conservancy","Conservancy_31","Anabeb","Cattle","Grazer","Cattle_Grazer","SSP585_2050",1431.05472579911,4927.56766326476,3496.51293746565,244.33118275845,1431,4928,3497
"Conservancy","Conservancy_31","Anabeb","Sheep","Grazer-Mixed","Sheep_Grazer_Mixed","SSP585_2050",17020.2358603141,41282.189584199,24261.9537238849,142.547693950918,17020,41282,24262
"Conservancy","Conservancy_31","Anabeb","Goats","Browser-Mixed","Goat_Browser_Mixed","SSP585_2050",31039.5018679448,40068.3618152383,9028.85994729355,29.0882888060064,31040,40068,9029
"Conservancy","Conservancy_31","Anabeb","Donkeys","Grazer","Donkey_Grazer","SSP585_2050",7088.08936656127,17953.691740114,10865.6023735527,153.293811796621,7088,17954,10866
"Conservancy","Conservancy_32","Ozondundu","Cattle","Grazer","Cattle_Grazer","SSP585_2050",1636.13502804522,3437.27666157305,1801.14163352783,110.085145947872,1636,3437,1801
"Conservancy","Conservancy_32","Ozondundu","Sheep","Grazer-Mixed","Sheep_Grazer_Mixed","SSP585_2050",20362.9459666877,31038.1096510723,10675.1636843846,52.4244561756846,20363,31038,10675
"Conservancy","Conservancy_32","Ozondundu","Goats","Browser-Mixed","Goat_Browser_Mixed","SSP585_2050",39080.51006203,36666.2645876854,-2414.24547434459,-6.17762017566458,39081,36666,-2414
"Conservancy","Conservancy_32","Ozondundu","Donkeys","Grazer","Donkey_Grazer","SSP585_2050",6856.75432230059,12280.0593733645,5423.30505106394,79.0943469189998,6857,12280,5423
"Conservancy","Conservancy_33","Sesfontein","Cattle","Grazer","Cattle_Grazer","SSP585_2050",744.186055450786,6490.81766598655,5746.63161053577,772.203613390038,744,6491,5747
"Conservancy","Conservancy_33","Sesfontein","Sheep","Grazer-Mixed","Sheep_Grazer_Mixed","SSP585_2050",9645.45445358377,51791.7139796756,42146.2595260918,436.954626958322,9645,51792,42146
"Conservancy","Conservancy_33","Sesfontein","Goats","Browser-Mixed","Goat_Browser_Mixed","SSP585_2050",19053.8402693454,42695.4799879319,23641.6397185865,124.078082866172,19054,42695,23642
"Conservancy","Conservancy_33","Sesfontein","Donkeys","Grazer","Donkey_Grazer","SSP585_2050",5959.43788761797,24033.9880982065,18074.5502105885,303.292870090018,5959,24034,18075
"Conservancy","Conservancy_34","George Mukoya","Cattle","Grazer","Cattle_Grazer","SSP585_2050",1047.04436160009,1574.22893854005,527.184576939962,50.3497842378255,1047,1574,527
"Conservancy","Conservancy_34","George Mukoya","Sheep","Grazer-Mixed","Sheep_Grazer_Mixed","SSP585_2050",13088.5475144042,16208.4326359974,3119.88512159316,23.8367558979304,13089,16208,3120
"Conservancy","Conservancy_34","George Mukoya","Goats","Browser-Mixed","Goat_Browser_Mixed","SSP585_2050",25572.1107822134,24856.7625834332,-715.348198780182,-2.79737642650031,25572,24857,-715
"Conservancy","Conservancy_34","George Mukoya","Donkeys","Grazer","Donkey_Grazer","SSP585_2050",4378.76685261717,5964.76323123659,1585.99637861942,36.2201604241952,4379,5965,1586
"Conservancy","Conservancy_35","Muduva Nyangana","Cattle","Grazer","Cattle_Grazer","SSP585_2050",1374.18391416073,1910.08048659151,535.896572430785,38.997441820448,1374,1910,536
"Conservancy","Conservancy_35","Muduva Nyangana","Sheep","Grazer-Mixed","Sheep_Grazer_Mixed","SSP585_2050",16986.3011371165,19687.0769927911,2700.77585567465,15.8997290456204,16986,19687,2701
"Conservancy","Conservancy_35","Muduva Nyangana","Goats","Browser-Mixed","Goat_Browser_Mixed","SSP585_2050",32476.0570054339,30872.5058948699,-1603.55111056399,-4.93764101441157,32476,30873,-1604
"Conservancy","Conservancy_35","Muduva Nyangana","Donkeys","Grazer","Donkey_Grazer","SSP585_2050",5731.60968383164,7205.37062699035,1473.76094315871,25.7128629556904,5732,7205,1474
"Conservancy","Conservancy_36","Shamungwa","Cattle","Grazer","Cattle_Grazer","SSP585_2050",117.67290613536,192.696881252787,75.0239751174273,63.7563714378966,118,193,75
"Conservancy","Conservancy_36","Shamungwa","Sheep","Grazer-Mixed","Sheep_Grazer_Mixed","SSP585_2050",1465.26175826591,1880.11112392759,414.849365661681,28.3123041546271,1465,1880,415
"Conservancy","Conservancy_36","Shamungwa","Goats","Browser-Mixed","Goat_Browser_Mixed","SSP585_2050",2817.94856970848,2661.88176735125,-156.066802357233,-5.53831265889205,2818,2662,-156
"Conservancy","Conservancy_36","Shamungwa","Donkeys","Grazer","Donkey_Grazer","SSP585_2050",492.991562452829,710.123281941181,217.131719488352,44.0436989241835,493,710,217
"Conservancy","Conservancy_37","King Nehale","Cattle","Grazer","Cattle_Grazer","SSP585_2050",2649.54557467385,3384.77969995963,735.234125285779,27.7494424822749,2650,3385,735
"Conservancy","Conservancy_37","King Nehale","Sheep","Grazer-Mixed","Sheep_Grazer_Mixed","SSP585_2050",22757.510604005,27174.9267729603,4417.41616895529,19.4108057151817,22758,27175,4417
"Conservancy","Conservancy_37","King Nehale","Goats","Browser-Mixed","Goat_Browser_Mixed","SSP585_2050",23680.3779304532,22982.9155282692,-697.462402183955,-2.94531786710639,23680,22983,-697
"Conservancy","Conservancy_37","King Nehale","Donkeys","Grazer","Donkey_Grazer","SSP585_2050",9278.34485644944,11492.2976196107,2213.95276316124,23.861505445363,9278,11492,2214
"Conservancy","Conservancy_38","Doro !nawas Area1","Cattle","Grazer","Cattle_Grazer","SSP585_2050",611.622249109231,10650.2573623584,10038.6351132491,1641.3129391335,612,10650,10039
"Conservancy","Conservancy_38","Doro !nawas Area1","Sheep","Grazer-Mixed","Sheep_Grazer_Mixed","SSP585_2050",7912.16950100551,82120.8894037539,74208.7199027484,937.906093813051,7912,82121,74209
"Conservancy","Conservancy_38","Doro !nawas Area1","Goats","Browser-Mixed","Goat_Browser_Mixed","SSP585_2050",15535.791884199,59100.5373128535,43564.7454286545,280.415351553228,15536,59101,43565
"Conservancy","Conservancy_38","Doro !nawas Area1","Donkeys","Grazer","Donkey_Grazer","SSP585_2050",5776.85257822437,37406.5447581576,31629.6921799332,547.524655539249,5777,37407,31630
"Conservancy","Conservancy_39","African Wild Dog","Cattle","Grazer","Cattle_Grazer","SSP585_2050",8398.98247305313,27612.5962300943,19213.6137570412,228.761207904471,8399,27613,19214
"Conservancy","Conservancy_39","African Wild Dog","Sheep","Grazer-Mixed","Sheep_Grazer_Mixed","SSP585_2050",104428.503529496,218305.4291454,113876.925615904,109.047742490861,104429,218305,113877
"Conservancy","Conservancy_39","African Wild Dog","Goats","Browser-Mixed","Goat_Browser_Mixed","SSP585_2050",200217.760979027,174463.883996079,-25753.8769829479,-12.8629332667673,200218,174464,-25754
"Conservancy","Conservancy_39","African Wild Dog","Donkeys","Grazer","Donkey_Grazer","SSP585_2050",35177.1307715282,93030.042834672,57852.9120631438,164.461713602774,35177,93030,57853
"Conservancy","Conservancy_40","Torra","Cattle","Grazer","Cattle_Grazer","SSP585_2050",1547.0300899013,14240.2693531338,12693.2392632326,820.4907807606,1547,14240,12693
"Conservancy","Conservancy_40","Torra","Sheep","Grazer-Mixed","Sheep_Grazer_Mixed","SSP585_2050",16606.4916711487,110024.541177465,93418.0495063165,562.539345192435,16606,110025,93418
"Conservancy","Conservancy_40","Torra","Goats","Browser-Mixed","Goat_Browser_Mixed","SSP585_2050",26417.4954521602,79896.4638442417,53478.9683920815,202.437693190588,26417,79896,53479
"Conservancy","Conservancy_40","Torra","Donkeys","Grazer","Donkey_Grazer","SSP585_2050",9906.49576373149,49860.7891858443,39954.2934221128,403.314091834459,9906,49861,39954
"Conservancy","Conservancy_41","Ondjou","Cattle","Grazer","Cattle_Grazer","SSP585_2050",19478.6456337285,63149.2912143673,43670.6455806388,224.197546389059,19479,63149,43671
"Conservancy","Conservancy_41","Ondjou","Sheep","Grazer-Mixed","Sheep_Grazer_Mixed","SSP585_2050",240135.518217753,498966.518011452,258830.999793699,107.785387898758,240136,498967,258831
"Conservancy","Conservancy_41","Ondjou","Goats","Browser-Mixed","Goat_Browser_Mixed","SSP585_2050",456569.341589422,398033.323936963,-58536.017652459,-12.8208384401549,456569,398033,-58536
"Conservancy","Conservancy_41","Ondjou","Donkeys","Grazer","Donkey_Grazer","SSP585_2050",81200.852150802,212694.804848355,131493.952697553,161.936665951915,81201,212695,131494
"Conservancy","Conservancy_42","#Gaingu","Cattle","Grazer","Cattle_Grazer","SSP585_2050",10.9605764158851,105.563945306695,94.6033688908101,863.124030171464,11,106,95
"Conservancy","Conservancy_42","#Gaingu","Sheep","Grazer-Mixed","Sheep_Grazer_Mixed","SSP585_2050",144.679608689683,844.115462371406,699.435853681723,483.437756029541,145,844,699
"Conservancy","Conservancy_42","#Gaingu","Goats","Browser-Mixed","Goat_Browser_Mixed","SSP585_2050",289.359217379365,700.291088796634,410.931871417268,142.014439746882,289,700,411
"Conservancy","Conservancy_42","#Gaingu","Donkeys","Grazer","Donkey_Grazer","SSP585_2050",107.170080510876,405.255375839464,298.085295328588,278.142270592339,107,405,298
"Conservancy","Conservancy_43","#Gaingu","Cattle","Grazer","Cattle_Grazer","SSP585_2050",3550.27551377215,20685.4961401579,17135.2206263858,482.644813336744,3550,20685,17135
"Conservancy","Conservancy_43","#Gaingu","Sheep","Grazer-Mixed","Sheep_Grazer_Mixed","SSP585_2050",38384.7679888785,164147.016464815,125762.248475937,327.635817708668,38385,164147,125762
"Conservancy","Conservancy_43","#Gaingu","Goats","Browser-Mixed","Goat_Browser_Mixed","SSP585_2050",61736.6651500062,132584.294310822,70847.6291608162,114.757784516984,61737,132584,70848
"Conservancy","Conservancy_43","#Gaingu","Donkeys","Grazer","Donkey_Grazer","SSP585_2050",22127.939854969,76031.0586179297,53903.1187629606,243.597547337224,22128,76031,53903
"Conservancy","Conservancy_44","Sheya Shuushona","Cattle","Grazer","Cattle_Grazer","SSP585_2050",22641.0619284503,32130.2483868668,9489.18645841655,41.9114018962716,22641,32130,9489
"Conservancy","Conservancy_44","Sheya Shuushona","Sheep","Grazer-Mixed","Sheep_Grazer_Mixed","SSP585_2050",207719.41341199,263925.570717176,56206.1573051856,27.0586924842246,207719,263926,56206
"Conservancy","Conservancy_44","Sheya Shuushona","Goats","Browser-Mixed","Goat_Browser_Mixed","SSP585_2050",254159.17813314,241467.069000658,-12692.109132482,-4.99376383953889,254159,241467,-12692
"Conservancy","Conservancy_44","Sheya Shuushona","Donkeys","Grazer","Donkey_Grazer","SSP585_2050",81471.6334735699,110031.132005048,28559.498531478,35.054530409953,81472,110031,28559
"Conservancy","Conservancy_45","!Khoro !goreb","Cattle","Grazer","Cattle_Grazer","SSP585_2050",2544.99114701747,7251.81009744256,4706.81895042509,184.944413497906,2545,7252,4707
"Conservancy","Conservancy_45","!Khoro !goreb","Sheep","Grazer-Mixed","Sheep_Grazer_Mixed","SSP585_2050",29369.77547245,58874.2375652869,29504.4620928368,100.45858920683,29370,58874,29504
"Conservancy","Conservancy_45","!Khoro !goreb","Goats","Browser-Mixed","Goat_Browser_Mixed","SSP585_2050",51844.6080964657,51767.0854828952,-77.5226135704797,-0.149528786920784,51845,51767,-78
"Conservancy","Conservancy_45","!Khoro !goreb","Donkeys","Grazer","Donkey_Grazer","SSP585_2050",10607.3841195135,24933.1178227322,14325.7337032187,135.054350269684,10607,24933,14326
"Conservancy","Conservancy_46","Otjimboyo","Cattle","Grazer","Cattle_Grazer","SSP585_2050",353.409646492612,1314.06601400904,960.65636751643,271.825168625247,353,1314,961
"Conservancy","Conservancy_46","Otjimboyo","Sheep","Grazer-Mixed","Sheep_Grazer_Mixed","SSP585_2050",3153.57469129732,10256.0438146132,7102.46912331584,225.219625934847,3154,10256,7102
"Conservancy","Conservancy_46","Otjimboyo","Goats","Browser-Mixed","Goat_Browser_Mixed","SSP585_2050",3589.11165925607,7761.94739989521,4172.83574063914,116.263748158341,3589,7762,4173
"Conservancy","Conservancy_46","Otjimboyo","Donkeys","Grazer","Donkey_Grazer","SSP585_2050",1727.96327744164,4754.89075769801,3026.92748025637,175.1731370552,1728,4755,3027
"Conservancy","Conservancy_47","Tsiseb","Cattle","Grazer","Cattle_Grazer","SSP585_2050",2250.70710858406,20403.9196930638,18153.2125844798,806.555971465346,2251,20404,18153
"Conservancy","Conservancy_47","Tsiseb","Sheep","Grazer-Mixed","Sheep_Grazer_Mixed","SSP585_2050",26497.2335445689,160673.688770615,134176.455226046,506.379109352522,26497,160674,134176
"Conservancy","Conservancy_47","Tsiseb","Goats","Browser-Mixed","Goat_Browser_Mixed","SSP585_2050",47225.7916002704,125951.727869211,78725.9362689403,166.701146981916,47226,125952,78726
"Conservancy","Conservancy_47","Tsiseb","Donkeys","Grazer","Donkey_Grazer","SSP585_2050",18231.6180723841,75425.5062734107,57193.8882010267,313.707143128781,18232,75426,57194
"Conservancy","Conservancy_48","Sorris Sorris","Cattle","Grazer","Cattle_Grazer","SSP585_2050",3526.20680997841,10644.5170747096,7118.3102647312,201.868768575567,3526,10645,7118
"Conservancy","Conservancy_48","Sorris Sorris","Sheep","Grazer-Mixed","Sheep_Grazer_Mixed","SSP585_2050",31750.7098515756,82910.3573572663,51159.6475056907,161.129145599723,31751,82910,51160
"Conservancy","Conservancy_48","Sorris Sorris","Goats","Browser-Mixed","Goat_Browser_Mixed","SSP585_2050",37120.1268097412,62348.0902654846,25227.9634557433,67.9630314439629,37120,62348,25228
"Conservancy","Conservancy_48","Sorris Sorris","Donkeys","Grazer","Donkey_Grazer","SSP585_2050",14532.8948265432,36821.8907876928,22288.9959611496,153.369278641173,14533,36822,22289
"Conservancy","Conservancy_49","Okangundumba","Cattle","Grazer","Cattle_Grazer","SSP585_2050",2505.01169363441,7123.7918409279,4618.78014729348,184.381580294833,2505,7124,4619
"Conservancy","Conservancy_49","Okangundumba","Sheep","Grazer-Mixed","Sheep_Grazer_Mixed","SSP585_2050",31077.2359401295,58471.6081524044,27394.372212275,88.1493201810175,31077,58472,27394
"Conservancy","Conservancy_49","Okangundumba","Goats","Browser-Mixed","Goat_Browser_Mixed","SSP585_2050",59449.0441288947,53333.1707481987,-6115.87338069602,-10.2875890946806,59449,53333,-6116
"Conservancy","Conservancy_49","Okangundumba","Donkeys","Grazer","Donkey_Grazer","SSP585_2050",10481.9746972041,24391.1435536631,13909.1688564591,132.696073576377,10482,24391,13909
"Conservancy","Conservancy_50","Sanitatas","Cattle","Grazer","Cattle_Grazer","SSP585_2050",1056.9125653376,6534.06759254684,5477.15502720924,518.22215070929,1057,6534,5477
"Conservancy","Conservancy_50","Sanitatas","Sheep","Grazer-Mixed","Sheep_Grazer_Mixed","SSP585_2050",12416.5007482107,51213.4286568724,38796.9279086617,312.462655102346,12417,51213,38797
"Conservancy","Conservancy_50","Sanitatas","Goats","Browser-Mixed","Goat_Browser_Mixed","SSP585_2050",22289.0439981023,39500.3175706362,17211.2735725338,77.2185364881472,22289,39500,17211
"Conservancy","Conservancy_50","Sanitatas","Donkeys","Grazer","Donkey_Grazer","SSP585_2050",5669.96496312568,22766.0049680429,17096.0400049172,301.51932359548,5670,22766,17096
"Conservancy","Conservancy_51","Epupa","Cattle","Grazer","Cattle_Grazer","SSP585_2050",6331.92442192036,18400.5207019669,12068.5962800465,190.599184005837,6332,18401,12069
"Conservancy","Conservancy_51","Epupa","Sheep","Grazer-Mixed","Sheep_Grazer_Mixed","SSP585_2050",78827.8138954942,151139.237260515,72311.4233650208,91.7333867217064,78828,151139,72311
"Conservancy","Conservancy_51","Epupa","Goats","Browser-Mixed","Goat_Browser_Mixed","SSP585_2050",151319.532199266,138174.735645991,-13144.7965532758,-8.68678111954904,151320,138175,-13145
"Conservancy","Conservancy_51","Epupa","Donkeys","Grazer","Donkey_Grazer","SSP585_2050",26698.0239945712,63111.6204055873,36413.5964110162,136.390604856826,26698,63112,36414
"Conservancy","Conservancy_52","Ongongo","Cattle","Grazer","Cattle_Grazer","SSP585_2050",831.138426194985,2789.30776329776,1958.16933710278,235.600866881757,831,2789,1958
"Conservancy","Conservancy_52","Ongongo","Sheep","Grazer-Mixed","Sheep_Grazer_Mixed","SSP585_2050",10332.1715997145,22680.8007498191,12348.6291501046,119.516299462601,10332,22681,12349
"Conservancy","Conservancy_52","Ongongo","Goats","Browser-Mixed","Goat_Browser_Mixed","SSP585_2050",19794.2672933349,20048.6186103856,254.351317050649,1.28497465089952,19794,20049,254
"Conservancy","Conservancy_52","Ongongo","Donkeys","Grazer","Donkey_Grazer","SSP585_2050",3640.53894468743,9607.4997542192,5966.96080953177,163.903226972458,3641,9607,5967
"Conservancy","Conservancy_53","Otjiu-West","Cattle","Grazer","Cattle_Grazer","SSP585_2050",1944.23833812381,6400.17906359065,4455.94072546684,229.186959134178,1944,6400,4456
"Conservancy","Conservancy_53","Otjiu-West","Sheep","Grazer-Mixed","Sheep_Grazer_Mixed","SSP585_2050",24024.4343699004,51846.3453031983,27821.910933298,115.80672620603,24024,51846,27822
"Conservancy","Conservancy_53","Otjiu-West","Goats","Browser-Mixed","Goat_Browser_Mixed","SSP585_2050",45748.3715235088,45248.8700263759,-499.501497132929,-1.09184541547287,45748,45249,-500
"Conservancy","Conservancy_53","Otjiu-West","Donkeys","Grazer","Donkey_Grazer","SSP585_2050",8408.12125026308,21959.7943879515,13551.6731376884,161.173616963057,8408,21960,13552
"Conservancy","Conservancy_54","Marienfluss","Cattle","Grazer","Cattle_Grazer","SSP585_2050",784.194935374146,12284.7180042923,11500.5230689181,1466.53880943915,784,12285,11501
"Conservancy","Conservancy_54","Marienfluss","Sheep","Grazer-Mixed","Sheep_Grazer_Mixed","SSP585_2050",10247.4174626626,94914.7571102471,84667.3396475844,826.230998747512,10247,94915,84667
"Conservancy","Conservancy_54","Marienfluss","Goats","Browser-Mixed","Goat_Browser_Mixed","SSP585_2050",20356.2273462905,68915.8299922779,48559.6026459874,238.549127104519,20356,68916,48560
"Conservancy","Conservancy_54","Marienfluss","Donkeys","Grazer","Donkey_Grazer","SSP585_2050",6897.64170679835,43100.2450687126,36202.6033619142,524.854796766738,6898,43100,36203
"Conservancy","Conservancy_55","Puros","Cattle","Grazer","Cattle_Grazer","SSP585_2050",820.203490150924,14264.8051066019,13444.601616451,1639.17878647128,820,14265,13445
"Conservancy","Conservancy_55","Puros","Sheep","Grazer-Mixed","Sheep_Grazer_Mixed","SSP585_2050",10786.1765936037,110017.453270301,99231.2766766972,919.985648441375,10786,110017,99231
"Conservancy","Conservancy_55","Puros","Goats","Browser-Mixed","Goat_Browser_Mixed","SSP585_2050",21518.3405520229,79261.6069396013,57743.2663875785,268.344421113598,21518,79262,57743
"Conservancy","Conservancy_55","Puros","Donkeys","Grazer","Donkey_Grazer","SSP585_2050",7719.69726378345,50066.0738618033,42346.3765980198,548.54970539694,7720,50066,42346
"Conservancy","Conservancy_56","Okondjombo","Cattle","Grazer","Cattle_Grazer","SSP585_2050",1400.01903962893,7733.14786119784,6333.12882156891,452.36019241906,1400,7733,6333
"Conservancy","Conservancy_56","Okondjombo","Sheep","Grazer-Mixed","Sheep_Grazer_Mixed","SSP585_2050",17044.8269754327,61064.9673505568,44020.1403751241,258.260998709884,17045,61065,44020
"Conservancy","Conservancy_56","Okondjombo","Goats","Browser-Mixed","Goat_Browser_Mixed","SSP585_2050",31872.5208682326,48517.6763512719,16645.1554830393,52.2241574547984,31873,48518,16645
"Conservancy","Conservancy_56","Okondjombo","Donkeys","Grazer","Donkey_Grazer","SSP585_2050",7141.5373006025,26829.2475663562,19687.7102657537,275.678883089957,7142,26829,19688
"Conservancy","Conservancy_57","Otjikongo","Cattle","Grazer","Cattle_Grazer","SSP585_2050",1094.25515876475,4844.85887392063,3750.60371515588,342.754035483803,1094,4845,3751
"Conservancy","Conservancy_57","Otjikongo","Sheep","Grazer-Mixed","Sheep_Grazer_Mixed","SSP585_2050",12627.1047698783,38419.9414970606,25792.8367271823,204.265642815531,12627,38420,25793
"Conservancy","Conservancy_57","Otjikongo","Goats","Browser-Mixed","Goat_Browser_Mixed","SSP585_2050",22243.0816058709,31027.9337520968,8784.85214622582,39.4947620203268,22243,31028,8785
"Conservancy","Conservancy_57","Otjikongo","Donkeys","Grazer","Donkey_Grazer","SSP585_2050",5166.39887705478,16799.454333245,11633.0554561902,225.167582546819,5166,16799,11633
"Conservancy","Conservancy_58","Kunene River","Cattle","Grazer","Cattle_Grazer","SSP585_2050",6154.86961280172,17564.9537905678,11410.0841777661,185.383036450258,6155,17565,11410
"Conservancy","Conservancy_58","Kunene River","Sheep","Grazer-Mixed","Sheep_Grazer_Mixed","SSP585_2050",76423.8469795916,144107.956662253,67684.1096826618,88.5641227936828,76424,144108,67684
"Conservancy","Conservancy_58","Kunene River","Goats","Browser-Mixed","Goat_Browser_Mixed","SSP585_2050",146324.687302604,131254.776481817,-15069.9108207868,-10.2989530328685,146325,131255,-15070
"Conservancy","Conservancy_58","Kunene River","Donkeys","Grazer","Donkey_Grazer","SSP585_2050",25771.8101912222,60133.5166871691,34361.7064959469,133.330589667506,25772,60134,34362
"Conservancy","Conservancy_59","Ombazu","Cattle","Grazer","Cattle_Grazer","SSP585_2050",1922.9004756493,5472.9805036746,3550.08002802529,184.621100934854,1923,5473,3550
"Conservancy","Conservancy_59","Ombazu","Sheep","Grazer-Mixed","Sheep_Grazer_Mixed","SSP585_2050",23898.1126832593,44953.7403967091,21055.6277134498,88.1058181979338,23898,44954,21056
"Conservancy","Conservancy_59","Ombazu","Goats","Browser-Mixed","Goat_Browser_Mixed","SSP585_2050",45782.511210905,41080.9836386029,-4701.52757230216,-10.2692653765622,45783,41081,-4702
"Conservancy","Conservancy_59","Ombazu","Donkeys","Grazer","Donkey_Grazer","SSP585_2050",8047.72181328044,18738.5482453836,10690.8264321031,132.842892437721,8048,18739,10691
"Conservancy","Conservancy_60","Ombombo","Cattle","Grazer","Cattle_Grazer","SSP585_2050",3471.03137176136,9452.11743894381,5981.08606718245,172.314376523407,3471,9452,5981
"Conservancy","Conservancy_60","Ombombo","Sheep","Grazer-Mixed","Sheep_Grazer_Mixed","SSP585_2050",42080.6263982985,77556.8875680187,35476.2611697203,84.3054493389262,42081,77557,35476
"Conservancy","Conservancy_60","Ombombo","Goats","Browser-Mixed","Goat_Browser_Mixed","SSP585_2050",78561.589459798,70649.3567961477,-7912.23266365031,-10.071375487762,78562,70649,-7912
"Conservancy","Conservancy_60","Ombombo","Donkeys","Grazer","Donkey_Grazer","SSP585_2050",14341.1714255924,32353.0246072649,18011.8531816725,125.595410912734,14341,32353,18012
"Conservancy","Conservancy_61","Otjikondavirongo","Cattle","Grazer","Cattle_Grazer","SSP585_2050",965.123516075662,4961.06045372775,3995.93693765209,414.033734656075,965,4961,3996
"Conservancy","Conservancy_61","Otjikondavirongo","Sheep","Grazer-Mixed","Sheep_Grazer_Mixed","SSP585_2050",11767.7033981762,39332.7367888354,27565.0333906592,234.243101291382,11768,39333,27565
"Conservancy","Conservancy_61","Otjikondavirongo","Goats","Browser-Mixed","Goat_Browser_Mixed","SSP585_2050",22048.2669954893,31737.3898162212,9689.12282073196,43.9450539251643,22048,31737,9689
"Conservancy","Conservancy_61","Otjikondavirongo","Donkeys","Grazer","Donkey_Grazer","SSP585_2050",4813.69282231319,17215.7965095298,12402.1036872166,257.642191660598,4814,17216,12402
"Conservancy","Conservancy_62","Ombujokanguindi","Cattle","Grazer","Cattle_Grazer","SSP585_2050",2296.36214454288,6895.20602878087,4598.84388423799,200.266490856714,2296,6895,4599
"Conservancy","Conservancy_62","Ombujokanguindi","Sheep","Grazer-Mixed","Sheep_Grazer_Mixed","SSP585_2050",28389.8472791392,56482.4561899854,28092.6089108462,98.9530117391247,28390,56482,28093
"Conservancy","Conservancy_62","Ombujokanguindi","Goats","Browser-Mixed","Goat_Browser_Mixed","SSP585_2050",54103.2574977192,51178.5274942837,-2924.73000343554,-5.40582977570035,54103,51179,-2925
"Conservancy","Conservancy_62","Ombujokanguindi","Donkeys","Grazer","Donkey_Grazer","SSP585_2050",9745.64674782869,23672.6470988973,13927.0003510686,142.904834450022,9746,23673,13927
"Conservancy","Conservancy_63","Otuzemba","Cattle","Grazer","Cattle_Grazer","SSP585_2050",1661.9295570132,4781.64437444991,3119.71481743671,187.71642903105,1662,4782,3120
"Conservancy","Conservancy_63","Otuzemba","Sheep","Grazer-Mixed","Sheep_Grazer_Mixed","SSP585_2050",20490.3149583661,38980.513455142,18490.1984967759,90.23872270556,20490,38981,18490
"Conservancy","Conservancy_63","Otuzemba","Goats","Browser-Mixed","Goat_Browser_Mixed","SSP585_2050",38947.2507077171,34765.5932305702,-4181.65747714695,-10.7367205673349,38947,34766,-4182
"Conservancy","Conservancy_63","Otuzemba","Donkeys","Grazer","Donkey_Grazer","SSP585_2050",6929.25119622976,16322.8295869222,9393.57839069244,135.564119768144,6929,16323,9394
"Conservancy","Conservancy_64","Etanga","Cattle","Grazer","Cattle_Grazer","SSP585_2050",2118.6501574366,5853.47883232442,3734.82867488782,176.283406761534,2119,5853,3735
"Conservancy","Conservancy_64","Etanga","Sheep","Grazer-Mixed","Sheep_Grazer_Mixed","SSP585_2050",25934.6009441071,48070.5100227667,22135.9090786596,85.352803871422,25935,48071,22136
"Conservancy","Conservancy_64","Etanga","Goats","Browser-Mixed","Goat_Browser_Mixed","SSP585_2050",48927.8910192715,43921.7365570377,-5006.15446223375,-10.2316988489488,48928,43922,-5006
"Conservancy","Conservancy_64","Etanga","Donkeys","Grazer","Donkey_Grazer","SSP585_2050",8799.71827084366,20045.4275700644,11245.7092992207,127.796242482915,8800,20045,11246
"Conservancy","Conservancy_65","Eiseb","Cattle","Grazer","Cattle_Grazer","SSP585_2050",14594.0570327135,48337.1258088014,33743.0687760879,231.211024463251,14594,48337,33743
"Conservancy","Conservancy_65","Eiseb","Sheep","Grazer-Mixed","Sheep_Grazer_Mixed","SSP585_2050",181138.177824911,381129.547572246,199991.369747335,110.40818238806,181138,381130,199991
"Conservancy","Conservancy_65","Eiseb","Goats","Browser-Mixed","Goat_Browser_Mixed","SSP585_2050",346672.851509148,301443.731507292,-45229.1200018555,-13.0466287755048,346673,301444,-45229
"Conservancy","Conservancy_65","Eiseb","Donkeys","Grazer","Donkey_Grazer","SSP585_2050",61066.4373361278,162668.083717108,101601.64638098,166.378866711569,61066,162668,101602
"Conservancy","Conservancy_66","Otjambangu","Cattle","Grazer","Cattle_Grazer","SSP585_2050",753.410866915166,2146.22343249276,1392.81256557759,184.867597049728,753,2146,1393
"Conservancy","Conservancy_66","Otjambangu","Sheep","Grazer-Mixed","Sheep_Grazer_Mixed","SSP585_2050",9377.49796409515,17651.8180693792,8274.32010528407,88.2359040435416,9377,17652,8274
"Conservancy","Conservancy_66","Otjambangu","Goats","Browser-Mixed","Goat_Browser_Mixed","SSP585_2050",17998.2952892769,16206.0916209358,-1792.20366834108,-9.95763009516156,17998,16206,-1792
"Conservancy","Conservancy_66","Otjambangu","Donkeys","Grazer","Donkey_Grazer","SSP585_2050",3162.79159365167,7358.44094301247,4195.64934936081,132.656522730814,3163,7358,4196
"Conservancy","Conservancy_67","Sikunga","Cattle","Grazer","Cattle_Grazer","SSP585_2050",1227.08748729335,1225.45396703658,-1.63352025677204,-0.133121743452472,1227,1225,-2
"Conservancy","Conservancy_67","Sikunga","Sheep","Grazer-Mixed","Sheep_Grazer_Mixed","SSP585_2050",12412.0515507667,12298.9999113903,-113.051639376343,-0.910821542385228,12412,12299,-113
"Conservancy","Conservancy_67","Sikunga","Goats","Browser-Mixed","Goat_Browser_Mixed","SSP585_2050",12761.858401116,12571.5732277138,-190.285173402121,-1.49104595444721,12762,12572,-190
"Conservancy","Conservancy_67","Sikunga","Donkeys","Grazer","Donkey_Grazer","SSP585_2050",4518.47586841924,4483.15141341018,-35.3244550090549,-0.781778104779675,4518,4483,-35
"Conservancy","Conservancy_68","Okongo","Cattle","Grazer","Cattle_Grazer","SSP585_2050",2846.72255842896,5121.56469289999,2274.84213447103,79.9109181797631,2847,5122,2275
"Conservancy","Conservancy_68","Okongo","Sheep","Grazer-Mixed","Sheep_Grazer_Mixed","SSP585_2050",35478.4388301001,47874.5408871225,12396.1020570224,34.9398182833949,35478,47875,12396
"Conservancy","Conservancy_68","Okongo","Goats","Browser-Mixed","Goat_Browser_Mixed","SSP585_2050",69193.8962998117,64145.380573587,-5048.51572622469,-7.29618650805537,69194,64145,-5049
"Conservancy","Conservancy_68","Okongo","Donkeys","Grazer","Donkey_Grazer","SSP585_2050",11856.5063717247,18395.6732074797,6539.16683575497,55.1525603811043,11857,18396,6539
"Conservancy","Conservancy_69","Okatjandja Kozomenje","Cattle","Grazer","Cattle_Grazer","SSP585_2050",1468.74126793525,4112.68774039725,2643.946472462,180.014447076772,1469,4113,2644
"Conservancy","Conservancy_69","Okatjandja Kozomenje","Sheep","Grazer-Mixed","Sheep_Grazer_Mixed","SSP585_2050",18113.5080326767,33787.119024348,15673.6109916713,86.5299585447292,18114,33787,15674
"Conservancy","Conservancy_69","Okatjandja Kozomenje","Goats","Browser-Mixed","Goat_Browser_Mixed","SSP585_2050",34439.3754364384,30907.9870033754,-3531.38843306303,-10.2539270480691,34439,30908,-3531
"Conservancy","Conservancy_69","Okatjandja Kozomenje","Donkeys","Grazer","Donkey_Grazer","SSP585_2050",6125.79374873192,14087.1246002506,7961.33085151864,129.964069605946,6126,14087,7961
"Conservancy","Conservancy_70","Otjombande","Cattle","Grazer","Cattle_Grazer","SSP585_2050",724.926785756635,2066.98080874744,1342.0540229908,185.129595065252,725,2067,1342
"Conservancy","Conservancy_70","Otjombande","Sheep","Grazer-Mixed","Sheep_Grazer_Mixed","SSP585_2050",9022.23165358829,16976.43475568,7954.20310209171,88.1622574934461,9022,16976,7954
"Conservancy","Conservancy_70","Otjombande","Goats","Browser-Mixed","Goat_Browser_Mixed","SSP585_2050",17315.3940826442,15516.5084253373,-1798.88565730688,-10.3889385867918,17315,15517,-1799
"Conservancy","Conservancy_70","Otjombande","Donkeys","Grazer","Donkey_Grazer","SSP585_2050",3037.78843555161,7078.76346283518,4040.97502728356,133.023583209138,3038,7079,4041
"Conservancy","Conservancy_71","Sobbe","Cattle","Grazer","Cattle_Grazer","SSP585_2050",1080.0711515049,1340.16825590442,260.097104399511,24.0814787097228,1080,1340,260
"Conservancy","Conservancy_71","Sobbe","Sheep","Grazer-Mixed","Sheep_Grazer_Mixed","SSP585_2050",11553.9184315597,13084.7481820787,1530.82975051899,13.249442252747,11554,13085,1531
"Conservancy","Conservancy_71","Sobbe","Goats","Browser-Mixed","Goat_Browser_Mixed","SSP585_2050",19336.8112996877,18968.1864689037,-368.624830783974,-1.90633721905291,19337,18968,-369
"Conservancy","Conservancy_71","Sobbe","Donkeys","Grazer","Donkey_Grazer","SSP585_2050",4135.25948911972,4915.26353058793,780.004041468219,18.862275596501,4135,4915,780
"Conservancy","Conservancy_72","Balyerwa","Cattle","Grazer","Cattle_Grazer","SSP585_2050",859.886197167095,969.819259783243,109.933062616149,12.784606030231,860,970,110
"Conservancy","Conservancy_72","Balyerwa","Sheep","Grazer-Mixed","Sheep_Grazer_Mixed","SSP585_2050",8578.55086231452,9230.11174787047,651.560885555949,7.59523252835452,8579,9230,652
"Conservancy","Conservancy_72","Balyerwa","Goats","Browser-Mixed","Goat_Browser_Mixed","SSP585_2050",10761.3423158106,10613.9883298933,-147.353985917276,-1.36929001599348,10761,10614,-147
"Conservancy","Conservancy_72","Balyerwa","Donkeys","Grazer","Donkey_Grazer","SSP585_2050",3177.9126360508,3508.92521311134,331.012577060545,10.4160376627564,3178,3509,331
"Conservancy","Conservancy_73","Wuparo","Cattle","Grazer","Cattle_Grazer","SSP585_2050",879.684353990056,977.493221922523,97.8088679324673,11.1186322103863,880,977,98
"Conservancy","Conservancy_73","Wuparo","Sheep","Grazer-Mixed","Sheep_Grazer_Mixed","SSP585_2050",8025.5947006258,8605.29684926713,579.70214864133,7.22316750677838,8026,8605,580
"Conservancy","Conservancy_73","Wuparo","Goats","Browser-Mixed","Goat_Browser_Mixed","SSP585_2050",9211.9727431623,9080.86999568196,-131.10274748034,-1.42317776154572,9212,9081,-131
"Conservancy","Conservancy_73","Wuparo","Donkeys","Grazer","Donkey_Grazer","SSP585_2050",3146.42568567502,3440.93185755114,294.506171876127,9.36002312773343,3146,3441,295
"Conservancy","Conservancy_74","Dzoti","Cattle","Grazer","Cattle_Grazer","SSP585_2050",1153.12091664305,1351.8019211877,198.681004544655,17.2298500250132,1153,1352,199
"Conservancy","Conservancy_74","Dzoti","Sheep","Grazer-Mixed","Sheep_Grazer_Mixed","SSP585_2050",11164.4645975615,12342.0245434375,1177.55994587606,10.5473928963263,11164,12342,1178
"Conservancy","Conservancy_74","Dzoti","Goats","Browser-Mixed","Goat_Browser_Mixed","SSP585_2050",14238.7748385285,13972.4633463442,-266.311492184359,-1.87032588972297,14239,13972,-266
"Conservancy","Conservancy_74","Dzoti","Donkeys","Grazer","Donkey_Grazer","SSP585_2050",4234.34882432646,4832.58478503045,598.235960703994,14.128169065031,4234,4833,598
"Conservancy","Conservancy_75","Huibes","Cattle","Grazer","Cattle_Grazer","SSP585_2050",6061.40126264043,7675.53095473389,1614.12969209346,26.6296458880256,6061,7676,1614
"Conservancy","Conservancy_75","Huibes","Sheep","Grazer-Mixed","Sheep_Grazer_Mixed","SSP585_2050",54736.5781075353,64329.0147018098,9592.43659427447,17.5247283003866,54737,64329,9592
"Conservancy","Conservancy_75","Huibes","Goats","Browser-Mixed","Goat_Browser_Mixed","SSP585_2050",64669.3052855417,62605.2354860665,-2064.06979947525,-3.19173028125403,64669,62605,-2064
"Conservancy","Conservancy_75","Huibes","Donkeys","Grazer","Donkey_Grazer","SSP585_2050",21665.796141486,26528.4495405747,4862.65339908875,22.4439174417305,21666,26528,4863
"Conservancy","Conservancy_76","Kabulabula","Cattle","Grazer","Cattle_Grazer","SSP585_2050",415.050459271152,404.618714454667,-10.4317448164849,-2.51336785286385,415,405,-10
"Conservancy","Conservancy_76","Kabulabula","Sheep","Grazer-Mixed","Sheep_Grazer_Mixed","SSP585_2050",4124.61764861233,4053.67271277778,-70.9449358345469,-1.7200366646934,4125,4054,-71
"Conservancy","Conservancy_76","Kabulabula","Goats","Browser-Mixed","Goat_Browser_Mixed","SSP585_2050",3874.44017238232,3871.44671517412,-2.99345720820884,-0.0772616707194685,3874,3871,-3
"Conservancy","Conservancy_76","Kabulabula","Donkeys","Grazer","Donkey_Grazer","SSP585_2050",1513.37488705565,1479.28273551772,-34.0921515379328,-2.25272348771828,1513,1479,-34
"Conservancy","Conservancy_77","Okongoro","Cattle","Grazer","Cattle_Grazer","SSP585_2050",2294.73004005825,6103.1012787104,3808.37123865215,165.961623902195,2295,6103,3808
"Conservancy","Conservancy_77","Okongoro","Sheep","Grazer-Mixed","Sheep_Grazer_Mixed","SSP585_2050",27458.4745164312,50030.2620908956,22571.7875744644,82.2033560566427,27458,50030,22572
"Conservancy","Conservancy_77","Okongoro","Goats","Browser-Mixed","Goat_Browser_Mixed","SSP585_2050",50544.9353613188,45440.2046414301,-5104.73071988871,-10.0993911326579,50545,45440,-5105
"Conservancy","Conservancy_77","Okongoro","Donkeys","Grazer","Donkey_Grazer","SSP585_2050",9414.0559322432,20881.2046508338,11467.1487185906,121.808801659182,9414,20881,11467
"Conservancy","Conservancy_78","Lusese","Cattle","Grazer","Cattle_Grazer","SSP585_2050",804.958267359962,848.504702555373,43.5464351954105,5.40977550777019,805,849,44
"Conservancy","Conservancy_78","Lusese","Sheep","Grazer-Mixed","Sheep_Grazer_Mixed","SSP585_2050",8355.03109048753,8534.94939866334,179.918308175809,2.15341279077527,8355,8535,180
"Conservancy","Conservancy_78","Lusese","Goats","Browser-Mixed","Goat_Browser_Mixed","SSP585_2050",9381.19163978926,9177.25752990719,-203.934109882062,-2.17386146358101,9381,9177,-204
"Conservancy","Conservancy_78","Lusese","Donkeys","Grazer","Donkey_Grazer","SSP585_2050",2996.78834261408,3104.91297977539,108.124637161307,3.60801714367959,2997,3105,108
"Conservancy","Conservancy_79","Nakabolelwa","Cattle","Grazer","Cattle_Grazer","SSP585_2050",521.325746001631,513.654581937902,-7.67116406372907,-1.47147232273947,521,514,-8
"Conservancy","Conservancy_79","Nakabolelwa","Sheep","Grazer-Mixed","Sheep_Grazer_Mixed","SSP585_2050",5209.17613214818,5149.13962060772,-60.0365115404547,-1.15251452470463,5209,5149,-60
"Conservancy","Conservancy_79","Nakabolelwa","Goats","Browser-Mixed","Goat_Browser_Mixed","SSP585_2050",4998.67270648967,4981.8250709501,-16.8476355395687,-0.337042181571436,4999,4982,-17
"Conservancy","Conservancy_79","Nakabolelwa","Donkeys","Grazer","Donkey_Grazer","SSP585_2050",1906.43815199838,1879.054167402,-27.3839845963835,-1.43639512080047,1906,1879,-27
"Conservancy","Conservancy_80","Ohungu","Cattle","Grazer","Cattle_Grazer","SSP585_2050",4557.57103045595,6492.50808990843,1934.93705945249,42.4554449403483,4558,6493,1935
"Conservancy","Conservancy_80","Ohungu","Sheep","Grazer-Mixed","Sheep_Grazer_Mixed","SSP585_2050",39853.9831802507,52530.5391711428,12676.5559908922,31.8075007297488,39854,52531,12677
"Conservancy","Conservancy_80","Ohungu","Goats","Browser-Mixed","Goat_Browser_Mixed","SSP585_2050",43556.3427867826,45646.6235968953,2090.28081011273,4.79902736633581,43556,45647,2090
"Conservancy","Conservancy_80","Ohungu","Donkeys","Grazer","Donkey_Grazer","SSP585_2050",16436.0388173922,22377.4530611985,5941.4142438063,36.1486992688241,16436,22377,5941
"Conservancy","Conservancy_81","Maurus Nekaro","Cattle","Grazer","Cattle_Grazer","SSP585_2050",2675.06855031039,3432.34551626446,757.276965954076,28.3086938413675,2675,3432,757
"Conservancy","Conservancy_81","Maurus Nekaro","Sheep","Grazer-Mixed","Sheep_Grazer_Mixed","SSP585_2050",31414.5314943916,34293.2294016127,2878.69790722105,9.16358694617162,31415,34293,2879
"Conservancy","Conservancy_81","Maurus Nekaro","Goats","Browser-Mixed","Goat_Browser_Mixed","SSP585_2050",56927.5507455305,53120.1505445395,-3807.40020099099,-6.68815037908498,56928,53120,-3807
"Conservancy","Conservancy_81","Maurus Nekaro","Donkeys","Grazer","Donkey_Grazer","SSP585_2050",10591.4189444811,12484.3611949478,1892.94225046674,17.8724140777483,10591,12484,1893
"Conservancy","Conservancy_82","Kapinga kaMwalye","Cattle","Grazer","Cattle_Grazer","SSP585_2050",2873.07150844532,3950.970427434,1077.89891898868,37.517302156254,2873,3951,1078
"Conservancy","Conservancy_82","Kapinga kaMwalye","Sheep","Grazer-Mixed","Sheep_Grazer_Mixed","SSP585_2050",35207.9485356054,40934.0391946275,5726.09065902213,16.2636305072742,35208,40934,5726
"Conservancy","Conservancy_82","Kapinga kaMwalye","Goats","Browser-Mixed","Goat_Browser_Mixed","SSP585_2050",66716.9507403647,64090.6601227365,-2626.29061762825,-3.93646680264017,66717,64091,-2626
"Conservancy","Conservancy_82","Kapinga kaMwalye","Donkeys","Grazer","Donkey_Grazer","SSP585_2050",11832.7227315034,14903.3409149504,3070.618183447,25.9502250929265,11833,14903,3071
"Conservancy","Conservancy_83","Otjindjerese","Cattle","Grazer","Cattle_Grazer","SSP585_2050",1696.4758951265,4694.26729843538,2997.79140330888,176.706984869087,1696,4694,2998
"Conservancy","Conservancy_83","Otjindjerese","Sheep","Grazer-Mixed","Sheep_Grazer_Mixed","SSP585_2050",20515.4112225087,38315.5131513635,17800.1019288548,86.7645387937687,20515,38316,17800
"Conservancy","Conservancy_83","Otjindjerese","Goats","Browser-Mixed","Goat_Browser_Mixed","SSP585_2050",38167.001977041,34274.8584349541,-3892.14354208687,-10.1976664146378,38167,34275,-3892
"Conservancy","Conservancy_83","Otjindjerese","Donkeys","Grazer","Donkey_Grazer","SSP585_2050",6988.51330939433,16018.0781129516,9029.56480355724,129.205803921404,6989,16018,9030
"Conservancy","Conservancy_84","Nyae Nyae","Cattle","Grazer","Cattle_Grazer","SSP585_2050",23603.9390982075,66021.1764144685,42417.237316261,179.704061850771,23604,66021,42417
"Conservancy","Conservancy_84","Nyae Nyae","Sheep","Grazer-Mixed","Sheep_Grazer_Mixed","SSP585_2050",268150.368400578,519552.558523498,251402.19012292,93.7541841252894,268150,519553,251402
"Conservancy","Conservancy_84","Nyae Nyae","Goats","Browser-Mixed","Goat_Browser_Mixed","SSP585_2050",464935.94747,408079.994934826,-56855.9525351736,-12.2287710478318,464936,408080,-56856
"Conservancy","Conservancy_84","Nyae Nyae","Donkeys","Grazer","Donkey_Grazer","SSP585_2050",94208.9039779994,221928.797354114,127719.893376115,135.570936485941,94209,221929,127720
"Conservancy","Conservancy_85","Ekango Lyomongwa","Cattle","Grazer","Cattle_Grazer","SSP585_2050",7874.68087998859,9520.42766037869,1645.7467803901,20.8992187171968,7875,9520,1646
"Conservancy","Conservancy_85","Ekango Lyomongwa","Sheep","Grazer-Mixed","Sheep_Grazer_Mixed","SSP585_2050",65430.62328359,75365.0135715128,9934.39028792283,15.183089797059,65431,75365,9934
"Conservancy","Conservancy_85","Ekango Lyomongwa","Goats","Browser-Mixed","Goat_Browser_Mixed","SSP585_2050",62028.5268807903,60523.9032869624,-1504.62359382786,-2.42569615867151,62029,60524,-1505
"Conservancy","Conservancy_85","Ekango Lyomongwa","Donkeys","Grazer","Donkey_Grazer","SSP585_2050",27144.4391921804,32118.4387527839,4973.99956060347,18.3241934946158,27144,32118,4974
"Conservancy","Conservancy_86","#Khoadi-//Hôas","Cattle","Grazer","Cattle_Grazer","SSP585_2050",13780.4374618782,22088.1474128568,8307.70995097858,60.2862570506979,13780,22088,8308
"Conservancy","Conservancy_86","#Khoadi-//Hôas","Sheep","Grazer-Mixed","Sheep_Grazer_Mixed","SSP585_2050",123296.808260891,175442.23090839,52145.4226474996,42.2925973372824,123297,175442,52145
"Conservancy","Conservancy_86","#Khoadi-//Hôas","Goats","Browser-Mixed","Goat_Browser_Mixed","SSP585_2050",142548.056743731,142685.776757575,137.720013843908,0.0966130419381984,142548,142686,138
"Conservancy","Conservancy_86","#Khoadi-//Hôas","Donkeys","Grazer","Donkey_Grazer","SSP585_2050",49637.2588003169,74928.5673353836,25291.3085350667,50.9522667978298,49637,74929,25291
"Conservancy","Conservancy_87","Joseph Mbambangandu","Cattle","Grazer","Cattle_Grazer","SSP585_2050",129.24751895781,138.502582702629,9.25506374481947,7.1607283601634,129,139,9
"Conservancy","Conservancy_87","Joseph Mbambangandu","Sheep","Grazer-Mixed","Sheep_Grazer_Mixed","SSP585_2050",1332.52067912248,1315.11004543966,-17.410633682817,-1.30659388297693,1333,1315,-17
"Conservancy","Conservancy_87","Joseph Mbambangandu","Goats","Browser-Mixed","Goat_Browser_Mixed","SSP585_2050",2077.32447826197,1933.04448611235,-144.279992149626,-6.94547210411443,2077,1933,-144
"Conservancy","Conservancy_87","Joseph Mbambangandu","Donkeys","Grazer","Donkey_Grazer","SSP585_2050",465.96578475116,477.004602762098,11.0388180109382,2.36901900787271,466,477,11
"Conservancy","Conservancy_88","Impalila","Cattle","Grazer","Cattle_Grazer","SSP585_2050",267.338086933495,267.810057850504,0.471970917008889,0.17654458533112,267,268,0
"Conservancy","Conservancy_88","Impalila","Sheep","Grazer-Mixed","Sheep_Grazer_Mixed","SSP585_2050",2737.54017880208,2726.05303051959,-11.4871482824883,-0.419615696289615,2738,2726,-11
"Conservancy","Conservancy_88","Impalila","Goats","Browser-Mixed","Goat_Browser_Mixed","SSP585_2050",3086.12029138647,3058.89000018511,-27.2302912013588,-0.882347045167358,3086,3059,-27
"Conservancy","Conservancy_88","Impalila","Donkeys","Grazer","Donkey_Grazer","SSP585_2050",981.315881404862,978.535283779199,-2.7805976256634,-0.28335398196987,981,979,-3
"Conservancy","Conservancy_89","Kasika","Cattle","Grazer","Cattle_Grazer","SSP585_2050",671.316948165412,662.8906253334,-8.42632283201135,-1.25519292415289,671,663,-8
"Conservancy","Conservancy_89","Kasika","Sheep","Grazer-Mixed","Sheep_Grazer_Mixed","SSP585_2050",6719.78441918312,6662.4780966882,-57.3063224949228,-0.852800014407146,6720,6662,-57
"Conservancy","Conservancy_89","Kasika","Goats","Browser-Mixed","Goat_Browser_Mixed","SSP585_2050",6357.62142517745,6355.20343688653,-2.41798829092386,-0.038032907737289,6358,6355,-2
"Conservancy","Conservancy_89","Kasika","Donkeys","Grazer","Donkey_Grazer","SSP585_2050",2454.72508540086,2427.18688542088,-27.5381999799793,-1.12184456596622,2455,2427,-28
"Conservancy","Conservancy_90","!Gawachab","Cattle","Grazer","Cattle_Grazer","SSP585_2050",34.2165762360392,326.446802080773,292.230225844734,854.060394087407,34,326,292
"Conservancy","Conservancy_90","!Gawachab","Sheep","Grazer-Mixed","Sheep_Grazer_Mixed","SSP585_2050",444.799340764497,2588.29893206977,2143.49959130527,481.902600759511,445,2588,2143
"Conservancy","Conservancy_90","!Gawachab","Goats","Browser-Mixed","Goat_Browser_Mixed","SSP585_2050",880.452727460701,2083.69379568205,1203.24106822135,136.661632214099,880,2084,1203
"Conservancy","Conservancy_90","!Gawachab","Donkeys","Grazer","Donkey_Grazer","SSP585_2050",283.75122281742,1202.91091496946,919.159692152037,323.931535175611,284,1203,919
"Conservancy","Conservancy_1","Okanguati","Cattle","Grazer","Cattle_Grazer","SSP585_2090",2532.85797870555,6996.9723436623,4464.11436495674,176.248111914991,2533,6997,4464
"Conservancy","Conservancy_1","Okanguati","Sheep","Grazer-Mixed","Sheep_Grazer_Mixed","SSP585_2090",31073.4237077003,57531.7269663869,26458.3032586867,85.1476924704955,31073,57532,26458
"Conservancy","Conservancy_1","Okanguati","Goats","Browser-Mixed","Goat_Browser_Mixed","SSP585_2090",58758.5049490379,52774.8178797184,-5983.68706931951,-10.1835250480067,58759,52775,-5984
"Conservancy","Conservancy_1","Okanguati","Donkeys","Grazer","Donkey_Grazer","SSP585_2090",10532.499068028,23974.1149483834,13441.6158803554,127.620385186249,10532,23974,13442
"Conservancy","Conservancy_2","Iipumbu ya Tshilongo","Cattle","Grazer","Cattle_Grazer","SSP585_2090",9870.52539239338,11214.265284415,1343.73989202162,13.613661265257,9871,11214,1344
"Conservancy","Conservancy_2","Iipumbu ya Tshilongo","Sheep","Grazer-Mixed","Sheep_Grazer_Mixed","SSP585_2090",79359.7226524292,87472.3559901625,8112.63333773332,10.2226079761696,79360,87472,8113
"Conservancy","Conservancy_2","Iipumbu ya Tshilongo","Goats","Browser-Mixed","Goat_Browser_Mixed","SSP585_2090",67482.3344286065,66256.548047617,-1225.78638098954,-1.81645521212128,67482,66257,-1226
"Conservancy","Conservancy_2","Iipumbu ya Tshilongo","Donkeys","Grazer","Donkey_Grazer","SSP585_2090",33534.7112489463,37594.9191551501,4060.20790620379,12.1074783559717,33535,37595,4060
"Conservancy","Conservancy_3","Otjitanda","Cattle","Grazer","Cattle_Grazer","SSP585_2090",2395.12398868972,6834.31640597817,4439.19241728846,185.342906599043,2395,6834,4439
"Conservancy","Conservancy_3","Otjitanda","Sheep","Grazer-Mixed","Sheep_Grazer_Mixed","SSP585_2090",28767.1872850749,55854.8191018956,27087.6318168208,94.1615582656373,28767,55855,27088
"Conservancy","Conservancy_3","Otjitanda","Goats","Browser-Mixed","Goat_Browser_Mixed","SSP585_2090",53165.7295641615,50227.3116893979,-2938.41787476368,-5.52690219592968,53166,50227,-2938
"Conservancy","Conservancy_3","Otjitanda","Donkeys","Grazer","Donkey_Grazer","SSP585_2090",10008.1310550423,23448.8126938038,13440.6816387614,134.297618255006,10008,23449,13441
"Conservancy","Conservancy_4","Orupupa","Cattle","Grazer","Cattle_Grazer","SSP585_2090",2630.66740740248,5337.48660448944,2706.81919708695,102.894770713705,2631,5337,2707
"Conservancy","Conservancy_4","Orupupa","Sheep","Grazer-Mixed","Sheep_Grazer_Mixed","SSP585_2090",31913.1158712965,48060.4175410244,16147.301669728,50.5976969934525,31913,48060,16147
"Conservancy","Conservancy_4","Orupupa","Goats","Browser-Mixed","Goat_Browser_Mixed","SSP585_2090",59630.8696703188,56406.8892670721,-3223.98040324669,-5.40656277708359,59631,56407,-3224
"Conservancy","Conservancy_4","Orupupa","Donkeys","Grazer","Donkey_Grazer","SSP585_2090",10909.2156832888,19069.4959848618,8160.28030157299,74.8017138763994,10909,19069,8160
"Conservancy","Conservancy_5","Omuramba ua Mbinda","Cattle","Grazer","Cattle_Grazer","SSP585_2090",6576.18025077675,21718.3779672129,15142.1977164362,230.258252344097,6576,21718,15142
"Conservancy","Conservancy_5","Omuramba ua Mbinda","Sheep","Grazer-Mixed","Sheep_Grazer_Mixed","SSP585_2090",81845.2604925243,171591.361607105,89746.1011145811,109.653388081987,81845,171591,89746
"Conservancy","Conservancy_5","Omuramba ua Mbinda","Goats","Browser-Mixed","Goat_Browser_Mixed","SSP585_2090",157076.76256141,136780.200854081,-20296.5617073291,-12.9214285909375,157077,136780,-20297
"Conservancy","Conservancy_5","Omuramba ua Mbinda","Donkeys","Grazer","Donkey_Grazer","SSP585_2090",27557.3267651597,73151.0523395945,45593.7255744348,165.450466088308,27557,73151,45594
"Conservancy","Conservancy_6","Otjombinde","Cattle","Grazer","Cattle_Grazer","SSP585_2090",12000.773745355,39640.0991545479,27639.3254091929,230.312861451045,12001,39640,27639
"Conservancy","Conservancy_6","Otjombinde","Sheep","Grazer-Mixed","Sheep_Grazer_Mixed","SSP585_2090",149276.420979062,313091.590967217,163815.169988154,109.739481234703,149276,313092,163815
"Conservancy","Conservancy_6","Otjombinde","Goats","Browser-Mixed","Goat_Browser_Mixed","SSP585_2090",286330.585204152,249282.906642426,-37047.6785617261,-12.9387779287746,286331,249283,-37048
"Conservancy","Conservancy_6","Otjombinde","Donkeys","Grazer","Donkey_Grazer","SSP585_2090",50274.1603032985,133497.206347756,83223.0460444572,165.538410870279,50274,133497,83223
"Conservancy","Conservancy_7","Bamunu","Cattle","Grazer","Cattle_Grazer","SSP585_2090",1943.52532954582,2217.13964461005,273.614315064226,14.0782479602757,1944,2217,274
"Conservancy","Conservancy_7","Bamunu","Sheep","Grazer-Mixed","Sheep_Grazer_Mixed","SSP585_2090",19616.0364681248,21169.424503952,1553.38803582722,7.91896996292502,19616,21169,1553
"Conservancy","Conservancy_7","Bamunu","Goats","Browser-Mixed","Goat_Browser_Mixed","SSP585_2090",25181.8248504463,24687.9110683739,-493.913782072443,-1.96138995091012,25182,24688,-494
"Conservancy","Conservancy_7","Bamunu","Donkeys","Grazer","Donkey_Grazer","SSP585_2090",7227.57887126487,8031.35366403664,803.774792771772,11.1209411490117,7228,8031,804
"Conservancy","Conservancy_8","Mashi","Cattle","Grazer","Cattle_Grazer","SSP585_2090",925.674884321607,1175.53897807682,249.864093755208,26.9926405034014,926,1176,250
"Conservancy","Conservancy_8","Mashi","Sheep","Grazer-Mixed","Sheep_Grazer_Mixed","SSP585_2090",10667.6499025204,12120.7079708278,1453.05806830745,13.6211638138232,10668,12121,1453
"Conservancy","Conservancy_8","Mashi","Goats","Browser-Mixed","Goat_Browser_Mixed","SSP585_2090",19819.4486027066,19432.6593349548,-386.789267751745,-1.95156422111019,19819,19433,-387
"Conservancy","Conservancy_8","Mashi","Donkeys","Grazer","Donkey_Grazer","SSP585_2090",3630.93743358861,4375.09319162729,744.155758038682,20.4948659030789,3631,4375,744
"Conservancy","Conservancy_9","Ovitoto","Cattle","Grazer","Cattle_Grazer","SSP585_2090",1263.63765915693,4137.26553669887,2873.62787754193,227.409167233837,1264,4137,2874
"Conservancy","Conservancy_9","Ovitoto","Sheep","Grazer-Mixed","Sheep_Grazer_Mixed","SSP585_2090",15726.873266536,32758.5421757077,17031.6689091717,108.296599206481,15727,32759,17032
"Conservancy","Conservancy_9","Ovitoto","Goats","Browser-Mixed","Goat_Browser_Mixed","SSP585_2090",30182.8880872913,26331.0848924934,-3851.80319479793,-12.7615461570749,30183,26331,-3852
"Conservancy","Conservancy_9","Ovitoto","Donkeys","Grazer","Donkey_Grazer","SSP585_2090",5295.2435240862,13947.8449037047,8652.60137961854,163.40327579385,5295,13948,8653
"Conservancy","Conservancy_10","Salambala","Cattle","Grazer","Cattle_Grazer","SSP585_2090",2849.45456302787,3014.11200957817,164.657446550302,5.77856017382269,2849,3014,165
"Conservancy","Conservancy_10","Salambala","Sheep","Grazer-Mixed","Sheep_Grazer_Mixed","SSP585_2090",30509.4184708128,30261.2700607009,-248.148410111873,-0.813350180205064,30509,30261,-248
"Conservancy","Conservancy_10","Salambala","Goats","Browser-Mixed","Goat_Browser_Mixed","SSP585_2090",42667.9602908007,40168.0655402782,-2499.89475052257,-5.85895068216222,42668,40168,-2500
"Conservancy","Conservancy_10","Salambala","Donkeys","Grazer","Donkey_Grazer","SSP585_2090",10888.2499139546,11023.9888264569,135.738912502293,1.24665500493635,10888,11024,136
"Conservancy","Conservancy_11","Doro !nawas Area2","Cattle","Grazer","Cattle_Grazer","SSP585_2090",1408.41396309202,5451.3272298842,4042.91326679218,287.05433010025,1408,5451,4043
"Conservancy","Conservancy_11","Doro !nawas Area2","Sheep","Grazer-Mixed","Sheep_Grazer_Mixed","SSP585_2090",13649.3035757512,42573.0263526267,28923.7227768755,211.906216433344,13649,42573,28924
"Conservancy","Conservancy_11","Doro !nawas Area2","Goats","Browser-Mixed","Goat_Browser_Mixed","SSP585_2090",18550.0393191365,32363.3951676354,13813.3558484989,74.4653723415496,18550,32363,13813
"Conservancy","Conservancy_11","Doro !nawas Area2","Donkeys","Grazer","Donkey_Grazer","SSP585_2090",6259.50853299577,18906.0854420106,12646.5769090148,202.03785716324,6260,18906,12647
"Conservancy","Conservancy_12","Doro !nawas/Uibasen Twyfelfontein/Sorris Sorri JMA","Cattle","Grazer","Cattle_Grazer","SSP585_2090",30.1275418270339,508.406598244653,478.279056417619,1587.51437194405,30,508,478
"Conservancy","Conservancy_12","Doro !nawas/Uibasen Twyfelfontein/Sorris Sorri JMA","Sheep","Grazer-Mixed","Sheep_Grazer_Mixed","SSP585_2090",397.683552116847,3933.76819736507,3536.08464524822,889.170453851018,398,3934,3536
"Conservancy","Conservancy_12","Doro !nawas/Uibasen Twyfelfontein/Sorris Sorri JMA","Goats","Browser-Mixed","Goat_Browser_Mixed","SSP585_2090",795.367104233694,2872.88411042215,2077.51700618845,261.202279441775,795,2873,2078
"Conservancy","Conservancy_12","Doro !nawas/Uibasen Twyfelfontein/Sorris Sorri JMA","Donkeys","Grazer","Donkey_Grazer","SSP585_2090",294.580408975442,1801.58756372354,1507.0071547481,511.577521393736,295,1802,1507
"Conservancy","Conservancy_13","Kwandu","Cattle","Grazer","Cattle_Grazer","SSP585_2090",578.947281818358,557.542630949059,-21.4046508692986,-3.69716752137965,579,558,-21
"Conservancy","Conservancy_13","Kwandu","Sheep","Grazer-Mixed","Sheep_Grazer_Mixed","SSP585_2090",5949.43115255807,5546.0832357432,-403.347916814876,-6.77960474660588,5949,5546,-403
"Conservancy","Conservancy_13","Kwandu","Goats","Browser-Mixed","Goat_Browser_Mixed","SSP585_2090",8656.69721591705,8170.57323658408,-486.123979332964,-5.61558256235564,8657,8171,-486
"Conservancy","Conservancy_13","Kwandu","Donkeys","Grazer","Donkey_Grazer","SSP585_2090",2171.94955415618,2026.1723823475,-145.777171808684,-6.71181204599013,2172,2026,-146
"Conservancy","Conservancy_14","Orupembe","Cattle","Grazer","Cattle_Grazer","SSP585_2090",1699.60200980919,14675.1007166629,12975.4987068537,763.443360973104,1700,14675,12975
"Conservancy","Conservancy_14","Orupembe","Sheep","Grazer-Mixed","Sheep_Grazer_Mixed","SSP585_2090",21422.5091215093,114574.494674508,93151.985552999,434.832283299017,21423,114574,93152
"Conservancy","Conservancy_14","Orupembe","Goats","Browser-Mixed","Goat_Browser_Mixed","SSP585_2090",41386.3670758843,86971.3342009446,45584.9671250603,110.144886700197,41386,86971,45585
"Conservancy","Conservancy_14","Orupembe","Donkeys","Grazer","Donkey_Grazer","SSP585_2090",10588.7654879236,51208.0304178753,40619.2649299517,383.607182312969,10589,51208,40619
"Conservancy","Conservancy_15","Mayuni","Cattle","Grazer","Cattle_Grazer","SSP585_2090",358.183608024588,469.1476405513,110.964032526712,30.9796512293478,358,469,111
"Conservancy","Conservancy_15","Mayuni","Sheep","Grazer-Mixed","Sheep_Grazer_Mixed","SSP585_2090",4144.24141190506,4754.99466461798,610.753252712924,14.7373956294734,4144,4755,611
"Conservancy","Conservancy_15","Mayuni","Goats","Browser-Mixed","Goat_Browser_Mixed","SSP585_2090",7198.96057049892,6962.86326639585,-236.097304103075,-3.27960268417906,7199,6963,-236
"Conservancy","Conservancy_15","Mayuni","Donkeys","Grazer","Donkey_Grazer","SSP585_2090",1433.8962088344,1754.2123074659,320.3160986315,22.3388622313104,1434,1754,320
"Conservancy","Conservancy_16","Uibasen Twyfelfontein","Cattle","Grazer","Cattle_Grazer","SSP585_2090",203.320480708186,1089.1122163038,885.79173559561,435.66281788746,203,1089,886
"Conservancy","Conservancy_16","Uibasen Twyfelfontein","Sheep","Grazer-Mixed","Sheep_Grazer_Mixed","SSP585_2090",1825.91490123435,8384.13301863045,6558.2181173961,359.17435763094,1826,8384,6558
"Conservancy","Conservancy_16","Uibasen Twyfelfontein","Goats","Browser-Mixed","Goat_Browser_Mixed","SSP585_2090",2109.63349608527,5993.12881625985,3883.49532017458,184.083886010578,2110,5993,3883
"Conservancy","Conservancy_16","Uibasen Twyfelfontein","Donkeys","Grazer","Donkey_Grazer","SSP585_2090",999.201264298269,3791.12026615844,2791.91900186017,279.415078985205,999,3791,2792
"Conservancy","Conservancy_17","Oskop","Cattle","Grazer","Cattle_Grazer","SSP585_2090",776.083236152456,776.083236152456,0,0,776,776,0
"Conservancy","Conservancy_17","Oskop","Sheep","Grazer-Mixed","Sheep_Grazer_Mixed","SSP585_2090",5839.25026881108,5839.25026881108,0,0,5839,5839,0
"Conservancy","Conservancy_17","Oskop","Goats","Browser-Mixed","Goat_Browser_Mixed","SSP585_2090",3756.24286297789,3756.24286297789,0,0,3756,3756,0
"Conservancy","Conservancy_17","Oskop","Donkeys","Grazer","Donkey_Grazer","SSP585_2090",2561.07467930311,2561.07467930311,0,0,2561,2561,0
"Conservancy","Conservancy_18","//Huab","Cattle","Grazer","Cattle_Grazer","SSP585_2090",3608.5365558269,9879.48677667789,6270.95022085099,173.780980844574,3609,9879,6271
"Conservancy","Conservancy_18","//Huab","Sheep","Grazer-Mixed","Sheep_Grazer_Mixed","SSP585_2090",41886.4570387944,80392.7296016934,38506.272562899,91.930125594617,41886,80393,38506
"Conservancy","Conservancy_18","//Huab","Goats","Browser-Mixed","Goat_Browser_Mixed","SSP585_2090",74466.4031161392,71251.131856605,-3215.27125953422,-4.31774750086911,74466,71251,-3215
"Conservancy","Conservancy_18","//Huab","Donkeys","Grazer","Donkey_Grazer","SSP585_2090",14878.9832130708,33888.7564397505,19009.7732266798,127.762582660757,14879,33889,19010
"Conservancy","Conservancy_19","Omatendeka","Cattle","Grazer","Cattle_Grazer","SSP585_2090",4154.22673529182,7884.41440106419,3730.18766577237,89.7925872481378,4154,7884,3730
"Conservancy","Conservancy_19","Omatendeka","Sheep","Grazer-Mixed","Sheep_Grazer_Mixed","SSP585_2090",45026.5344518924,68314.5125199476,23287.9780680552,51.7205651101946,45027,68315,23288
"Conservancy","Conservancy_19","Omatendeka","Goats","Browser-Mixed","Goat_Browser_Mixed","SSP585_2090",73363.8491948698,72936.0483053307,-427.800889539067,-0.58312219742279,73364,72936,-428
"Conservancy","Conservancy_19","Omatendeka","Donkeys","Grazer","Donkey_Grazer","SSP585_2090",16595.4624545382,27939.6944748325,11344.2320202943,68.3574323485765,16595,27940,11344
"Conservancy","Conservancy_20","//Gamaseb","Cattle","Grazer","Cattle_Grazer","SSP585_2090",674.32698947961,3832.5022815598,3158.17529208019,468.344785445619,674,3833,3158
"Conservancy","Conservancy_20","//Gamaseb","Sheep","Grazer-Mixed","Sheep_Grazer_Mixed","SSP585_2090",6789.24584014679,30134.4161827709,23345.1703426241,343.855133431423,6789,30134,23345
"Conservancy","Conservancy_20","//Gamaseb","Goats","Browser-Mixed","Goat_Browser_Mixed","SSP585_2090",9782.7533439715,23484.2582157192,13701.5048717477,140.05775664569,9783,23484,13702
"Conservancy","Conservancy_20","//Gamaseb","Donkeys","Grazer","Donkey_Grazer","SSP585_2090",4151.51506243305,14102.1816542257,9950.66659179267,239.687594580494,4152,14102,9951
"Conservancy","Conservancy_21","Ehi-Rovipuka","Cattle","Grazer","Cattle_Grazer","SSP585_2090",5998.44149811422,10497.4879328679,4499.04643475372,75.0035894518288,5998,10497,4499
"Conservancy","Conservancy_21","Ehi-Rovipuka","Sheep","Grazer-Mixed","Sheep_Grazer_Mixed","SSP585_2090",64893.8566470613,91803.8121457057,26909.9554986444,41.467647153412,64894,91804,26910
"Conservancy","Conservancy_21","Ehi-Rovipuka","Goats","Browser-Mixed","Goat_Browser_Mixed","SSP585_2090",105498.190352904,100415.823667446,-5082.36668545815,-4.8174918152217,105498,100416,-5082
"Conservancy","Conservancy_21","Ehi-Rovipuka","Donkeys","Grazer","Donkey_Grazer","SSP585_2090",23455.0482466172,37025.1748911505,13570.1266445333,57.8558888553575,23455,37025,13570
"Conservancy","Conservancy_22","/Audi","Cattle","Grazer","Cattle_Grazer","SSP585_2090",684.264922278156,1909.74767630628,1225.48275402813,179.094779540659,684,1910,1225
"Conservancy","Conservancy_22","/Audi","Sheep","Grazer-Mixed","Sheep_Grazer_Mixed","SSP585_2090",8486.78388570885,15750.0822005765,7263.29831486762,85.5836370135277,8487,15750,7263
"Conservancy","Conservancy_22","/Audi","Goats","Browser-Mixed","Goat_Browser_Mixed","SSP585_2090",16230.4566169025,14587.8227797151,-1642.63383718737,-10.1206877659666,16230,14588,-1643
"Conservancy","Conservancy_22","/Audi","Donkeys","Grazer","Donkey_Grazer","SSP585_2090",2862.07986695657,6552.05442875428,3689.97456179771,128.92633096649,2862,6552,3690
"Conservancy","Conservancy_23","Uukolonkadhi Ruacana","Cattle","Grazer","Cattle_Grazer","SSP585_2090",9634.86887954922,16157.3694558376,6522.50057628836,67.6968276146746,9635,16157,6523
"Conservancy","Conservancy_23","Uukolonkadhi Ruacana","Sheep","Grazer-Mixed","Sheep_Grazer_Mixed","SSP585_2090",98605.2975290903,137276.638981357,38671.3414522664,39.2183203350283,98605,137277,38671
"Conservancy","Conservancy_23","Uukolonkadhi Ruacana","Goats","Browser-Mixed","Goat_Browser_Mixed","SSP585_2090",147438.434031966,138885.9494712,-8552.48456076626,-5.80071581532941,147438,138886,-8552
"Conservancy","Conservancy_23","Uukolonkadhi Ruacana","Donkeys","Grazer","Donkey_Grazer","SSP585_2090",36397.4067800679,56109.2615817181,19711.8548016502,54.1573055486053,36397,56109,19712
"Conservancy","Conservancy_24","Uukwaluudhi","Cattle","Grazer","Cattle_Grazer","SSP585_2090",3238.48823983478,7020.59974730791,3782.11150747314,116.786328292058,3238,7021,3782
"Conservancy","Conservancy_24","Uukwaluudhi","Sheep","Grazer-Mixed","Sheep_Grazer_Mixed","SSP585_2090",39077.7801512104,61493.9292553704,22416.14910416,57.3629029525763,39078,61494,22416
"Conservancy","Conservancy_24","Uukwaluudhi","Goats","Browser-Mixed","Goat_Browser_Mixed","SSP585_2090",72603.4347322965,67533.9024865179,-5069.53224577857,-6.98249644038323,72603,67534,-5070
"Conservancy","Conservancy_24","Uukwaluudhi","Donkeys","Grazer","Donkey_Grazer","SSP585_2090",13348.7152015632,24736.7948841093,11388.079682546,85.3121780679868,13349,24737,11388
"Conservancy","Conservancy_25","Okamatapati","Cattle","Grazer","Cattle_Grazer","SSP585_2090",6375.59685781729,21059.2659433519,14683.6690855346,230.310501322407,6376,21059,14684
"Conservancy","Conservancy_25","Okamatapati","Sheep","Grazer-Mixed","Sheep_Grazer_Mixed","SSP585_2090",79328.2341864797,166356.687728136,87028.4535416559,109.706782754139,79328,166357,87028
"Conservancy","Conservancy_25","Okamatapati","Goats","Browser-Mixed","Goat_Browser_Mixed","SSP585_2090",152205.880602353,132523.929457239,-19681.9511451139,-12.9311371329562,152206,132524,-19682
"Conservancy","Conservancy_25","Okamatapati","Donkeys","Grazer","Donkey_Grazer","SSP585_2090",26713.0556065363,70926.1342658502,44213.0786593139,165.511124262758,26713,70926,44213
"Conservancy","Conservancy_26","Otjituuo","Cattle","Grazer","Cattle_Grazer","SSP585_2090",12703.7821154773,41795.6319337138,29091.8498182365,229.001485965295,12704,41796,29092
"Conservancy","Conservancy_26","Otjituuo","Sheep","Grazer-Mixed","Sheep_Grazer_Mixed","SSP585_2090",158107.642557198,330531.761188516,172424.118631317,109.054891871492,158108,330532,172424
"Conservancy","Conservancy_26","Otjituuo","Goats","Browser-Mixed","Goat_Browser_Mixed","SSP585_2090",303438.909958259,264444.271526397,-38994.6384318614,-12.8509024888158,303439,264444,-38995
"Conservancy","Conservancy_26","Otjituuo","Donkeys","Grazer","Donkey_Grazer","SSP585_2090",53234.8964839051,140831.548033739,87596.6515498335,164.547425345924,53235,140832,87597
"Conservancy","Conservancy_27","Ozonahi","Cattle","Grazer","Cattle_Grazer","SSP585_2090",6660.79465961192,21732.864419865,15072.0697602531,226.280354379386,6661,21733,15072
"Conservancy","Conservancy_27","Ozonahi","Sheep","Grazer-Mixed","Sheep_Grazer_Mixed","SSP585_2090",82502.8752688942,171833.335882378,89330.460613484,108.275572605606,82503,171833,89330
"Conservancy","Conservancy_27","Ozonahi","Goats","Browser-Mixed","Goat_Browser_Mixed","SSP585_2090",157567.467656253,137364.905275622,-20202.5623806306,-12.8215314246874,157567,137365,-20203
"Conservancy","Conservancy_27","Ozonahi","Donkeys","Grazer","Donkey_Grazer","SSP585_2090",27840.3494547266,73222.9171213605,45382.5676666339,163.010050360302,27840,73223,45383
"Conservancy","Conservancy_28","N#a Jaqna","Cattle","Grazer","Cattle_Grazer","SSP585_2090",19075.7119138824,62734.1622355184,43658.450321636,228.869310454743,19076,62734,43658
"Conservancy","Conservancy_28","N#a Jaqna","Sheep","Grazer-Mixed","Sheep_Grazer_Mixed","SSP585_2090",236789.424408513,495548.493748591,258759.069340078,109.278136042792,236789,495548,258759
"Conservancy","Conservancy_28","N#a Jaqna","Goats","Browser-Mixed","Goat_Browser_Mixed","SSP585_2090",453214.424582266,394698.647556099,-58515.7770261672,-12.9112786028604,453214,394699,-58516
"Conservancy","Conservancy_28","N#a Jaqna","Donkeys","Grazer","Donkey_Grazer","SSP585_2090",79814.9340738196,211273.507989114,131458.573915295,164.70423165884,79815,211274,131459
"Conservancy","Conservancy_29","!Han /Awab","Cattle","Grazer","Cattle_Grazer","SSP585_2090",12023.1248279125,12810.4335824067,787.308754494192,6.54828728606727,12023,12810,787
"Conservancy","Conservancy_29","!Han /Awab","Sheep","Grazer-Mixed","Sheep_Grazer_Mixed","SSP585_2090",91077.8791394866,96838.2480454683,5760.36890598171,6.32466298118301,91078,96838,5760
"Conservancy","Conservancy_29","!Han /Awab","Goats","Browser-Mixed","Goat_Browser_Mixed","SSP585_2090",60547.775936607,63733.2080545724,3185.43211796534,5.26102250444419,60548,63733,3185
"Conservancy","Conservancy_29","!Han /Awab","Donkeys","Grazer","Donkey_Grazer","SSP585_2090",40157.8165988123,42632.7758521182,2474.95925330588,6.16308221642479,40158,42633,2475
"Conservancy","Conservancy_30","!Khob !naub","Cattle","Grazer","Cattle_Grazer","SSP585_2090",3566.3123234238,8084.26767163247,4517.95534820867,126.684231174438,3566,8084,4518
"Conservancy","Conservancy_30","!Khob !naub","Sheep","Grazer-Mixed","Sheep_Grazer_Mixed","SSP585_2090",29493.7159610545,62823.1813430926,33329.4653820381,113.005310778908,29494,62823,33329
"Conservancy","Conservancy_30","!Khob !naub","Goats","Browser-Mixed","Goat_Browser_Mixed","SSP585_2090",27385.7561247526,46726.197131586,19340.4410068334,70.6222640657803,27386,46726,19340
"Conservancy","Conservancy_30","!Khob !naub","Donkeys","Grazer","Donkey_Grazer","SSP585_2090",14563.5344295045,28792.141441264,14228.6070117596,97.7002325955545,14564,28792,14229
"Conservancy","Conservancy_31","Anabeb","Cattle","Grazer","Cattle_Grazer","SSP585_2090",1293.40418364812,4514.88215881754,3221.47797516942,249.069704265457,1293,4515,3221
"Conservancy","Conservancy_31","Anabeb","Sheep","Grazer-Mixed","Sheep_Grazer_Mixed","SSP585_2090",15496.8332557974,37849.0834532415,22352.250197444,144.237534394854,15497,37849,22352
"Conservancy","Conservancy_31","Anabeb","Goats","Browser-Mixed","Goat_Browser_Mixed","SSP585_2090",28485.3971729249,36799.1518070825,8313.75463415761,29.186023223365,28485,36799,8314
"Conservancy","Conservancy_31","Anabeb","Donkeys","Grazer","Donkey_Grazer","SSP585_2090",6452.28992960149,16463.0858435905,10010.795913989,155.151055256553,6452,16463,10011
"Conservancy","Conservancy_32","Ozondundu","Cattle","Grazer","Cattle_Grazer","SSP585_2090",1510.58764481122,3175.40462205171,1664.81697724049,110.20988970478,1511,3175,1665
"Conservancy","Conservancy_32","Ozondundu","Sheep","Grazer-Mixed","Sheep_Grazer_Mixed","SSP585_2090",18800.3422308506,28667.525025229,9867.18279437846,52.4840594560393,18800,28668,9867
"Conservancy","Conservancy_32","Ozondundu","Goats","Browser-Mixed","Goat_Browser_Mixed","SSP585_2090",36081.464887491,33849.948621309,-2231.51626618195,-6.18466094195524,36081,33850,-2232
"Conservancy","Conservancy_32","Ozondundu","Donkeys","Grazer","Donkey_Grazer","SSP585_2090",6330.08155920894,11342.9079542554,5012.82639504642,79.1905498872097,6330,11343,5013
"Conservancy","Conservancy_33","Sesfontein","Cattle","Grazer","Cattle_Grazer","SSP585_2090",677.303957464178,5937.08245981494,5259.77850235076,776.575781727799,677,5937,5260
"Conservancy","Conservancy_33","Sesfontein","Sheep","Grazer-Mixed","Sheep_Grazer_Mixed","SSP585_2090",8781.35028025023,47365.9878507834,38584.6375705332,439.392990134015,8781,47366,38585
"Conservancy","Conservancy_33","Sesfontein","Goats","Browser-Mixed","Goat_Browser_Mixed","SSP585_2090",17350.6179494646,39024.2211633357,21673.6032138711,124.91545417574,17351,39024,21674
"Conservancy","Conservancy_33","Sesfontein","Donkeys","Grazer","Donkey_Grazer","SSP585_2090",5444.29085611696,21988.4281041741,16544.1372480572,303.880481136839,5444,21988,16544
"Conservancy","Conservancy_34","George Mukoya","Cattle","Grazer","Cattle_Grazer","SSP585_2090",998.540594214015,1505.50856331872,506.967969104704,50.7708922443715,999,1506,507
"Conservancy","Conservancy_34","George Mukoya","Sheep","Grazer-Mixed","Sheep_Grazer_Mixed","SSP585_2090",12458.2645072523,15458.613239456,3000.3487322037,24.0831997944587,12458,15459,3000
"Conservancy","Conservancy_34","George Mukoya","Goats","Browser-Mixed","Goat_Browser_Mixed","SSP585_2090",24152.3033278972,23464.5844014817,-687.718926415488,-2.84742584207749,24152,23465,-688
"Conservancy","Conservancy_34","George Mukoya","Donkeys","Grazer","Donkey_Grazer","SSP585_2090",4179.62083697882,5704.82813212762,1525.2072951488,36.4915229069265,4180,5705,1525
"Conservancy","Conservancy_35","Muduva Nyangana","Cattle","Grazer","Cattle_Grazer","SSP585_2090",1284.45593915509,1793.16120327786,508.705264122773,39.6047266874251,1284,1793,509
"Conservancy","Conservancy_35","Muduva Nyangana","Sheep","Grazer-Mixed","Sheep_Grazer_Mixed","SSP585_2090",15940.032888291,18505.7969952542,2565.76410696319,16.0963539093317,15940,18506,2566
"Conservancy","Conservancy_35","Muduva Nyangana","Goats","Browser-Mixed","Goat_Browser_Mixed","SSP585_2090",30540.1691842697,29021.7529192517,-1518.41626501795,-4.9718659246984,30540,29022,-1518
"Conservancy","Conservancy_35","Muduva Nyangana","Donkeys","Grazer","Donkey_Grazer","SSP585_2090",5372.03928290556,6771.61752964516,1399.5782467396,26.0530158666787,5372,6772,1400
"Conservancy","Conservancy_36","Shamungwa","Cattle","Grazer","Cattle_Grazer","SSP585_2090",110.629094393066,180.895939324863,70.2668449317965,63.5157011067431,111,181,70
"Conservancy","Conservancy_36","Shamungwa","Sheep","Grazer-Mixed","Sheep_Grazer_Mixed","SSP585_2090",1376.85810050342,1765.40185196402,388.543751460601,28.219592949959,1377,1765,389
"Conservancy","Conservancy_36","Shamungwa","Goats","Browser-Mixed","Goat_Browser_Mixed","SSP585_2090",2642.45494036009,2496.28257066559,-146.172369694502,-5.53168825934957,2642,2496,-146
"Conservancy","Conservancy_36","Shamungwa","Donkeys","Grazer","Donkey_Grazer","SSP585_2090",463.588586028086,666.952156069984,203.363570041897,43.8672513023383,464,667,203
"Conservancy","Conservancy_37","King Nehale","Cattle","Grazer","Cattle_Grazer","SSP585_2090",2560.06454965705,3275.25682457917,715.192274922121,27.9364938285611,2560,3275,715
"Conservancy","Conservancy_37","King Nehale","Sheep","Grazer-Mixed","Sheep_Grazer_Mixed","SSP585_2090",21966.3677494709,26255.1385836913,4288.77083422038,19.5242603744703,21966,26255,4289
"Conservancy","Conservancy_37","King Nehale","Goats","Browser-Mixed","Goat_Browser_Mixed","SSP585_2090",22843.4350218751,22131.3862314184,-712.048790456705,-3.11708282828234,22843,22131,-712
"Conservancy","Conservancy_37","King Nehale","Donkeys","Grazer","Donkey_Grazer","SSP585_2090",8959.9728078389,11112.9576705263,2152.98486268744,24.0289218378413,8960,11113,2153
"Conservancy","Conservancy_38","Doro !nawas Area1","Cattle","Grazer","Cattle_Grazer","SSP585_2090",529.979761758693,9588.30678517874,9058.32702342005,1709.18357209731,530,9588,9058
"Conservancy","Conservancy_38","Doro !nawas Area1","Sheep","Grazer-Mixed","Sheep_Grazer_Mixed","SSP585_2090",6960.14328711345,73933.8578617335,66973.7145746201,962.24620402026,6960,73934,66974
"Conservancy","Conservancy_38","Doro !nawas Area1","Goats","Browser-Mixed","Goat_Browser_Mixed","SSP585_2090",13856.2805292695,53212.2711427498,39355.9906134803,284.029978538224,13856,53212,39356
"Conservancy","Conservancy_38","Doro !nawas Area1","Donkeys","Grazer","Donkey_Grazer","SSP585_2090",5141.40747437594,33683.4681934971,28542.0607191211,555.14099711744,5141,33683,28542
"Conservancy","Conservancy_39","African Wild Dog","Cattle","Grazer","Cattle_Grazer","SSP585_2090",7834.15521072753,25791.6343199566,17957.4791092291,229.220364240925,7834,25792,17957
"Conservancy","Conservancy_39","African Wild Dog","Sheep","Grazer-Mixed","Sheep_Grazer_Mixed","SSP585_2090",97481.109168811,203913.066146266,106431.956977455,109.18213578504,97481,203913,106432
"Conservancy","Conservancy_39","African Wild Dog","Goats","Browser-Mixed","Goat_Browser_Mixed","SSP585_2090",187044.876802028,162974.719373499,-24070.1574285296,-12.8686536835788,187045,162975,-24070
"Conservancy","Conservancy_39","African Wild Dog","Donkeys","Grazer","Donkey_Grazer","SSP585_2090",32825.1231274576,86895.7666263283,54070.6434988708,164.723353173478,32825,86896,54071
"Conservancy","Conservancy_40","Torra","Cattle","Grazer","Cattle_Grazer","SSP585_2090",1277.58137608728,12825.0454261367,11547.4640500494,903.853505239301,1278,12825,11547
"Conservancy","Conservancy_40","Torra","Sheep","Grazer-Mixed","Sheep_Grazer_Mixed","SSP585_2090",14085.5841792456,99072.9663696067,84987.3821903611,603.364270227328,14086,99073,84987
"Conservancy","Conservancy_40","Torra","Goats","Browser-Mixed","Goat_Browser_Mixed","SSP585_2090",23229.3818574272,71888.1961644042,48658.8143069771,209.470982076173,23229,71888,48659
"Conservancy","Conservancy_40","Torra","Donkeys","Grazer","Donkey_Grazer","SSP585_2090",8577.43271300324,44925.3663570172,36347.933644014,423.762387420552,8577,44925,36348
"Conservancy","Conservancy_41","Ondjou","Cattle","Grazer","Cattle_Grazer","SSP585_2090",18164.3665278263,59369.3590668657,41204.9925390394,226.84519427593,18164,59369,41205
"Conservancy","Conservancy_41","Ondjou","Sheep","Grazer-Mixed","Sheep_Grazer_Mixed","SSP585_2090",224872.907987306,469090.259793523,244217.351806217,108.60238967515,224873,469090,244217
"Conservancy","Conservancy_41","Ondjou","Goats","Browser-Mixed","Goat_Browser_Mixed","SSP585_2090",429296.624302591,374065.561455561,-55231.0628470302,-12.865478021579,429297,374066,-55231
"Conservancy","Conservancy_41","Ondjou","Donkeys","Grazer","Donkey_Grazer","SSP585_2090",75897.9566350496,199967.735494321,124069.778859271,163.469195166679,75898,199968,124070
"Conservancy","Conservancy_42","#Gaingu","Cattle","Grazer","Cattle_Grazer","SSP585_2090",9.78206113844656,94.1911808350125,84.409119696566,862.897077639514,10,94,84
"Conservancy","Conservancy_42","#Gaingu","Sheep","Grazer-Mixed","Sheep_Grazer_Mixed","SSP585_2090",129.123207027495,753.189404518116,624.066197490621,483.310639393999,129,753,624
"Conservancy","Conservancy_42","#Gaingu","Goats","Browser-Mixed","Goat_Browser_Mixed","SSP585_2090",258.246414054989,624.897178486313,366.650764431324,141.977098025939,258,625,367
"Conservancy","Conservancy_42","#Gaingu","Donkeys","Grazer","Donkey_Grazer","SSP585_2090",95.6468200203664,361.611105100083,265.964285079717,278.069134993808,96,362,266
"Conservancy","Conservancy_43","#Gaingu","Cattle","Grazer","Cattle_Grazer","SSP585_2090",3034.46138795366,18313.089522385,15278.6281344314,503.503791318128,3034,18313,15279
"Conservancy","Conservancy_43","#Gaingu","Sheep","Grazer-Mixed","Sheep_Grazer_Mixed","SSP585_2090",33242.1334587982,145368.075279019,112125.941820221,337.30067884841,33242,145368,112126
"Conservancy","Conservancy_43","#Gaingu","Goats","Browser-Mixed","Goat_Browser_Mixed","SSP585_2090",54424.5047032311,117556.949575656,63132.4448724245,116.000035676349,54425,117557,63132
"Conservancy","Conservancy_43","#Gaingu","Donkeys","Grazer","Donkey_Grazer","SSP585_2090",19299.9207887026,67361.7072582934,48061.7864695908,249.025822415418,19300,67362,48062
"Conservancy","Conservancy_44","Sheya Shuushona","Cattle","Grazer","Cattle_Grazer","SSP585_2090",21433.2815980177,30510.8834404537,9077.60184243593,42.3528324438917,21433,30511,9078
"Conservancy","Conservancy_44","Sheya Shuushona","Sheep","Grazer-Mixed","Sheep_Grazer_Mixed","SSP585_2090",196947.522107251,250701.322582656,53753.8004754049,27.2934637106693,196948,250701,53754
"Conservancy","Conservancy_44","Sheya Shuushona","Goats","Browser-Mixed","Goat_Browser_Mixed","SSP585_2090",241814.65941095,229604.380882483,-12210.2785284663,-5.04943685308825,241815,229604,-12210
"Conservancy","Conservancy_44","Sheya Shuushona","Donkeys","Grazer","Donkey_Grazer","SSP585_2090",77185.7754350861,104501.577301074,27315.8018659879,35.3896838012086,77186,104502,27316
"Conservancy","Conservancy_45","!Khoro !goreb","Cattle","Grazer","Cattle_Grazer","SSP585_2090",2335.67545760055,6674.27917541137,4338.60371781082,185.753705793865,2336,6674,4339
"Conservancy","Conservancy_45","!Khoro !goreb","Sheep","Grazer-Mixed","Sheep_Grazer_Mixed","SSP585_2090",27047.3620323383,54177.1677666071,27129.8057342688,100.304812357789,27047,54177,27130
"Conservancy","Conservancy_45","!Khoro !goreb","Goats","Browser-Mixed","Goat_Browser_Mixed","SSP585_2090",47941.6361203474,47612.3513371861,-329.284783161311,-0.686845109613511,47942,47612,-329
"Conservancy","Conservancy_45","!Khoro !goreb","Donkeys","Grazer","Donkey_Grazer","SSP585_2090",9743.31722532941,22942.0025803762,13198.6853550468,135.463980591072,9743,22942,13199
"Conservancy","Conservancy_46","Otjimboyo","Cattle","Grazer","Cattle_Grazer","SSP585_2090",257.995082548084,1141.7452002097,883.750117661618,342.545334171983,258,1142,884
"Conservancy","Conservancy_46","Otjimboyo","Sheep","Grazer-Mixed","Sheep_Grazer_Mixed","SSP585_2090",2395.77640711232,8929.65067856042,6533.8742714481,272.724710538557,2396,8930,6534
"Conservancy","Conservancy_46","Otjimboyo","Goats","Browser-Mixed","Goat_Browser_Mixed","SSP585_2090",2975.55270302158,6814.32815017373,3838.77544715215,129.010500914805,2976,6814,3839
"Conservancy","Conservancy_46","Otjimboyo","Donkeys","Grazer","Donkey_Grazer","SSP585_2090",1370.2238783322,4154.82782963428,2784.60395130208,203.222553287528,1370,4155,2785
"Conservancy","Conservancy_47","Tsiseb","Cattle","Grazer","Cattle_Grazer","SSP585_2090",1844.08151660516,18127.8272547166,16283.7457381115,883.027436232259,1844,18128,16284
"Conservancy","Conservancy_47","Tsiseb","Sheep","Grazer-Mixed","Sheep_Grazer_Mixed","SSP585_2090",22431.1587334917,142802.902254453,120371.743520961,536.62739830393,22431,142803,120372
"Conservancy","Conservancy_47","Tsiseb","Goats","Browser-Mixed","Goat_Browser_Mixed","SSP585_2090",41431.3143905922,112093.790616231,70662.4762256387,170.553305549206,41431,112094,70662
"Conservancy","Conservancy_47","Tsiseb","Donkeys","Grazer","Donkey_Grazer","SSP585_2090",15778.6499525576,67084.5003179593,51305.8503654017,325.15995043724,15779,67085,51306
"Conservancy","Conservancy_48","Sorris Sorris","Cattle","Grazer","Cattle_Grazer","SSP585_2090",3115.87585856988,9651.7029901398,6535.82713156992,209.758906587817,3116,9652,6536
"Conservancy","Conservancy_48","Sorris Sorris","Sheep","Grazer-Mixed","Sheep_Grazer_Mixed","SSP585_2090",28222.024760277,75182.4974724125,46960.4727121355,166.39653997552,28222,75182,46960
"Conservancy","Conservancy_48","Sorris Sorris","Goats","Browser-Mixed","Goat_Browser_Mixed","SSP585_2090",33439.1117521425,56552.9321071705,23113.820355028,69.1221122329816,33439,56553,23114
"Conservancy","Conservancy_48","Sorris Sorris","Donkeys","Grazer","Donkey_Grazer","SSP585_2090",12924.992130484,33388.8806797108,20463.8885492268,158.328054227299,12925,33389,20464
"Conservancy","Conservancy_49","Okangundumba","Cattle","Grazer","Cattle_Grazer","SSP585_2090",2325.43796831368,6639.07937417919,4313.64140586551,185.498020787611,2325,6639,4314
"Conservancy","Conservancy_49","Okangundumba","Sheep","Grazer-Mixed","Sheep_Grazer_Mixed","SSP585_2090",28941.736542784,54508.2035136012,25566.4669708172,88.3377088759783,28942,54508,25566
"Conservancy","Conservancy_49","Okangundumba","Goats","Browser-Mixed","Goat_Browser_Mixed","SSP585_2090",55544.7469002926,49762.7533867351,-5781.99351355747,-10.4096135750454,55545,49763,-5782
"Conservancy","Conservancy_49","Okangundumba","Donkeys","Grazer","Donkey_Grazer","SSP585_2090",9744.69243864782,22733.2285922914,12988.5361536436,133.288312950038,9745,22733,12989
"Conservancy","Conservancy_50","Sanitatas","Cattle","Grazer","Cattle_Grazer","SSP585_2090",955.085041530012,6049.70522342427,5094.62018189426,533.420581452398,955,6050,5095
"Conservancy","Conservancy_50","Sanitatas","Sheep","Grazer-Mixed","Sheep_Grazer_Mixed","SSP585_2090",11407.6355243769,47473.6753357659,36066.039811389,316.157013732773,11408,47474,36066
"Conservancy","Conservancy_50","Sanitatas","Goats","Browser-Mixed","Goat_Browser_Mixed","SSP585_2090",20864.3791773239,36791.2669170453,15926.8877397215,76.3353062382579,20864,36791,15927
"Conservancy","Conservancy_50","Sanitatas","Donkeys","Grazer","Donkey_Grazer","SSP585_2090",5190.02806964377,21090.0229435495,15899.9948739058,306.35662583222,5190,21090,15900
"Conservancy","Conservancy_51","Epupa","Cattle","Grazer","Cattle_Grazer","SSP585_2090",6035.87097601056,17497.7124646099,11461.8414885994,189.895402571629,6036,17498,11462
"Conservancy","Conservancy_51","Epupa","Sheep","Grazer-Mixed","Sheep_Grazer_Mixed","SSP585_2090",75140.4562888551,143758.10441753,68617.6481286744,91.319179464248,75140,143758,68618
"Conservancy","Conservancy_51","Epupa","Goats","Browser-Mixed","Goat_Browser_Mixed","SSP585_2090",144236.858451731,131527.018154908,-12709.8402968231,-8.81178391796189,144237,131527,-12710
"Conservancy","Conservancy_51","Epupa","Donkeys","Grazer","Donkey_Grazer","SSP585_2090",25439.3266211082,60016.6526506172,34577.3260295089,135.920759792511,25439,60017,34577
"Conservancy","Conservancy_52","Ongongo","Cattle","Grazer","Cattle_Grazer","SSP585_2090",776.241407808913,2609.88193898856,1833.64053117965,236.220396481481,776,2610,1834
"Conservancy","Conservancy_52","Ongongo","Sheep","Grazer-Mixed","Sheep_Grazer_Mixed","SSP585_2090",9681.63053905792,21242.4347353286,11560.8041962707,119.409681557582,9682,21242,11561
"Conservancy","Conservancy_52","Ongongo","Goats","Browser-Mixed","Goat_Browser_Mixed","SSP585_2090",18610.2530194229,18838.6611878254,228.40816840254,1.2273243580523,18610,18839,228
"Conservancy","Conservancy_52","Ongongo","Donkeys","Grazer","Donkey_Grazer","SSP585_2090",3406.53788361506,8993.79244957791,5587.25456596284,164.015629852135,3407,8994,5587
"Conservancy","Conservancy_53","Otjiu-West","Cattle","Grazer","Cattle_Grazer","SSP585_2090",1816.67244872228,5997.69576133321,4181.02331261093,230.147339744795,1817,5998,4181
"Conservancy","Conservancy_53","Otjiu-West","Sheep","Grazer-Mixed","Sheep_Grazer_Mixed","SSP585_2090",22528.3687181032,48612.3900323138,26084.0213142106,115.783000716115,22528,48612,26084
"Conservancy","Conservancy_53","Otjiu-West","Goats","Browser-Mixed","Goat_Browser_Mixed","SSP585_2090",43057.5409225012,42506.040944522,-551.499977979198,-1.28084411269988,43058,42506,-551
"Conservancy","Conservancy_53","Otjiu-West","Donkeys","Grazer","Donkey_Grazer","SSP585_2090",7866.27958803271,20579.81978113,12713.5401930973,161.620751599509,7866,20580,12714
"Conservancy","Conservancy_54","Marienfluss","Cattle","Grazer","Cattle_Grazer","SSP585_2090",725.992905306607,11478.1266262983,10752.1337209917,1481.02462743087,726,11478,10752
"Conservancy","Conservancy_54","Marienfluss","Sheep","Grazer-Mixed","Sheep_Grazer_Mixed","SSP585_2090",9492.20310627265,88668.0529540019,79175.8498477293,834.114577630647,9492,88668,79176
"Conservancy","Conservancy_54","Marienfluss","Goats","Browser-Mixed","Goat_Browser_Mixed","SSP585_2090",18863.2018875126,64333.3029440478,45470.1010565352,241.051870873716,18863,64333,45470
"Conservancy","Conservancy_54","Marienfluss","Donkeys","Grazer","Donkey_Grazer","SSP585_2090",6425.23993503824,40273.715777171,33848.4758421327,526.804853738607,6425,40274,33848
"Conservancy","Conservancy_55","Puros","Cattle","Grazer","Cattle_Grazer","SSP585_2090",750.057592545573,13120.1786544196,12370.121061874,1649.22283099513,750,13120,12370
"Conservancy","Conservancy_55","Puros","Sheep","Grazer-Mixed","Sheep_Grazer_Mixed","SSP585_2090",9866.98444735166,101188.879667491,91321.8952201394,925.529939845507,9867,101189,91322
"Conservancy","Conservancy_55","Puros","Goats","Browser-Mixed","Goat_Browser_Mixed","SSP585_2090",19688.9345290368,72899.171002663,53210.2364736263,270.254524921869,19689,72899,53210
"Conservancy","Conservancy_55","Puros","Donkeys","Grazer","Donkey_Grazer","SSP585_2090",7083.70554007596,46047.8092450749,38964.1037049989,550.052560549843,7084,46048,38964
"Conservancy","Conservancy_56","Okondjombo","Cattle","Grazer","Cattle_Grazer","SSP585_2090",1285.55895580273,7171.47195433219,5885.91299852946,457.848546887854,1286,7171,5886
"Conservancy","Conservancy_56","Okondjombo","Sheep","Grazer-Mixed","Sheep_Grazer_Mixed","SSP585_2090",15738.6099907559,56638.874065974,40900.2640752181,259.872149441665,15739,56639,40900
"Conservancy","Conservancy_56","Okondjombo","Goats","Browser-Mixed","Goat_Browser_Mixed","SSP585_2090",29603.7313378201,45029.371701325,15425.6403635049,52.1070813252448,29604,45029,15426
"Conservancy","Conservancy_56","Okondjombo","Donkeys","Grazer","Donkey_Grazer","SSP585_2090",6584.91939904792,24881.2906186404,18296.3712195925,277.852622193643,6585,24881,18296
"Conservancy","Conservancy_57","Otjikongo","Cattle","Grazer","Cattle_Grazer","SSP585_2090",951.252239441465,4460.81487629434,3509.56263685287,368.941327161925,951,4461,3510
"Conservancy","Conservancy_57","Otjikongo","Sheep","Grazer-Mixed","Sheep_Grazer_Mixed","SSP585_2090",11265.5142259465,35413.5910184962,24148.0767925498,214.353968298514,11266,35414,24148
"Conservancy","Conservancy_57","Otjikongo","Goats","Browser-Mixed","Goat_Browser_Mixed","SSP585_2090",20449.3450670458,28719.5247518982,8270.17968485243,40.4422716607187,20449,28720,8270
"Conservancy","Conservancy_57","Otjikongo","Donkeys","Grazer","Donkey_Grazer","SSP585_2090",4592.49697015872,15479.1555930106,10886.6586228519,237.053147636059,4592,15479,10887
"Conservancy","Conservancy_58","Kunene River","Cattle","Grazer","Cattle_Grazer","SSP585_2090",5845.34346339201,16706.0549002097,10860.7114368177,185.801082602515,5845,16706,10861
"Conservancy","Conservancy_58","Kunene River","Sheep","Grazer-Mixed","Sheep_Grazer_Mixed","SSP585_2090",72696.6952112741,137089.267150197,64392.5719389229,88.5770278164401,72697,137089,64393
"Conservancy","Conservancy_58","Kunene River","Goats","Browser-Mixed","Goat_Browser_Mixed","SSP585_2090",139415.512952724,124944.505494562,-14471.0074581612,-10.3797684717255,139416,124945,-14471
"Conservancy","Conservancy_58","Kunene River","Donkeys","Grazer","Donkey_Grazer","SSP585_2090",24491.2676931997,57195.4097024246,32704.1420092249,133.533888155188,24491,57195,32704
"Conservancy","Conservancy_59","Ombazu","Cattle","Grazer","Cattle_Grazer","SSP585_2090",1816.04929338511,5178.27340290316,3362.22410951805,185.139474009038,1816,5178,3362
"Conservancy","Conservancy_59","Ombazu","Sheep","Grazer-Mixed","Sheep_Grazer_Mixed","SSP585_2090",22587.7604850721,42527.0323113863,19939.2718263143,88.2746735316758,22588,42527,19939
"Conservancy","Conservancy_59","Ombazu","Goats","Browser-Mixed","Goat_Browser_Mixed","SSP585_2090",43311.8633227124,38850.6834732964,-4461.17984941602,-10.3001337443652,43312,38851,-4461
"Conservancy","Conservancy_59","Ombazu","Donkeys","Grazer","Donkey_Grazer","SSP585_2090",7604.90811903419,17729.811509572,10124.9033905378,133.136432841264,7605,17730,10125
"Conservancy","Conservancy_60","Ombombo","Cattle","Grazer","Cattle_Grazer","SSP585_2090",3283.34839222098,8986.05261209311,5702.70421987213,173.685626337527,3283,8986,5703
"Conservancy","Conservancy_60","Ombombo","Sheep","Grazer-Mixed","Sheep_Grazer_Mixed","SSP585_2090",39909.2464274393,73730.1593994642,33820.9129720249,84.7445542062944,39909,73730,33821
"Conservancy","Conservancy_60","Ombombo","Goats","Browser-Mixed","Goat_Browser_Mixed","SSP585_2090",74731.6339268805,67171.5726699753,-7560.06125690519,-10.1162798933343,74732,67172,-7560
"Conservancy","Conservancy_60","Ombombo","Donkeys","Grazer","Donkey_Grazer","SSP585_2090",13590.612997759,30763.7320031999,17173.1190054409,126.360150261601,13591,30764,17173
"Conservancy","Conservancy_61","Otjikondavirongo","Cattle","Grazer","Cattle_Grazer","SSP585_2090",877.699522527771,4590.38512871984,3712.68560619207,423.001894258704,878,4590,3713
"Conservancy","Conservancy_61","Otjikondavirongo","Sheep","Grazer-Mixed","Sheep_Grazer_Mixed","SSP585_2090",10759.6851680072,36383.734267279,25624.0490992718,238.148688359973,10760,36384,25624
"Conservancy","Conservancy_61","Otjikondavirongo","Goats","Browser-Mixed","Goat_Browser_Mixed","SSP585_2090",20274.1193456104,29326.6587343958,9052.53938878538,44.6507156955519,20274,29327,9053
"Conservancy","Conservancy_61","Otjikondavirongo","Donkeys","Grazer","Donkey_Grazer","SSP585_2090",4403.62885539572,15927.8473330536,11524.2184776579,261.698223353618,4404,15928,11524
"Conservancy","Conservancy_62","Ombujokanguindi","Cattle","Grazer","Cattle_Grazer","SSP585_2090",2123.05135717745,6386.79076519644,4263.739408019,200.830723835505,2123,6387,4264
"Conservancy","Conservancy_62","Ombujokanguindi","Sheep","Grazer-Mixed","Sheep_Grazer_Mixed","SSP585_2090",26339.0969651386,52364.4768275442,26025.3798624055,98.8089299221293,26339,52364,26025
"Conservancy","Conservancy_62","Ombujokanguindi","Goats","Browser-Mixed","Goat_Browser_Mixed","SSP585_2090",50375.556796778,47585.6397947692,-2789.9170020088,-5.53823556385433,50376,47586,-2790
"Conservancy","Conservancy_62","Ombujokanguindi","Donkeys","Grazer","Donkey_Grazer","SSP585_2090",9026.69870839427,21936.952098682,12910.2533902877,143.022978913454,9027,21937,12910
"Conservancy","Conservancy_63","Otuzemba","Cattle","Grazer","Cattle_Grazer","SSP585_2090",1560.47960354923,4503.58770025517,2943.10809670593,188.602791732233,1560,4504,2943
"Conservancy","Conservancy_63","Otuzemba","Sheep","Grazer-Mixed","Sheep_Grazer_Mixed","SSP585_2090",19270.0046693339,36713.4750152143,17443.4703458804,90.5213602446074,19270,36713,17443
"Conservancy","Conservancy_63","Otuzemba","Goats","Browser-Mixed","Goat_Browser_Mixed","SSP585_2090",36687.7622526411,32742.8279561293,-3944.9342965118,-10.7527253075453,36688,32743,-3945
"Conservancy","Conservancy_63","Otuzemba","Donkeys","Grazer","Donkey_Grazer","SSP585_2090",6511.78207706688,15373.5910040137,8861.80892694679,136.0888436079,6512,15374,8862
"Conservancy","Conservancy_64","Etanga","Cattle","Grazer","Cattle_Grazer","SSP585_2090",1956.81802125808,5506.08564057339,3549.26761931532,181.379544789424,1957,5506,3549
"Conservancy","Conservancy_64","Etanga","Sheep","Grazer-Mixed","Sheep_Grazer_Mixed","SSP585_2090",24192.7176412049,45228.8272344661,21036.1095932612,86.9522387077034,24193,45229,21036
"Conservancy","Conservancy_64","Etanga","Goats","Browser-Mixed","Goat_Browser_Mixed","SSP585_2090",46115.884425003,41358.4555101062,-4757.42891489682,-10.3162478053168,46116,41358,-4757
"Conservancy","Conservancy_64","Etanga","Donkeys","Grazer","Donkey_Grazer","SSP585_2090",8170.81918532199,18857.797182554,10686.977997232,130.79444979556,8171,18858,10687
"Conservancy","Conservancy_65","Eiseb","Cattle","Grazer","Cattle_Grazer","SSP585_2090",13633.6202949753,45249.5186883569,31615.8983933817,231.896574125904,13634,45250,31616
"Conservancy","Conservancy_65","Eiseb","Sheep","Grazer-Mixed","Sheep_Grazer_Mixed","SSP585_2090",169412.173237218,356796.043609012,187383.870371794,110.608267865976,169412,356796,187384
"Conservancy","Conservancy_65","Eiseb","Goats","Browser-Mixed","Goat_Browser_Mixed","SSP585_2090",324611.788431521,282233.921975756,-42377.8664557646,-13.054937610408,324612,282234,-42378
"Conservancy","Conservancy_65","Eiseb","Donkeys","Grazer","Donkey_Grazer","SSP585_2090",57082.8780115518,152279.534542617,95196.6565310654,166.769195680359,57083,152280,95197
"Conservancy","Conservancy_66","Otjambangu","Cattle","Grazer","Cattle_Grazer","SSP585_2090",699.179464222045,1983.91506411039,1284.73559988834,183.74904665111,699,1984,1285
"Conservancy","Conservancy_66","Otjambangu","Sheep","Grazer-Mixed","Sheep_Grazer_Mixed","SSP585_2090",8702.17787435514,16322.6467184702,7620.46884411506,87.569674558965,8702,16323,7620
"Conservancy","Conservancy_66","Otjambangu","Goats","Browser-Mixed","Goat_Browser_Mixed","SSP585_2090",16701.7010108758,15002.845428048,-1698.8555828278,-10.1717518576194,16702,15003,-1699
"Conservancy","Conservancy_66","Otjambangu","Donkeys","Grazer","Donkey_Grazer","SSP585_2090",2932.78399553516,6801.74194910007,3868.95795356491,131.920999277648,2933,6802,3869
"Conservancy","Conservancy_67","Sikunga","Cattle","Grazer","Cattle_Grazer","SSP585_2090",1139.84828352885,1146.82965718256,6.98137365371053,0.612482709724925,1140,1147,7
"Conservancy","Conservancy_67","Sikunga","Sheep","Grazer-Mixed","Sheep_Grazer_Mixed","SSP585_2090",11572.7906457254,11522.3605761846,-50.4300695408183,-0.435764121935839,11573,11522,-50
"Conservancy","Conservancy_67","Sikunga","Goats","Browser-Mixed","Goat_Browser_Mixed","SSP585_2090",11936.6965737957,11756.392569953,-180.304003842699,-1.51050169306067,11937,11756,-180
"Conservancy","Conservancy_67","Sikunga","Donkeys","Grazer","Donkey_Grazer","SSP585_2090",4204.20280010629,4198.21904950715,-5.98375059914542,-0.142327829642141,4204,4198,-6
"Conservancy","Conservancy_68","Okongo","Cattle","Grazer","Cattle_Grazer","SSP585_2090",2726.88930568409,4946.12027894036,2219.23097325627,81.3832438533669,2727,4946,2219
"Conservancy","Conservancy_68","Okongo","Sheep","Grazer-Mixed","Sheep_Grazer_Mixed","SSP585_2090",34023.1716719234,46124.5891110858,12101.4174391625,35.5681638262691,34023,46125,12101
"Conservancy","Conservancy_68","Okongo","Goats","Browser-Mixed","Goat_Browser_Mixed","SSP585_2090",66229.9690276908,61306.8332108354,-4923.13581685543,-7.43339592201389,66230,61307,-4923
"Conservancy","Conservancy_68","Okongo","Donkeys","Grazer","Donkey_Grazer","SSP585_2090",11388.7988772074,17765.3746781333,6376.57580092593,55.9898885710195,11389,17765,6377
"Conservancy","Conservancy_69","Okatjandja Kozomenje","Cattle","Grazer","Cattle_Grazer","SSP585_2090",1366.23875108965,3857.02119017736,2490.7824390877,182.309456315828,1366,3857,2491
"Conservancy","Conservancy_69","Okatjandja Kozomenje","Sheep","Grazer-Mixed","Sheep_Grazer_Mixed","SSP585_2090",16951.8856170827,31714.4727143405,14762.5870972578,87.0852212592875,16952,31714,14763
"Conservancy","Conservancy_69","Okatjandja Kozomenje","Goats","Browser-Mixed","Goat_Browser_Mixed","SSP585_2090",32432.6273806494,29093.9891973955,-3338.63818325398,-10.2940725216914,32433,29094,-3339
"Conservancy","Conservancy_69","Okatjandja Kozomenje","Donkeys","Grazer","Donkey_Grazer","SSP585_2090",5715.79508715301,13215.6344843178,7499.83939716474,131.212530939424,5716,13216,7500
"Conservancy","Conservancy_70","Otjombande","Cattle","Grazer","Cattle_Grazer","SSP585_2090",680.344983658845,1939.79862559762,1259.45364193878,185.119854219477,680,1940,1259
"Conservancy","Conservancy_70","Otjombande","Sheep","Grazer-Mixed","Sheep_Grazer_Mixed","SSP585_2090",8467.37928233693,15932.0192253139,7464.63994297701,88.1576187161989,8467,15932,7465
"Conservancy","Conservancy_70","Otjombande","Goats","Browser-Mixed","Goat_Browser_Mixed","SSP585_2090",16250.5258953941,14562.3575700404,-1688.1683253537,-10.3883919586392,16251,14562,-1688
"Conservancy","Conservancy_70","Otjombande","Donkeys","Grazer","Donkey_Grazer","SSP585_2090",2850.9694553323,6643.23163547467,3792.26218014237,133.016583992141,2851,6643,3792
"Conservancy","Conservancy_71","Sobbe","Cattle","Grazer","Cattle_Grazer","SSP585_2090",955.897382242509,1213.72114499296,257.823762750456,26.971908024856,956,1214,258
"Conservancy","Conservancy_71","Sobbe","Sheep","Grazer-Mixed","Sheep_Grazer_Mixed","SSP585_2090",10488.3946580216,12006.4493164804,1518.05465845881,14.473660726504,10488,12006,1518
"Conservancy","Conservancy_71","Sobbe","Goats","Browser-Mixed","Goat_Browser_Mixed","SSP585_2090",18172.0971406434,17807.8205589663,-364.276581677164,-2.00459296941809,18172,17808,-364
"Conservancy","Conservancy_71","Sobbe","Donkeys","Grazer","Donkey_Grazer","SSP585_2090",3706.28851283361,4479.65297124854,773.36445841493,20.866277833931,3706,4480,773
"Conservancy","Conservancy_72","Balyerwa","Cattle","Grazer","Cattle_Grazer","SSP585_2090",788.674533692778,893.088941559489,104.414407866712,13.2392265004192,789,893,104
"Conservancy","Conservancy_72","Balyerwa","Sheep","Grazer-Mixed","Sheep_Grazer_Mixed","SSP585_2090",7937.9285828419,8556.78102300344,618.852440161539,7.79614522482867,7938,8557,619
"Conservancy","Conservancy_72","Balyerwa","Goats","Browser-Mixed","Goat_Browser_Mixed","SSP585_2090",10085.4452756902,9945.48847998013,-139.956795710083,-1.38771062540424,10085,9945,-140
"Conservancy","Conservancy_72","Balyerwa","Donkeys","Grazer","Donkey_Grazer","SSP585_2090",2926.6382823186,3241.03398282676,314.395700508157,10.7425540903907,2927,3241,314
"Conservancy","Conservancy_73","Wuparo","Cattle","Grazer","Cattle_Grazer","SSP585_2090",830.384084267641,920.232681046924,89.8485967792833,10.820125106146,830,920,90
"Conservancy","Conservancy_73","Wuparo","Sheep","Grazer-Mixed","Sheep_Grazer_Mixed","SSP585_2090",7554.4259867474,8086.94850445328,532.522517705877,7.04914600579941,7554,8087,533
"Conservancy","Conservancy_73","Wuparo","Goats","Browser-Mixed","Goat_Browser_Mixed","SSP585_2090",8638.98641526515,8518.55359415173,-120.432821113423,-1.39406193417109,8639,8519,-120
"Conservancy","Conservancy_73","Wuparo","Donkeys","Grazer","Donkey_Grazer","SSP585_2090",2968.26823690669,3238.80573361076,270.537496704067,9.11432104889554,2968,3239,271
"Conservancy","Conservancy_74","Dzoti","Cattle","Grazer","Cattle_Grazer","SSP585_2090",1064.3896538908,1253.44220291934,189.052549028539,17.761592132869,1064,1253,189
"Conservancy","Conservancy_74","Dzoti","Sheep","Grazer-Mixed","Sheep_Grazer_Mixed","SSP585_2090",10373.5492295793,11494.0424036097,1120.49317403034,10.8014446090962,10374,11494,1120
"Conservancy","Conservancy_74","Dzoti","Goats","Browser-Mixed","Goat_Browser_Mixed","SSP585_2090",13362.4825034064,13109.07696749,-253.405535916399,-1.89639564243995,13362,13109,-253
"Conservancy","Conservancy_74","Dzoti","Donkeys","Grazer","Donkey_Grazer","SSP585_2090",3922.04890628546,4491.29322609766,569.244319812203,14.5139526154285,3922,4491,569
"Conservancy","Conservancy_75","Huibes","Cattle","Grazer","Cattle_Grazer","SSP585_2090",5440.03679768661,6892.80760390968,1452.77080622307,26.7051650613993,5440,6893,1453
"Conservancy","Conservancy_75","Huibes","Sheep","Grazer-Mixed","Sheep_Grazer_Mixed","SSP585_2090",49225.266170617,57853.1229675117,8627.85679689464,17.5272933354796,49225,57853,8628
"Conservancy","Conservancy_75","Huibes","Goats","Browser-Mixed","Goat_Browser_Mixed","SSP585_2090",58426.3899075407,56546.7288219992,-1879.66108554151,-3.21714397982839,58426,56547,-1880
"Conservancy","Conservancy_75","Huibes","Donkeys","Grazer","Donkey_Grazer","SSP585_2090",19460.9676679843,23836.9790921806,4376.01142419628,22.4860936971565,19461,23837,4376
"Conservancy","Conservancy_76","Kabulabula","Cattle","Grazer","Cattle_Grazer","SSP585_2090",383.773521026708,377.977264184447,-5.79625684226096,-1.51033266358613,384,378,-6
"Conservancy","Conservancy_76","Kabulabula","Sheep","Grazer-Mixed","Sheep_Grazer_Mixed","SSP585_2090",3835.17951397701,3795.7599272263,-39.4195867507156,-1.0278420242665,3835,3796,-39
"Conservancy","Conservancy_76","Kabulabula","Goats","Browser-Mixed","Goat_Browser_Mixed","SSP585_2090",3622.29071924776,3620.6274455452,-1.66327370256158,-0.0459177308359997,3622,3621,-2
"Conservancy","Conservancy_76","Kabulabula","Donkeys","Grazer","Donkey_Grazer","SSP585_2090",1402.39866737317,1383.45582798289,-18.9428393902876,-1.3507456781722,1402,1383,-19
"Conservancy","Conservancy_77","Okongoro","Cattle","Grazer","Cattle_Grazer","SSP585_2090",2133.51249738775,5760.73136720468,3627.21886981693,170.011606412339,2134,5761,3627
"Conservancy","Conservancy_77","Okongoro","Sheep","Grazer-Mixed","Sheep_Grazer_Mixed","SSP585_2090",25755.5593039434,47253.677182959,21498.1178790156,83.4698156825665,25756,47254,21498
"Conservancy","Conservancy_77","Okongoro","Goats","Browser-Mixed","Goat_Browser_Mixed","SSP585_2090",47874.2517759923,43012.3372114165,-4861.9145645758,-10.1555938405578,47874,43012,-4862
"Conservancy","Conservancy_77","Okongoro","Donkeys","Grazer","Donkey_Grazer","SSP585_2090",8796.13819381854,19717.8303316338,10921.6921378152,124.164626534522,8796,19718,10922
"Conservancy","Conservancy_78","Lusese","Cattle","Grazer","Cattle_Grazer","SSP585_2090",745.687833104673,787.207829575395,41.5199964707217,5.56801313196342,746,787,42
"Conservancy","Conservancy_78","Lusese","Sheep","Grazer-Mixed","Sheep_Grazer_Mixed","SSP585_2090",7767.18609449109,7942.00371418482,174.817619693732,2.25072011365509,7767,7942,175
"Conservancy","Conservancy_78","Lusese","Goats","Browser-Mixed","Goat_Browser_Mixed","SSP585_2090",8765.38445842869,8577.0325956016,-188.351862827094,-2.14881462097167,8765,8577,-188
"Conservancy","Conservancy_78","Lusese","Donkeys","Grazer","Donkey_Grazer","SSP585_2090",2780.41609511058,2884.47153553458,104.055440424004,3.74244130606883,2780,2884,104
"Conservancy","Conservancy_79","Nakabolelwa","Cattle","Grazer","Cattle_Grazer","SSP585_2090",482.543679467711,480.450168285,-2.0935111827115,-0.433849052798873,483,480,-2
"Conservancy","Conservancy_79","Nakabolelwa","Sheep","Grazer-Mixed","Sheep_Grazer_Mixed","SSP585_2090",4846.40823539627,4824.82813518929,-21.5801002069838,-0.445280280958818,4846,4825,-22
"Conservancy","Conservancy_79","Nakabolelwa","Goats","Browser-Mixed","Goat_Browser_Mixed","SSP585_2090",4663.19891770094,4648.92662273745,-14.2722949634917,-0.306062323640448,4663,4649,-14
"Conservancy","Conservancy_79","Nakabolelwa","Donkeys","Grazer","Donkey_Grazer","SSP585_2090",1767.98501356453,1758.98343709194,-9.00157647258834,-0.509143256505312,1768,1759,-9
"Conservancy","Conservancy_80","Ohungu","Cattle","Grazer","Cattle_Grazer","SSP585_2090",4171.85942009844,5927.41930205976,1755.55988196132,42.0809932737355,4172,5927,1756
"Conservancy","Conservancy_80","Ohungu","Sheep","Grazer-Mixed","Sheep_Grazer_Mixed","SSP585_2090",36518.708466675,47998.7481360888,11480.0396694138,31.43605059278,36519,47999,11480
"Conservancy","Conservancy_80","Ohungu","Goats","Browser-Mixed","Goat_Browser_Mixed","SSP585_2090",40016.3421689028,41830.11436558,1813.77219667714,4.53257868753093,40016,41830,1814
"Conservancy","Conservancy_80","Ohungu","Donkeys","Grazer","Donkey_Grazer","SSP585_2090",15042.565022814,20431.1484542655,5388.58343145144,35.8222379180609,15043,20431,5389
"Conservancy","Conservancy_81","Maurus Nekaro","Cattle","Grazer","Cattle_Grazer","SSP585_2090",2551.24713765606,3269.75151694808,718.504379292025,28.1628686099045,2551,3270,719
"Conservancy","Conservancy_81","Maurus Nekaro","Sheep","Grazer-Mixed","Sheep_Grazer_Mixed","SSP585_2090",30028.3485271555,32715.313907166,2686.96538001052,8.9480957555179,30028,32715,2687
"Conservancy","Conservancy_81","Maurus Nekaro","Goats","Browser-Mixed","Goat_Browser_Mixed","SSP585_2090",54329.9201959033,50610.0421603538,-3719.87803554958,-6.84683139996599,54330,50610,-3720
"Conservancy","Conservancy_81","Maurus Nekaro","Donkeys","Grazer","Donkey_Grazer","SSP585_2090",10159.9925850366,11936.2491702048,1776.25658516819,17.4828531645212,10160,11936,1776
"Conservancy","Conservancy_82","Kapinga kaMwalye","Cattle","Grazer","Cattle_Grazer","SSP585_2090",2696.52581569618,3732.09123053338,1035.5654148372,38.4036899928525,2697,3732,1036
"Conservancy","Conservancy_82","Kapinga kaMwalye","Sheep","Grazer-Mixed","Sheep_Grazer_Mixed","SSP585_2090",33191.8363126696,38695.9588535858,5504.12254091625,16.582759956596,33192,38696,5504
"Conservancy","Conservancy_82","Kapinga kaMwalye","Goats","Browser-Mixed","Goat_Browser_Mixed","SSP585_2090",63098.206382157,60576.1216174241,-2522.08476473288,-3.99707837883341,63098,60576,-2522
"Conservancy","Conservancy_82","Kapinga kaMwalye","Donkeys","Grazer","Donkey_Grazer","SSP585_2090",11152.4206927092,14101.6309584617,2949.21026575254,26.4445751018034,11152,14102,2949
"Conservancy","Conservancy_83","Otjindjerese","Cattle","Grazer","Cattle_Grazer","SSP585_2090",1577.86078621375,4453.48054211574,2875.61975590199,182.248001916719,1578,4453,2876
"Conservancy","Conservancy_83","Otjindjerese","Sheep","Grazer-Mixed","Sheep_Grazer_Mixed","SSP585_2090",19280.6118679259,36354.8641249182,17074.2522569922,88.5565892511738,19281,36355,17074
"Conservancy","Conservancy_83","Otjindjerese","Goats","Browser-Mixed","Goat_Browser_Mixed","SSP585_2090",36280.6326005684,32545.4564350937,-3735.17616547473,-10.2952343929533,36281,32545,-3735
"Conservancy","Conservancy_83","Otjindjerese","Donkeys","Grazer","Donkey_Grazer","SSP585_2090",6540.21894124969,15201.7532332976,8661.5342920479,132.43492870581,6540,15202,8662
"Conservancy","Conservancy_84","Nyae Nyae","Cattle","Grazer","Cattle_Grazer","SSP585_2090",21674.4560366473,62314.7465779128,40640.2905412656,187.503162582493,21674,62315,40640
"Conservancy","Conservancy_84","Nyae Nyae","Sheep","Grazer-Mixed","Sheep_Grazer_Mixed","SSP585_2090",249691.670681316,490562.097322449,240870.426641133,96.4671452531383,249692,490562,240870
"Conservancy","Conservancy_84","Nyae Nyae","Goats","Browser-Mixed","Goat_Browser_Mixed","SSP585_2090",440207.218478208,385733.080693094,-54474.1377851136,-12.374658001618,440207,385733,-54474
"Conservancy","Conservancy_84","Nyae Nyae","Donkeys","Grazer","Donkey_Grazer","SSP585_2090",87153.911150028,209523.351102095,122369.439952067,140.406137071024,87154,209523,122369
"Conservancy","Conservancy_85","Ekango Lyomongwa","Cattle","Grazer","Cattle_Grazer","SSP585_2090",7496.69626293813,9099.13846831906,1602.44220538094,21.3753118597458,7497,9099,1602
"Conservancy","Conservancy_85","Ekango Lyomongwa","Sheep","Grazer-Mixed","Sheep_Grazer_Mixed","SSP585_2090",62429.1622834123,72095.7524464229,9666.59016301059,15.4840939866,62429,72096,9667
"Conservancy","Conservancy_85","Ekango Lyomongwa","Goats","Browser-Mixed","Goat_Browser_Mixed","SSP585_2090",59592.5591719133,58100.0784461817,-1492.48072573164,-2.50447496545015,59593,58100,-1492
"Conservancy","Conservancy_85","Ekango Lyomongwa","Donkeys","Grazer","Donkey_Grazer","SSP585_2090",25866.612239464,30707.7526247782,4841.14038531423,18.715788293019,25867,30708,4841
"Conservancy","Conservancy_86","#Khoadi-//Hôas","Cattle","Grazer","Cattle_Grazer","SSP585_2090",12558.6066165275,20305.4647456087,7746.85812908115,61.6856500536138,12559,20305,7747
"Conservancy","Conservancy_86","#Khoadi-//Hôas","Sheep","Grazer-Mixed","Sheep_Grazer_Mixed","SSP585_2090",112690.072260869,161318.556933796,48628.4846729266,43.1524123618941,112690,161319,48628
"Conservancy","Conservancy_86","#Khoadi-//Hôas","Goats","Browser-Mixed","Goat_Browser_Mixed","SSP585_2090",131167.557554667,131308.951275474,141.393720807537,0.107796259565638,131168,131309,141
"Conservancy","Conservancy_86","#Khoadi-//Hôas","Donkeys","Grazer","Donkey_Grazer","SSP585_2090",45299.2269662544,68883.4638433434,23584.236877089,52.0632215085215,45299,68883,23584
"Conservancy","Conservancy_87","Joseph Mbambangandu","Cattle","Grazer","Cattle_Grazer","SSP585_2090",123.167668142432,130.31456465014,7.14689650770795,5.80257515263113,123,130,7
"Conservancy","Conservancy_87","Joseph Mbambangandu","Sheep","Grazer-Mixed","Sheep_Grazer_Mixed","SSP585_2090",1267.13237729401,1241.91179604256,-25.2205812514517,-1.99036672911087,1267,1242,-25
"Conservancy","Conservancy_87","Joseph Mbambangandu","Goats","Browser-Mixed","Goat_Browser_Mixed","SSP585_2090",1976.65421938877,1851.08905919441,-125.565160194366,-6.35240898295272,1977,1851,-126
"Conservancy","Conservancy_87","Joseph Mbambangandu","Donkeys","Grazer","Donkey_Grazer","SSP585_2090",444.182016058665,449.584507828547,5.40249176988198,1.21627881691825,444,450,5
"Conservancy","Conservancy_88","Impalila","Cattle","Grazer","Cattle_Grazer","SSP585_2090",245.106464753857,245.193569488807,0.0871047349498042,0.0355375102151129,245,245,0
"Conservancy","Conservancy_88","Impalila","Sheep","Grazer-Mixed","Sheep_Grazer_Mixed","SSP585_2090",2533.6956108936,2519.17632160231,-14.5192892912896,-0.573047892132902,2534,2519,-15
"Conservancy","Conservancy_88","Impalila","Goats","Browser-Mixed","Goat_Browser_Mixed","SSP585_2090",2920.74254208344,2892.62960968288,-28.1129324005601,-0.962526891552258,2921,2893,-28
"Conservancy","Conservancy_88","Impalila","Donkeys","Grazer","Donkey_Grazer","SSP585_2090",902.45774252897,898.297370426855,-4.16037210211471,-0.461004643880171,902,898,-4
"Conservancy","Conservancy_89","Kasika","Cattle","Grazer","Cattle_Grazer","SSP585_2090",620.14272790845,618.17930834584,-1.96341956261028,-0.316607689528553,620,618,-2
"Conservancy","Conservancy_89","Kasika","Sheep","Grazer-Mixed","Sheep_Grazer_Mixed","SSP585_2090",6245.68200328582,6232.32904293871,-13.3529603471088,-0.213795072180811,6246,6232,-13
"Conservancy","Conservancy_89","Kasika","Goats","Browser-Mixed","Goat_Browser_Mixed","SSP585_2090",5944.02312080073,5943.45970475233,-0.563416048399631,-0.00947869880297055,5944,5943,-1
"Conservancy","Conservancy_89","Kasika","Donkeys","Grazer","Donkey_Grazer","SSP585_2090",2273.07414670821,2266.65746393475,-6.41668277345843,-0.282290957501359,2273,2267,-6
"Conservancy","Conservancy_90","!Gawachab","Cattle","Grazer","Cattle_Grazer","SSP585_2090",25.188383841124,286.155741843959,260.967358002835,1036.06233591202,25,286,261
"Conservancy","Conservancy_90","!Gawachab","Sheep","Grazer-Mixed","Sheep_Grazer_Mixed","SSP585_2090",331.017670291304,2260.44078669692,1929.42311640561,582.876169331889,331,2260,1929
"Conservancy","Conservancy_90","!Gawachab","Goats","Browser-Mixed","Goat_Browser_Mixed","SSP585_2090",660.076678700563,1793.64946855226,1133.5727898517,171.733501035557,660,1794,1134
"Conservancy","Conservancy_90","!Gawachab","Donkeys","Grazer","Donkey_Grazer","SSP585_2090",235.404964879631,1057.68574508294,822.280780203306,349.304773849506,235,1058,822
