"unit_id","unit","species","feeding_regime","forage_profile","carrying_capacity_animals_Current","carrying_capacity_animals_SSP245_2050_Without_Intervention","carrying_capacity_animals_SSP245_2050_With_Intervention","carrying_capacity_animals_SSP245_2090_Without_Intervention","carrying_capacity_animals_SSP245_2090_With_Intervention","carrying_capacity_animals_SSP585_2050_Without_Intervention","carrying_capacity_animals_SSP585_2050_With_Intervention","carrying_capacity_animals_SSP585_2090_Without_Intervention","carrying_capacity_animals_SSP585_2090_With_Intervention","capacity_change_from_current_animals_Current","capacity_change_from_current_animals_SSP245_2050_Without_Intervention","capacity_change_from_current_animals_SSP245_2050_With_Intervention","capacity_change_from_current_animals_SSP245_2090_Without_Intervention","capacity_change_from_current_animals_SSP245_2090_With_Intervention","capacity_change_from_current_animals_SSP585_2050_Without_Intervention","capacity_change_from_current_animals_SSP585_2050_With_Intervention","capacity_change_from_current_animals_SSP585_2090_Without_Intervention","capacity_change_from_current_animals_SSP585_2090_With_Intervention","capacity_change_from_current_pct_Current","capacity_change_from_current_pct_SSP245_2050_Without_Intervention","capacity_change_from_current_pct_SSP245_2050_With_Intervention","capacity_change_from_current_pct_SSP245_2090_Without_Intervention","capacity_change_from_current_pct_SSP245_2090_With_Intervention","capacity_change_from_current_pct_SSP585_2050_Without_Intervention","capacity_change_from_current_pct_SSP585_2050_With_Intervention","capacity_change_from_current_pct_SSP585_2090_Without_Intervention","capacity_change_from_current_pct_SSP585_2090_With_Intervention"
"Conservancy_1","Okanguati","Cattle","Grazer","Cattle_Grazer",2986,2784,7616,2631,7269,2695,7371,2533,6997,0,-202,4630,-355,4283,-291,4385,-453,4011,0,-6.76683422169489,155.038638783968,-11.8856296719319,143.421188114158,-9.76049665299855,146.845357632735,-15.1802065831669,134.313077844198
"Conservancy_1","Okanguati","Sheep","Grazer-Mixed","Sheep_Grazer_Mixed",35422,33963,62604,32281,59768,32872,60593,31073,57532,0,-1459,27182,-3141,24346,-2550,25170,-4349,22110,0,-4.11853742780987,76.7372246508373,-8.86736376955293,68.7318599695494,-7.19862858391379,71.0588344743972,-12.2765594907925,62.4179258585256
"Conservancy_1","Okanguati","Goats","Browser-Mixed","Goat_Browser_Mixed",64621,63842,57378,61043,54827,61790,55534,58759,52775,0,-779,-7243,-3578,-9794,-2831,-9087,-5863,-11847,0,-1.20616948898604,-11.2082613834716,-5.53691698547464,-15.1566199158622,-4.38133732031666,-14.0620102664615,-9.07261796354308,-18.3322306887224
"Conservancy_1","Okanguati","Donkeys","Grazer","Donkey_Grazer",12212,11544,26093,10942,24906,11173,25255,10532,23974,0,-668,13881,-1270,12694,-1039,13043,-1679,11762,0,-5.46922827544059,113.670363928339,-10.3997593000742,103.952267122793,-8.5052934090598,106.805748339349,-13.750819662488,96.3207165042275
"Conservancy_2","Iipumbu ya Tshilongo","Cattle","Grazer","Cattle_Grazer",11069,10779,12224,10378,11793,10389,11786,9871,11214,0,-289,1155,-691,724,-679,718,-1198,146,0,-2.61442987579811,10.4364065096574,-6.24050923761349,6.54484959629563,-6.1385967737958,6.48253972406899,-10.8243818672755,1.31568471651271
"Conservancy_2","Iipumbu ya Tshilongo","Sheep","Grazer-Mixed","Sheep_Grazer_Mixed",88687,86540,95272,83448,91992,83403,91852,79360,87472,0,-2147,6585,-5239,3305,-5284,3165,-9327,-1215,0,-2.42060704814087,7.42481822375392,-5.90740904944546,3.72624884679726,-5.95838626629992,3.56825205275539,-10.5171227319896,-1.36963898308389
"Conservancy_2","Iipumbu ya Tshilongo","Goats","Browser-Mixed","Goat_Browser_Mixed",74334,73208,71942,70986,69694,70536,69319,67482,66257,0,-1126,-2392,-3349,-4640,-3798,-5015,-6852,-8078,0,-1.51475130912543,-3.2180282255117,-4.50502232812321,-6.24192488997319,-5.10917222748651,-6.74644111790822,-9.21785552917592,-10.8668725240917
"Conservancy_2","Iipumbu ya Tshilongo","Donkeys","Grazer","Donkey_Grazer",37529,36604,40968,35260,39536,35278,39500,33535,37595,0,-926,3439,-2269,2007,-2251,1971,-3994,66,0,-2.46624804405128,9.16382147017867,-6.04597640324491,5.34788201927341,-5.99872315676888,5.25255454019946,-10.6435927119294,0.175214960147655
"Conservancy_3","Otjitanda","Cattle","Grazer","Cattle_Grazer",2837,2643,7475,2480,7076,2579,7301,2395,6834,0,-194,4638,-357,4239,-258,4464,-442,3997,0,-6.83657017462963,163.500087168321,-12.5881483406799,149.425819461122,-9.09409012598407,157.346869515027,-15.5710976657185,140.911883930306
"Conservancy_3","Otjitanda","Sheep","Grazer-Mixed","Sheep_Grazer_Mixed",32571,31544,61049,29785,57829,30782,59619,28767,55855,0,-1027,28478,-2786,25258,-1789,27048,-3804,23284,0,-3.15456503190814,87.432111252833,-8.5525759291723,77.5475786427789,-5.49140812360826,83.0426191852114,-11.6787132274751,71.4859866777965
"Conservancy_3","Otjitanda","Goats","Browser-Mixed","Goat_Browser_Mixed",57159,57893,54769,55051,52004,56502,53474,53166,50227,0,734,-2389,-2107,-5155,-656,-3684,-3993,-6931,0,1.28458588730927,-4.18041136564607,-3.68695371049659,-9.01841493179233,-1.14809295105617,-6.44587028475974,-6.98576201350414,-12.126567975307
"Conservancy_3","Otjitanda","Donkeys","Grazer","Donkey_Grazer",11602,11011,25644,10362,24277,10746,25045,10008,23449,0,-591,14041,-1240,12675,-856,13443,-1594,11847,0,-5.09413884875691,121.023215007595,-10.6915765632161,109.247472817503,-7.37585191506814,115.862244495984,-13.7397178234478,102.105786639709
"Conservancy_4","Orupupa","Cattle","Grazer","Cattle_Grazer",3197,2939,5910,2786,5653,2834,5699,2631,5337,0,-258,2713,-411,2455,-363,2501,-567,2140,0,-8.0698659660609,84.8480032024902,-12.8694511600411,76.7872365662465,-11.3551136576287,78.228024509319,-17.7245462647836,66.9325932097277
"Conservancy_4","Orupupa","Sheep","Grazer-Mixed","Sheep_Grazer_Mixed",37361,35466,53183,33797,50898,34196,51278,31913,48060,0,-1895,15822,-3564,13537,-3165,13917,-5448,10700,0,-5.07211637427758,42.3491108253636,-9.53948942964115,36.2326377056019,-8.4705893371656,37.2493067204507,-14.5815055434766,28.6382854580041
"Conservancy_4","Orupupa","Goats","Browser-Mixed","Goat_Browser_Mixed",66953,65885,62323,63152,59737,63522,60089,59631,56407,0,-1068,-4630,-3802,-7216,-3432,-6865,-7322,-10546,0,-1.59567578995324,-6.91518233625943,-5.6778907031054,-10.7776799532304,-5.12545988712899,-10.2528215086116,-10.9366712251208,-15.751936006695
"Conservancy_4","Orupupa","Donkeys","Grazer","Donkey_Grazer",13011,12155,21111,11553,20195,11720,20355,10909,19069,0,-856,8100,-1458,7184,-1291,7344,-2102,6058,0,-6.57874670492561,62.2548086963422,-11.2059601930703,55.2158923654794,-9.91992163548103,56.4434212372472,-16.1543644441043,46.5636079622654
"Conservancy_5","Omuramba ua Mbinda","Cattle","Grazer","Cattle_Grazer",7667,7254,23960,7024,23199,7049,23281,6576,21718,0,-413,16293,-643,15532,-618,15614,-1091,14052,0,-5.38095767150611,212.512578706326,-8.38332163283016,202.588522570958,-8.06026079993441,203.655148460807,-14.2253112508188,183.277988016635
"Conservancy_5","Omuramba ua Mbinda","Sheep","Grazer-Mixed","Sheep_Grazer_Mixed",95183,90284,189296,87420,183286,87728,183932,81845,171591,0,-4899,94113,-7764,88103,-7455,88749,-13338,76408,0,-5.14662450853555,98.8754332961973,-8.15642411310998,92.5612279005925,-7.83256318897527,93.2400657029848,-14.0128819805284,80.2749062418791
"Conservancy_5","Omuramba ua Mbinda","Goats","Browser-Mixed","Goat_Browser_Mixed",182212,173273,150881,167775,146094,168367,146610,157077,136780,0,-8939,-31331,-14437,-36118,-13845,-35602,-25135,-45432,0,-4.90575291746117,-17.1947197300783,-7.92319563664078,-19.8217862736816,-7.59851229690218,-19.5390392229207,-13.794525450548,-24.9335042859342
"Conservancy_5","Omuramba ua Mbinda","Donkeys","Grazer","Donkey_Grazer",32083,30399,80700,29434,78137,29538,78413,27557,73151,0,-1685,48616,-2649,46054,-2545,46329,-4526,41068,0,-5.25085966746963,151.530298574975,-8.25735177836218,143.543434241556,-7.93384674767591,144.401957395292,-14.1073739357868,128.002376222942
"Conservancy_6","Otjombinde","Cattle","Grazer","Cattle_Grazer",14270,13278,43778,12828,42374,12940,42664,12001,39640,0,-993,29508,-1442,28103,-1331,28393,-2270,25370,0,-6.95688902980783,206.776234249339,-10.1046591452815,196.934823063492,-9.32471284993493,198.968307418874,-15.9038800532497,177.780300165414
"Conservancy_6","Otjombinde","Sheep","Grazer-Mixed","Sheep_Grazer_Mixed",175605,164977,345750,159570,334681,160780,336951,149276,313092,0,-10627,170145,-16034,159077,-14825,161346,-26328,137487,0,-6.05177078022067,96.8910040064296,-9.13088871600246,90.5879497212492,-8.44227582158968,91.880318758935,-14.9928834531712,78.2934852578979
"Conservancy_6","Otjombinde","Goats","Browser-Mixed","Goat_Browser_Mixed",333119,316095,275212,306075,266473,308053,268211,286331,249283,0,-17024,-57907,-27043,-66645,-25066,-64908,-46788,-83836,0,-5.11046953585281,-17.3831577484862,-8.11819422986462,-20.0065294297145,-7.52456251465511,-19.4848766456947,-14.0454720256771,-25.1669375200012
"Conservancy_6","Otjombinde","Donkeys","Grazer","Donkey_Grazer",59439,55590,147428,53741,142703,54176,143676,50274,133497,0,-3849,87989,-5698,83264,-5264,84237,-9165,74058,0,-6.47540322536997,148.031942828044,-9.58639825714153,140.082124962683,-8.85529161930271,141.719412335925,-15.4190285999132,124.594967354436
"Conservancy_7","Bamunu","Cattle","Grazer","Cattle_Grazer",2330,2086,2381,2050,2356,2095,2384,1944,2217,0,-244,50,-280,25,-235,54,-387,-113,0,-10.4729741576851,2.15319887074934,-12.0209887680166,1.08960545515144,-10.1016174156532,2.30541296186503,-16.5987720295051,-4.85734035390407
"Conservancy_7","Bamunu","Sheep","Grazer-Mixed","Sheep_Grazer_Mixed",22790,20958,22677,20693,22489,21045,22686,19616,21169,0,-1832,-113,-2098,-301,-1745,-104,-3174,-1621,0,-8.04034626027549,-0.496699665367529,-9.20381242256288,-1.32145292188157,-7.65639285791743,-0.457887080346067,-13.9279617046702,-7.11194284558572
"Conservancy_7","Bamunu","Goats","Browser-Mixed","Goat_Browser_Mixed",28177,26780,26339,26565,26129,26893,26369,25182,24688,0,-1397,-1838,-1611,-2048,-1284,-1808,-2995,-3489,0,-4.9587640323357,-6.52142610543051,-5.71862580496827,-7.26700868885924,-4.55672481114772,-6.41487658213633,-10.6292195693965,-12.3821290758123
"Conservancy_7","Bamunu","Donkeys","Grazer","Donkey_Grazer",8536,7741,8620,7624,8540,7774,8623,7228,8031,0,-795,84,-912,4,-762,87,-1308,-505,0,-9.30820179465341,0.985715999307222,-10.6806350012959,0.0469331955673239,-8.93070745145355,1.01631777925559,-15.328240473632,-5.91194392687188
"Conservancy_8","Mashi","Cattle","Grazer","Cattle_Grazer",1259,1031,1282,977,1247,1033,1276,926,1176,0,-228,23,-282,-12,-226,17,-333,-83,0,-18.0870520429218,1.83062678278606,-22.3626665737359,-0.923933493841382,-17.9491498615032,1.38109731931877,-26.4703627031031,-6.62277204409671
"Conservancy_8","Mashi","Sheep","Grazer-Mixed","Sheep_Grazer_Mixed",13305,11626,13112,11264,12863,11646,13058,10668,12121,0,-1678,-192,-2041,-441,-1659,-246,-2637,-1184,0,-12.6153046209239,-1.44510782693827,-15.3399719629672,-3.31674025952891,-12.4686316344286,-1.85193623557302,-19.8196183370485,-8.89811720418916
"Conservancy_8","Mashi","Goats","Browser-Mixed","Goat_Browser_Mixed",22194,21065,20729,20927,20565,21100,20719,19819,19433,0,-1129,-1465,-1267,-1629,-1093,-1475,-2374,-2761,0,-5.08673714774159,-6.60111589402152,-5.70988928018587,-7.33991665473394,-4.92678968259635,-6.64660201877674,-10.6987103258678,-12.4414823441381
"Conservancy_8","Mashi","Donkeys","Grazer","Donkey_Grazer",4730,4000,4755,3834,4646,4007,4731,3631,4375,0,-730,25,-897,-84,-723,1,-1099,-355,0,-15.4306161337312,0.530114761046922,-18.9538288623574,-1.7742241299262,-15.2882813746096,0.0163549469761425,-23.2425407768935,-7.51120243850728
"Conservancy_9","Ovitoto","Cattle","Grazer","Cattle_Grazer",1504,1441,4718,1380,4518,1375,4501,1264,4137,0,-63,3214,-124,3014,-129,2998,-240,2634,0,-4.17497439022203,213.742601175031,-8.23097814130612,200.460854410607,-8.57315526945441,199.341806564234,-15.9676069364444,175.129758336052
"Conservancy_9","Ovitoto","Sheep","Grazer-Mixed","Sheep_Grazer_Mixed",18584,17934,37356,17175,35775,17111,35641,15727,32759,0,-650,18772,-1409,17191,-1473,17057,-2857,14175,0,-3.49745609325389,101.012803751048,-7.58213728779749,92.503583612916,-7.92673373452824,91.7864106981488,-15.373466903856,76.2741904656151
"Conservancy_9","Ovitoto","Goats","Browser-Mixed","Goat_Browser_Mixed",35410,34419,30026,32962,28755,32839,28648,30183,26331,0,-991,-5384,-2448,-6654,-2571,-6762,-5227,-9079,0,-2.79898358237301,-15.2034888718627,-6.91322915330089,-18.7925781872128,-7.26031974304222,-19.0954470251817,-14.7609513714579,-25.6387719060408
"Conservancy_9","Ovitoto","Donkeys","Grazer","Donkey_Grazer",6278,6038,15905,5783,15232,5761,15175,5295,13948,0,-239,9628,-495,8954,-516,8898,-982,7670,0,-3.81209265866437,153.364033879621,-7.88345617255605,142.638473027525,-8.22692909820578,141.73467113348,-15.6493829640761,122.182288424949
"Conservancy_10","Salambala","Cattle","Grazer","Cattle_Grazer",3718,3137,3316,3002,3263,3160,3251,2849,3014,0,-581,-401,-716,-455,-558,-467,-868,-704,0,-15.6159578851292,-10.7910576558553,-19.2521191171787,-12.2371197248869,-15.0006906783146,-12.562916537683,-23.352896517513,-18.9237975212853
"Conservancy_10","Salambala","Sheep","Grazer-Mixed","Sheep_Grazer_Mixed",36885,32961,32988,32143,32620,33203,32463,30509,30261,0,-3923,-3896,-4742,-4265,-3682,-4421,-6375,-6623,0,-10.6372165555576,-10.5635985691656,-12.8560525066093,-11.562356470547,-9.98197212365069,-11.9869440082736,-17.2840454937721,-17.9568158588069
"Conservancy_10","Salambala","Goats","Browser-Mixed","Goat_Browser_Mixed",46439,44983,42814,44959,42620,45322,42823,42668,40168,0,-1456,-3625,-1481,-3820,-1118,-3616,-3771,-6271,0,-3.13508862736383,-7.80654653112702,-3.18811729485216,-8.22507176326341,-2.40684451952421,-7.78725113450548,-8.12099281388889,-13.5041385321834
"Conservancy_10","Salambala","Donkeys","Grazer","Donkey_Grazer",13666,11871,12106,11471,11942,11958,11855,10888,11024,0,-1795,-1559,-2194,-1724,-1708,-1810,-2777,-2642,0,-13.132016890946,-11.4096462388979,-16.0586339342412,-12.6123270070503,-12.4965202528101,-13.2476300941148,-20.3231985565557,-19.3299037235878
"Conservancy_11","Doro !nawas Area2","Cattle","Grazer","Cattle_Grazer",1951,1624,6174,1520,5884,1576,5991,1408,5451,0,-328,4223,-431,3933,-375,4040,-543,3500,0,-16.785224377774,216.428733854147,-22.0806339744836,201.572373885134,-19.2133647942855,207.029853217676,-27.8197551793059,179.376763055458
"Conservancy_11","Doro !nawas Area2","Sheep","Grazer-Mixed","Sheep_Grazer_Mixed",18409,15682,48201,14732,45955,15219,46768,13649,42573,0,-2727,29792,-3676,27546,-3189,28359,-4759,24164,0,-14.8131554312402,161.836855024598,-19.9709793628017,149.635380049405,-17.3247798647769,154.053991815526,-25.8539254712839,131.266215696366
"Conservancy_11","Doro !nawas Area2","Goats","Browser-Mixed","Goat_Browser_Mixed",23782,21178,36584,20016,34932,20542,35493,18550,32363,0,-2603,12802,-3766,11150,-3240,11712,-5232,8582,0,-10.9465947478947,53.8321793218348,-15.8342341946408,46.8840384578147,-13.6226666682899,49.2463131967884,-21.9987584120233,36.0851565674952
"Conservancy_11","Doro !nawas Area2","Donkeys","Grazer","Donkey_Grazer",8282,7177,21408,6757,20408,6966,20772,6260,18906,0,-1105,13126,-1525,12126,-1315,12490,-2022,10624,0,-13.3391698932392,158.499786441072,-18.4106192562212,146.425599905347,-15.8836535254185,150.820922708421,-24.4170778099277,128.289038564254
"Conservancy_12","Doro !nawas/Uibasen Twyfelfontein/Sorris Sorri JMA","Cattle","Grazer","Cattle_Grazer",86,36,578,33,550,36,564,30,508,0,-50,492,-54,463,-51,478,-56,422,0,-57.7536400371827,569.680139025557,-62.2822764776867,536.474834346922,-58.7736203329491,553.561985994593,-65.1082634050948,488.803069659889
"Conservancy_12","Doro !nawas/Uibasen Twyfelfontein/Sorris Sorri JMA","Sheep","Grazer-Mixed","Sheep_Grazer_Mixed",890,471,4473,430,4252,459,4366,398,3934,0,-420,3583,-460,3362,-431,3476,-493,3043,0,-47.1337741543419,402.480051225752,-51.7125968131795,377.63241271071,-48.4086271078178,390.386329085043,-55.3305132042286,341.857365270652
"Conservancy_12","Doro !nawas/Uibasen Twyfelfontein/Sorris Sorri JMA","Goats","Browser-Mixed","Goat_Browser_Mixed",1336,922,3265,860,3106,900,3187,795,2873,0,-414,1929,-476,1770,-436,1851,-540,1537,0,-30.9743666723126,144.443418477008,-35.6321765888238,132.493223970593,-32.6370409107731,138.56051983653,-40.4549127064498,115.078212599898
"Conservancy_12","Doro !nawas/Uibasen Twyfelfontein/Sorris Sorri JMA","Donkeys","Grazer","Donkey_Grazer",507,342,2048,318,1947,333,1999,295,1802,0,-166,1541,-189,1440,-174,1492,-213,1294,0,-32.6980998992712,303.621076246215,-37.252135331145,283.74263013911,-34.3193403193808,293.906921739021,-41.9534966201435,254.999366626258
"Conservancy_13","Kwandu","Cattle","Grazer","Cattle_Grazer",744,639,636,611,681,642,615,579,558,0,-105,-107,-133,-63,-102,-129,-165,-186,0,-14.0646137425744,-14.4395958227075,-17.8796342658103,-8.42956192083991,-13.7428190119524,-17.3306733837891,-22.1739219604613,-25.0512824409027
"Conservancy_13","Kwandu","Sheep","Grazer-Mixed","Sheep_Grazer_Mixed",7216,6458,6250,6278,6643,6482,6032,5949,5546,0,-758,-966,-938,-573,-734,-1184,-1267,-1670,0,-10.5085981145727,-13.3889559192942,-13.0017358977992,-7.94525195993862,-10.1764129029738,-16.4120371880784,-17.5539056464827,-23.1434249726649
"Conservancy_13","Kwandu","Goats","Browser-Mixed","Goat_Browser_Mixed",9711,9174,8821,9135,8944,9208,8700,8657,8171,0,-537,-890,-576,-767,-503,-1011,-1054,-1540,0,-5.53152003548423,-9.16138501972171,-5.93069838319521,-7.89369511055611,-5.18220096761252,-10.4085102330014,-10.8564014852675,-15.8623338589171
"Conservancy_13","Kwandu","Donkeys","Grazer","Donkey_Grazer",2711,2377,2312,2292,2488,2386,2220,2172,2026,0,-334,-399,-419,-223,-325,-491,-539,-685,0,-12.3181315954069,-14.7037479640244,-15.4624315131425,-8.21629056160885,-11.9910496024972,-18.1212582556169,-19.8845546107847,-25.2617527251167
"Conservancy_14","Orupembe","Cattle","Grazer","Cattle_Grazer",2155,1902,16135,1762,15230,1858,15789,1700,14675,0,-253,13980,-393,13075,-297,13634,-456,12520,0,-11.7370251431996,648.628917906202,-18.2526837360918,606.633822537795,-13.7730551889076,632.587892748034,-21.1422800407945,580.891747602522
"Conservancy_14","Orupembe","Sheep","Grazer-Mixed","Sheep_Grazer_Mixed",26009,23872,126020,22207,118903,23323,123315,21423,114574,0,-2137,100011,-3802,92893,-2686,97305,-4587,88565,0,-8.21640841889698,384.521804638678,-14.6169834595344,357.156613027653,-10.3273112324778,374.120269442728,-17.6346984390109,340.516222984759
"Conservancy_14","Orupembe","Goats","Browser-Mixed","Goat_Browser_Mixed",48061,45921,95807,42902,90245,44867,93734,41386,86971,0,-2140,47746,-5159,42184,-3194,45674,-6675,38910,0,-4.45287254070189,99.3453115790318,-10.7340857750659,87.7726230756893,-6.6450518743939,95.0326138882524,-13.8877182595541,80.9605568984142
"Conservancy_14","Orupembe","Donkeys","Grazer","Donkey_Grazer",12472,11748,56300,10983,53145,11486,55094,10589,51208,0,-724,43828,-1489,40673,-986,42623,-1883,38736,0,-5.80541454567084,351.424677224579,-11.9370362607441,326.127228464925,-7.90333889523717,341.758305720664,-15.0965476674969,310.599193511653
"Conservancy_15","Mayuni","Cattle","Grazer","Cattle_Grazer",506,408,512,378,506,408,519,358,469,0,-99,6,-128,-1,-98,12,-148,-37,0,-19.4949438440548,1.197209236277,-25.2732624583532,-0.114132019125936,-19.3291839414418,2.4216094075203,-29.2552652098548,-7.33879310874077
"Conservancy_15","Mayuni","Sheep","Grazer-Mixed","Sheep_Grazer_Mixed",5235,4552,5121,4378,5133,4561,5162,4144,4755,0,-684,-115,-858,-103,-674,-73,-1091,-480,0,-13.0564699873475,-2.19039618395291,-16.3849491354095,-1.96414034544436,-12.8757906325394,-1.40240306674704,-20.8409130868654,-9.17492527179801
"Conservancy_15","Mayuni","Goats","Browser-Mixed","Goat_Browser_Mixed",7965,7616,7379,7604,7434,7632,7388,7199,6963,0,-348,-586,-361,-531,-332,-577,-766,-1002,0,-4.37337602128431,-7.35344903601068,-4.52617134764922,-6.66988195279284,-4.17212922888578,-7.24177059892785,-9.61524613344406,-12.5795069473403
"Conservancy_15","Mayuni","Donkeys","Grazer","Donkey_Grazer",1908,1600,1901,1515,1898,1604,1920,1434,1754,0,-307,-7,-393,-10,-304,12,-474,-154,0,-16.116837511277,-0.385282635115328,-20.6130790272155,-0.509590921518871,-15.9431679903316,0.634715226269411,-24.843637112547,-8.05456074905516
"Conservancy_16","Uibasen Twyfelfontein","Cattle","Grazer","Cattle_Grazer",336,262,1253,220,1177,255,1220,203,1089,0,-74,916,-117,840,-81,884,-133,753,0,-22.0494468068492,272.370532150323,-34.6761974065475,249.755114765088,-24.0467100978417,262.712554971127,-39.5574664719937,223.768178298691
"Conservancy_16","Uibasen Twyfelfontein","Sheep","Grazer-Mixed","Sheep_Grazer_Mixed",2956,2320,9645,1973,9057,2260,9394,1826,8384,0,-636,6689,-983,6101,-696,6439,-1130,5428,0,-21.5162931664329,226.305354407969,-33.2414268931246,206.425882873136,-23.5313385265013,217.842454447383,-38.224059506074,183.659277933456
"Conservancy_16","Uibasen Twyfelfontein","Goats","Browser-Mixed","Goat_Browser_Mixed",3250,2589,6901,2279,6474,2522,6722,2110,5993,0,-661,3651,-970,3224,-728,3472,-1140,2743,0,-20.3439184392209,112.344933449588,-29.8616617247649,99.218869043077,-22.3990977283709,106.838591896278,-35.082525128408,84.4200853151588
"Conservancy_16","Uibasen Twyfelfontein","Donkeys","Grazer","Donkey_Grazer",1483,1234,4355,1080,4095,1202,4242,999,3791,0,-249,2871,-404,2612,-281,2759,-484,2308,0,-16.8108942968107,193.584815283463,-27.2133486385028,176.092508022361,-18.9524123711303,185.968941267785,-32.6378667510724,155.582091072537
"Conservancy_17","Oskop","Cattle","Grazer","Cattle_Grazer",921,877,877,850,850,852,852,776,776,0,-44,-44,-71,-71,-69,-69,-145,-145,0,-4.75650892559336,-4.75650892559336,-7.69871662032723,-7.69871662032723,-7.48852128695164,-7.48852128695164,-15.7471400051912,-15.7471400051912
"Conservancy_17","Oskop","Sheep","Grazer-Mixed","Sheep_Grazer_Mixed",6939,6601,6601,6397,6397,6412,6412,5839,5839,0,-338,-338,-542,-542,-528,-528,-1100,-1100,0,-4.87673482745991,-4.87673482745991,-7.8152285720898,-7.8152285720898,-7.60529856837862,-7.60529856837862,-15.8534924284743,-15.8534924284743
"Conservancy_17","Oskop","Goats","Browser-Mixed","Goat_Browser_Mixed",4492,4246,4246,4115,4115,4124,4124,3756,3756,0,-246,-246,-377,-377,-368,-368,-736,-736,0,-5.47519852481583,-5.47519852481583,-8.39520486967157,-8.39520486967157,-8.18659563103272,-8.18659563103272,-16.3828963545223,-16.3828963545223
"Conservancy_17","Oskop","Donkeys","Grazer","Donkey_Grazer",3041,2895,2895,2806,2806,2812,2812,2561,2561,0,-146,-146,-236,-236,-229,-229,-480,-480,0,-4.80614083552796,-4.80614083552796,-7.74681532956048,-7.74681532956048,-7.53672953013557,-7.53672953013557,-15.7910446364875,-15.7910446364875
"Conservancy_18","//Huab","Cattle","Grazer","Cattle_Grazer",4610,4108,11116,3889,10647,3976,10762,3609,9879,0,-503,6505,-722,6037,-634,6152,-1002,5269,0,-10.9015287349399,141.111110917867,-15.650329485723,130.945273754079,-13.7525305934952,133.434643990526,-21.7265869089653,114.29771810116
"Conservancy_18","//Huab","Sheep","Grazer-Mixed","Sheep_Grazer_Mixed",50675,47290,90391,45137,86637,45777,87512,41886,80393,0,-3385,39716,-5538,35962,-4898,36837,-8788,29718,0,-6.68024275853171,78.3738185841107,-10.9285142235109,70.9666078834851,-9.6660522332492,72.6931260681595,-17.3428104003687,58.644047811553
"Conservancy_18","//Huab","Goats","Browser-Mixed","Goat_Browser_Mixed",84152,83257,79930,80243,76783,80593,77382,74466,71251,0,-896,-4222,-3910,-7369,-3559,-6770,-9686,-12901,0,-1.06418209995153,-5.01735132678811,-4.6458137332006,-8.75687750630422,-4.22940535050583,-8.04527625117944,-11.5098638545052,-15.330644496443
"Conservancy_18","//Huab","Donkeys","Grazer","Donkey_Grazer",18514,16877,38127,16034,36521,16337,36914,14879,33889,0,-1638,19613,-2480,18007,-2177,18399,-3635,15375,0,-8.84555678367903,105.935285177735,-13.3951754736441,97.2619883061026,-11.7583127957583,99.3802651006951,-19.6347124913536,83.042054392436
"Conservancy_19","Omatendeka","Cattle","Grazer","Cattle_Grazer",5141,4692,8823,4426,8394,4541,8537,4154,7884,0,-449,3682,-716,3252,-600,3395,-987,2743,0,-8.73557972112374,71.6076327760005,-13.9241451823352,63.2524330840031,-11.6753418416207,66.0383531714696,-19.2014808095208,53.3496000297936
"Conservancy_19","Omatendeka","Sheep","Grazer-Mixed","Sheep_Grazer_Mixed",53431,50428,76259,47944,72717,48790,73777,45027,68315,0,-3003,22828,-5488,19286,-4641,20346,-8405,14883,0,-5.62037735324159,42.7233505041554,-10.2705541107168,36.0941819984959,-8.68685610766615,38.0791163690243,-15.7298797826377,27.8551026128224
"Conservancy_19","Omatendeka","Goats","Browser-Mixed","Goat_Browser_Mixed",81916,81200,80887,78063,77610,78529,78236,73364,72936,0,-717,-1030,-3853,-4306,-3387,-3681,-8553,-8980,0,-0.8751636253482,-1.2572251137096,-4.703972705124,-5.25700293619761,-4.13473658299243,-4.49300489755359,-10.4406022394045,-10.9628429676247
"Conservancy_19","Omatendeka","Donkeys","Grazer","Donkey_Grazer",20121,18674,31241,17675,29742,18071,30226,16595,27940,0,-1447,11120,-2447,9621,-2050,10105,-3526,7819,0,-7.19038554160192,55.2641839533374,-12.1595161451014,47.8148447164043,-10.1897645557629,50.2218877542854,-17.5223199447645,38.8573044016685
"Conservancy_20","//Gamaseb","Cattle","Grazer","Cattle_Grazer",1218,831,4457,747,4256,802,4295,674,3833,0,-387,3239,-471,3038,-416,3077,-544,2615,0,-31.7734003017455,265.980972471608,-38.6583348502596,249.444164002778,-34.1635691307939,252.678892597218,-44.6323500121924,214.679151529486
"Conservancy_20","//Gamaseb","Sheep","Grazer-Mixed","Sheep_Grazer_Mixed",11420,8227,35033,7527,33464,7936,33759,6789,30134,0,-3193,23613,-3893,22044,-3484,22339,-4631,18714,0,-27.9594510197158,206.769031155351,-34.0882897189268,193.031441434576,-30.5112227965791,195.61486267436,-40.5497613485928,163.872936091503
"Conservancy_20","//Gamaseb","Goats","Browser-Mixed","Goat_Browser_Mixed",14486,11527,27260,10859,26082,11111,26267,9783,23484,0,-2958,12774,-3627,11596,-3374,11782,-4703,8999,0,-20.423126696381,88.1858920072207,-25.0390909704289,80.0496222414466,-23.2946841834711,81.3334347165366,-32.4663341987272,62.1198031031328
"Conservancy_20","//Gamaseb","Donkeys","Grazer","Donkey_Grazer",6380,4952,16378,4606,15661,4775,15782,4152,14102,0,-1427,9998,-1774,9282,-1605,9402,-2228,7723,0,-22.3755259595311,156.724302008115,-27.8058234110229,145.488401503108,-25.1539429911046,147.382312271655,-34.9251501605408,121.051192096527
"Conservancy_21","Ehi-Rovipuka","Cattle","Grazer","Cattle_Grazer",7617,6742,11695,6372,11154,6516,11307,5998,10497,0,-875,4078,-1245,3537,-1101,3690,-1618,2881,0,-11.4918632085618,53.5359080666155,-16.3473732890181,46.4431272674269,-14.4568516500875,48.4441609974051,-21.2473883628138,37.8198971521344
"Conservancy_21","Ehi-Rovipuka","Sheep","Grazer-Mixed","Sheep_Grazer_Mixed",77829,72345,101995,68947,97553,69937,98618,64894,91804,0,-5484,24167,-8882,19725,-7892,20789,-12935,13975,0,-7.04639921944098,31.0508973365516,-11.4118790726334,25.3434964841005,-10.1401317830006,26.7117746414787,-16.6196016437325,17.9562877417537
"Conservancy_21","Ehi-Rovipuka","Goats","Browser-Mixed","Goat_Browser_Mixed",116245,116291,110793,112122,106719,112456,107140,105498,100416,0,46,-5452,-4123,-9526,-3789,-9105,-10747,-15829,0,0.0391522172253844,-4.69020071545043,-3.54695339314878,-8.19453359375869,-3.25986174635197,-7.83299053777863,-9.24496702017898,-13.6170833058836
"Conservancy_21","Ehi-Rovipuka","Donkeys","Grazer","Donkey_Grazer",28999,26263,41205,24917,39343,25386,39840,23455,37025,0,-2736,12206,-4082,10344,-3613,10840,-5544,8026,0,-9.4353104676595,42.0898274224889,-14.0760171464032,35.6684229787897,-12.4584476828736,37.3816932312889,-19.118362242912,27.6764282022217
"Conservancy_22","/Audi","Cattle","Grazer","Cattle_Grazer",810,771,2151,738,2061,742,2070,684,1910,0,-39,1341,-72,1251,-68,1260,-126,1100,0,-4.86175573810643,165.526455277308,-8.85207760987003,154.392150093596,-8.45289036335848,155.496881770191,-15.5307931748122,135.749146568501
"Conservancy_22","/Audi","Sheep","Grazer-Mixed","Sheep_Grazer_Mixed",9981,9559,17740,9158,16996,9198,17070,8487,15750,0,-422,7759,-823,7015,-783,7089,-1494,5769,0,-4.22856172829815,77.7357197889186,-8.24558348550025,70.2821254200007,-7.84393063378685,71.0231764140248,-14.9693111325682,57.8030449778367
"Conservancy_22","/Audi","Goats","Browser-Mixed","Goat_Browser_Mixed",18958,18281,16431,17514,15741,17591,15810,16230,14588,0,-677,-2527,-1444,-3216,-1367,-3147,-2727,-4370,0,-3.57174090065681,-13.3308137687621,-7.61645881508711,-16.9663563459179,-7.21224835729375,-16.6025563100888,-14.3868781120724,-23.051514865046
"Conservancy_22","/Audi","Donkeys","Grazer","Donkey_Grazer",3376,3224,7380,3088,7070,3102,7101,2862,6552,0,-153,4003,-288,3694,-274,3725,-514,3176,0,-4.52309246115343,118.571655159072,-8.52769474390766,109.405975020363,-8.12718877055348,110.316192393576,-15.230484982645,94.0597405073187
"Conservancy_23","Uukolonkadhi Ruacana","Cattle","Grazer","Cattle_Grazer",10922,10489,17557,10065,16878,10123,16966,9635,16157,0,-434,6634,-858,5955,-799,6044,-1288,5235,0,-3.96898350193703,60.7388588647849,-7.85441068420916,54.524606613469,-7.31633922683325,55.3341345215165,-11.7883685571364,47.9281075168311
"Conservancy_23","Uukolonkadhi Ruacana","Sheep","Grazer-Mixed","Sheep_Grazer_Mixed",110396,107134,149034,103001,143397,103395,143983,98605,137277,0,-3262,38639,-7394,33001,-7001,33587,-11790,26881,0,-2.95441910458913,35.0003912995214,-6.69803212265973,29.8938435601996,-6.34163111973852,30.4245346341809,-10.6800118576814,24.3497872151824
"Conservancy_23","Uukolonkadhi Ruacana","Goats","Browser-Mixed","Goat_Browser_Mixed",160203,159484,150356,154008,145075,153906,145104,147438,138886,0,-719,-9847,-6195,-15128,-6297,-15099,-12764,-21317,0,-0.448766807418268,-6.14646172053131,-3.86689625822892,-9.44293019920988,-3.93076279045786,-9.42489247054015,-7.96761018157258,-13.3061475729957
"Conservancy_23","Uukolonkadhi Ruacana","Donkeys","Grazer","Donkey_Grazer",40273,39483,60895,38020,58611,38106,58842,36397,56109,0,-790,20622,-2252,18338,-2167,18570,-3875,15836,0,-1.96123597019457,51.2056986287573,-5.592926341325,45.5351145084433,-5.38072054885456,46.1093881046061,-9.62298586615027,39.3227698240249
"Conservancy_24","Uukwaluudhi","Cattle","Grazer","Cattle_Grazer",3869,3562,7666,3398,7366,3433,7385,3238,7021,0,-307,3796,-471,3497,-437,3515,-631,3151,0,-7.93729262414981,98.1108211437897,-12.1770092101036,90.3747922165036,-11.2878093802828,90.845534972662,-16.3054519826954,81.4383376273481
"Conservancy_24","Uukwaluudhi","Sheep","Grazer-Mixed","Sheep_Grazer_Mixed",45149,42763,67084,41004,64522,41206,64628,39078,61494,0,-2386,21935,-4146,19373,-3943,19479,-6071,16345,0,-5.28580076055124,48.5824955583611,-9.18189083789278,42.9095821059192,-8.73274881533744,43.1429577343136,-13.4471454459229,36.2020845146169
"Conservancy_24","Uukwaluudhi","Goats","Browser-Mixed","Goat_Browser_Mixed",80745,78996,73500,76177,70859,76121,70824,72603,67534,0,-1749,-7245,-4567,-9886,-4624,-9920,-8141,-13211,0,-2.16616240164919,-8.9726857999105,-5.65634000531908,-12.2436508214189,-5.72657403924817,-12.2860351298916,-10.0826887125331,-16.3611617724688
"Conservancy_24","Uukwaluudhi","Donkeys","Grazer","Donkey_Grazer",15653,14640,26997,14007,25955,14107,26008,13349,24737,0,-1013,11344,-1646,10302,-1546,10355,-2304,9084,0,-6.47116752001398,72.4736324364621,-10.5157322862512,65.8170995956728,-9.87502181877521,66.1521115549113,-14.720189990859,58.0338733801802
"Conservancy_25","Okamatapati","Cattle","Grazer","Cattle_Grazer",7441,7044,23226,6774,22375,6808,22450,6376,21059,0,-398,15784,-667,14934,-633,15008,-1066,13618,0,-5.34545461676585,212.119565625887,-8.96714698270724,200.689880086749,-8.50821847748128,201.690821991393,-14.3214591494566,183.005217809153
"Conservancy_25","Okamatapati","Sheep","Grazer-Mixed","Sheep_Grazer_Mixed",92045,87546,183457,84286,176752,84621,177327,79328,166357,0,-4499,91411,-7760,84707,-7424,85281,-12717,74311,0,-4.88797678807501,99.3107268041238,-8.43044888250886,92.0270426039637,-8.06581913214328,92.6513789199461,-13.8162813385766,80.7331036627494
"Conservancy_25","Okamatapati","Goats","Browser-Mixed","Goat_Browser_Mixed",175533,167793,146103,161718,140806,162187,141221,152206,132524,0,-7740,-29430,-13815,-34727,-13345,-34311,-23327,-43009,0,-4.40918374895224,-16.7662043110404,-7.87042652327653,-19.7837732840234,-7.60281073602575,-19.5469563384165,-13.2891497711012,-24.5018487233524
"Conservancy_25","Okamatapati","Donkeys","Grazer","Donkey_Grazer",31074,29495,78220,28382,75358,28509,75607,26713,70926,0,-1579,47147,-2691,44285,-2564,44533,-4360,39853,0,-5.08048554054211,151.725836082462,-8.66047756314767,142.515776808671,-8.25199176829646,143.315089263085,-14.0328020927264,128.252473660792
"Conservancy_26","Otjituuo","Cattle","Grazer","Cattle_Grazer",14675,13955,45906,13447,44240,13472,44316,12704,41796,0,-720,31231,-1228,29565,-1203,29641,-1971,27121,0,-4.90600142054486,212.821230368858,-8.36861767106632,201.468847786148,-8.19963944216997,201.986767839802,-13.4318405714165,184.810530892845
"Conservancy_26","Otjituuo","Sheep","Grazer-Mixed","Sheep_Grazer_Mixed",181778,173668,363039,167355,349864,167653,350465,158108,330532,0,-8110,181261,-14423,168086,-14125,168687,-23670,148754,0,-4.46151913541114,99.7158568616784,-7.9342595045056,92.4680482709264,-7.77055064345147,92.7987176145081,-13.0214834857081,81.8328436503807
"Conservancy_26","Otjituuo","Goats","Browser-Mixed","Goat_Browser_Mixed",347136,333279,290452,321187,279911,321736,280392,303439,264444,0,-13857,-56684,-25950,-67225,-25400,-66744,-43697,-82692,0,-3.99177121678316,-16.3290982341652,-7.4753957904017,-19.3656559593654,-7.31707126408443,-19.2271039225374,-12.5879749414854,-23.8212090452543
"Conservancy_26","Otjituuo","Donkeys","Grazer","Donkey_Grazer",61308,58476,154682,56349,149069,56450,149325,53235,140832,0,-2832,93374,-4960,87761,-4858,88017,-8073,79523,0,-4.61978550634371,152.303029476864,-8.08957239308063,143.146841618455,-7.92333602402729,143.564571257121,-13.168214338804,129.711253348585
"Conservancy_27","Ozonahi","Cattle","Grazer","Cattle_Grazer",8096,7401,23980,7070,23069,7154,23180,6661,21733,0,-695,15884,-1026,14973,-942,15084,-1435,13637,0,-8.58515641423849,196.204199000043,-12.668639159762,184.944446601974,-11.6371745825286,186.318631769265,-17.7253206074537,168.446115486504
"Conservancy_27","Ozonahi","Sheep","Grazer-Mixed","Sheep_Grazer_Mixed",97511,91295,189559,87573,182394,88248,183233,82503,171833,0,-6215,92048,-9937,84883,-9263,85722,-15008,74323,0,-6.37410874629727,94.3982631184144,-10.190955723797,87.0501304812438,-9.49935187714123,87.9103796497086,-15.3909806841091,76.2199194561594
"Conservancy_27","Ozonahi","Goats","Browser-Mixed","Goat_Browser_Mixed",180802,173628,151405,167251,145807,167834,146352,157567,137365,0,-7174,-29397,-13551,-34995,-12968,-34450,-23235,-43437,0,-3.96770046216043,-16.2589894746298,-7.49483520340159,-19.3554104019015,-7.17263924759269,-19.0537842545887,-12.8508412364853,-24.0246980137
"Conservancy_27","Ozonahi","Donkeys","Grazer","Donkey_Grazer",33335,30866,80787,29551,77723,29835,78091,27840,73223,0,-2469,47452,-3783,44388,-3499,44756,-5494,39888,0,-7.4069272518979,142.349495502521,-11.3496520212321,133.158976140972,-10.4979678981635,134.261281735393,-16.4826423173619,119.6590445007
"Conservancy_28","N#a Jaqna","Cattle","Grazer","Cattle_Grazer",22650,21009,68814,20252,66602,20303,66500,19076,62734,0,-1641,46164,-2398,43952,-2347,43850,-3574,40084,0,-7.24404059360381,203.816271457469,-10.586720154994,194.051542607038,-10.3631024000892,193.599928263059,-15.7801216562871,176.973333174792
"Conservancy_28","N#a Jaqna","Sheep","Grazer-Mixed","Sheep_Grazer_Mixed",275329,260211,543547,251391,526104,251461,525269,236789,495548,0,-15118,268218,-23938,250775,-23868,249940,-38539,220220,0,-5.49084119187606,97.4172060728421,-8.69443340200052,91.0821025879288,-8.66887932991426,90.7787002101328,-13.9976194431971,79.9841789817053
"Conservancy_28","N#a Jaqna","Goats","Browser-Mixed","Goat_Browser_Mixed",515508,496902,432837,481160,419037,480192,418282,453214,394699,0,-18607,-82672,-34348,-96472,-35316,-97227,-62294,-120810,0,-3.60941116201963,-16.0369013358599,-6.66294845697221,-18.713913229174,-6.85073603754082,-18.8603303998681,-12.0839911218072,-23.4350719645862
"Conservancy_28","N#a Jaqna","Donkeys","Grazer","Donkey_Grazer",93653,87794,231741,84737,224301,84842,223949,79815,211274,0,-5858,138088,-8916,130648,-8811,130296,-13838,117621,0,-6.25547023690035,147.447262843013,-9.52043260630941,139.50244369847,-9.40777770142889,139.126423849503,-14.7756879703371,125.592360344652
"Conservancy_29","!Han /Awab","Cattle","Grazer","Cattle_Grazer",14022,13845,14758,13376,14254,13283,14159,12023,12810,0,-176,736,-646,233,-739,137,-1998,-1211,0,-1.2559319411151,5.25009733566598,-4.60516526277462,1.65975463630987,-5.2672072493429,0.977352553091181,-14.2522510785172,-8.63724213780282
"Conservancy_29","!Han /Awab","Sheep","Grazer-Mixed","Sheep_Grazer_Mixed",107355,104977,111627,101326,107754,100713,107096,91078,96838,0,-2377,4272,-6028,399,-6642,-259,-16277,-10517,0,-2.21455340152595,3.97959967271887,-5.61546492053588,0.371383100307336,-6.18675213358878,-0.241511130856175,-15.1618352639818,-9.79610726500778
"Conservancy_29","!Han /Awab","Goats","Browser-Mixed","Goat_Browser_Mixed",75020,70094,73689,67366,70921,67247,70698,60548,63733,0,-4926,-1331,-7653,-4099,-7772,-4322,-14472,-11286,0,-6.56569288920054,-1.77354592015986,-10.201649675627,-5.46370114141154,-10.3605426089536,-5.76085604435082,-19.2907146896174,-15.0445810262621
"Conservancy_29","!Han /Awab","Donkeys","Grazer","Donkey_Grazer",47074,46257,49122,44677,47439,44378,47128,40158,42633,0,-817,2049,-2396,365,-2696,54,-6916,-4441,0,-1.73523922537264,4.35170277148322,-5.09033828304055,0.775864041358942,-5.72660963450497,0.115710606260649,-14.6913626727455,-9.43372121655512
"Conservancy_30","!Khob !naub","Cattle","Grazer","Cattle_Grazer",5949,4297,9385,3911,8865,4165,9094,3566,8084,0,-1652,3436,-2038,2916,-1785,3145,-2383,2135,0,-27.768944926968,57.7513603760863,-34.2651868908898,49.0176600960803,-29.9962879214908,52.8585643046277,-40.053165341827,35.8900212582909
"Conservancy_30","!Khob !naub","Sheep","Grazer-Mixed","Sheep_Grazer_Mixed",49685,35572,73019,32342,68892,34474,70754,29494,62823,0,-14113,23335,-17343,19208,-15211,21069,-20191,13138,0,-28.4044648871451,46.9652621850495,-34.9062155753366,38.6589221954674,-30.6145794847087,42.4061525027232,-40.6382111204487,26.4437628868077
"Conservancy_30","!Khob !naub","Goats","Browser-Mixed","Goat_Browser_Mixed",47668,33148,54596,30031,51240,32121,52901,27386,46726,0,-14520,6928,-17637,3572,-15547,5233,-20282,-942,0,-30.4608042983893,14.5347129007979,-36.9998329190867,7.4943783383703,-32.6145627506401,10.9789206919266,-42.5488592884051,-1.97556298625953
"Conservancy_30","!Khob !naub","Donkeys","Grazer","Donkey_Grazer",22926,17328,33342,15970,31574,16792,32308,14564,28792,0,-5598,10417,-6956,8648,-6133,9382,-8362,5867,0,-24.4180896306792,45.4376564563853,-30.3403541245355,37.7223429903839,-26.7533744982991,40.9251620664555,-36.4746701810912,25.5897248090758
"Conservancy_31","Anabeb","Cattle","Grazer","Cattle_Grazer",1672,1479,5089,1380,4812,1431,4928,1293,4515,0,-192,3418,-292,3140,-241,3256,-378,2843,0,-11.5127880079423,204.438492241405,-17.451401615497,187.827719392108,-14.3961486273944,194.760753918078,-22.6302268490165,170.074438328993
"Conservancy_31","Anabeb","Sheep","Grazer-Mixed","Sheep_Grazer_Mixed",19227,17596,42643,16533,40341,17020,41282,15497,37849,0,-1631,23416,-2694,21114,-2207,22055,-3730,18622,0,-8.48162727205437,121.786129565337,-14.0099039309563,109.815000712838,-11.4769269548279,114.710672285552,-19.4002178624042,96.8549206204882
"Conservancy_31","Anabeb","Goats","Browser-Mixed","Goat_Browser_Mixed",33741,32095,41403,30389,39233,31040,40068,28485,36799,0,-1646,7662,-3352,5492,-2702,6327,-5256,3058,0,-4.87821274108461,22.7081629264172,-9.93586626553712,16.2759193835971,-8.0073967470796,18.7516773672936,-15.5770652577086,9.06263208202291
"Conservancy_31","Anabeb","Donkeys","Grazer","Donkey_Grazer",7999,7324,18543,6881,17545,7088,17954,6452,16463,0,-675,10544,-1118,9546,-911,9955,-1547,8464,0,-8.43433749732056,131.808141070764,-13.9782960209677,119.332326798023,-11.3895671241335,124.444743080768,-19.337895709975,105.81021028814
"Conservancy_32","Ozondundu","Cattle","Grazer","Cattle_Grazer",1754,1700,3572,1614,3392,1636,3437,1511,3175,0,-54,1818,-141,1638,-118,1683,-243,1421,0,-3.06506700754809,103.648222405385,-8.01259065792044,93.3816625242034,-6.72253582405055,95.9620967505174,-13.8801000478202,81.0325467033442
"Conservancy_32","Ozondundu","Sheep","Grazer-Mixed","Sheep_Grazer_Mixed",21831,21161,32255,20081,30622,20363,31038,18800,28668,0,-670,10424,-1750,8791,-1468,9207,-3031,6836,0,-3.06824397138501,47.7488100578701,-8.01595278660703,40.268166937918,-6.7255929718219,42.173007663795,-13.8832477197482,31.3143197486291
"Conservancy_32","Ozondundu","Goats","Browser-Mixed","Goat_Browser_Mixed",41899,40613,38104,38540,36156,39081,36666,36081,33850,0,-1287,-3796,-3360,-5744,-2819,-5233,-5818,-8049,0,-3.07058474350613,-9.05864642410509,-8.0184299873248,-13.7080216534892,-6.72784546402532,-12.4898449009167,-13.8855669097276,-19.2114526184479
"Conservancy_32","Ozondundu","Donkeys","Grazer","Donkey_Grazer",7356,7126,12762,6761,12117,6857,12280,6330,11343,0,-231,5405,-595,4760,-499,4924,-1026,3987,0,-3.13490660675429,73.481576093153,-8.0865007595149,64.7110963114334,-6.7897414914811,66.9343037373433,-13.9492957192746,54.1947301824486
"Conservancy_33","Sesfontein","Cattle","Grazer","Cattle_Grazer",799,768,6681,723,6332,744,6491,677,5937,0,-31,5882,-75,5534,-54,5692,-121,5138,0,-3.89086567022379,736.492523695762,-9.44920412918404,692.87743564568,-6.82091471201115,712.711348805624,-15.1951816938868,643.378499009651
"Conservancy_33","Sesfontein","Sheep","Grazer-Mixed","Sheep_Grazer_Mixed",10283,9948,53312,9376,50522,9645,51792,8781,47366,0,-335,43030,-907,40240,-637,41509,-1501,37083,0,-3.25704236925258,418.472503887546,-8.81861880302858,391.339830205608,-6.19590823258444,403.685411021368,-14.5995047206555,360.644285076515
"Conservancy_33","Sesfontein","Goats","Browser-Mixed","Goat_Browser_Mixed",20203,19649,43964,18524,41632,19054,42695,17351,39024,0,-554,23761,-1679,21429,-1149,22493,-2852,18821,0,-2.74040054916565,117.613196307811,-8.30857887231226,106.068569425072,-5.6876989597588,111.333196077946,-14.118273263958,93.1612757423368
"Conservancy_33","Sesfontein","Donkeys","Grazer","Donkey_Grazer",6197,6139,24737,5809,23452,5959,24034,5444,21988,0,-58,18540,-388,17255,-237,17837,-752,15792,0,-0.937513316899994,299.191778355122,-6.25589023707016,278.463170538373,-3.82846042709471,287.852962153327,-12.1417416559836,254.84235651826
"Conservancy_34","George Mukoya","Cattle","Grazer","Cattle_Grazer",1096,1066,1598,1059,1598,1047,1574,999,1506,0,-30,502,-37,502,-49,478,-97,410,0,-2.7270308287623,45.816272855627,-3.34502832121608,45.8129445863593,-4.46173776380161,43.6415711366922,-8.88749642114498,37.3711345920246
"Conservancy_34","George Mukoya","Sheep","Grazer-Mixed","Sheep_Grazer_Mixed",13569,13326,16451,13216,16409,13089,16208,12458,15459,0,-243,2882,-353,2840,-481,2639,-1111,1889,0,-1.79243639891726,21.23860442244,-2.60366460273418,20.9277009248899,-3.54378955456397,19.4482418777086,-8.18866785837298,13.9224386952491
"Conservancy_34","George Mukoya","Goats","Browser-Mixed","Goat_Browser_Mixed",26753,26036,25271,25622,24899,25572,24857,24152,23465,0,-717,-1482,-1132,-1854,-1181,-1897,-2601,-3289,0,-2.6795894767875,-5.5396927915959,-4.23025763626638,-6.92947750109661,-4.41503906773278,-7.08891023213156,-9.72208005500026,-12.2926768772042
"Conservancy_34","George Mukoya","Donkeys","Grazer","Donkey_Grazer",4518,4458,6052,4434,6056,4379,5965,4180,5705,0,-60,1534,-84,1538,-139,1447,-339,1187,0,-1.32511284721527,33.9474730768215,-1.86521143891259,34.0383737417489,-3.08483035967862,32.0179995594267,-7.492525616906,26.2648605882199
"Conservancy_35","Muduva Nyangana","Cattle","Grazer","Cattle_Grazer",1522,1397,2003,1364,2002,1374,1910,1284,1793,0,-125,481,-158,480,-148,388,-238,271,0,-8.22366231927612,31.586439309325,-10.3889914791373,31.5332076070199,-9.73431505721939,25.4669929121704,-15.6282547540459,17.7869443520247
"Conservancy_35","Muduva Nyangana","Sheep","Grazer-Mixed","Sheep_Grazer_Mixed",18292,17271,20678,16930,20712,16986,19687,15940,18506,0,-1022,2385,-1362,2420,-1306,1395,-2352,213,0,-5.58588338695095,13.0397122721523,-7.44846395270682,13.2302445135154,-7.13986362188013,7.62464645363448,-12.8595674873515,1.16686492800674
"Conservancy_35","Muduva Nyangana","Goats","Browser-Mixed","Goat_Browser_Mixed",34282,33020,31863,32437,31581,32476,30873,30540,29022,0,-1263,-2419,-1846,-2701,-1806,-3410,-3742,-5260,0,-3.68282639730311,-7.05721375348617,-5.38332486469409,-7.87868157346664,-5.26812441740836,-9.94564435989574,-10.9150625351023,-15.3442461849584
"Conservancy_35","Muduva Nyangana","Donkeys","Grazer","Donkey_Grazer",6229,5828,7598,5706,7627,5732,7205,5372,6772,0,-401,1369,-523,1399,-497,977,-857,543,0,-6.44185184739823,21.9819530330367,-8.39890854123972,22.4528362371756,-7.98175736766653,15.6787672546201,-13.7544875815115,8.71506945317567
"Conservancy_36","Shamungwa","Cattle","Grazer","Cattle_Grazer",124,119,202,118,198,118,193,111,181,0,-4,78,-6,75,-6,69,-13,57,0,-3.38351032102326,63.2383587644985,-4.94659809434016,60.3482125276837,-4.83192193559534,55.8437914054539,-10.5286115796027,46.2997680655499
"Conservancy_36","Shamungwa","Sheep","Grazer-Mixed","Sheep_Grazer_Mixed",1530,1488,1976,1463,1941,1465,1880,1377,1765,0,-42,446,-67,412,-64,350,-153,236,0,-2.75358079865987,29.1637723135323,-4.37512746918863,26.9064555248519,-4.21149116402829,22.9084428027939,-9.9907005816931,15.4095573312629
"Conservancy_36","Shamungwa","Goats","Browser-Mixed","Goat_Browser_Mixed",2978,2861,2750,2807,2699,2818,2662,2642,2496,0,-118,-228,-171,-279,-161,-317,-336,-482,0,-3.94951196650237,-7.65666772145418,-5.74674501126593,-9.38005695955723,-5.38971698437387,-10.6295302652419,-11.2817698481379,-16.1893857693512
"Conservancy_36","Shamungwa","Donkeys","Grazer","Donkey_Grazer",513,500,749,493,736,493,710,464,667,0,-13,235,-21,223,-20,197,-49,154,0,-2.4485661269022,45.8965370767686,-4.00457124518152,43.3775331826255,-3.91096839294659,38.4101953872275,-9.64190528152443,29.9957072006341
"Conservancy_37","King Nehale","Cattle","Grazer","Cattle_Grazer",2813,2747,3345,2674,3358,2650,3385,2560,3275,0,-67,532,-140,544,-164,571,-253,462,0,-2.36540446299475,18.8954191828314,-4.96448966470006,19.3456117276467,-5.82145144723349,20.3125707140578,-9.00206971613547,16.4195614617347
"Conservancy_37","King Nehale","Sheep","Grazer-Mixed","Sheep_Grazer_Mixed",24160,23592,27056,22942,26992,22758,27175,21966,26255,0,-568,2896,-1218,2832,-1402,3015,-2194,2095,0,-2.34970652948468,11.9868981801729,-5.04066263373338,11.7238831286974,-5.8050292950737,12.4789734619319,-9.07962638536945,8.67190409259223
"Conservancy_37","King Nehale","Goats","Browser-Mixed","Goat_Browser_Mixed",24900,24548,23778,23862,23099,23680,22983,22843,22131,0,-352,-1122,-1038,-1801,-1220,-1917,-2057,-2769,0,-1.41293491472035,-4.50514186431312,-4.17035075181737,-7.23173110242126,-4.89785247344065,-7.69891301654229,-8.25907703652221,-11.1187175927245
"Conservancy_37","King Nehale","Donkeys","Grazer","Donkey_Grazer",9837,9619,11378,9358,11400,9278,11492,8960,11113,0,-218,1541,-479,1563,-559,1655,-877,1276,0,-2.21893134464591,15.6623482097269,-4.87263932870688,15.8910712661717,-5.67959215036769,16.8266771047609,-8.91605101641168,12.970439891674
"Conservancy_38","Doro !nawas Area1","Cattle","Grazer","Cattle_Grazer",844,625,10883,574,10379,612,10650,530,9588,0,-219,10039,-270,9535,-232,9807,-314,8745,0,-25.9104391927054,1189.90381299953,-32.0073652991163,1130.18823424505,-27.5075411305935,1162.320566189,-37.1842078392926,1036.45299245431
"Conservancy_38","Doro !nawas Area1","Sheep","Grazer-Mixed","Sheep_Grazer_Mixed",9815,8086,83915,7534,80032,7912,82121,6960,73934,0,-1729,74100,-2282,70216,-1903,72305,-2855,64118,0,-17.6195444385834,754.933412539171,-23.2454901280345,715.366587556257,-19.3905550183003,736.65034165394,-29.0898296230866,653.240593093061
"Conservancy_38","Doro !nawas Area1","Goats","Browser-Mixed","Goat_Browser_Mixed",17278,15876,60392,14998,57601,15536,59101,13856,53212,0,-1402,43114,-2280,40322,-1742,41822,-3422,35934,0,-8.11387047571318,249.53036334475,-13.1946196901888,233.372383404541,-10.0842297632881,242.05339344778,-19.8046584498606,207.974152943656
"Conservancy_38","Doro !nawas Area1","Donkeys","Grazer","Donkey_Grazer",6512,5904,38224,5565,36462,5777,37407,5141,33683,0,-608,31712,-947,29950,-735,30895,-1370,27172,0,-9.34035645440194,486.999775610258,-14.5366121490635,459.933028118905,-11.2858872920727,474.445752726707,-21.0443063964492,417.271118355294
"Conservancy_39","African Wild Dog","Cattle","Grazer","Cattle_Grazer",9281,8683,28545,8348,27482,8399,27613,7834,25792,0,-598,19264,-933,18201,-882,18332,-1447,16511,0,-6.44554282626028,207.570710328103,-10.0554952416604,196.116903489609,-9.50280932122424,197.519657195156,-15.5886989659814,177.8991927247
"Conservancy_39","African Wild Dog","Sheep","Grazer-Mixed","Sheep_Grazer_Mixed",114170,107956,225680,103871,217280,104429,218305,97481,203913,0,-6213,111511,-10299,103111,-9741,104136,-16689,89743,0,-5.44218738157884,97.6709341199044,-9.02053164472499,90.3134174703273,-8.53225398713602,91.2112581471668,-14.6173981896941,78.6051500556344
"Conservancy_39","African Wild Dog","Goats","Browser-Mixed","Goat_Browser_Mixed",216500,206982,180358,199306,173658,200218,174464,187045,162975,0,-9518,-36142,-17194,-42842,-16282,-42036,-29455,-53525,0,-4.39633642480304,-16.6937657104025,-7.94185167705599,-19.7885710578103,-7.52059231788395,-19.4161568135362,-13.6050701394174,-24.7229344633465
"Conservancy_39","African Wild Dog","Donkeys","Grazer","Donkey_Grazer",38647,36366,96173,34977,92592,35177,93030,32825,86896,0,-2282,57525,-3671,53945,-3470,54383,-5822,48248,0,-5.90452640164522,148.846453079042,-9.49776752458133,139.581473772735,-8.97947889651208,140.714429840458,-15.0652782982065,124.842043297549
"Conservancy_40","Torra","Cattle","Grazer","Cattle_Grazer",2596,1589,14597,1379,13839,1547,14240,1278,12825,0,-1007,12001,-1217,11244,-1049,11644,-1318,10229,0,-38.784122754834,462.336695332515,-46.8852864036279,433.148174179743,-40.4022975943773,448.591356188895,-50.7825250794741,394.071347179973
"Conservancy_40","Torra","Sheep","Grazer-Mixed","Sheep_Grazer_Mixed",24950,17049,112782,15201,106909,16606,110025,14086,99073,0,-7901,87832,-9749,81959,-8344,85074,-10865,74123,0,-31.667476682049,352.025708461785,-39.0732468246759,328.486088060783,-33.4420396528129,340.972674657694,-43.5457065926832,297.079328836368
"Conservancy_40","Torra","Goats","Browser-Mixed","Goat_Browser_Mixed",33254,27104,81902,25071,77575,26417,79896,23229,71888,0,-6150,48648,-8183,44321,-6837,46642,-10025,38634,0,-18.4940817183592,146.293056726661,-24.6078485325754,133.280193586331,-20.5585466478945,140.260898955185,-30.1456923285229,116.178811973432
"Conservancy_40","Torra","Donkeys","Grazer","Donkey_Grazer",13351,10164,51109,9256,48478,9906,49861,8577,44925,0,-3187,37758,-4095,35127,-3445,36510,-4774,31574,0,-23.8690565779797,282.806298692633,-30.673301223559,263.099194493861,-25.8010000180391,273.454022909457,-35.7555946223237,236.488031390255
"Conservancy_41","Ondjou","Cattle","Grazer","Cattle_Grazer",22183,20149,65324,19357,63267,19479,63149,18164,59369,0,-2033,43142,-2826,41084,-2704,40966,-4019,37186,0,-9.16675777733659,194.4808231513,-12.7389440119284,185.20711952497,-12.1908186493769,184.67521144304,-18.1155515351002,167.635384666875
"Conservancy_41","Ondjou","Sheep","Grazer-Mixed","Sheep_Grazer_Mixed",265679,248406,516153,239638,499889,240136,498967,224873,469090,0,-17272,250475,-26041,234210,-25543,233288,-40806,203412,0,-6.50121226117438,94.2773398875429,-9.80160859126267,88.1554483785287,-9.61429419223752,87.8082894176898,-15.3590578506348,76.5630279671374
"Conservancy_41","Ondjou","Goats","Browser-Mixed","Goat_Browser_Mixed",490268,472296,411743,457483,398626,456569,398033,429297,374066,0,-17973,-78525,-32785,-91642,-33699,-92235,-60972,-116203,0,-3.66585415728488,-16.0167314052244,-6.68719771215547,-18.6922876882245,-6.87358044615835,-18.8131682422572,-12.4363948558713,-23.7018712305914
"Conservancy_41","Ondjou","Donkeys","Grazer","Donkey_Grazer",91028,83997,220021,80881,213097,81201,212695,75898,199968,0,-7030,128993,-10146,122069,-9827,121667,-15130,108940,0,-7.72315553487078,141.707847503084,-11.1463707484549,134.101015382289,-10.7954419117633,133.659445333467,-16.6210267244975,119.677909827207
"Conservancy_42","#Gaingu","Cattle","Grazer","Cattle_Grazer",14,11,109,11,104,11,106,10,94,0,-3,95,-3,90,-3,91,-4,80,0,-19.682220051836,673.521514109901,-23.5073052092484,636.71386755405,-22.1042911583559,650.232290326273,-30.4798801268093,569.40720263044
"Conservancy_42","#Gaingu","Sheep","Grazer-Mixed","Sheep_Grazer_Mixed",172,149,870,142,829,145,844,129,753,0,-23,698,-30,657,-27,672,-43,581,0,-13.2575336190587,406.065116336954,-17.3885905392726,381.982731450144,-15.873348220323,390.826649366133,-24.9189075595571,337.956000378347
"Conservancy_42","#Gaingu","Goats","Browser-Mixed","Goat_Browser_Mixed",319,298,722,284,688,289,700,258,625,0,-21,403,-35,368,-30,381,-61,306,0,-6.53627897309977,126.188362878602,-10.9874315359228,115.422185694261,-9.35478041018114,119.374520347631,-19.1012364413206,95.756480398158
"Conservancy_42","#Gaingu","Donkeys","Grazer","Donkey_Grazer",122,111,418,105,398,107,405,96,362,0,-11,296,-17,276,-15,283,-26,240,0,-9.27842173814014,243.042685910007,-13.5989814285403,226.716714224545,-12.0142308402809,232.711385298696,-21.4747344869345,196.879792076838
"Conservancy_43","#Gaingu","Cattle","Grazer","Cattle_Grazer",4377,3650,21203,3335,20107,3550,20685,3034,18313,0,-728,16826,-1042,15730,-827,16308,-1343,13936,0,-16.6210653557105,384.392866069798,-23.8026794717662,359.358645714809,-18.8913445026218,372.575374422642,-30.6754976111341,318.376000229232
"Conservancy_43","#Gaingu","Sheep","Grazer-Mixed","Sheep_Grazer_Mixed",45182,39440,168264,36536,159615,38385,164147,33242,145368,0,-5742,123081,-8647,114432,-6797,118965,-11940,100186,0,-12.7080521462162,272.411433567622,-19.1371864879488,253.268856627369,-15.0444483142621,263.300368140215,-26.426446343993,221.737649590618
"Conservancy_43","#Gaingu","Goats","Browser-Mixed","Goat_Browser_Mixed",67951,63394,135950,59813,129099,61737,132584,54425,117557,0,-4557,67999,-8138,61148,-6214,64633,-13526,49606,0,-6.70559520996881,100.070573300616,-11.976682018788,89.988255902388,-9.1451323727246,95.1179008421753,-19.906085654651,73.0028835605386
"Conservancy_43","#Gaingu","Donkeys","Grazer","Donkey_Grazer",25177,22713,77930,21201,73959,22128,76031,19300,67362,0,-2464,52753,-3976,48782,-3049,50854,-5877,42185,0,-9.78659162145284,209.529344784955,-15.790778925402,193.759459945374,-12.1098370173634,201.988444359028,-23.34247133765,167.554569857102
"Conservancy_44","Sheya Shuushona","Cattle","Grazer","Cattle_Grazer",24630,23513,33168,22589,32235,22641,32130,21433,30511,0,-1117,8537,-2041,7605,-1989,7500,-3197,5881,0,-4.53488591189129,34.6624251662367,-8.28692055173908,30.8766840032321,-8.07669479553334,30.4496510850471,-12.980314611828,23.8749869338262
"Conservancy_44","Sheya Shuushona","Sheep","Grazer-Mixed","Sheep_Grazer_Mixed",224144,215720,272730,207548,264743,207719,263926,196948,250701,0,-8425,48585,-16597,40598,-16425,39781,-27197,26557,0,-3.75852069772268,21.6758677758483,-7.40449972795129,18.1124439001899,-7.32789330046162,17.747967070019,-12.1336735785365,11.8480903372039
"Conservancy_44","Sheya Shuushona","Goats","Browser-Mixed","Goat_Browser_Mixed",269211,263941,250703,254771,241934,254159,241467,241815,229604,0,-5270,-18507,-14439,-27276,-15051,-27743,-27396,-39606,0,-1.95749056790125,-6.87464260838884,-5.36359741182199,-10.1319890499814,-5.59092827672807,-10.3054943616892,-10.1763796540615,-14.7119666425874
"Conservancy_44","Sheya Shuushona","Donkeys","Grazer","Donkey_Grazer",88218,84610,113616,81345,110393,81472,110031,77186,104502,0,-3608,25397,-6873,22175,-6747,21813,-11032,16283,0,-4.08990480474462,28.7890921580228,-7.79145716056802,25.1365575212543,-7.64765711756738,24.726023002459,-12.5059005851406,18.4579845424932
"Conservancy_45","!Khoro !goreb","Cattle","Grazer","Cattle_Grazer",2800,2639,7519,2525,7218,2545,7252,2336,6674,0,-161,4719,-275,4417,-255,4451,-465,3874,0,-5.76637153554963,168.498006097134,-9.82645789129982,157.739403412255,-9.12087143260883,158.954999888361,-16.5953286510497,138.331939184819
"Conservancy_45","!Khoro !goreb","Sheep","Grazer-Mixed","Sheep_Grazer_Mixed",31570,30457,61045,29245,58589,29370,58874,27047,54177,0,-1113,29475,-2325,27019,-2200,27304,-4523,22607,0,-3.52617307806347,93.3636508428082,-7.36400337032283,85.5829462976094,-6.96960776840387,86.4874118010379,-14.3259811073894,71.6091827822205
"Conservancy_45","!Khoro !goreb","Goats","Browser-Mixed","Goat_Browser_Mixed",54156,53770,53679,51843,51489,51845,51767,47942,47612,0,-386,-476,-2312,-2667,-2311,-2389,-6214,-6543,0,-0.712362233597934,-0.879437218113175,-4.26994128932452,-4.92440811967388,-4.26757972210096,-4.4107272488324,-11.4745192143505,-12.0825521498886
"Conservancy_45","!Khoro !goreb","Donkeys","Grazer","Donkey_Grazer",11558,10999,25852,10535,24810,10607,24933,9743,22942,0,-559,14294,-1023,13252,-951,13375,-1815,11384,0,-4.83843898903548,123.668347518804,-8.85341018826926,114.656797349806,-8.22561003499325,115.719696046213,-15.7014599909521,98.4926978854618
"Conservancy_46","Otjimboyo","Cattle","Grazer","Cattle_Grazer",658,364,1351,280,1237,353,1314,258,1142,0,-295,692,-379,579,-305,656,-400,483,0,-44.7863798228811,105.159690565788,-57.5332142887035,87.9319363844536,-46.3278713844822,99.5664827294083,-60.8184287267852,73.396215524882
"Conservancy_46","Otjimboyo","Sheep","Grazer-Mixed","Sheep_Grazer_Mixed",5494,3244,10543,2597,9678,3154,10256,2396,8930,0,-2250,5050,-2897,4184,-2340,4762,-3098,3436,0,-40.9575137480379,91.9138104762407,-52.7355111795209,76.1651472260436,-42.5978145528989,86.6831727894897,-56.391455705691,62.5398204910413
"Conservancy_46","Otjimboyo","Goats","Browser-Mixed","Goat_Browser_Mixed",5241,3690,7979,3225,7386,3589,7762,2976,6814,0,-1551,2738,-2016,2144,-1652,2521,-2265,1573,0,-29.5854437040186,52.244128652237,-38.467461160944,40.9167537202364,-31.5191158770386,48.0993267762869,-43.2259290869704,30.0185841876557
"Conservancy_46","Otjimboyo","Donkeys","Grazer","Donkey_Grazer",2727,1777,4888,1485,4503,1728,4755,1370,4155,0,-950,2161,-1242,1776,-999,2028,-1357,1428,0,-34.8370196074194,79.2388590546158,-45.543971794806,65.1229155383059,-36.6378782003324,74.3555382608822,-49.7557075401275,52.3520264780784
"Conservancy_47","Tsiseb","Cattle","Grazer","Cattle_Grazer",3400,2300,20820,2008,19726,2251,20404,1844,18128,0,-1100,17420,-1392,16326,-1149,17004,-1556,14728,0,-32.3559404620832,512.347499825634,-40.9474230816584,480.188906093674,-33.8023538278559,500.118714343073,-45.7619984034187,433.174436558484
"Conservancy_47","Tsiseb","Sheep","Grazer-Mixed","Sheep_Grazer_Mixed",35561,27061,163947,24416,155394,26497,160674,22431,142803,0,-8501,128385,-11145,119833,-9064,125112,-13130,107242,0,-23.904418201095,361.024766012404,-31.3399788624264,336.9757193593,-25.4886285692567,351.821390448091,-36.9226075166726,301.567962684566
"Conservancy_47","Tsiseb","Goats","Browser-Mixed","Goat_Browser_Mixed",54406,48198,128514,45087,121976,47226,125952,41431,112094,0,-6208,74107,-9320,67569,-7181,71545,-12975,57687,0,-11.4104763392989,136.21000060776,-17.1300275550388,124.193276035876,-13.1982288791946,131.501319179806,-23.8485719962877,106.030205686967
"Conservancy_47","Tsiseb","Donkeys","Grazer","Donkey_Grazer",22174,18612,76961,17173,72999,18232,75426,15779,67085,0,-3562,54787,-5001,50826,-3942,53252,-6395,44911,0,-16.0621323275957,247.084591124167,-22.5530092345765,229.21798636615,-17.7775086578514,240.160319940912,-28.8401115049627,202.543346656695
"Conservancy_48","Sorris Sorris","Cattle","Grazer","Cattle_Grazer",4138,3629,10948,3372,10446,3526,10645,3116,9652,0,-509,6810,-766,6308,-612,6507,-1022,5514,0,-12.2970120315578,164.583581070402,-18.51650593751,152.456827294652,-14.7793583966942,157.254501380097,-24.6961525137539,133.260374591953
"Conservancy_48","Sorris Sorris","Sheep","Grazer-Mixed","Sheep_Grazer_Mixed",36542,32680,85275,30537,81369,31751,82910,28222,75182,0,-3862,48733,-6005,44827,-4791,46368,-8320,38640,0,-10.5681112089951,133.361548085765,-16.4336700976681,122.67144009317,-13.1121322697012,126.889546633946,-22.7686068779189,105.741759052116
"Conservancy_48","Sorris Sorris","Goats","Browser-Mixed","Goat_Browser_Mixed",40820,38220,64136,36179,61204,37120,62348,33439,56553,0,-2600,23316,-4641,20384,-3700,21528,-7381,15733,0,-6.36964341889424,57.1174889882871,-11.3698634482724,49.9354152176901,-9.06447372012617,52.7380665991976,-18.0820895063697,38.5413005239508
"Conservancy_48","Sorris Sorris","Donkeys","Grazer","Donkey_Grazer",16636,14954,37870,13986,36137,14533,36822,12925,33389,0,-1682,21234,-2650,19501,-2103,20186,-3711,16753,0,-10.1126492369056,127.637925977892,-15.9273308995108,117.219087052024,-12.6426275092781,121.336744519625,-22.3077462915275,100.700887290434
"Conservancy_49","Okangundumba","Cattle","Grazer","Cattle_Grazer",2738,2604,7405,2465,7038,2505,7124,2325,6639,0,-134,4667,-273,4300,-233,4386,-413,3901,0,-4.90003651883697,170.442969218491,-9.96644898617282,157.04386685736,-8.50931805658613,160.182647133199,-15.0678992522197,142.479466648252
"Conservancy_49","Okangundumba","Sheep","Grazer-Mixed","Sheep_Grazer_Mixed",33485,32303,60778,30680,57782,31077,58472,28942,54508,0,-1182,27293,-2805,24297,-2408,24987,-4543,21023,0,-3.52917061232459,81.5073011438212,-8.37641944489346,72.5616848832832,-7.1904759555235,74.6204885529206,-13.5679634208412,62.7841174280352
"Conservancy_49","Okangundumba","Goats","Browser-Mixed","Goat_Browser_Mixed",63123,61794,55437,58881,52752,59449,53333,55545,49763,0,-1328,-7685,-4242,-10371,-3674,-9789,-7578,-13360,0,-2.1043105725745,-12.1753315455174,-6.71952496544779,-16.4296538566291,-5.81968910715448,-15.5085724999031,-12.0049513295475,-21.1648958613147
"Conservancy_49","Okangundumba","Donkeys","Grazer","Donkey_Grazer",11387,10895,25353,10330,24099,10482,24391,9745,22733,0,-491,13966,-1057,12712,-905,13004,-1642,11347,0,-4.31394053852688,122.654968965606,-9.28003533421199,111.638974198423,-7.94543509307746,114.207358086226,-14.4203789357764,99.6472542097627
"Conservancy_50","Sanitatas","Cattle","Grazer","Cattle_Grazer",1245,1085,6701,995,6315,1057,6534,955,6050,0,-159,5456,-250,5070,-188,5289,-290,4805,0,-12.804139236724,438.318441950384,-20.0563437726367,407.326590304095,-15.0951996116788,424.900283016109,-23.2752949823481,385.990072640448
"Conservancy_50","Sanitatas","Sheep","Grazer-Mixed","Sheep_Grazer_Mixed",13754,12751,52525,11887,49555,12417,51213,11408,47474,0,-1003,38771,-1867,35802,-1337,37460,-2346,33720,0,-7.29091893147303,281.895255659863,-13.5735136871287,260.306776951496,-9.7221731915055,272.362321423014,-17.0574250307568,245.171343105069
"Conservancy_50","Sanitatas","Goats","Browser-Mixed","Goat_Browser_Mixed",22902,22888,40518,21742,38396,22289,39500,20864,36791,0,-14,17615,-1161,15494,-613,16598,-2038,13889,0,-0.0616127554325805,76.9153039475861,-5.06804012911522,67.6534827873441,-2.67767114783598,72.4732068679869,-8.89829228366026,60.6444752898903
"Conservancy_50","Sanitatas","Donkeys","Grazer","Donkey_Grazer",6270,5820,23348,5412,22017,5670,22766,5190,21090,0,-451,17077,-858,15747,-600,16496,-1080,14820,0,-7.18509502105871,272.363899890769,-13.6828048600139,251.136956901866,-9.5711865398261,263.089160140708,-17.2255766631481,236.359353723709
"Conservancy_51","Epupa","Cattle","Grazer","Cattle_Grazer",6527,6523,18957,6247,18108,6332,18401,6036,17498,0,-4,12430,-280,11581,-195,11873,-491,10971,0,-0.0570982229799381,190.44152562485,-4.29429415437409,177.429517070966,-2.99029148413305,181.909421353551,-7.52604658465226,168.077739527323
"Conservancy_51","Epupa","Sheep","Grazer-Mixed","Sheep_Grazer_Mixed",81060,81211,155713,77766,148774,78828,151139,75140,143758,0,152,74654,-3293,67714,-2232,70079,-5919,62698,0,0.186918310771501,92.0971235976949,-4.06291021236918,83.5358544809929,-2.75347794719161,86.4540502009206,-7.30241423110291,77.3482604762214
"Conservancy_51","Epupa","Goats","Browser-Mixed","Goat_Browser_Mixed",155240,155895,142357,149277,136118,151320,138175,144237,131527,0,655,-12883,-5962,-19122,-3920,-17065,-11003,-23713,0,0.422198137330873,-8.29879284157798,-3.84058845714486,-12.3174158241749,-2.52513812674672,-10.992566024259,-7.0875540634097,-15.2747980322352
"Conservancy_51","Epupa","Donkeys","Grazer","Donkey_Grazer",27538,27506,65022,26328,62110,26698,63112,25439,60017,0,-32,37484,-1210,34572,-840,35574,-2098,32479,0,-0.117074362768702,136.118928092034,-4.3931191171113,125.545681543803,-3.04938335446293,129.182149100808,-7.6201892894701,117.943151323166
"Conservancy_52","Ongongo","Cattle","Grazer","Cattle_Grazer",924,859,2884,815,2740,831,2789,776,2610,0,-64,1960,-109,1816,-93,1866,-147,1686,0,-6.95465425796569,212.234024852164,-11.7464516856461,196.626134915335,-10.0214684803945,201.968731787271,-15.9645857079268,182.544203117664
"Conservancy_52","Ongongo","Sheep","Grazer-Mixed","Sheep_Grazer_Mixed",11241,10684,23452,10168,22302,10332,22681,9682,21242,0,-557,12211,-1074,11060,-909,11439,-1560,10001,0,-4.95521774297531,108.621233000468,-9.55267118725275,98.3891329555681,-8.08829809158497,101.761166802449,-13.8753038017788,88.9659216709522
"Conservancy_52","Ongongo","Goats","Browser-Mixed","Goat_Browser_Mixed",21069,20469,20731,19544,19780,19794,20049,18610,18839,0,-600,-338,-1524,-1289,-1274,-1020,-2458,-2230,0,-2.84610422941274,-1.60434858145426,-7.23579202699409,-6.11756025354186,-6.04911753391207,-4.84187250992643,-11.6688853302143,-10.5847760441329
"Conservancy_52","Ongongo","Donkeys","Grazer","Donkey_Grazer",3994,3765,9934,3577,9442,3641,9607,3407,8994,0,-230,5940,-417,5448,-354,5613,-588,4999,0,-5.75512452079221,148.698518748823,-10.4448804820778,136.379009180087,-8.85965162366344,140.522320439092,-14.7178332145211,125.158249790231
"Conservancy_53","Otjiu-West","Cattle","Grazer","Cattle_Grazer",2186,2011,6618,1909,6302,1944,6400,1817,5998,0,-175,4432,-276,4116,-242,4214,-369,3812,0,-8.01180812180396,202.774285155605,-12.6455319366089,188.324700556152,-11.0515978907325,192.806540101939,-16.8877044026861,174.393032915362
"Conservancy_53","Otjiu-West","Sheep","Grazer-Mixed","Sheep_Grazer_Mixed",25982,24845,53612,23678,51081,24024,51846,22528,48612,0,-1137,27629,-2304,25099,-1958,25864,-3454,22630,0,-4.3763767534783,106.338171120163,-8.86776844683932,96.5994126732732,-7.53563170585879,99.5443261226729,-13.2936347160482,87.0975968215874
"Conservancy_53","Otjiu-West","Goats","Browser-Mixed","Goat_Browser_Mixed",47465,47311,46790,45256,44667,45748,45249,43058,42506,0,-154,-675,-2209,-2798,-1717,-2216,-4407,-4959,0,-0.324187393480239,-1.42172120341664,-4.65492020300175,-5.89575204684496,-3.61664624742149,-4.66900347664803,-9.2857284260496,-10.4476368328831
"Conservancy_53","Otjiu-West","Donkeys","Grazer","Donkey_Grazer",9279,8695,22707,8267,21625,8408,21960,7866,20580,0,-584,13428,-1012,12345,-871,12681,-1413,11301,0,-6.29412734501635,144.711843953613,-10.9060386752116,133.043437090253,-9.38717412413598,136.65679477243,-15.2265052577627,121.785054101812
"Conservancy_54","Marienfluss","Cattle","Grazer","Cattle_Grazer",833,798,12496,748,11813,784,12285,726,11478,0,-35,11663,-86,10980,-49,11451,-107,10645,0,-4.22365773078926,1399.35364070924,-10.2994896800884,1317.34951403596,-5.91067689367464,1373.94576199919,-12.8938763067849,1277.16926759013
"Conservancy_54","Marienfluss","Sheep","Grazer-Mixed","Sheep_Grazer_Mixed",10828,10431,96552,9775,91256,10247,94915,9492,88668,0,-397,85724,-1053,80428,-581,84087,-1336,77840,0,-3.66839404106009,791.690616656536,-9.72867436940446,742.777803088491,-5.36156725411924,776.570500821164,-12.336232172022,718.880034581428
"Conservancy_54","Marienfluss","Goats","Browser-Mixed","Goat_Browser_Mixed",21413,20720,70108,19424,66213,20356,68916,18863,64333,0,-693,48695,-1989,44800,-1057,47503,-2550,42920,0,-3.23613926465184,227.410811138413,-9.28902921537042,209.220695624292,-4.9344400275692,221.843623463688,-11.9070140157293,200.442776807876
"Conservancy_54","Marienfluss","Donkeys","Grazer","Donkey_Grazer",7068,7018,43843,6614,41448,6898,43100,6425,40274,0,-50,36775,-454,34380,-171,36032,-643,33205,0,-0.705599050549419,520.284889954055,-6.42842167593146,486.403762778902,-2.41343448117434,509.774335644297,-9.09688781358519,469.785119383899
"Conservancy_55","Puros","Cattle","Grazer","Cattle_Grazer",873,842,14641,795,13912,820,14265,750,13120,0,-31,13767,-78,13038,-53,13391,-123,12247,0,-3.58634731503848,1576.3637989313,-8.92835665038837,1492.92535051295,-6.08548122883011,1533.34138788477,-14.11729076937,1402.27995773935
"Conservancy_55","Puros","Sheep","Grazer-Mixed","Sheep_Grazer_Mixed",11401,11073,112916,10463,107295,10786,110017,9867,101189,0,-328,101515,-938,95894,-615,98617,-1534,89788,0,-2.87622138969964,890.407017711805,-8.22588583660743,841.104443916357,-5.39206520335986,864.987357212504,-13.4545023314308,787.549990179473
"Conservancy_55","Puros","Goats","Browser-Mixed","Goat_Browser_Mixed",22615,22090,81350,20878,77298,21518,79262,19689,72899,0,-525,58735,-1737,54683,-1097,56647,-2926,50284,0,-2.32035172108699,259.717007867181,-7.67925175744677,241.800011359091,-4.84944934747815,250.481744987433,-12.9387808660187,222.34810329571
"Conservancy_55","Puros","Donkeys","Grazer","Donkey_Grazer",7931,7924,51385,7511,48826,7720,50066,7084,46048,0,-7,43454,-420,40895,-211,42135,-847,38117,0,-0.0917041418411672,547.902374118988,-5.28988529563152,515.644684359912,-2.66334971558856,531.276558662801,-10.6824859432126,480.610787145612
"Conservancy_56","Okondjombo","Cattle","Grazer","Cattle_Grazer",1656,1443,7964,1349,7540,1400,7733,1286,7171,0,-213,6308,-307,5884,-256,6077,-371,5515,0,-12.8801712496951,380.821004746406,-18.5278794713563,355.23615519709,-15.4771096602308,366.8707997189,-22.3873707635992,332.96092439672
"Conservancy_56","Okondjombo","Sheep","Grazer-Mixed","Sheep_Grazer_Mixed",19227,17569,62892,16524,59550,17045,61065,15739,56639,0,-1658,43665,-2703,40323,-2182,41838,-3488,37412,0,-8.62279573140962,227.105098093184,-14.0583541801762,209.722481964382,-11.3483028417625,217.604455612363,-18.142056319895,194.583941410342
"Conservancy_56","Okondjombo","Goats","Browser-Mixed","Goat_Browser_Mixed",34091,32853,49975,31085,47333,31873,48518,29604,45029,0,-1237,15885,-3005,13242,-2218,14427,-4487,10939,0,-3.62979701447146,46.595270709744,-8.81572703143936,38.8446604874771,-6.50658549347008,42.3195625082874,-13.1617503256422,32.0871270535946
"Conservancy_56","Okondjombo","Donkeys","Grazer","Donkey_Grazer",8059,7359,27631,6917,26162,7142,26829,6585,24881,0,-700,19572,-1142,18103,-918,18770,-1474,16822,0,-8.69008373110468,242.850802410352,-14.1758248146414,224.624744535807,-11.3852042561703,232.907074902867,-18.2919218965664,208.736115657853
"Conservancy_57","Otjikongo","Cattle","Grazer","Cattle_Grazer",1321,1130,5005,1004,4713,1094,4845,951,4461,0,-190,3684,-317,3392,-227,3524,-370,3140,0,-14.4115231723537,278.916334301353,-23.9806125971627,256.784248724287,-17.1545034686054,266.801779109343,-27.981181105794,237.726005128833
"Conservancy_57","Otjikongo","Sheep","Grazer-Mixed","Sheep_Grazer_Mixed",14557,13045,39689,11891,37411,12627,38420,11266,35414,0,-1511,25133,-2665,22854,-1929,23863,-3291,20857,0,-10.3821672509281,172.654038671232,-18.3094313132491,157.002296203665,-13.2549237771926,163.935463780147,-22.6087129212702,143.282582049282
"Conservancy_57","Otjikongo","Goats","Browser-Mixed","Goat_Browser_Mixed",24207,22980,32054,21585,30335,22243,31028,20449,28720,0,-1227,7846,-2622,6128,-1964,6821,-3758,4512,0,-5.06996290816713,32.4130655671289,-10.8309990932696,25.3142735753078,-8.1138541413712,28.1763604951446,-15.5237778272573,18.6403254325555
"Conservancy_57","Otjikongo","Donkeys","Grazer","Donkey_Grazer",5980,5337,17354,4849,16353,5166,16799,4592,15479,0,-642,11375,-1131,10373,-813,10820,-1387,9499,0,-10.7433677517246,190.21635387239,-18.9097300127594,173.469703929274,-13.6022603603323,180.937441361402,-23.1996276389077,158.858072439276
"Conservancy_58","Kunene River","Cattle","Grazer","Cattle_Grazer",6600,6368,18175,6088,17400,6155,17565,5845,16706,0,-232,11574,-512,10800,-445,10965,-755,10106,0,-3.51342291541742,175.364142746368,-7.75926317321877,163.634246141945,-6.74732091766461,166.127327136383,-11.4369641585969,153.114115220384
"Conservancy_58","Kunene River","Sheep","Grazer-Mixed","Sheep_Grazer_Mixed",81262,79074,149109,75716,142786,76424,144108,72697,137089,0,-2188,67847,-5546,61524,-4838,62846,-8565,55827,0,-2.69208444847416,83.4911618470969,-6.82541310674979,75.7101812263886,-5.95384260324039,77.337311716366,-10.5404254003404,68.7002068772691
"Conservancy_58","Kunene River","Goats","Browser-Mixed","Goat_Browser_Mixed",154274,151400,135807,145205,130132,146325,131255,139416,124945,0,-2874,-18467,-9069,-24142,-7949,-23019,-14858,-29329,0,-1.86280833667301,-11.9705253670768,-5.87834999320717,-15.6485783331899,-5.15269391761412,-14.92097342398,-9.63120391083496,-19.011275715576
"Conservancy_58","Kunene River","Donkeys","Grazer","Donkey_Grazer",27519,26666,62220,25508,59572,25772,60134,24491,57195,0,-853,34701,-2011,32053,-1747,32614,-3028,29676,0,-3.10138091021557,126.09957108183,-7.30675536104097,116.476778605973,-6.34920694453278,118.515947664617,-11.0025013616196,107.83931893107
"Conservancy_59","Ombazu","Cattle","Grazer","Cattle_Grazer",2092,1992,5669,1899,5415,1923,5473,1816,5178,0,-100,3578,-192,3324,-169,3381,-276,3087,0,-4.76861681237442,171.048163814781,-9.19731781315972,158.912510861256,-8.0635532707517,161.670526841172,-13.1722513810229,147.580185706041
"Conservancy_59","Ombazu","Sheep","Grazer-Mixed","Sheep_Grazer_Mixed",25777,24755,46565,23622,44474,23898,44954,22588,42527,0,-1023,20788,-2155,18697,-1879,19177,-3189,16750,0,-3.96674855277045,80.6437128195271,-8.36122336457131,72.5314080452428,-7.28957142325037,74.3937102291059,-12.3729566884611,64.9795297202601
"Conservancy_59","Ombazu","Goats","Browser-Mixed","Goat_Browser_Mixed",48958,47423,42553,45295,40629,45783,41081,43312,38851,0,-1535,-6405,-3663,-8329,-3175,-7877,-5646,-10107,0,-3.13434744114646,-13.0818319703341,-7.48211827009174,-17.0117558353616,-6.48615524748553,-16.0893401289476,-11.532618994095,-20.6448775578403
"Conservancy_59","Ombazu","Donkeys","Grazer","Donkey_Grazer",8715,8336,19410,7953,18541,8048,18739,7605,17730,0,-378,10695,-762,9827,-667,10024,-1110,9015,0,-4.34324219889389,122.729476721191,-8.73903545175554,112.760917870109,-7.65299827834184,115.023429888221,-12.7342520708686,103.448251814226
"Conservancy_60","Ombombo","Cattle","Grazer","Cattle_Grazer",3778,3596,9793,3431,9392,3471,9452,3283,8986,0,-182,6015,-346,5614,-307,5674,-494,5208,0,-4.80867534271862,159.234017085291,-9.16838090609678,148.612582164268,-8.1191090363968,150.204875371688,-13.0872229863791,137.867778137067
"Conservancy_60","Ombombo","Sheep","Grazer-Mixed","Sheep_Grazer_Mixed",45233,43598,80356,41711,77061,42081,77557,39909,73730,0,-1634,35123,-3522,31828,-3152,32324,-5323,28498,0,-3.61342925168142,77.6502419644857,-7.78630569717182,70.3658272977138,-6.96824722854569,71.4625899733078,-11.7687291108692,63.0024680746728
"Conservancy_60","Ombombo","Goats","Browser-Mixed","Goat_Browser_Mixed",83282,81397,73199,78108,70206,78562,70649,74732,67172,0,-1884,-10083,-5173,-13075,-4720,-12632,-8550,-16110,0,-2.26266416351561,-12.1066318759666,-6.21166774664727,-15.7000775041187,-5.66758457359538,-15.1681563378641,-10.2663835398601,-19.3440873393789
"Conservancy_60","Ombombo","Donkeys","Grazer","Donkey_Grazer",15495,14858,33521,14204,32153,14341,32353,13591,30764,0,-636,18026,-1291,16659,-1153,16858,-1904,15269,0,-4.1076273387102,116.337376594677,-8.33092942172791,107.513855980317,-7.44392016575484,108.802268626784,-12.2879279322925,98.5451781300261
"Conservancy_61","Otjikondavirongo","Cattle","Grazer","Cattle_Grazer",1141,1000,5133,932,4872,965,4961,878,4590,0,-141,3992,-209,3731,-176,3820,-263,3450,0,-12.377245332466,349.940193739867,-18.2899270959228,327.059145786064,-15.3939621685044,334.903576009768,-23.0578493107108,302.408905588369
"Conservancy_61","Otjikondavirongo","Sheep","Grazer-Mixed","Sheep_Grazer_Mixed",13440,12187,40694,11427,38613,11768,39333,10760,36384,0,-1253,27254,-2014,25173,-1673,25892,-2681,22943,0,-9.3227776923159,202.777195299668,-14.9820684497661,187.295194825008,-12.4449712689124,192.646643367348,-19.9449109017875,170.705233751013
"Conservancy_61","Otjikondavirongo","Goats","Browser-Mixed","Goat_Browser_Mixed",24256,22835,32841,21532,31127,22048,31737,20274,29327,0,-1421,8585,-2724,6871,-2208,7481,-3982,5071,0,-5.85941320500879,35.3941610383849,-11.2318464013346,28.3271196574658,-9.10177991270277,30.8434919216745,-16.416044729028,20.904789506111
"Conservancy_61","Otjikondavirongo","Donkeys","Grazer","Donkey_Grazer",5484,4983,17811,4675,16903,4814,17216,4404,15928,0,-501,12326,-809,11419,-671,11731,-1081,10443,0,-9.13625896778765,224.747417156876,-14.7529957083279,208.203071548482,-12.2305507079085,213.900582056673,-19.707365261601,190.417033332599
"Conservancy_62","Ombujokanguindi","Cattle","Grazer","Cattle_Grazer",2523,2386,7160,2249,6765,2296,6895,2123,6387,0,-138,4637,-275,4242,-227,4372,-400,3864,0,-5.45660160086197,183.772832764742,-10.8866441268129,168.103803830772,-8.98999023706755,173.27256264351,-15.8586875318877,153.122919342517
"Conservancy_62","Ombujokanguindi","Sheep","Grazer-Mixed","Sheep_Grazer_Mixed",30628,29492,58655,27896,55463,28390,56482,26339,52364,0,-1136,28026,-2733,24835,-2239,25854,-4289,21736,0,-3.70895065508635,91.5044198715643,-8.92187159474022,81.0843491605183,-7.30878214064893,84.4119695488524,-14.004363918922,70.9670038725198
"Conservancy_62","Ombujokanguindi","Goats","Browser-Mixed","Goat_Browser_Mixed",57257,56205,53153,53353,50401,54103,51179,50376,47586,0,-1051,-4104,-3903,-6856,-3153,-6078,-6881,-9671,0,-1.83627241949931,-7.16732495253396,-6.81713080500169,-11.9743131771079,-5.50740693097623,-10.6155156629329,-12.0179225950653,-16.8905772957233
"Conservancy_62","Ombujokanguindi","Donkeys","Grazer","Donkey_Grazer",10626,10123,24582,9560,23235,9746,23673,9027,21937,0,-503,13956,-1066,12609,-881,13046,-1600,11311,0,-4.73496466851432,131.331924161657,-10.0323835395562,118.656891484503,-8.28803303583253,122.77280152517,-15.0537347432388,106.438944302705
"Conservancy_63","Otuzemba","Cattle","Grazer","Cattle_Grazer",1819,1727,4970,1649,4758,1662,4782,1560,4504,0,-92,3151,-171,2938,-157,2962,-259,2684,0,-5.05124491681545,173.188628143316,-9.38660933033951,161.515461123371,-8.64901859013322,162.831781597287,-14.2253998355418,147.547890671787
"Conservancy_63","Otuzemba","Sheep","Grazer-Mixed","Sheep_Grazer_Mixed",22183,21298,40517,20357,38785,20490,38981,19270,36713,0,-885,18334,-1825,16603,-1692,16798,-2913,14531,0,-3.98950961820402,82.6507102366185,-8.22839624042503,74.8450076143823,-7.62866007739825,75.7260572147686,-13.1298784212002,65.5061372780736
"Conservancy_63","Otuzemba","Goats","Browser-Mixed","Goat_Browser_Mixed",41676,40482,36136,38758,34591,38947,34766,36688,32743,0,-1194,-5540,-2918,-7085,-2729,-6910,-4988,-8933,0,-2.86437360432014,-13.2936105296897,-7.00102133735944,-17.0009060612262,-6.54737163266769,-16.5811192032981,-11.9689387793998,-21.434676977768
"Conservancy_63","Otuzemba","Donkeys","Grazer","Donkey_Grazer",7540,7202,16966,6879,16241,6929,16323,6512,15374,0,-338,9426,-661,8701,-611,8782,-1029,7833,0,-4.48613263637307,124.999508574932,-8.77014641219427,115.384812840794,-8.10592924690936,116.469458888633,-13.6423047782881,103.880884015374
"Conservancy_64","Etanga","Cattle","Grazer","Cattle_Grazer",2424,2183,6031,2032,5719,2119,5853,1957,5506,0,-241,3607,-392,3295,-306,3429,-468,3082,0,-9.95743394084581,148.780223301609,-16.1662192001848,135.895799653559,-12.6096787131694,141.444956831105,-19.2849489674555,127.115643171925
"Conservancy_64","Etanga","Sheep","Grazer-Mixed","Sheep_Grazer_Mixed",28376,26722,49531,25128,46978,25935,48071,24193,45229,0,-1654,21155,-3249,18601,-2442,19694,-4184,16852,0,-5.8298455204897,74.5493649457207,-11.4478912799652,65.5510088530586,-8.6053554724146,69.4025362201987,-14.743826838154,59.3883243625873
"Conservancy_64","Etanga","Goats","Browser-Mixed","Goat_Browser_Mixed",50956,50415,45256,47900,42958,48928,43922,46116,41358,0,-541,-5700,-3056,-7998,-2028,-7034,-4840,-9597,0,-1.06205171871502,-11.1851835432487,-5.99783222184592,-15.6952404430722,-3.97994557681044,-13.804428379988,-9.49845497084256,-18.8348186236909
"Conservancy_64","Etanga","Donkeys","Grazer","Donkey_Grazer",9838,9067,20654,8487,19587,8800,20045,8171,18858,0,-771,10817,-1351,9749,-1038,10208,-1667,9020,0,-7.83634627339159,109.949787494632,-13.7345636681976,99.0981289951825,-10.5519481045052,103.759301192105,-16.9446298140047,91.6871846464337
"Conservancy_65","Eiseb","Cattle","Grazer","Cattle_Grazer",16086,15062,49886,14546,48276,14594,48337,13634,45250,0,-1025,33799,-1541,32190,-1492,32251,-2453,29163,0,-6.36991906465917,210.112331863232,-9.57760333933979,200.108024895137,-9.27631621004039,200.486842511526,-15.2468533060311,181.292790341185
"Conservancy_65","Eiseb","Sheep","Grazer-Mixed","Sheep_Grazer_Mixed",197811,186941,393339,180744,380662,181138,381130,169412,356796,0,-10870,195527,-17067,182851,-16673,183318,-28399,158985,0,-5.49519702595664,98.8454222703354,-8.62779158917674,92.4369756780715,-8.42876550891477,92.6733700830003,-14.3566418331486,80.3719931774596
"Conservancy_65","Eiseb","Goats","Browser-Mixed","Goat_Browser_Mixed",374925,357779,311101,346326,301114,346673,301444,324612,282234,0,-17146,-63824,-28599,-73812,-28252,-73481,-50313,-92691,0,-4.5732544847404,-17.0231754760379,-7.62799854685123,-19.6870449275145,-7.53546087551849,-19.598966044071,-13.4195848303908,-24.7226040136155
"Conservancy_65","Eiseb","Donkeys","Grazer","Donkey_Grazer",66949,63023,167879,60901,162465,61066,162668,57083,152280,0,-3926,100930,-6048,95516,-5883,95719,-9866,85330,0,-5.86473943922495,150.755830853116,-9.03356951120555,142.669780465189,-8.78682808123822,142.972613648873,-14.7369554731661,127.455538096821
"Conservancy_66","Otjambangu","Cattle","Grazer","Cattle_Grazer",810,784,2232,746,2118,753,2146,699,1984,0,-26,1423,-63,1308,-56,1337,-110,1174,0,-3.21500025621767,175.709808410268,-7.79788120636864,161.613762175105,-6.93938579145278,165.099535495606,-13.6379985479651,145.051355788967
"Conservancy_66","Otjambangu","Sheep","Grazer-Mixed","Sheep_Grazer_Mixed",9964,9753,18358,9291,17426,9377,17652,8702,16323,0,-211,8395,-673,7462,-586,7688,-1262,6359,0,-2.11726045568508,84.2507999331975,-6.75553877818677,74.8936608430271,-5.88388570799191,77.1603185882143,-12.6616534017856,63.8202524794517
"Conservancy_66","Otjambangu","Goats","Browser-Mixed","Goat_Browser_Mixed",18902,18719,16855,17831,16017,17998,16206,16702,15003,0,-184,-2047,-1071,-2885,-904,-2696,-2200,-3899,0,-0.970955933592648,-10.8319461505472,-5.66610088157755,-15.261870807091,-4.78169031341063,-14.2631773748666,-11.6412019257249,-20.6288396102152
"Conservancy_66","Otjambangu","Donkeys","Grazer","Donkey_Grazer",3391,3289,7653,3131,7261,3163,7358,2933,6802,0,-102,4262,-260,3871,-228,3968,-458,3411,0,-2.99541284148879,125.688078949032,-7.66308891204157,114.142960135689,-6.7281954250365,117.002937212391,-13.5111980690743,100.585693701469
"Conservancy_67","Sikunga","Cattle","Grazer","Cattle_Grazer",1287,1215,1213,1200,1207,1227,1225,1140,1147,0,-73,-74,-88,-81,-60,-62,-148,-141,0,-5.65469286896435,-5.77908846665101,-6.82583570450445,-6.25428324365839,-4.69066633034284,-4.81754377699682,-11.4666382693988,-10.9243867364607
"Conservancy_67","Sikunga","Sheep","Grazer-Mixed","Sheep_Grazer_Mixed",12844,12287,12175,12180,12126,12412,12299,11573,11522,0,-558,-670,-665,-718,-432,-545,-1272,-1322,0,-4.34195919489261,-5.21302061211268,-5.17581265565566,-5.58898269440981,-3.36538447543893,-4.24555337103777,-9.89949002211214,-10.292115718277
"Conservancy_67","Sikunga","Goats","Browser-Mixed","Goat_Browser_Mixed",13123,12634,12445,12563,12373,12762,12572,11937,11756,0,-489,-678,-560,-749,-361,-551,-1186,-1366,0,-3.72717908485819,-5.16363319729257,-4.26376298031999,-5.7107620150774,-2.75022493664719,-4.20026377343833,-9.03824346620086,-10.4122223386816
"Conservancy_67","Sikunga","Donkeys","Grazer","Donkey_Grazer",4712,4473,4438,4425,4418,4518,4483,4204,4198,0,-239,-274,-287,-293,-193,-228,-507,-513,0,-5.06918928821636,-5.81075416569842,-6.09204264541632,-6.22536607362425,-4.0996984673976,-4.84942602719717,-10.769841872486,-10.8968412199352
"Conservancy_68","Okongo","Cattle","Grazer","Cattle_Grazer",3106,2933,5276,2875,5214,2847,5122,2727,4946,0,-174,2170,-231,2108,-259,2015,-379,1840,0,-5.59056785417787,69.8575265485029,-7.44801757571534,67.873486551813,-8.35367379441965,64.8817469544805,-12.2115409191292,59.2335548097691
"Conservancy_68","Okongo","Sheep","Grazer-Mixed","Sheep_Grazer_Mixed",38066,36548,49318,35869,48627,35478,47875,34023,46125,0,-1518,11252,-2197,10561,-2587,9809,-4043,8059,0,-3.98852442487609,29.5603788452125,-5.77042153940793,27.7450073566885,-6.797358924329,25.7674745028352,-10.6203778362458,21.1703126022586
"Conservancy_68","Okongo","Goats","Browser-Mixed","Goat_Browser_Mixed",73692,71277,66076,69824,64634,69194,64145,66230,61307,0,-2415,-7616,-3868,-9059,-4498,-9547,-7462,-12385,0,-3.27752567137098,-10.335100952327,-5.24918476306098,-12.292461472448,-6.10417433572886,-12.9549888994726,-10.1262111526584,-16.8068857077961
"Conservancy_68","Okongo","Donkeys","Grazer","Donkey_Grazer",12673,12214,18951,12007,18729,11857,18396,11389,17765,0,-459,6277,-667,6056,-817,5722,-1285,5092,0,-3.62550346835184,49.5312267610324,-5.26013462244267,47.7842848077075,-6.4457986507877,45.1517387373965,-10.1362619072289,40.1783449166663
"Conservancy_69","Okatjandja Kozomenje","Cattle","Grazer","Cattle_Grazer",1644,1525,4271,1437,4056,1469,4113,1366,3857,0,-119,2627,-207,2412,-175,2469,-278,2213,0,-7.21519066738925,159.807369366471,-12.6003230583483,146.732990700845,-10.6637223122176,150.154484006413,-16.8984441849732,134.603550411396
"Conservancy_69","Okatjandja Kozomenje","Sheep","Grazer-Mixed","Sheep_Grazer_Mixed",19731,18813,35091,17829,33354,18114,33787,16952,31714,0,-918,15360,-1902,13624,-1617,14056,-2779,11984,0,-4.6519992034426,77.8507150279223,-9.6398586465547,69.0484106603922,-8.19594794301047,71.2420602442842,-14.0833577434409,60.7373402642341
"Conservancy_69","Okatjandja Kozomenje","Goats","Browser-Mixed","Goat_Browser_Mixed",36428,35769,32101,34110,30599,34439,30908,32433,29094,0,-659,-4327,-2318,-5829,-1989,-5520,-3995,-7334,0,-1.80898504214366,-11.8771879941528,-6.36318160753772,-16.0019955126312,-5.45876561870912,-15.1529548225107,-10.967589047772,-20.1326499990046
"Conservancy_69","Okatjandja Kozomenje","Donkeys","Grazer","Donkey_Grazer",6762,6362,14631,6011,13899,6126,14087,5716,13216,0,-400,7869,-751,7137,-636,7325,-1046,6454,0,-5.9127941241237,116.364103083245,-11.1012667959975,105.541825007516,-9.40980558781,108.32489773421,-15.4729967406071,95.437023563292
"Conservancy_70","Otjombande","Cattle","Grazer","Cattle_Grazer",798,754,2150,718,2048,725,2067,680,1940,0,-44,1352,-80,1250,-73,1269,-118,1142,0,-5.53642945970758,169.347177765071,-10.0026436770552,156.605547890707,-9.16851549818954,158.987443951769,-14.7545020362393,143.051839522942
"Conservancy_70","Otjombande","Sheep","Grazer-Mixed","Sheep_Grazer_Mixed",9789,9383,17655,8939,16820,9022,16976,8467,15932,0,-406,7866,-850,7031,-767,7187,-1322,6143,0,-4.1518173216808,80.35183492059,-8.68349565795807,71.8214807910925,-7.83714113623322,73.4157158085622,-13.5050050024339,62.7469228961157
"Conservancy_70","Otjombande","Goats","Browser-Mixed","Goat_Browser_Mixed",18509,18008,16137,17156,15374,17315,15517,16251,14562,0,-501,-2372,-1352,-3135,-1193,-2992,-2258,-3946,0,-2.70669610399515,-12.8146447046212,-7.30669941350075,-16.9363443158137,-6.44758424423047,-16.1666872635575,-12.2009035682512,-21.3218178417249
"Conservancy_70","Otjombande","Donkeys","Grazer","Donkey_Grazer",3319,3159,7362,3010,7014,3038,7079,2851,6643,0,-160,4043,-309,3695,-281,3760,-468,3324,0,-4.8172573260384,121.800830701791,-9.31747382373328,111.309101764739,-8.4769952418634,113.27018514808,-14.1055091355301,100.148408449829
"Conservancy_71","Sobbe","Cattle","Grazer","Cattle_Grazer",1349,1077,1338,1009,1283,1080,1340,956,1214,0,-272,-11,-340,-66,-269,-9,-393,-135,0,-20.1790889521813,-0.810839224867739,-25.2207566861476,-4.88762394844457,-19.9292323259313,-0.647007455788899,-29.1348193985692,-10.0211280651032
"Conservancy_71","Sobbe","Sheep","Grazer-Mixed","Sheep_Grazer_Mixed",13468,11518,13065,11068,12693,11554,13085,10488,12006,0,-1951,-403,-2401,-775,-1914,-384,-2980,-1462,0,-14.4826173152654,-2.99439707774763,-17.8237600347962,-5.75408883382034,-14.2142033083034,-2.84806371457813,-22.1255284875802,-10.8542416883146
"Conservancy_71","Sobbe","Goats","Browser-Mixed","Goat_Browser_Mixed",20265,19276,18923,19176,18808,19337,18968,18172,17808,0,-989,-1342,-1089,-1457,-928,-1297,-2093,-2457,0,-4.88143856452225,-6.62024719531802,-5.37476677458129,-7.18889632424318,-4.58054627527649,-6.39956283584787,-10.327946251365,-12.1255059363429
"Conservancy_71","Sobbe","Donkeys","Grazer","Donkey_Grazer",4992,4122,4909,3911,4737,4135,4915,3706,4480,0,-870,-84,-1081,-256,-857,-77,-1286,-513,0,-17.4282793683599,-1.67827664203226,-21.6613039959527,-5.1194235955891,-17.16978182791,-1.54611779910731,-25.7621711685935,-10.2714995467541
"Conservancy_72","Balyerwa","Cattle","Grazer","Cattle_Grazer",984,859,969,833,943,860,970,789,893,0,-125,-15,-151,-41,-124,-14,-195,-91,0,-12.7147796115207,-1.55616646465751,-15.3459439314448,-4.13912007150629,-12.6013479390285,-1.42777459730085,-19.8392864234224,-9.22662798866696
"Conservancy_72","Balyerwa","Sheep","Grazer-Mixed","Sheep_Grazer_Mixed",9491,8567,9218,8383,9036,8579,9230,7938,8557,0,-923,-273,-1108,-454,-912,-261,-1553,-934,0,-9.72889127314747,-2.87282339341232,-11.673073322698,-4.78738384778564,-9.61093439380464,-2.74567468080719,-16.3609379990077,-9.84031526072587
"Conservancy_72","Balyerwa","Goats","Browser-Mixed","Goat_Browser_Mixed",11362,10747,10600,10650,10503,10761,10614,10085,9945,0,-615,-762,-711,-859,-600,-748,-1276,-1416,0,-5.41096730267496,-6.70615100363131,-6.26088602125034,-7.56166555467839,-5.28521202358376,-6.58213215901422,-11.2340465620814,-12.4658611296808
"Conservancy_72","Balyerwa","Donkeys","Grazer","Donkey_Grazer",3580,3174,3504,3091,3423,3178,3509,2927,3241,0,-406,-75,-489,-157,-402,-71,-653,-339,0,-11.3427168655451,-2.10848862363656,-13.664075558076,-4.3899508951353,-11.2271984748705,-1.9805900337291,-18.2463745463511,-9.46394711113747
"Conservancy_73","Wuparo","Cattle","Grazer","Cattle_Grazer",955,879,976,877,972,880,977,830,920,0,-77,21,-78,17,-76,22,-125,-35,0,-8.02989417510407,2.1950982517784,-8.20355000816487,1.72762474765436,-7.913704915766,2.32503155082104,-13.0745096576018,-3.66906285342345
"Conservancy_73","Wuparo","Sheep","Grazer-Mixed","Sheep_Grazer_Mixed",8612,8015,8594,7978,8540,8026,8605,7554,8087,0,-597,-18,-635,-72,-587,-7,-1058,-525,0,-6.93271037975348,-0.210676492977778,-7.36873779500051,-0.839863204482862,-6.81277460814902,-0.0817052231765072,-12.2836346223422,-6.10037995589065
"Conservancy_73","Wuparo","Goats","Browser-Mixed","Goat_Browser_Mixed",9667,9200,9069,9123,8996,9212,9081,8639,8519,0,-467,-598,-544,-671,-455,-586,-1028,-1148,0,-4.83505464731708,-6.18942920072463,-5.628168052331,-6.94362431999163,-4.70655964485164,-6.06275469619795,-10.633828426917,-11.8796482068433
"Conservancy_73","Wuparo","Donkeys","Grazer","Donkey_Grazer",3391,3142,3437,3135,3420,3146,3441,2968,3239,0,-248,46,-256,30,-244,50,-422,-152,0,-7.3176659337057,1.35682380561594,-7.54853413625029,0.876692007905391,-7.19948514345447,1.48666450977389,-12.4540516334564,-4.47483283402931
"Conservancy_74","Dzoti","Cattle","Grazer","Cattle_Grazer",1274,1151,1350,1124,1324,1153,1352,1064,1253,0,-123,75,-150,49,-121,77,-210,-21,0,-9.65501167398454,5.90678673925482,-11.7846360286023,3.88246128065745,-9.52089799250306,6.06851558736739,-16.4831556863334,-1.64923443709683
"Conservancy_74","Dzoti","Sheep","Grazer-Mixed","Sheep_Grazer_Mixed",12109,11147,12323,10957,12140,11164,12342,10374,11494,0,-961,214,-1152,32,-944,233,-1735,-615,0,-7.93742651192545,1.77032587347198,-9.51096730264067,0.262472581198538,-7.79731675120755,1.92766251199778,-14.3291587856735,-5.07547032576123
"Conservancy_74","Dzoti","Goats","Browser-Mixed","Goat_Browser_Mixed",14972,14216,13950,14113,13846,14239,13972,13362,13109,0,-756,-1022,-858,-1126,-733,-999,-1609,-1862,0,-5.0476623302425,-6.82330054468071,-5.73158691077683,-7.51923997971623,-4.89415879817208,-6.67294796880868,-10.7472269599775,-12.4398126586653
"Conservancy_74","Dzoti","Donkeys","Grazer","Donkey_Grazer",4632,4228,4825,4143,4744,4234,4833,3922,4491,0,-404,193,-489,112,-397,201,-710,-141,0,-8.71813020359621,4.1748380349687,-10.5604075554575,2.41980094197048,-8.58088279479696,4.33496464171297,-15.3234030724235,-3.03348191799765
"Conservancy_75","Huibes","Cattle","Grazer","Cattle_Grazer",6681,6265,7937,6027,7642,6061,7676,5440,6893,0,-415,1256,-654,961,-619,995,-1241,212,0,-6.21673594429649,18.8016991523711,-9.79042278883494,14.3920163065603,-9.27113728441456,14.8896375749788,-18.5719060001587,3.17360090885031
"Conservancy_75","Huibes","Sheep","Grazer-Mixed","Sheep_Grazer_Mixed",59762,56596,66529,54570,64164,54737,64329,49225,57853,0,-3166,6767,-5193,4402,-5026,4567,-10537,-1909,0,-5.29751723273113,11.323008363967,-8.68885189728893,7.36570992709923,-8.40954468224692,7.64143376127633,-17.631596683905,-3.19464501894214
"Conservancy_75","Huibes","Goats","Browser-Mixed","Goat_Browser_Mixed",69080,66913,64775,64866,62775,64669,62605,58426,56547,0,-2167,-4305,-4214,-6305,-4411,-6475,-10654,-12533,0,-3.13748221052424,-6.23226600976522,-6.10054169824299,-9.12740901066173,-6.38486897006707,-9.37281145498508,-15.4220982790854,-18.1430911525649
"Conservancy_75","Huibes","Donkeys","Grazer","Donkey_Grazer",23796,22398,27433,21566,26433,21666,26528,19461,23837,0,-1398,3637,-2230,2637,-2130,2732,-4335,41,0,-5.87403084625752,15.2860386835544,-9.37086007081303,11.0796060735978,-8.95202697112092,11.4827049278498,-18.2175606296925,0.172115314935043
"Conservancy_76","Kabulabula","Cattle","Grazer","Cattle_Grazer",440,411,401,404,398,415,405,384,378,0,-29,-39,-36,-42,-25,-35,-56,-62,0,-6.53714309777188,-8.88605629399397,-8.15535382514129,-9.54292182202624,-5.60067625754237,-7.97327851380617,-12.7143217265654,-14.0326258361618
"Conservancy_76","Kabulabula","Sheep","Grazer-Mixed","Sheep_Grazer_Mixed",4323,4084,4013,4035,3994,4125,4054,3835,3796,0,-240,-310,-288,-329,-199,-270,-488,-528,0,-5.54145428097157,-7.16606567743652,-6.65710522599681,-7.61680811528832,-4.59530176635554,-6.23629755581432,-11.2901666592218,-12.2019636059551
"Conservancy_76","Kabulabula","Goats","Browser-Mixed","Goat_Browser_Mixed",4019,3836,3833,3811,3810,3874,3871,3622,3621,0,-183,-185,-207,-209,-144,-147,-396,-398,0,-4.5422805902079,-4.61602759476777,-5.15361281227321,-5.19717720773832,-3.58640850170388,-3.66089925329611,-9.86102710191482,-9.90241687286849
"Conservancy_76","Kabulabula","Donkeys","Grazer","Donkey_Grazer",1597,1498,1465,1476,1456,1513,1479,1402,1383,0,-98,-132,-121,-141,-83,-117,-194,-213,0,-6.15036352530946,-8.26439682593247,-7.57335275930453,-8.82217070498744,-5.21013424350681,-7.34548781337996,-12.1611026095349,-13.3475827197907
"Conservancy_77","Okongoro","Cattle","Grazer","Cattle_Grazer",2632,2383,6337,2245,6063,2295,6103,2134,5761,0,-250,3705,-387,3430,-338,3471,-499,3128,0,-9.48422199054426,140.740022059068,-14.7012646576023,130.320105113211,-12.8241337756405,131.854349461112,-18.9487230247124,118.847854978688
"Conservancy_77","Okongoro","Sheep","Grazer-Mixed","Sheep_Grazer_Mixed",30396,28511,51948,27106,49731,27458,50030,25756,47254,0,-1885,21552,-3290,19335,-2937,19635,-4640,16858,0,-6.20128186274785,70.9053408540525,-10.8237631466502,63.6123447900872,-9.66291914562387,64.5971930802761,-15.2654295526243,55.4623602192147
"Conservancy_77","Okongoro","Goats","Browser-Mixed","Goat_Browser_Mixed",53702,52482,47182,50384,45268,50545,45440,47874,43012,0,-1219,-6520,-3317,-8434,-3157,-8261,-5827,-10689,0,-2.27060910403089,-12.1407300966198,-6.17678311054328,-15.7050618195125,-5.87798756529011,-15.3837377430004,-10.8511883781978,-19.904779600192
"Conservancy_77","Okongoro","Donkeys","Grazer","Donkey_Grazer",10588,9775,21681,9257,20751,9414,20881,8796,19718,0,-813,11094,-1331,10164,-1174,10293,-1792,9130,0,-7.67957313615317,104.776523305311,-12.5682210260549,95.9930651244941,-11.0863879604828,97.2182173767473,-16.9224801254393,86.2304121609522
"Conservancy_78","Lusese","Cattle","Grazer","Cattle_Grazer",879,797,840,785,829,805,849,746,787,0,-82,-39,-94,-51,-74,-31,-134,-92,0,-9.32671691163891,-4.41973026313172,-10.7266563809672,-5.75268690522002,-8.45621099823929,-3.50389752193723,-15.1967345104757,-10.4748775516852
"Conservancy_78","Lusese","Sheep","Grazer-Mixed","Sheep_Grazer_Mixed",8967,8276,8454,8177,8361,8355,8535,7767,7942,0,-691,-513,-790,-606,-612,-432,-1200,-1025,0,-7.70708476413646,-5.7190468074039,-8.81026317803583,-6.75652148607594,-6.8223613687015,-4.81586218027276,-13.37817283307,-11.4285579462084
"Conservancy_78","Lusese","Goats","Browser-Mixed","Goat_Browser_Mixed",9836,9293,9091,9229,9030,9381,9177,8765,8577,0,-543,-745,-608,-806,-455,-659,-1071,-1259,0,-5.52315821525106,-7.57767144900243,-6.17645515357043,-8.19355015258617,-4.62474160488131,-6.69806759292361,-10.8854354803507,-12.8003422721642
"Conservancy_78","Lusese","Donkeys","Grazer","Donkey_Grazer",3246,2968,3075,2927,3037,2997,3105,2780,2884,0,-277,-170,-319,-209,-249,-141,-465,-361,0,-8.54490876384266,-5.24410727424109,-9.81755755950821,-6.44035821797399,-7.66754657027389,-4.3361758213494,-14.3340769294635,-11.1280800392466
"Conservancy_79","Nakabolelwa","Cattle","Grazer","Cattle_Grazer",569,517,509,508,506,521,514,483,480,0,-53,-60,-62,-64,-48,-56,-87,-89,0,-9.27475692628462,-10.609326259349,-10.8158038367643,-11.2031460847078,-8.43831692060929,-9.78562174535695,-15.2497036828728,-15.6173920406889
"Conservancy_79","Nakabolelwa","Sheep","Grazer-Mixed","Sheep_Grazer_Mixed",5557,5162,5102,5100,5077,5209,5149,4846,4825,0,-396,-455,-457,-480,-348,-408,-711,-733,0,-7.12326287064691,-8.19337222581027,-8.23203527584609,-8.64104446175842,-6.26663032513895,-7.34692102513681,-12.7942378603435,-13.1825479230113
"Conservancy_79","Nakabolelwa","Goats","Browser-Mixed","Goat_Browser_Mixed",5231,4953,4936,4907,4892,4999,4982,4663,4649,0,-278,-294,-323,-338,-232,-249,-567,-582,0,-5.30773771357481,-5.62685111138212,-6.18265473609538,-6.46998924617252,-4.43381550820777,-4.75591386126349,-10.8475080770215,-11.1203702653843
"Conservancy_79","Nakabolelwa","Donkeys","Grazer","Donkey_Grazer",2064,1889,1862,1860,1851,1906,1879,1768,1759,0,-175,-202,-203,-213,-157,-184,-296,-305,0,-8.45744381022526,-9.77196154767175,-9.84043425531955,-10.2999257596632,-7.61332115592906,-8.94035890311489,-14.3228100643597,-14.7590296992802
"Conservancy_80","Ohungu","Cattle","Grazer","Cattle_Grazer",4841,4704,6702,4529,6433,4558,6493,4172,5927,0,-136,1861,-312,1593,-283,1652,-669,1087,0,-2.81171403914416,38.4557328896927,-6.43886159938142,32.8996492549046,-5.8463813634447,34.1269563561435,-13.8146924709645,22.4529409932771
"Conservancy_80","Ohungu","Sheep","Grazer-Mixed","Sheep_Grazer_Mixed",42180,41145,54230,39642,52094,39854,52531,36519,47999,0,-1035,12050,-2538,9914,-2326,10351,-5661,5819,0,-2.45320085396474,28.5686442390165,-6.01600897627779,23.5037312934711,-5.51392400314147,24.5397353090703,-13.4212144396335,13.7957363917379
"Conservancy_80","Ohungu","Goats","Browser-Mixed","Goat_Browser_Mixed",45683,44985,47135,43434,45399,43556,45647,40016,41830,0,-698,1452,-2249,-285,-2127,-37,-5667,-3853,0,-1.528330587931,3.17826324958542,-4.92405448614302,-0.623812827127958,-4.65626377572949,-0.0806917822397237,-12.4052358783025,-8.43493426832941
"Conservancy_80","Ohungu","Donkeys","Grazer","Donkey_Grazer",17444,16966,23100,16329,22174,16436,22377,15043,20431,0,-478,5655,-1115,4729,-1008,4933,-2402,2987,0,-2.7408846133842,32.4196082931096,-6.39431697515607,27.1106852197728,-5.78095281309112,28.2780072084561,-13.7689951062349,17.1208806259444
"Conservancy_81","Maurus Nekaro","Cattle","Grazer","Cattle_Grazer",2858,2730,3657,2692,3624,2675,3432,2551,3270,0,-128,799,-166,767,-182,575,-306,412,0,-4.46580304060376,27.9610966102548,-5.79688831353747,26.8307832383146,-6.38473665968122,20.1165216281196,-10.7179243648937,14.4264692884169
"Conservancy_81","Maurus Nekaro","Sheep","Grazer-Mixed","Sheep_Grazer_Mixed",33014,32062,36575,31688,36189,31415,34293,30028,32715,0,-952,3562,-1326,3175,-1599,1279,-2986,-299,0,-2.88253066749794,10.7879873916545,-4.01597507674384,9.61622708090538,-4.84444463197097,3.87521741829085,-9.04323429441134,-0.90433580295319
"Conservancy_81","Maurus Nekaro","Goats","Browser-Mixed","Goat_Browser_Mixed",59154,58110,55255,57343,54364,56928,53120,54330,50610,0,-1044,-3900,-1812,-4791,-2227,-6034,-4825,-8544,0,-1.76569326486746,-6.59253262483547,-3.06281358827445,-8.09860191472572,-3.76460566197553,-10.200973553208,-8.15587134992528,-14.4442839893638
"Conservancy_81","Maurus Nekaro","Donkeys","Grazer","Donkey_Grazer",11016,10809,13399,10721,13306,10591,12484,10160,11936,0,-206,2384,-295,2290,-424,1469,-856,921,0,-1.8710942630498,21.641398241143,-2.67507712790114,20.7903471879909,-3.85010816010876,13.3341986448238,-7.76663700434632,8.35838641688363
"Conservancy_82","Kapinga kaMwalye","Cattle","Grazer","Cattle_Grazer",3161,2924,4169,2856,4100,2873,3951,2697,3732,0,-237,1009,-305,940,-288,790,-464,571,0,-7.48845799264944,31.9094330774109,-9.63610919025999,29.7277444945656,-9.09815583387653,25.0057637075352,-14.683930153558,18.0805888243551
"Conservancy_82","Kapinga kaMwalye","Sheep","Grazer-Mixed","Sheep_Grazer_Mixed",37824,35832,43193,35155,42535,35208,40934,33192,38696,0,-1992,5369,-2669,4711,-2616,3110,-4632,872,0,-5.26560566720356,14.1943896628697,-7.05525143391215,12.4538921978544,-6.91629050376719,8.22250007116465,-12.2465415486917,2.30540381989993
"Conservancy_82","Kapinga kaMwalye","Goats","Browser-Mixed","Goat_Browser_Mixed",70299,67901,66248,66830,65220,66717,64091,63098,60576,0,-2398,-4050,-3469,-5079,-3582,-6208,-7201,-9723,0,-3.41046112067698,-5.76175001908568,-4.934948240634,-7.22446426593454,-5.09536677462637,-8.83125615571061,-10.243018192159,-13.8306751054937
"Conservancy_82","Kapinga kaMwalye","Donkeys","Grazer","Donkey_Grazer",12783,12043,15806,11812,15578,11833,14903,11152,14102,0,-741,3023,-971,2795,-951,2120,-1631,1318,0,-5.79421896215938,23.6489806207299,-7.59720577537564,21.8646471482616,-7.4362126878031,16.5842984742497,-12.7580084110602,10.312765574986
"Conservancy_83","Otjindjerese","Cattle","Grazer","Cattle_Grazer",1920,1759,4867,1653,4666,1696,4694,1578,4453,0,-161,2947,-267,2747,-223,2774,-342,2534,0,-8.37991724392412,153.530376828435,-13.8861968780919,143.068087889542,-11.633064602724,144.517482559016,-17.8115512505712,131.975254401609
"Conservancy_83","Otjindjerese","Sheep","Grazer-Mixed","Sheep_Grazer_Mixed",22489,21271,39728,20202,38093,20515,38316,19281,36355,0,-1218,17239,-2287,15605,-1974,15827,-3208,13866,0,-5.41541479915375,76.6544019578513,-10.1678605761765,69.3875480510736,-8.77553264959077,70.3749557140639,-14.2662299690212,61.6566726068587
"Conservancy_83","Otjindjerese","Goats","Browser-Mixed","Goat_Browser_Mixed",40366,39574,35538,38017,34102,38167,34275,36281,32545,0,-792,-4828,-2349,-6264,-2199,-6091,-4085,-7821,0,-1.96283222687362,-11.9610628009894,-5.8200684042177,-15.5171891058382,-5.44769087730578,-15.0898199489753,-10.1208528016067,-19.3741216760688
"Conservancy_83","Otjindjerese","Donkeys","Grazer","Donkey_Grazer",7773,7246,16609,6853,15929,6989,16018,6540,15202,0,-527,8836,-920,8156,-784,8245,-1232,7429,0,-6.77655113640331,113.680192994906,-11.8346061196706,104.934375061989,-10.0878566304483,106.083851033146,-15.8554792585973,95.5812567951248
"Conservancy_84","Nyae Nyae","Cattle","Grazer","Cattle_Grazer",27862,24374,68170,23082,66357,23604,66021,21674,62315,0,-3488,40309,-4779,38495,-4258,38159,-6187,34453,0,-12.5189309732831,144.67305627725,-17.1538525563746,138.16494757752,-15.2820382423347,136.959580153373,-22.2072328694355,123.656665760807
"Conservancy_84","Nyae Nyae","Sheep","Grazer-Mixed","Sheep_Grazer_Mixed",301498,276887,536464,265895,522379,268150,519553,249692,490562,0,-24611,234966,-35603,220881,-33348,218054,-51807,189064,0,-8.16287531168046,77.9328018017822,-11.8086798271137,73.2610333298644,-11.0607065995062,72.3236022949242,-17.1830309581736,62.7081348616517
"Conservancy_84","Nyae Nyae","Goats","Browser-Mixed","Goat_Browser_Mixed",492055,480063,421358,468739,410734,464936,408080,440207,385733,0,-11993,-70697,-23316,-81321,-27119,-83975,-51848,-106322,0,-2.43725589330668,-14.3677678540802,-4.7384986454431,-16.5268399924931,-5.51143485513228,-17.0662251530795,-10.537034903925,-21.6077708726712
"Conservancy_84","Nyae Nyae","Donkeys","Grazer","Donkey_Grazer",108342,97280,229153,92812,223114,94209,221929,87154,209523,0,-11062,120811,-15529,114772,-14133,113587,-21188,101181,0,-10.2101364573151,111.509093945238,-14.3337019003257,105.935054478549,-13.0447937863923,104.841193600677,-19.5565812108064,93.3909156389666
"Conservancy_85","Ekango Lyomongwa","Cattle","Grazer","Cattle_Grazer",8485,8163,9869,7846,9523,7875,9520,7497,9099,0,-321,1384,-638,1039,-610,1036,-988,615,0,-3.78901816912616,16.3145149394262,-7.5224729707558,12.241320397671,-7.18755754015933,12.2095178062952,-11.6425540099023,7.24412562178757
"Conservancy_85","Ekango Lyomongwa","Sheep","Grazer-Mixed","Sheep_Grazer_Mixed",70125,67829,78125,65338,75454,65431,75365,62429,72096,0,-2296,8000,-4787,5329,-4695,5240,-7696,1971,0,-3.27393034176937,11.4075300482561,-6.82639842822511,7.59886877315988,-6.69460983502737,7.47203133921664,-10.9747538353791,2.80999895255282
"Conservancy_85","Ekango Lyomongwa","Goats","Browser-Mixed","Goat_Browser_Mixed",65180,64311,62751,62364,60803,62029,60524,59593,58100,0,-869,-2429,-2816,-4377,-3151,-4656,-5587,-7080,0,-1.33276486592815,-3.72680757689763,-4.32047233522035,-6.71519672807397,-4.83449348210938,-7.14291951809414,-8.57180778786459,-10.8616039731812
"Conservancy_85","Ekango Lyomongwa","Donkeys","Grazer","Donkey_Grazer",29109,28139,33294,27072,32138,27144,32118,25867,30708,0,-970,4185,-2037,3029,-1965,3009,-3242,1599,0,-3.33252148137442,14.3763215435237,-6.99636834109124,10.4071330252354,-6.74906473573605,10.3384170776266,-11.1388610252471,5.49220162003315
"Conservancy_86","#Khoadi-//Hôas","Cattle","Grazer","Cattle_Grazer",14968,14217,22795,13476,21799,13780,22088,12559,20305,0,-751,7826,-1492,6831,-1188,7120,-2410,5337,0,-5.01713780031869,52.2863537602271,-9.96787972514066,45.6371778857763,-7.93608270417186,47.565807127733,-16.0988521523146,35.6561162999738
"Conservancy_86","#Khoadi-//Hôas","Sheep","Grazer-Mixed","Sheep_Grazer_Mixed",132767,127217,181056,120925,173184,123297,175442,112690,161319,0,-5549,48289,-11841,40417,-9470,42676,-20076,28552,0,-4.17977864602431,36.3713260726595,-8.91899614278035,30.4422179221247,-7.132640420444,32.1433780243038,-15.1216514903427,21.5054034645103
"Conservancy_86","#Khoadi-//Hôas","Goats","Browser-Mixed","Goat_Browser_Mixed",150349,147111,147247,140754,140954,142548,142686,131168,131309,0,-3237,-3102,-9595,-9394,-7800,-7663,-19181,-19040,0,-2.15331144124272,-2.06312428567186,-6.38175244727299,-6.24835079440379,-5.18824265563147,-5.09664213274602,-12.7576557519541,-12.6636117680973
"Conservancy_86","#Khoadi-//Hôas","Donkeys","Grazer","Donkey_Grazer",53717,51213,77326,48613,73953,49637,74929,45299,68883,0,-2504,23609,-5104,20236,-4079,21212,-8418,15167,0,-4.66135488219269,43.9511048327906,-9.50162687683924,37.6715110055763,-7.5944504989771,39.4882716187847,-15.6702029693556,28.2346060563954
"Conservancy_87","Joseph Mbambangandu","Cattle","Grazer","Cattle_Grazer",146,131,153,130,163,129,139,123,130,0,-14,8,-16,17,-16,-7,-22,-15,0,-9.92155281824127,5.36044448674932,-10.6968680367089,11.8073020249878,-11.2154012671273,-4.85777732620524,-15.3918614371305,-10.4824106117778
"Conservancy_87","Joseph Mbambangandu","Sheep","Grazer-Mixed","Sheep_Grazer_Mixed",1441,1352,1465,1338,1533,1333,1315,1267,1242,0,-89,23,-103,92,-109,-126,-174,-199,0,-6.18140126805503,1.6199637703658,-7.17179742717833,6.37789633627586,-7.54685431184895,-8.75484145803008,-12.0836350837833,-13.8334931605194
"Conservancy_87","Joseph Mbambangandu","Goats","Browser-Mixed","Goat_Browser_Mixed",2027,2108,2045,2087,2055,2077,1933,1977,1851,0,81,18,60,28,50,-94,-50,-176,0,4.00563808729957,0.891726188733133,2.94618540595764,1.398008588232,2.47516761980908,-4.64221656086926,-2.49093265018423,-8.68510740370734
"Conservancy_87","Joseph Mbambangandu","Donkeys","Grazer","Donkey_Grazer",504,473,539,469,572,466,477,444,450,0,-31,35,-35,68,-38,-27,-59,-54,0,-6.1023815153626,6.95841123662965,-6.87462003914934,13.5728931448184,-7.45942580054831,-5.26712200776875,-11.785671479956,-10.71273928868
"Conservancy_88","Impalila","Cattle","Grazer","Cattle_Grazer",271,265,265,258,258,267,268,245,245,0,-7,-6,-14,-14,-4,-3,-26,-26,0,-2.47965737549632,-2.3083334158013,-5.02382769872042,-4.98997260656617,-1.45057708562284,-1.27659341559244,-9.6458685286965,-9.61375891999511
"Conservancy_88","Impalila","Sheep","Grazer-Mixed","Sheep_Grazer_Mixed",2722,2709,2698,2663,2648,2738,2726,2534,2519,0,-13,-24,-58,-74,16,4,-188,-203,0,-0.467880701383584,-0.885993668688051,-2.14193791641996,-2.70341582763724,0.582701531802536,0.160640728422958,-6.90695560330842,-7.44042333194601
"Conservancy_88","Impalila","Goats","Browser-Mixed","Goat_Browser_Mixed",2982,3054,3027,3071,3041,3086,3059,2921,2893,0,72,45,89,59,104,77,-61,-89,0,2.41072580216149,1.50726386650359,2.98189465960548,1.98956193688047,3.4928036095731,2.57963791496317,-2.05312633287996,-2.99589133136071
"Conservancy_88","Impalila","Donkeys","Grazer","Donkey_Grazer",988,971,968,949,944,981,979,902,898,0,-17,-20,-40,-44,-7,-10,-86,-90,0,-1.73350069119277,-2.01260848786037,-4.00433001845989,-4.44742033595819,-0.696467785512547,-0.97784829827903,-8.67645861479163,-9.09746438153327
"Conservancy_89","Kasika","Cattle","Grazer","Cattle_Grazer",707,664,656,652,650,671,663,620,618,0,-43,-51,-55,-57,-36,-44,-87,-89,0,-6.03098141608827,-7.21135754715308,-7.7251592332381,-8.01769531764033,-5.05516317804043,-6.24690405167817,-12.2927698034448,-12.5704576385196
"Conservancy_89","Kasika","Sheep","Grazer-Mixed","Sheep_Grazer_Mixed",7012,6651,6594,6571,6557,6720,6662,6246,6232,0,-361,-418,-441,-455,-292,-349,-766,-779,0,-5.15039135017889,-5.95987910764227,-6.28773402091894,-6.48835175005436,-4.1649217331718,-4.98220329443841,-10.9263949144102,-11.116829892697
"Conservancy_89","Kasika","Goats","Browser-Mixed","Goat_Browser_Mixed",6603,6292,6290,6254,6253,6358,6355,5944,5943,0,-311,-313,-350,-350,-246,-248,-659,-660,0,-4.71131012632447,-4.74757871532335,-5.29665314997047,-5.30564170093596,-3.72078379819508,-3.7574015836633,-9.98427731325215,-9.99280963248095
"Conservancy_89","Kasika","Donkeys","Grazer","Donkey_Grazer",2576,2429,2402,2391,2385,2455,2427,2273,2267,0,-147,-174,-185,-191,-121,-149,-303,-309,0,-5.68926353744281,-6.74807826130019,-7.16598126431855,-7.42839042803593,-4.70969889484135,-5.77870795968242,-11.7612309572315,-12.0103210232497
"Conservancy_90","!Gawachab","Cattle","Grazer","Cattle_Grazer",55,36,340,28,319,34,326,25,286,0,-19,285,-27,264,-21,272,-30,231,0,-35.0108203770759,520.290615196147,-48.769505969209,481.928560974575,-37.5231739241461,496.066653072595,-54.0079560994697,422.498288270045
"Conservancy_90","!Gawachab","Sheep","Grazer-Mixed","Sheep_Grazer_Mixed",699,463,2693,369,2518,445,2588,331,2260,0,-236,1995,-330,1819,-254,1889,-368,1562,0,-33.7952747080721,285.394256586681,-47.2410385718072,260.231192470855,-36.3550943448776,270.351361258094,-52.6357472570472,223.43919476375
"Conservancy_90","!Gawachab","Goats","Browser-Mixed","Goat_Browser_Mixed",1364,916,2168,735,1998,880,2084,660,1794,0,-449,804,-629,633,-484,719,-704,429,0,-32.8770721138937,58.9016554359972,-46.1138651483028,46.4125233336,-35.4727239797492,52.7113046528225,-51.6238081698228,31.4543197278175
"Conservancy_90","!Gawachab","Donkeys","Grazer","Donkey_Grazer",374,295,1252,262,1178,284,1203,235,1058,0,-79,878,-112,804,-90,829,-139,684,0,-21.053010432141,234.776878354027,-29.8711791543524,215.056073607015,-24.1115287411784,221.715161228825,-37.0416002649379,182.875095548889
