"spatial_unit","unit_id","unit","climate_scenario","management_scenario","feeding_regime","livestock_species","mean_species_capacity_animals","median_species_capacity_animals","mean_change_from_current_pct","median_change_from_current_pct"
"Conservancy","Conservancy_1","Okanguati","Current","Current","Browser-Mixed",1,64621,64621,0,0
"Conservancy","Conservancy_1","Okanguati","Current","Current","Grazer",2,7599,7599,0,0
"Conservancy","Conservancy_1","Okanguati","Current","Current","Grazer-Mixed",1,35422,35422,0,0
"Conservancy","Conservancy_1","Okanguati","SSP245_2050","With_Intervention","Browser-Mixed",1,57378,57378,-11.2082613834716,-11.2082613834716
"Conservancy","Conservancy_1","Okanguati","SSP245_2050","With_Intervention","Grazer",2,16854,16854,134.354501356153,134.354501356153
"Conservancy","Conservancy_1","Okanguati","SSP245_2050","With_Intervention","Grazer-Mixed",1,62604,62604,76.7372246508373,76.7372246508373
"Conservancy","Conservancy_1","Okanguati","SSP245_2050","Without_Intervention","Browser-Mixed",1,63842,63842,-1.20616948898604,-1.20616948898604
"Conservancy","Conservancy_1","Okanguati","SSP245_2050","Without_Intervention","Grazer",2,7164,7164,-6.11803124856774,-6.11803124856774
"Conservancy","Conservancy_1","Okanguati","SSP245_2050","Without_Intervention","Grazer-Mixed",1,33963,33963,-4.11853742780987,-4.11853742780987
"Conservancy","Conservancy_1","Okanguati","SSP245_2090","With_Intervention","Browser-Mixed",1,54827,54827,-15.1566199158622,-15.1566199158622
"Conservancy","Conservancy_1","Okanguati","SSP245_2090","With_Intervention","Grazer",2,16088,16088,123.686727618475,123.686727618475
"Conservancy","Conservancy_1","Okanguati","SSP245_2090","With_Intervention","Grazer-Mixed",1,59768,59768,68.7318599695494,68.7318599695494
"Conservancy","Conservancy_1","Okanguati","SSP245_2090","Without_Intervention","Browser-Mixed",1,61043,61043,-5.53691698547464,-5.53691698547464
"Conservancy","Conservancy_1","Okanguati","SSP245_2090","Without_Intervention","Grazer",2,6786,6786,-11.142694486003,-11.142694486003
"Conservancy","Conservancy_1","Okanguati","SSP245_2090","Without_Intervention","Grazer-Mixed",1,32281,32281,-8.86736376955293,-8.86736376955293
"Conservancy","Conservancy_1","Okanguati","SSP585_2050","With_Intervention","Browser-Mixed",1,55534,55534,-14.0620102664615,-14.0620102664615
"Conservancy","Conservancy_1","Okanguati","SSP585_2050","With_Intervention","Grazer",2,16313,16313,126.825552986042,126.825552986042
"Conservancy","Conservancy_1","Okanguati","SSP585_2050","With_Intervention","Grazer-Mixed",1,60593,60593,71.0588344743972,71.0588344743972
"Conservancy","Conservancy_1","Okanguati","SSP585_2050","Without_Intervention","Browser-Mixed",1,61790,61790,-4.38133732031666,-4.38133732031666
"Conservancy","Conservancy_1","Okanguati","SSP585_2050","Without_Intervention","Grazer",2,6934,6934,-9.13289503102918,-9.13289503102918
"Conservancy","Conservancy_1","Okanguati","SSP585_2050","Without_Intervention","Grazer-Mixed",1,32872,32872,-7.19862858391379,-7.19862858391379
"Conservancy","Conservancy_1","Okanguati","SSP585_2090","With_Intervention","Browser-Mixed",1,52775,52775,-18.3322306887224,-18.3322306887224
"Conservancy","Conservancy_1","Okanguati","SSP585_2090","With_Intervention","Grazer",2,15486,15486,115.316897174213,115.316897174213
"Conservancy","Conservancy_1","Okanguati","SSP585_2090","With_Intervention","Grazer-Mixed",1,57532,57532,62.4179258585256,62.4179258585256
"Conservancy","Conservancy_1","Okanguati","SSP585_2090","Without_Intervention","Browser-Mixed",1,58759,58759,-9.07261796354308,-9.07261796354308
"Conservancy","Conservancy_1","Okanguati","SSP585_2090","Without_Intervention","Grazer",2,6533,6533,-14.4655131228274,-14.4655131228274
"Conservancy","Conservancy_1","Okanguati","SSP585_2090","Without_Intervention","Grazer-Mixed",1,31073,31073,-12.2765594907925,-12.2765594907925
"Conservancy","Conservancy_10","Salambala","Current","Current","Browser-Mixed",1,46439,46439,0,0
"Conservancy","Conservancy_10","Salambala","Current","Current","Grazer",2,8692,8692,0,0
"Conservancy","Conservancy_10","Salambala","Current","Current","Grazer-Mixed",1,36885,36885,0,0
"Conservancy","Conservancy_10","Salambala","SSP245_2050","With_Intervention","Browser-Mixed",1,42814,42814,-7.80654653112702,-7.80654653112702
"Conservancy","Conservancy_10","Salambala","SSP245_2050","With_Intervention","Grazer",2,7711,7711,-11.1003519473766,-11.1003519473766
"Conservancy","Conservancy_10","Salambala","SSP245_2050","With_Intervention","Grazer-Mixed",1,32988,32988,-10.5635985691656,-10.5635985691656
"Conservancy","Conservancy_10","Salambala","SSP245_2050","Without_Intervention","Browser-Mixed",1,44983,44983,-3.13508862736383,-3.13508862736383
"Conservancy","Conservancy_10","Salambala","SSP245_2050","Without_Intervention","Grazer",2,7504,7504,-14.3739873880376,-14.3739873880376
"Conservancy","Conservancy_10","Salambala","SSP245_2050","Without_Intervention","Grazer-Mixed",1,32961,32961,-10.6372165555576,-10.6372165555576
"Conservancy","Conservancy_10","Salambala","SSP245_2090","With_Intervention","Browser-Mixed",1,42620,42620,-8.22507176326341,-8.22507176326341
"Conservancy","Conservancy_10","Salambala","SSP245_2090","With_Intervention","Grazer",2,7602,7602,-12.4247233659686,-12.4247233659686
"Conservancy","Conservancy_10","Salambala","SSP245_2090","With_Intervention","Grazer-Mixed",1,32620,32620,-11.562356470547,-11.562356470547
"Conservancy","Conservancy_10","Salambala","SSP245_2090","Without_Intervention","Browser-Mixed",1,44959,44959,-3.18811729485216,-3.18811729485216
"Conservancy","Conservancy_10","Salambala","SSP245_2090","Without_Intervention","Grazer",2,7236,7236,-17.65537652571,-17.65537652571
"Conservancy","Conservancy_10","Salambala","SSP245_2090","Without_Intervention","Grazer-Mixed",1,32143,32143,-12.8560525066093,-12.8560525066093
"Conservancy","Conservancy_10","Salambala","SSP585_2050","With_Intervention","Browser-Mixed",1,42823,42823,-7.78725113450548,-7.78725113450548
"Conservancy","Conservancy_10","Salambala","SSP585_2050","With_Intervention","Grazer",2,7553,7553,-12.9052733158989,-12.9052733158989
"Conservancy","Conservancy_10","Salambala","SSP585_2050","With_Intervention","Grazer-Mixed",1,32463,32463,-11.9869440082736,-11.9869440082736
"Conservancy","Conservancy_10","Salambala","SSP585_2050","Without_Intervention","Browser-Mixed",1,45322,45322,-2.40684451952421,-2.40684451952421
"Conservancy","Conservancy_10","Salambala","SSP585_2050","Without_Intervention","Grazer",2,7559,7559,-13.7486054655623,-13.7486054655623
"Conservancy","Conservancy_10","Salambala","SSP585_2050","Without_Intervention","Grazer-Mixed",1,33203,33203,-9.98197212365069,-9.98197212365069
"Conservancy","Conservancy_10","Salambala","SSP585_2090","With_Intervention","Browser-Mixed",1,40168,40168,-13.5041385321834,-13.5041385321834
"Conservancy","Conservancy_10","Salambala","SSP585_2090","With_Intervention","Grazer",2,7019,7019,-19.1268506224366,-19.1268506224366
"Conservancy","Conservancy_10","Salambala","SSP585_2090","With_Intervention","Grazer-Mixed",1,30261,30261,-17.9568158588069,-17.9568158588069
"Conservancy","Conservancy_10","Salambala","SSP585_2090","Without_Intervention","Browser-Mixed",1,42668,42668,-8.12099281388889,-8.12099281388889
"Conservancy","Conservancy_10","Salambala","SSP585_2090","Without_Intervention","Grazer",2,6869,6869,-21.8380475370343,-21.8380475370343
"Conservancy","Conservancy_10","Salambala","SSP585_2090","Without_Intervention","Grazer-Mixed",1,30509,30509,-17.2840454937721,-17.2840454937721
"Conservancy","Conservancy_11","Doro !nawas Area2","Current","Current","Browser-Mixed",1,23782,23782,0,0
"Conservancy","Conservancy_11","Doro !nawas Area2","Current","Current","Grazer",2,5116,5116,0,0
"Conservancy","Conservancy_11","Doro !nawas Area2","Current","Current","Grazer-Mixed",1,18409,18409,0,0
"Conservancy","Conservancy_11","Doro !nawas Area2","SSP245_2050","With_Intervention","Browser-Mixed",1,36584,36584,53.8321793218348,53.8321793218348
"Conservancy","Conservancy_11","Doro !nawas Area2","SSP245_2050","With_Intervention","Grazer",2,13791,13791,187.464260147609,187.464260147609
"Conservancy","Conservancy_11","Doro !nawas Area2","SSP245_2050","With_Intervention","Grazer-Mixed",1,48201,48201,161.836855024598,161.836855024598
"Conservancy","Conservancy_11","Doro !nawas Area2","SSP245_2050","Without_Intervention","Browser-Mixed",1,21178,21178,-10.9465947478947,-10.9465947478947
"Conservancy","Conservancy_11","Doro !nawas Area2","SSP245_2050","Without_Intervention","Grazer",2,4400,4400,-15.0621971355066,-15.0621971355066
"Conservancy","Conservancy_11","Doro !nawas Area2","SSP245_2050","Without_Intervention","Grazer-Mixed",1,15682,15682,-14.8131554312402,-14.8131554312402
"Conservancy","Conservancy_11","Doro !nawas Area2","SSP245_2090","With_Intervention","Browser-Mixed",1,34932,34932,46.8840384578147,46.8840384578147
"Conservancy","Conservancy_11","Doro !nawas Area2","SSP245_2090","With_Intervention","Grazer",2,13146,13146,173.99898689524,173.99898689524
"Conservancy","Conservancy_11","Doro !nawas Area2","SSP245_2090","With_Intervention","Grazer-Mixed",1,45955,45955,149.635380049405,149.635380049405
"Conservancy","Conservancy_11","Doro !nawas Area2","SSP245_2090","Without_Intervention","Browser-Mixed",1,20016,20016,-15.8342341946408,-15.8342341946408
"Conservancy","Conservancy_11","Doro !nawas Area2","SSP245_2090","Without_Intervention","Grazer",2,4139,4139,-20.2456266153524,-20.2456266153524
"Conservancy","Conservancy_11","Doro !nawas Area2","SSP245_2090","Without_Intervention","Grazer-Mixed",1,14732,14732,-19.9709793628017,-19.9709793628017
"Conservancy","Conservancy_11","Doro !nawas Area2","SSP585_2050","With_Intervention","Browser-Mixed",1,35493,35493,49.2463131967884,49.2463131967884
"Conservancy","Conservancy_11","Doro !nawas Area2","SSP585_2050","With_Intervention","Grazer",2,13382,13382,178.925387963049,178.925387963049
"Conservancy","Conservancy_11","Doro !nawas Area2","SSP585_2050","With_Intervention","Grazer-Mixed",1,46768,46768,154.053991815526,154.053991815526
"Conservancy","Conservancy_11","Doro !nawas Area2","SSP585_2050","Without_Intervention","Browser-Mixed",1,20542,20542,-13.6226666682899,-13.6226666682899
"Conservancy","Conservancy_11","Doro !nawas Area2","SSP585_2050","Without_Intervention","Grazer",2,4271,4271,-17.548509159852,-17.548509159852
"Conservancy","Conservancy_11","Doro !nawas Area2","SSP585_2050","Without_Intervention","Grazer-Mixed",1,15219,15219,-17.3247798647769,-17.3247798647769
"Conservancy","Conservancy_11","Doro !nawas Area2","SSP585_2090","With_Intervention","Browser-Mixed",1,32363,32363,36.0851565674952,36.0851565674952
"Conservancy","Conservancy_11","Doro !nawas Area2","SSP585_2090","With_Intervention","Grazer",2,12179,12179,153.832900809856,153.832900809856
"Conservancy","Conservancy_11","Doro !nawas Area2","SSP585_2090","With_Intervention","Grazer-Mixed",1,42573,42573,131.266215696366,131.266215696366
"Conservancy","Conservancy_11","Doro !nawas Area2","SSP585_2090","Without_Intervention","Browser-Mixed",1,18550,18550,-21.9987584120233,-21.9987584120233
"Conservancy","Conservancy_11","Doro !nawas Area2","SSP585_2090","Without_Intervention","Grazer",2,3834,3834,-26.1184164946168,-26.1184164946168
"Conservancy","Conservancy_11","Doro !nawas Area2","SSP585_2090","Without_Intervention","Grazer-Mixed",1,13649,13649,-25.8539254712839,-25.8539254712839
"Conservancy","Conservancy_12","Doro !nawas/Uibasen Twyfelfontein/Sorris Sorri JMA","Current","Current","Browser-Mixed",1,1336,1336,0,0
"Conservancy","Conservancy_12","Doro !nawas/Uibasen Twyfelfontein/Sorris Sorri JMA","Current","Current","Grazer",2,297,297,0,0
"Conservancy","Conservancy_12","Doro !nawas/Uibasen Twyfelfontein/Sorris Sorri JMA","Current","Current","Grazer-Mixed",1,890,890,0,0
"Conservancy","Conservancy_12","Doro !nawas/Uibasen Twyfelfontein/Sorris Sorri JMA","SSP245_2050","With_Intervention","Browser-Mixed",1,3265,3265,144.443418477008,144.443418477008
"Conservancy","Conservancy_12","Doro !nawas/Uibasen Twyfelfontein/Sorris Sorri JMA","SSP245_2050","With_Intervention","Grazer",2,1313,1313,436.650607635886,436.650607635886
"Conservancy","Conservancy_12","Doro !nawas/Uibasen Twyfelfontein/Sorris Sorri JMA","SSP245_2050","With_Intervention","Grazer-Mixed",1,4473,4473,402.480051225752,402.480051225752
"Conservancy","Conservancy_12","Doro !nawas/Uibasen Twyfelfontein/Sorris Sorri JMA","SSP245_2050","Without_Intervention","Browser-Mixed",1,922,922,-30.9743666723126,-30.9743666723126
"Conservancy","Conservancy_12","Doro !nawas/Uibasen Twyfelfontein/Sorris Sorri JMA","SSP245_2050","Without_Intervention","Grazer",2,189,189,-45.225869968227,-45.225869968227
"Conservancy","Conservancy_12","Doro !nawas/Uibasen Twyfelfontein/Sorris Sorri JMA","SSP245_2050","Without_Intervention","Grazer-Mixed",1,471,471,-47.1337741543419,-47.1337741543419
"Conservancy","Conservancy_12","Doro !nawas/Uibasen Twyfelfontein/Sorris Sorri JMA","SSP245_2090","With_Intervention","Browser-Mixed",1,3106,3106,132.493223970593,132.493223970593
"Conservancy","Conservancy_12","Doro !nawas/Uibasen Twyfelfontein/Sorris Sorri JMA","SSP245_2090","With_Intervention","Grazer",2,1249,1249,410.108732243016,410.108732243016
"Conservancy","Conservancy_12","Doro !nawas/Uibasen Twyfelfontein/Sorris Sorri JMA","SSP245_2090","With_Intervention","Grazer-Mixed",1,4252,4252,377.63241271071,377.63241271071
"Conservancy","Conservancy_12","Doro !nawas/Uibasen Twyfelfontein/Sorris Sorri JMA","SSP245_2090","Without_Intervention","Browser-Mixed",1,860,860,-35.6321765888238,-35.6321765888238
"Conservancy","Conservancy_12","Doro !nawas/Uibasen Twyfelfontein/Sorris Sorri JMA","SSP245_2090","Without_Intervention","Grazer",2,176,176,-49.7672059044158,-49.7672059044158
"Conservancy","Conservancy_12","Doro !nawas/Uibasen Twyfelfontein/Sorris Sorri JMA","SSP245_2090","Without_Intervention","Grazer-Mixed",1,430,430,-51.7125968131795,-51.7125968131795
"Conservancy","Conservancy_12","Doro !nawas/Uibasen Twyfelfontein/Sorris Sorri JMA","SSP585_2050","With_Intervention","Browser-Mixed",1,3187,3187,138.56051983653,138.56051983653
"Conservancy","Conservancy_12","Doro !nawas/Uibasen Twyfelfontein/Sorris Sorri JMA","SSP585_2050","With_Intervention","Grazer",2,1282,1282,423.734453866807,423.734453866807
"Conservancy","Conservancy_12","Doro !nawas/Uibasen Twyfelfontein/Sorris Sorri JMA","SSP585_2050","With_Intervention","Grazer-Mixed",1,4366,4366,390.386329085043,390.386329085043
"Conservancy","Conservancy_12","Doro !nawas/Uibasen Twyfelfontein/Sorris Sorri JMA","SSP585_2050","Without_Intervention","Browser-Mixed",1,900,900,-32.6370409107731,-32.6370409107731
"Conservancy","Conservancy_12","Doro !nawas/Uibasen Twyfelfontein/Sorris Sorri JMA","SSP585_2050","Without_Intervention","Grazer",2,184,184,-46.546480326165,-46.546480326165
"Conservancy","Conservancy_12","Doro !nawas/Uibasen Twyfelfontein/Sorris Sorri JMA","SSP585_2050","Without_Intervention","Grazer-Mixed",1,459,459,-48.4086271078178,-48.4086271078178
"Conservancy","Conservancy_12","Doro !nawas/Uibasen Twyfelfontein/Sorris Sorri JMA","SSP585_2090","With_Intervention","Browser-Mixed",1,2873,2873,115.078212599898,115.078212599898
"Conservancy","Conservancy_12","Doro !nawas/Uibasen Twyfelfontein/Sorris Sorri JMA","SSP585_2090","With_Intervention","Grazer",2,1155,1155,371.901218143073,371.901218143073
"Conservancy","Conservancy_12","Doro !nawas/Uibasen Twyfelfontein/Sorris Sorri JMA","SSP585_2090","With_Intervention","Grazer-Mixed",1,3934,3934,341.857365270652,341.857365270652
"Conservancy","Conservancy_12","Doro !nawas/Uibasen Twyfelfontein/Sorris Sorri JMA","SSP585_2090","Without_Intervention","Browser-Mixed",1,795,795,-40.4549127064498,-40.4549127064498
"Conservancy","Conservancy_12","Doro !nawas/Uibasen Twyfelfontein/Sorris Sorri JMA","SSP585_2090","Without_Intervention","Grazer",2,162,162,-53.5308800126191,-53.5308800126191
"Conservancy","Conservancy_12","Doro !nawas/Uibasen Twyfelfontein/Sorris Sorri JMA","SSP585_2090","Without_Intervention","Grazer-Mixed",1,398,398,-55.3305132042286,-55.3305132042286
"Conservancy","Conservancy_13","Kwandu","Current","Current","Browser-Mixed",1,9711,9711,0,0
"Conservancy","Conservancy_13","Kwandu","Current","Current","Grazer",2,1727,1727,0,0
"Conservancy","Conservancy_13","Kwandu","Current","Current","Grazer-Mixed",1,7216,7216,0,0
"Conservancy","Conservancy_13","Kwandu","SSP245_2050","With_Intervention","Browser-Mixed",1,8821,8821,-9.16138501972171,-9.16138501972171
"Conservancy","Conservancy_13","Kwandu","SSP245_2050","With_Intervention","Grazer",2,1474,1474,-14.571671893366,-14.571671893366
"Conservancy","Conservancy_13","Kwandu","SSP245_2050","With_Intervention","Grazer-Mixed",1,6250,6250,-13.3889559192942,-13.3889559192942
"Conservancy","Conservancy_13","Kwandu","SSP245_2050","Without_Intervention","Browser-Mixed",1,9174,9174,-5.53152003548423,-5.53152003548423
"Conservancy","Conservancy_13","Kwandu","SSP245_2050","Without_Intervention","Grazer",2,1508,1508,-13.1913726689907,-13.1913726689907
"Conservancy","Conservancy_13","Kwandu","SSP245_2050","Without_Intervention","Grazer-Mixed",1,6458,6458,-10.5085981145727,-10.5085981145727
"Conservancy","Conservancy_13","Kwandu","SSP245_2090","With_Intervention","Browser-Mixed",1,8944,8944,-7.89369511055611,-7.89369511055611
"Conservancy","Conservancy_13","Kwandu","SSP245_2090","With_Intervention","Grazer",2,1585,1585,-8.32292624122438,-8.32292624122438
"Conservancy","Conservancy_13","Kwandu","SSP245_2090","With_Intervention","Grazer-Mixed",1,6643,6643,-7.94525195993862,-7.94525195993862
"Conservancy","Conservancy_13","Kwandu","SSP245_2090","Without_Intervention","Browser-Mixed",1,9135,9135,-5.93069838319521,-5.93069838319521
"Conservancy","Conservancy_13","Kwandu","SSP245_2090","Without_Intervention","Grazer",2,1451,1451,-16.6710328894764,-16.6710328894764
"Conservancy","Conservancy_13","Kwandu","SSP245_2090","Without_Intervention","Grazer-Mixed",1,6278,6278,-13.0017358977992,-13.0017358977992
"Conservancy","Conservancy_13","Kwandu","SSP585_2050","With_Intervention","Browser-Mixed",1,8700,8700,-10.4085102330014,-10.4085102330014
"Conservancy","Conservancy_13","Kwandu","SSP585_2050","With_Intervention","Grazer",2,1417,1417,-17.725965819703,-17.725965819703
"Conservancy","Conservancy_13","Kwandu","SSP585_2050","With_Intervention","Grazer-Mixed",1,6032,6032,-16.4120371880784,-16.4120371880784
"Conservancy","Conservancy_13","Kwandu","SSP585_2050","Without_Intervention","Browser-Mixed",1,9208,9208,-5.18220096761252,-5.18220096761252
"Conservancy","Conservancy_13","Kwandu","SSP585_2050","Without_Intervention","Grazer",2,1514,1514,-12.8669343072248,-12.8669343072248
"Conservancy","Conservancy_13","Kwandu","SSP585_2050","Without_Intervention","Grazer-Mixed",1,6482,6482,-10.1764129029738,-10.1764129029738
"Conservancy","Conservancy_13","Kwandu","SSP585_2090","With_Intervention","Browser-Mixed",1,8171,8171,-15.8623338589171,-15.8623338589171
"Conservancy","Conservancy_13","Kwandu","SSP585_2090","With_Intervention","Grazer",2,1292,1292,-25.1565175830097,-25.1565175830097
"Conservancy","Conservancy_13","Kwandu","SSP585_2090","With_Intervention","Grazer-Mixed",1,5546,5546,-23.1434249726649,-23.1434249726649
"Conservancy","Conservancy_13","Kwandu","SSP585_2090","Without_Intervention","Browser-Mixed",1,8657,8657,-10.8564014852675,-10.8564014852675
"Conservancy","Conservancy_13","Kwandu","SSP585_2090","Without_Intervention","Grazer",2,1375,1375,-21.029238285623,-21.029238285623
"Conservancy","Conservancy_13","Kwandu","SSP585_2090","Without_Intervention","Grazer-Mixed",1,5949,5949,-17.5539056464827,-17.5539056464827
"Conservancy","Conservancy_14","Orupembe","Current","Current","Browser-Mixed",1,48061,48061,0,0
"Conservancy","Conservancy_14","Orupembe","Current","Current","Grazer",2,7313,7313,0,0
"Conservancy","Conservancy_14","Orupembe","Current","Current","Grazer-Mixed",1,26009,26009,0,0
"Conservancy","Conservancy_14","Orupembe","SSP245_2050","With_Intervention","Browser-Mixed",1,95807,95807,99.3453115790318,99.3453115790318
"Conservancy","Conservancy_14","Orupembe","SSP245_2050","With_Intervention","Grazer",2,36217,36217,500.026797565391,500.026797565391
"Conservancy","Conservancy_14","Orupembe","SSP245_2050","With_Intervention","Grazer-Mixed",1,126020,126020,384.521804638678,384.521804638678
"Conservancy","Conservancy_14","Orupembe","SSP245_2050","Without_Intervention","Browser-Mixed",1,45921,45921,-4.45287254070189,-4.45287254070189
"Conservancy","Conservancy_14","Orupembe","SSP245_2050","Without_Intervention","Grazer",2,6825,6825,-8.7712198444352,-8.7712198444352
"Conservancy","Conservancy_14","Orupembe","SSP245_2050","Without_Intervention","Grazer-Mixed",1,23872,23872,-8.21640841889698,-8.21640841889698
"Conservancy","Conservancy_14","Orupembe","SSP245_2090","With_Intervention","Browser-Mixed",1,90245,90245,87.7726230756893,87.7726230756893
"Conservancy","Conservancy_14","Orupembe","SSP245_2090","With_Intervention","Grazer",2,34187,34187,466.38052550136,466.38052550136
"Conservancy","Conservancy_14","Orupembe","SSP245_2090","With_Intervention","Grazer-Mixed",1,118903,118903,357.156613027653,357.156613027653
"Conservancy","Conservancy_14","Orupembe","SSP245_2090","Without_Intervention","Browser-Mixed",1,42902,42902,-10.7340857750659,-10.7340857750659
"Conservancy","Conservancy_14","Orupembe","SSP245_2090","Without_Intervention","Grazer",2,6372,6372,-15.0948599984179,-15.0948599984179
"Conservancy","Conservancy_14","Orupembe","SSP245_2090","Without_Intervention","Grazer-Mixed",1,22207,22207,-14.6169834595344,-14.6169834595344
"Conservancy","Conservancy_14","Orupembe","SSP585_2050","With_Intervention","Browser-Mixed",1,93734,93734,95.0326138882524,95.0326138882524
"Conservancy","Conservancy_14","Orupembe","SSP585_2050","With_Intervention","Grazer",2,35442,35442,487.173099234349,487.173099234349
"Conservancy","Conservancy_14","Orupembe","SSP585_2050","With_Intervention","Grazer-Mixed",1,123315,123315,374.120269442728,374.120269442728
"Conservancy","Conservancy_14","Orupembe","SSP585_2050","Without_Intervention","Browser-Mixed",1,44867,44867,-6.6450518743939,-6.6450518743939
"Conservancy","Conservancy_14","Orupembe","SSP585_2050","Without_Intervention","Grazer",2,6672,6672,-10.8381970420724,-10.8381970420724
"Conservancy","Conservancy_14","Orupembe","SSP585_2050","Without_Intervention","Grazer-Mixed",1,23323,23323,-10.3273112324778,-10.3273112324778
"Conservancy","Conservancy_14","Orupembe","SSP585_2090","With_Intervention","Browser-Mixed",1,86971,86971,80.9605568984142,80.9605568984142
"Conservancy","Conservancy_14","Orupembe","SSP585_2090","With_Intervention","Grazer",2,32942,32942,445.745470557088,445.745470557088
"Conservancy","Conservancy_14","Orupembe","SSP585_2090","With_Intervention","Grazer-Mixed",1,114574,114574,340.516222984759,340.516222984759
"Conservancy","Conservancy_14","Orupembe","SSP585_2090","Without_Intervention","Browser-Mixed",1,41386,41386,-13.8877182595541,-13.8877182595541
"Conservancy","Conservancy_14","Orupembe","SSP585_2090","Without_Intervention","Grazer",2,6144,6144,-18.1194138541457,-18.1194138541457
"Conservancy","Conservancy_14","Orupembe","SSP585_2090","Without_Intervention","Grazer-Mixed",1,21423,21423,-17.6346984390109,-17.6346984390109
"Conservancy","Conservancy_15","Mayuni","Current","Current","Browser-Mixed",1,7965,7965,0,0
"Conservancy","Conservancy_15","Mayuni","Current","Current","Grazer",2,1207,1207,0,0
"Conservancy","Conservancy_15","Mayuni","Current","Current","Grazer-Mixed",1,5235,5235,0,0
"Conservancy","Conservancy_15","Mayuni","SSP245_2050","With_Intervention","Browser-Mixed",1,7379,7379,-7.35344903601068,-7.35344903601068
"Conservancy","Conservancy_15","Mayuni","SSP245_2050","With_Intervention","Grazer",2,1206,1206,0.405963300580838,0.405963300580838
"Conservancy","Conservancy_15","Mayuni","SSP245_2050","With_Intervention","Grazer-Mixed",1,5121,5121,-2.19039618395291,-2.19039618395291
"Conservancy","Conservancy_15","Mayuni","SSP245_2050","Without_Intervention","Browser-Mixed",1,7616,7616,-4.37337602128431,-4.37337602128431
"Conservancy","Conservancy_15","Mayuni","SSP245_2050","Without_Intervention","Grazer",2,1004,1004,-17.8058906776659,-17.8058906776659
"Conservancy","Conservancy_15","Mayuni","SSP245_2050","Without_Intervention","Grazer-Mixed",1,4552,4552,-13.0564699873475,-13.0564699873475
"Conservancy","Conservancy_15","Mayuni","SSP245_2090","With_Intervention","Browser-Mixed",1,7434,7434,-6.66988195279284,-6.66988195279284
"Conservancy","Conservancy_15","Mayuni","SSP245_2090","With_Intervention","Grazer",2,1202,1202,-0.311861470322403,-0.311861470322403
"Conservancy","Conservancy_15","Mayuni","SSP245_2090","With_Intervention","Grazer-Mixed",1,5133,5133,-1.96414034544436,-1.96414034544436
"Conservancy","Conservancy_15","Mayuni","SSP245_2090","Without_Intervention","Browser-Mixed",1,7604,7604,-4.52617134764922,-4.52617134764922
"Conservancy","Conservancy_15","Mayuni","SSP245_2090","Without_Intervention","Grazer",2,946,946,-22.9431707427844,-22.9431707427844
"Conservancy","Conservancy_15","Mayuni","SSP245_2090","Without_Intervention","Grazer-Mixed",1,4378,4378,-16.3849491354095,-16.3849491354095
"Conservancy","Conservancy_15","Mayuni","SSP585_2050","With_Intervention","Browser-Mixed",1,7388,7388,-7.24177059892785,-7.24177059892785
"Conservancy","Conservancy_15","Mayuni","SSP585_2050","With_Intervention","Grazer",2,1219,1219,1.52816231689486,1.52816231689486
"Conservancy","Conservancy_15","Mayuni","SSP585_2050","With_Intervention","Grazer-Mixed",1,5162,5162,-1.40240306674704,-1.40240306674704
"Conservancy","Conservancy_15","Mayuni","SSP585_2050","Without_Intervention","Browser-Mixed",1,7632,7632,-4.17212922888578,-4.17212922888578
"Conservancy","Conservancy_15","Mayuni","SSP585_2050","Without_Intervention","Grazer",2,1006,1006,-17.6361759658867,-17.6361759658867
"Conservancy","Conservancy_15","Mayuni","SSP585_2050","Without_Intervention","Grazer-Mixed",1,4561,4561,-12.8757906325394,-12.8757906325394
"Conservancy","Conservancy_15","Mayuni","SSP585_2090","With_Intervention","Browser-Mixed",1,6963,6963,-12.5795069473403,-12.5795069473403
"Conservancy","Conservancy_15","Mayuni","SSP585_2090","With_Intervention","Grazer",2,1112,1112,-7.69667692889796,-7.69667692889796
"Conservancy","Conservancy_15","Mayuni","SSP585_2090","With_Intervention","Grazer-Mixed",1,4755,4755,-9.17492527179801,-9.17492527179801
"Conservancy","Conservancy_15","Mayuni","SSP585_2090","Without_Intervention","Browser-Mixed",1,7199,7199,-9.61524613344406,-9.61524613344406
"Conservancy","Conservancy_15","Mayuni","SSP585_2090","Without_Intervention","Grazer",2,896,896,-27.0494511612009,-27.0494511612009
"Conservancy","Conservancy_15","Mayuni","SSP585_2090","Without_Intervention","Grazer-Mixed",1,4144,4144,-20.8409130868654,-20.8409130868654
"Conservancy","Conservancy_16","Uibasen Twyfelfontein","Current","Current","Browser-Mixed",1,3250,3250,0,0
"Conservancy","Conservancy_16","Uibasen Twyfelfontein","Current","Current","Grazer",2,910,910,0,0
"Conservancy","Conservancy_16","Uibasen Twyfelfontein","Current","Current","Grazer-Mixed",1,2956,2956,0,0
"Conservancy","Conservancy_16","Uibasen Twyfelfontein","SSP245_2050","With_Intervention","Browser-Mixed",1,6901,6901,112.344933449588,112.344933449588
"Conservancy","Conservancy_16","Uibasen Twyfelfontein","SSP245_2050","With_Intervention","Grazer",2,2804,2804,232.977673716893,232.977673716893
"Conservancy","Conservancy_16","Uibasen Twyfelfontein","SSP245_2050","With_Intervention","Grazer-Mixed",1,9645,9645,226.305354407969,226.305354407969
"Conservancy","Conservancy_16","Uibasen Twyfelfontein","SSP245_2050","Without_Intervention","Browser-Mixed",1,2589,2589,-20.3439184392209,-20.3439184392209
"Conservancy","Conservancy_16","Uibasen Twyfelfontein","SSP245_2050","Without_Intervention","Grazer",2,748,748,-19.4301705518299,-19.4301705518299
"Conservancy","Conservancy_16","Uibasen Twyfelfontein","SSP245_2050","Without_Intervention","Grazer-Mixed",1,2320,2320,-21.5162931664329,-21.5162931664329
"Conservancy","Conservancy_16","Uibasen Twyfelfontein","SSP245_2090","With_Intervention","Browser-Mixed",1,6474,6474,99.218869043077,99.218869043077
"Conservancy","Conservancy_16","Uibasen Twyfelfontein","SSP245_2090","With_Intervention","Grazer",2,2636,2636,212.923811393724,212.923811393724
"Conservancy","Conservancy_16","Uibasen Twyfelfontein","SSP245_2090","With_Intervention","Grazer-Mixed",1,9057,9057,206.425882873136,206.425882873136
"Conservancy","Conservancy_16","Uibasen Twyfelfontein","SSP245_2090","Without_Intervention","Browser-Mixed",1,2279,2279,-29.8616617247649,-29.8616617247649
"Conservancy","Conservancy_16","Uibasen Twyfelfontein","SSP245_2090","Without_Intervention","Grazer",2,650,650,-30.9447730225251,-30.9447730225251
"Conservancy","Conservancy_16","Uibasen Twyfelfontein","SSP245_2090","Without_Intervention","Grazer-Mixed",1,1973,1973,-33.2414268931246,-33.2414268931246
"Conservancy","Conservancy_16","Uibasen Twyfelfontein","SSP585_2050","With_Intervention","Browser-Mixed",1,6722,6722,106.838591896278,106.838591896278
"Conservancy","Conservancy_16","Uibasen Twyfelfontein","SSP585_2050","With_Intervention","Grazer",2,2731,2731,224.340748119456,224.340748119456
"Conservancy","Conservancy_16","Uibasen Twyfelfontein","SSP585_2050","With_Intervention","Grazer-Mixed",1,9394,9394,217.842454447383,217.842454447383
"Conservancy","Conservancy_16","Uibasen Twyfelfontein","SSP585_2050","Without_Intervention","Browser-Mixed",1,2522,2522,-22.3990977283709,-22.3990977283709
"Conservancy","Conservancy_16","Uibasen Twyfelfontein","SSP585_2050","Without_Intervention","Grazer",2,729,729,-21.499561234486,-21.499561234486
"Conservancy","Conservancy_16","Uibasen Twyfelfontein","SSP585_2050","Without_Intervention","Grazer-Mixed",1,2260,2260,-23.5313385265013,-23.5313385265013
"Conservancy","Conservancy_16","Uibasen Twyfelfontein","SSP585_2090","With_Intervention","Browser-Mixed",1,5993,5993,84.4200853151588,84.4200853151588
"Conservancy","Conservancy_16","Uibasen Twyfelfontein","SSP585_2090","With_Intervention","Grazer",2,2440,2440,189.675134685614,189.675134685614
"Conservancy","Conservancy_16","Uibasen Twyfelfontein","SSP585_2090","With_Intervention","Grazer-Mixed",1,8384,8384,183.659277933456,183.659277933456
"Conservancy","Conservancy_16","Uibasen Twyfelfontein","SSP585_2090","Without_Intervention","Browser-Mixed",1,2110,2110,-35.082525128408,-35.082525128408
"Conservancy","Conservancy_16","Uibasen Twyfelfontein","SSP585_2090","Without_Intervention","Grazer",2,601,601,-36.0976666115331,-36.0976666115331
"Conservancy","Conservancy_16","Uibasen Twyfelfontein","SSP585_2090","Without_Intervention","Grazer-Mixed",1,1826,1826,-38.224059506074,-38.224059506074
"Conservancy","Conservancy_17","Oskop","Current","Current","Browser-Mixed",1,4492,4492,0,0
"Conservancy","Conservancy_17","Oskop","Current","Current","Grazer",2,1981,1981,0,0
"Conservancy","Conservancy_17","Oskop","Current","Current","Grazer-Mixed",1,6939,6939,0,0
"Conservancy","Conservancy_17","Oskop","SSP245_2050","With_Intervention","Browser-Mixed",1,4246,4246,-5.47519852481583,-5.47519852481583
"Conservancy","Conservancy_17","Oskop","SSP245_2050","With_Intervention","Grazer",2,1886,1886,-4.78132488056066,-4.78132488056066
"Conservancy","Conservancy_17","Oskop","SSP245_2050","With_Intervention","Grazer-Mixed",1,6601,6601,-4.87673482745991,-4.87673482745991
"Conservancy","Conservancy_17","Oskop","SSP245_2050","Without_Intervention","Browser-Mixed",1,4246,4246,-5.47519852481583,-5.47519852481583
"Conservancy","Conservancy_17","Oskop","SSP245_2050","Without_Intervention","Grazer",2,1886,1886,-4.78132488056066,-4.78132488056066
"Conservancy","Conservancy_17","Oskop","SSP245_2050","Without_Intervention","Grazer-Mixed",1,6601,6601,-4.87673482745991,-4.87673482745991
"Conservancy","Conservancy_17","Oskop","SSP245_2090","With_Intervention","Browser-Mixed",1,4115,4115,-8.39520486967157,-8.39520486967157
"Conservancy","Conservancy_17","Oskop","SSP245_2090","With_Intervention","Grazer",2,1828,1828,-7.72276597494385,-7.72276597494385
"Conservancy","Conservancy_17","Oskop","SSP245_2090","With_Intervention","Grazer-Mixed",1,6397,6397,-7.8152285720898,-7.8152285720898
"Conservancy","Conservancy_17","Oskop","SSP245_2090","Without_Intervention","Browser-Mixed",1,4115,4115,-8.39520486967157,-8.39520486967157
"Conservancy","Conservancy_17","Oskop","SSP245_2090","Without_Intervention","Grazer",2,1828,1828,-7.72276597494385,-7.72276597494385
"Conservancy","Conservancy_17","Oskop","SSP245_2090","Without_Intervention","Grazer-Mixed",1,6397,6397,-7.8152285720898,-7.8152285720898
"Conservancy","Conservancy_17","Oskop","SSP585_2050","With_Intervention","Browser-Mixed",1,4124,4124,-8.18659563103272,-8.18659563103272
"Conservancy","Conservancy_17","Oskop","SSP585_2050","With_Intervention","Grazer",2,1832,1832,-7.51262540854361,-7.51262540854361
"Conservancy","Conservancy_17","Oskop","SSP585_2050","With_Intervention","Grazer-Mixed",1,6412,6412,-7.60529856837862,-7.60529856837862
"Conservancy","Conservancy_17","Oskop","SSP585_2050","Without_Intervention","Browser-Mixed",1,4124,4124,-8.18659563103272,-8.18659563103272
"Conservancy","Conservancy_17","Oskop","SSP585_2050","Without_Intervention","Grazer",2,1832,1832,-7.51262540854361,-7.51262540854361
"Conservancy","Conservancy_17","Oskop","SSP585_2050","Without_Intervention","Grazer-Mixed",1,6412,6412,-7.60529856837862,-7.60529856837862
"Conservancy","Conservancy_17","Oskop","SSP585_2090","With_Intervention","Browser-Mixed",1,3756,3756,-16.3828963545223,-16.3828963545223
"Conservancy","Conservancy_17","Oskop","SSP585_2090","With_Intervention","Grazer",2,1669,1669,-15.7690923208393,-15.7690923208393
"Conservancy","Conservancy_17","Oskop","SSP585_2090","With_Intervention","Grazer-Mixed",1,5839,5839,-15.8534924284743,-15.8534924284743
"Conservancy","Conservancy_17","Oskop","SSP585_2090","Without_Intervention","Browser-Mixed",1,3756,3756,-16.3828963545223,-16.3828963545223
"Conservancy","Conservancy_17","Oskop","SSP585_2090","Without_Intervention","Grazer",2,1669,1669,-15.7690923208393,-15.7690923208393
"Conservancy","Conservancy_17","Oskop","SSP585_2090","Without_Intervention","Grazer-Mixed",1,5839,5839,-15.8534924284743,-15.8534924284743
"Conservancy","Conservancy_18","//Huab","Current","Current","Browser-Mixed",1,84152,84152,0,0
"Conservancy","Conservancy_18","//Huab","Current","Current","Grazer",2,11562,11562,0,0
"Conservancy","Conservancy_18","//Huab","Current","Current","Grazer-Mixed",1,50675,50675,0,0
"Conservancy","Conservancy_18","//Huab","SSP245_2050","With_Intervention","Browser-Mixed",1,79930,79930,-5.01735132678811,-5.01735132678811
"Conservancy","Conservancy_18","//Huab","SSP245_2050","With_Intervention","Grazer",2,24621,24621,123.523198047801,123.523198047801
"Conservancy","Conservancy_18","//Huab","SSP245_2050","With_Intervention","Grazer-Mixed",1,90391,90391,78.3738185841107,78.3738185841107
"Conservancy","Conservancy_18","//Huab","SSP245_2050","Without_Intervention","Browser-Mixed",1,83257,83257,-1.06418209995153,-1.06418209995153
"Conservancy","Conservancy_18","//Huab","SSP245_2050","Without_Intervention","Grazer",2,10492,10492,-9.87354275930947,-9.87354275930947
"Conservancy","Conservancy_18","//Huab","SSP245_2050","Without_Intervention","Grazer-Mixed",1,47290,47290,-6.68024275853171,-6.68024275853171
"Conservancy","Conservancy_18","//Huab","SSP245_2090","With_Intervention","Browser-Mixed",1,76783,76783,-8.75687750630422,-8.75687750630422
"Conservancy","Conservancy_18","//Huab","SSP245_2090","With_Intervention","Grazer",2,23584,23584,114.103631030091,114.103631030091
"Conservancy","Conservancy_18","//Huab","SSP245_2090","With_Intervention","Grazer-Mixed",1,86637,86637,70.9666078834851,70.9666078834851
"Conservancy","Conservancy_18","//Huab","SSP245_2090","Without_Intervention","Browser-Mixed",1,80243,80243,-4.6458137332006,-4.6458137332006
"Conservancy","Conservancy_18","//Huab","SSP245_2090","Without_Intervention","Grazer",2,9961,9961,-14.5227524796835,-14.5227524796835
"Conservancy","Conservancy_18","//Huab","SSP245_2090","Without_Intervention","Grazer-Mixed",1,45137,45137,-10.9285142235109,-10.9285142235109
"Conservancy","Conservancy_18","//Huab","SSP585_2050","With_Intervention","Browser-Mixed",1,77382,77382,-8.04527625117944,-8.04527625117944
"Conservancy","Conservancy_18","//Huab","SSP585_2050","With_Intervention","Grazer",2,23838,23838,116.40745454561,116.40745454561
"Conservancy","Conservancy_18","//Huab","SSP585_2050","With_Intervention","Grazer-Mixed",1,87512,87512,72.6931260681595,72.6931260681595
"Conservancy","Conservancy_18","//Huab","SSP585_2050","Without_Intervention","Browser-Mixed",1,80593,80593,-4.22940535050583,-4.22940535050583
"Conservancy","Conservancy_18","//Huab","SSP585_2050","Without_Intervention","Grazer",2,10157,10157,-12.7554216946267,-12.7554216946267
"Conservancy","Conservancy_18","//Huab","SSP585_2050","Without_Intervention","Grazer-Mixed",1,45777,45777,-9.6660522332492,-9.6660522332492
"Conservancy","Conservancy_18","//Huab","SSP585_2090","With_Intervention","Browser-Mixed",1,71251,71251,-15.330644496443,-15.330644496443
"Conservancy","Conservancy_18","//Huab","SSP585_2090","With_Intervention","Grazer",2,21884,21884,98.6698862467979,98.6698862467979
"Conservancy","Conservancy_18","//Huab","SSP585_2090","With_Intervention","Grazer-Mixed",1,80393,80393,58.644047811553,58.644047811553
"Conservancy","Conservancy_18","//Huab","SSP585_2090","Without_Intervention","Browser-Mixed",1,74466,74466,-11.5098638545052,-11.5098638545052
"Conservancy","Conservancy_18","//Huab","SSP585_2090","Without_Intervention","Grazer",2,9244,9244,-20.6806497001595,-20.6806497001595
"Conservancy","Conservancy_18","//Huab","SSP585_2090","Without_Intervention","Grazer-Mixed",1,41886,41886,-17.3428104003687,-17.3428104003687
"Conservancy","Conservancy_19","Omatendeka","Current","Current","Browser-Mixed",1,81916,81916,0,0
"Conservancy","Conservancy_19","Omatendeka","Current","Current","Grazer",2,12631,12631,0,0
"Conservancy","Conservancy_19","Omatendeka","Current","Current","Grazer-Mixed",1,53431,53431,0,0
"Conservancy","Conservancy_19","Omatendeka","SSP245_2050","With_Intervention","Browser-Mixed",1,80887,80887,-1.2572251137096,-1.2572251137096
"Conservancy","Conservancy_19","Omatendeka","SSP245_2050","With_Intervention","Grazer",2,20032,20032,63.435908364669,63.435908364669
"Conservancy","Conservancy_19","Omatendeka","SSP245_2050","With_Intervention","Grazer-Mixed",1,76259,76259,42.7233505041554,42.7233505041554
"Conservancy","Conservancy_19","Omatendeka","SSP245_2050","Without_Intervention","Browser-Mixed",1,81200,81200,-0.8751636253482,-0.8751636253482
"Conservancy","Conservancy_19","Omatendeka","SSP245_2050","Without_Intervention","Grazer",2,11683,11683,-7.96298263136283,-7.96298263136283
"Conservancy","Conservancy_19","Omatendeka","SSP245_2050","Without_Intervention","Grazer-Mixed",1,50428,50428,-5.62037735324159,-5.62037735324159
"Conservancy","Conservancy_19","Omatendeka","SSP245_2090","With_Intervention","Browser-Mixed",1,77610,77610,-5.25700293619761,-5.25700293619761
"Conservancy","Conservancy_19","Omatendeka","SSP245_2090","With_Intervention","Grazer",2,19068,19068,55.5336389002037,55.5336389002037
"Conservancy","Conservancy_19","Omatendeka","SSP245_2090","With_Intervention","Grazer-Mixed",1,72717,72717,36.0941819984959,36.0941819984959
"Conservancy","Conservancy_19","Omatendeka","SSP245_2090","Without_Intervention","Browser-Mixed",1,78063,78063,-4.703972705124,-4.703972705124
"Conservancy","Conservancy_19","Omatendeka","SSP245_2090","Without_Intervention","Grazer",2,11050,11050,-13.0418306637183,-13.0418306637183
"Conservancy","Conservancy_19","Omatendeka","SSP245_2090","Without_Intervention","Grazer-Mixed",1,47944,47944,-10.2705541107168,-10.2705541107168
"Conservancy","Conservancy_19","Omatendeka","SSP585_2050","With_Intervention","Browser-Mixed",1,78236,78236,-4.49300489755359,-4.49300489755359
"Conservancy","Conservancy_19","Omatendeka","SSP585_2050","With_Intervention","Grazer",2,19382,19382,58.1301204628775,58.1301204628775
"Conservancy","Conservancy_19","Omatendeka","SSP585_2050","With_Intervention","Grazer-Mixed",1,73777,73777,38.0791163690243,38.0791163690243
"Conservancy","Conservancy_19","Omatendeka","SSP585_2050","Without_Intervention","Browser-Mixed",1,78529,78529,-4.13473658299243,-4.13473658299243
"Conservancy","Conservancy_19","Omatendeka","SSP585_2050","Without_Intervention","Grazer",2,11306,11306,-10.9325531986918,-10.9325531986918
"Conservancy","Conservancy_19","Omatendeka","SSP585_2050","Without_Intervention","Grazer-Mixed",1,48790,48790,-8.68685610766615,-8.68685610766615
"Conservancy","Conservancy_19","Omatendeka","SSP585_2090","With_Intervention","Browser-Mixed",1,72936,72936,-10.9628429676247,-10.9628429676247
"Conservancy","Conservancy_19","Omatendeka","SSP585_2090","With_Intervention","Grazer",2,17912,17912,46.1034522157311,46.1034522157311
"Conservancy","Conservancy_19","Omatendeka","SSP585_2090","With_Intervention","Grazer-Mixed",1,68315,68315,27.8551026128224,27.8551026128224
"Conservancy","Conservancy_19","Omatendeka","SSP585_2090","Without_Intervention","Browser-Mixed",1,73364,73364,-10.4406022394045,-10.4406022394045
"Conservancy","Conservancy_19","Omatendeka","SSP585_2090","Without_Intervention","Grazer",2,10375,10375,-18.3619003771426,-18.3619003771426
"Conservancy","Conservancy_19","Omatendeka","SSP585_2090","Without_Intervention","Grazer-Mixed",1,45027,45027,-15.7298797826377,-15.7298797826377
"Conservancy","Conservancy_2","Iipumbu ya Tshilongo","Current","Current","Browser-Mixed",1,74334,74334,0,0
"Conservancy","Conservancy_2","Iipumbu ya Tshilongo","Current","Current","Grazer",2,24299,24299,0,0
"Conservancy","Conservancy_2","Iipumbu ya Tshilongo","Current","Current","Grazer-Mixed",1,88687,88687,0,0
"Conservancy","Conservancy_2","Iipumbu ya Tshilongo","SSP245_2050","With_Intervention","Browser-Mixed",1,71942,71942,-3.2180282255117,-3.2180282255117
"Conservancy","Conservancy_2","Iipumbu ya Tshilongo","SSP245_2050","With_Intervention","Grazer",2,26596,26596,9.80011398991805,9.80011398991805
"Conservancy","Conservancy_2","Iipumbu ya Tshilongo","SSP245_2050","With_Intervention","Grazer-Mixed",1,95272,95272,7.42481822375392,7.42481822375392
"Conservancy","Conservancy_2","Iipumbu ya Tshilongo","SSP245_2050","Without_Intervention","Browser-Mixed",1,73208,73208,-1.51475130912543,-1.51475130912543
"Conservancy","Conservancy_2","Iipumbu ya Tshilongo","SSP245_2050","Without_Intervention","Grazer",2,23691,23691,-2.5403389599247,-2.5403389599247
"Conservancy","Conservancy_2","Iipumbu ya Tshilongo","SSP245_2050","Without_Intervention","Grazer-Mixed",1,86540,86540,-2.42060704814087,-2.42060704814087
"Conservancy","Conservancy_2","Iipumbu ya Tshilongo","SSP245_2090","With_Intervention","Browser-Mixed",1,69694,69694,-6.24192488997319,-6.24192488997319
"Conservancy","Conservancy_2","Iipumbu ya Tshilongo","SSP245_2090","With_Intervention","Grazer",2,25665,25665,5.94636580778452,5.94636580778452
"Conservancy","Conservancy_2","Iipumbu ya Tshilongo","SSP245_2090","With_Intervention","Grazer-Mixed",1,91992,91992,3.72624884679726,3.72624884679726
"Conservancy","Conservancy_2","Iipumbu ya Tshilongo","SSP245_2090","Without_Intervention","Browser-Mixed",1,70986,70986,-4.50502232812321,-4.50502232812321
"Conservancy","Conservancy_2","Iipumbu ya Tshilongo","SSP245_2090","Without_Intervention","Grazer",2,22819,22819,-6.1432428204292,-6.1432428204292
"Conservancy","Conservancy_2","Iipumbu ya Tshilongo","SSP245_2090","Without_Intervention","Grazer-Mixed",1,83448,83448,-5.90740904944546,-5.90740904944546
"Conservancy","Conservancy_2","Iipumbu ya Tshilongo","SSP585_2050","With_Intervention","Browser-Mixed",1,69319,69319,-6.74644111790822,-6.74644111790822
"Conservancy","Conservancy_2","Iipumbu ya Tshilongo","SSP585_2050","With_Intervention","Grazer",2,25643,25643,5.86754713213422,5.86754713213422
"Conservancy","Conservancy_2","Iipumbu ya Tshilongo","SSP585_2050","With_Intervention","Grazer-Mixed",1,91852,91852,3.56825205275539,3.56825205275539
"Conservancy","Conservancy_2","Iipumbu ya Tshilongo","SSP585_2050","Without_Intervention","Browser-Mixed",1,70536,70536,-5.10917222748651,-5.10917222748651
"Conservancy","Conservancy_2","Iipumbu ya Tshilongo","SSP585_2050","Without_Intervention","Grazer",2,22834,22834,-6.06865996528234,-6.06865996528234
"Conservancy","Conservancy_2","Iipumbu ya Tshilongo","SSP585_2050","Without_Intervention","Grazer-Mixed",1,83403,83403,-5.95838626629992,-5.95838626629992
"Conservancy","Conservancy_2","Iipumbu ya Tshilongo","SSP585_2090","With_Intervention","Browser-Mixed",1,66257,66257,-10.8668725240917,-10.8668725240917
"Conservancy","Conservancy_2","Iipumbu ya Tshilongo","SSP585_2090","With_Intervention","Grazer",2,24405,24405,0.745449838330183,0.745449838330183
"Conservancy","Conservancy_2","Iipumbu ya Tshilongo","SSP585_2090","With_Intervention","Grazer-Mixed",1,87472,87472,-1.36963898308389,-1.36963898308389
"Conservancy","Conservancy_2","Iipumbu ya Tshilongo","SSP585_2090","Without_Intervention","Browser-Mixed",1,67482,67482,-9.21785552917592,-9.21785552917592
"Conservancy","Conservancy_2","Iipumbu ya Tshilongo","SSP585_2090","Without_Intervention","Grazer",2,21703,21703,-10.7339872896025,-10.7339872896025
"Conservancy","Conservancy_2","Iipumbu ya Tshilongo","SSP585_2090","Without_Intervention","Grazer-Mixed",1,79360,79360,-10.5171227319896,-10.5171227319896
"Conservancy","Conservancy_20","//Gamaseb","Current","Current","Browser-Mixed",1,14486,14486,0,0
"Conservancy","Conservancy_20","//Gamaseb","Current","Current","Grazer",2,3799,3799,0,0
"Conservancy","Conservancy_20","//Gamaseb","Current","Current","Grazer-Mixed",1,11420,11420,0,0
"Conservancy","Conservancy_20","//Gamaseb","SSP245_2050","With_Intervention","Browser-Mixed",1,27260,27260,88.1858920072207,88.1858920072207
"Conservancy","Conservancy_20","//Gamaseb","SSP245_2050","With_Intervention","Grazer",2,10418,10418,211.352637239861,211.352637239861
"Conservancy","Conservancy_20","//Gamaseb","SSP245_2050","With_Intervention","Grazer-Mixed",1,35033,35033,206.769031155351,206.769031155351
"Conservancy","Conservancy_20","//Gamaseb","SSP245_2050","Without_Intervention","Browser-Mixed",1,11527,11527,-20.423126696381,-20.423126696381
"Conservancy","Conservancy_20","//Gamaseb","SSP245_2050","Without_Intervention","Grazer",2,2892,2892,-27.0744631306383,-27.0744631306383
"Conservancy","Conservancy_20","//Gamaseb","SSP245_2050","Without_Intervention","Grazer-Mixed",1,8227,8227,-27.9594510197158,-27.9594510197158
"Conservancy","Conservancy_20","//Gamaseb","SSP245_2090","With_Intervention","Browser-Mixed",1,26082,26082,80.0496222414466,80.0496222414466
"Conservancy","Conservancy_20","//Gamaseb","SSP245_2090","With_Intervention","Grazer",2,9959,9959,197.466282752943,197.466282752943
"Conservancy","Conservancy_20","//Gamaseb","SSP245_2090","With_Intervention","Grazer-Mixed",1,33464,33464,193.031441434576,193.031441434576
"Conservancy","Conservancy_20","//Gamaseb","SSP245_2090","Without_Intervention","Browser-Mixed",1,10859,10859,-25.0390909704289,-25.0390909704289
"Conservancy","Conservancy_20","//Gamaseb","SSP245_2090","Without_Intervention","Grazer",2,2676,2676,-33.2320791306413,-33.2320791306413
"Conservancy","Conservancy_20","//Gamaseb","SSP245_2090","Without_Intervention","Grazer-Mixed",1,7527,7527,-34.0882897189268,-34.0882897189268
"Conservancy","Conservancy_20","//Gamaseb","SSP585_2050","With_Intervention","Browser-Mixed",1,26267,26267,81.3334347165366,81.3334347165366
"Conservancy","Conservancy_20","//Gamaseb","SSP585_2050","With_Intervention","Grazer",2,10039,10039,200.030602434436,200.030602434436
"Conservancy","Conservancy_20","//Gamaseb","SSP585_2050","With_Intervention","Grazer-Mixed",1,33759,33759,195.61486267436,195.61486267436
"Conservancy","Conservancy_20","//Gamaseb","SSP585_2050","Without_Intervention","Browser-Mixed",1,11111,11111,-23.2946841834711,-23.2946841834711
"Conservancy","Conservancy_20","//Gamaseb","SSP585_2050","Without_Intervention","Grazer",2,2788,2788,-29.6587560609492,-29.6587560609492
"Conservancy","Conservancy_20","//Gamaseb","SSP585_2050","Without_Intervention","Grazer-Mixed",1,7936,7936,-30.5112227965791,-30.5112227965791
"Conservancy","Conservancy_20","//Gamaseb","SSP585_2090","With_Intervention","Browser-Mixed",1,23484,23484,62.1198031031328,62.1198031031328
"Conservancy","Conservancy_20","//Gamaseb","SSP585_2090","With_Intervention","Grazer",2,8967,8967,167.865171813007,167.865171813007
"Conservancy","Conservancy_20","//Gamaseb","SSP585_2090","With_Intervention","Grazer-Mixed",1,30134,30134,163.872936091503,163.872936091503
"Conservancy","Conservancy_20","//Gamaseb","SSP585_2090","Without_Intervention","Browser-Mixed",1,9783,9783,-32.4663341987272,-32.4663341987272
"Conservancy","Conservancy_20","//Gamaseb","SSP585_2090","Without_Intervention","Grazer",2,2413,2413,-39.7787500863666,-39.7787500863666
"Conservancy","Conservancy_20","//Gamaseb","SSP585_2090","Without_Intervention","Grazer-Mixed",1,6789,6789,-40.5497613485928,-40.5497613485928
"Conservancy","Conservancy_21","Ehi-Rovipuka","Current","Current","Browser-Mixed",1,116245,116245,0,0
"Conservancy","Conservancy_21","Ehi-Rovipuka","Current","Current","Grazer",2,18308,18308,0,0
"Conservancy","Conservancy_21","Ehi-Rovipuka","Current","Current","Grazer-Mixed",1,77829,77829,0,0
"Conservancy","Conservancy_21","Ehi-Rovipuka","SSP245_2050","With_Intervention","Browser-Mixed",1,110793,110793,-4.69020071545043,-4.69020071545043
"Conservancy","Conservancy_21","Ehi-Rovipuka","SSP245_2050","With_Intervention","Grazer",2,26450,26450,47.8128677445522,47.8128677445522
"Conservancy","Conservancy_21","Ehi-Rovipuka","SSP245_2050","With_Intervention","Grazer-Mixed",1,101995,101995,31.0508973365516,31.0508973365516
"Conservancy","Conservancy_21","Ehi-Rovipuka","SSP245_2050","Without_Intervention","Browser-Mixed",1,116291,116291,0.0391522172253844,0.0391522172253844
"Conservancy","Conservancy_21","Ehi-Rovipuka","SSP245_2050","Without_Intervention","Grazer",2,16502,16502,-10.4635868381107,-10.4635868381107
"Conservancy","Conservancy_21","Ehi-Rovipuka","SSP245_2050","Without_Intervention","Grazer-Mixed",1,72345,72345,-7.04639921944098,-7.04639921944098
"Conservancy","Conservancy_21","Ehi-Rovipuka","SSP245_2090","With_Intervention","Browser-Mixed",1,106719,106719,-8.19453359375869,-8.19453359375869
"Conservancy","Conservancy_21","Ehi-Rovipuka","SSP245_2090","With_Intervention","Grazer",2,25249,25249,41.0557751231083,41.0557751231083
"Conservancy","Conservancy_21","Ehi-Rovipuka","SSP245_2090","With_Intervention","Grazer-Mixed",1,97553,97553,25.3434964841005,25.3434964841005
"Conservancy","Conservancy_21","Ehi-Rovipuka","SSP245_2090","Without_Intervention","Browser-Mixed",1,112122,112122,-3.54695339314878,-3.54695339314878
"Conservancy","Conservancy_21","Ehi-Rovipuka","SSP245_2090","Without_Intervention","Grazer",2,15644,15644,-15.2116952177107,-15.2116952177107
"Conservancy","Conservancy_21","Ehi-Rovipuka","SSP245_2090","Without_Intervention","Grazer-Mixed",1,68947,68947,-11.4118790726334,-11.4118790726334
"Conservancy","Conservancy_21","Ehi-Rovipuka","SSP585_2050","With_Intervention","Browser-Mixed",1,107140,107140,-7.83299053777863,-7.83299053777863
"Conservancy","Conservancy_21","Ehi-Rovipuka","SSP585_2050","With_Intervention","Grazer",2,25573,25573,42.912927114347,42.912927114347
"Conservancy","Conservancy_21","Ehi-Rovipuka","SSP585_2050","With_Intervention","Grazer-Mixed",1,98618,98618,26.7117746414787,26.7117746414787
"Conservancy","Conservancy_21","Ehi-Rovipuka","SSP585_2050","Without_Intervention","Browser-Mixed",1,112456,112456,-3.25986174635197,-3.25986174635197
"Conservancy","Conservancy_21","Ehi-Rovipuka","SSP585_2050","Without_Intervention","Grazer",2,15951,15951,-13.4576496664805,-13.4576496664805
"Conservancy","Conservancy_21","Ehi-Rovipuka","SSP585_2050","Without_Intervention","Grazer-Mixed",1,69937,69937,-10.1401317830006,-10.1401317830006
"Conservancy","Conservancy_21","Ehi-Rovipuka","SSP585_2090","With_Intervention","Browser-Mixed",1,100416,100416,-13.6170833058836,-13.6170833058836
"Conservancy","Conservancy_21","Ehi-Rovipuka","SSP585_2090","With_Intervention","Grazer",2,23761,23761,32.7481626771781,32.7481626771781
"Conservancy","Conservancy_21","Ehi-Rovipuka","SSP585_2090","With_Intervention","Grazer-Mixed",1,91804,91804,17.9562877417537,17.9562877417537
"Conservancy","Conservancy_21","Ehi-Rovipuka","SSP585_2090","Without_Intervention","Browser-Mixed",1,105498,105498,-9.24496702017898,-9.24496702017898
"Conservancy","Conservancy_21","Ehi-Rovipuka","SSP585_2090","Without_Intervention","Grazer",2,14727,14727,-20.1828753028629,-20.1828753028629
"Conservancy","Conservancy_21","Ehi-Rovipuka","SSP585_2090","Without_Intervention","Grazer-Mixed",1,64894,64894,-16.6196016437325,-16.6196016437325
"Conservancy","Conservancy_22","/Audi","Current","Current","Browser-Mixed",1,18958,18958,0,0
"Conservancy","Conservancy_22","/Audi","Current","Current","Grazer",2,2093,2093,0,0
"Conservancy","Conservancy_22","/Audi","Current","Current","Grazer-Mixed",1,9981,9981,0,0
"Conservancy","Conservancy_22","/Audi","SSP245_2050","With_Intervention","Browser-Mixed",1,16431,16431,-13.3308137687621,-13.3308137687621
"Conservancy","Conservancy_22","/Audi","SSP245_2050","With_Intervention","Grazer",2,4765,4765,142.04905521819,142.04905521819
"Conservancy","Conservancy_22","/Audi","SSP245_2050","With_Intervention","Grazer-Mixed",1,17740,17740,77.7357197889186,77.7357197889186
"Conservancy","Conservancy_22","/Audi","SSP245_2050","Without_Intervention","Browser-Mixed",1,18281,18281,-3.57174090065681,-3.57174090065681
"Conservancy","Conservancy_22","/Audi","SSP245_2050","Without_Intervention","Grazer",2,1997,1997,-4.69242409962993,-4.69242409962993
"Conservancy","Conservancy_22","/Audi","SSP245_2050","Without_Intervention","Grazer-Mixed",1,9559,9559,-4.22856172829815,-4.22856172829815
"Conservancy","Conservancy_22","/Audi","SSP245_2090","With_Intervention","Browser-Mixed",1,15741,15741,-16.9663563459179,-16.9663563459179
"Conservancy","Conservancy_22","/Audi","SSP245_2090","With_Intervention","Grazer",2,4565,4565,131.89906255698,131.89906255698
"Conservancy","Conservancy_22","/Audi","SSP245_2090","With_Intervention","Grazer-Mixed",1,16996,16996,70.2821254200007,70.2821254200007
"Conservancy","Conservancy_22","/Audi","SSP245_2090","Without_Intervention","Browser-Mixed",1,17514,17514,-7.61645881508711,-7.61645881508711
"Conservancy","Conservancy_22","/Audi","SSP245_2090","Without_Intervention","Grazer",2,1913,1913,-8.68988617688885,-8.68988617688885
"Conservancy","Conservancy_22","/Audi","SSP245_2090","Without_Intervention","Grazer-Mixed",1,9158,9158,-8.24558348550025,-8.24558348550025
"Conservancy","Conservancy_22","/Audi","SSP585_2050","With_Intervention","Browser-Mixed",1,15810,15810,-16.6025563100888,-16.6025563100888
"Conservancy","Conservancy_22","/Audi","SSP585_2050","With_Intervention","Grazer",2,4585,4585,132.906537081883,132.906537081883
"Conservancy","Conservancy_22","/Audi","SSP585_2050","With_Intervention","Grazer-Mixed",1,17070,17070,71.0231764140248,71.0231764140248
"Conservancy","Conservancy_22","/Audi","SSP585_2050","Without_Intervention","Browser-Mixed",1,17591,17591,-7.21224835729375,-7.21224835729375
"Conservancy","Conservancy_22","/Audi","SSP585_2050","Without_Intervention","Grazer",2,1922,1922,-8.29003956695598,-8.29003956695598
"Conservancy","Conservancy_22","/Audi","SSP585_2050","Without_Intervention","Grazer-Mixed",1,9198,9198,-7.84393063378685,-7.84393063378685
"Conservancy","Conservancy_22","/Audi","SSP585_2090","With_Intervention","Browser-Mixed",1,14588,14588,-23.051514865046,-23.051514865046
"Conservancy","Conservancy_22","/Audi","SSP585_2090","With_Intervention","Grazer",2,4231,4231,114.90444353791,114.90444353791
"Conservancy","Conservancy_22","/Audi","SSP585_2090","With_Intervention","Grazer-Mixed",1,15750,15750,57.8030449778367,57.8030449778367
"Conservancy","Conservancy_22","/Audi","SSP585_2090","Without_Intervention","Browser-Mixed",1,16230,16230,-14.3868781120724,-14.3868781120724
"Conservancy","Conservancy_22","/Audi","SSP585_2090","Without_Intervention","Grazer",2,1773,1773,-15.3806390787286,-15.3806390787286
"Conservancy","Conservancy_22","/Audi","SSP585_2090","Without_Intervention","Grazer-Mixed",1,8487,8487,-14.9693111325682,-14.9693111325682
"Conservancy","Conservancy_23","Uukolonkadhi Ruacana","Current","Current","Browser-Mixed",1,160203,160203,0,0
"Conservancy","Conservancy_23","Uukolonkadhi Ruacana","Current","Current","Grazer",2,25598,25598,0,0
"Conservancy","Conservancy_23","Uukolonkadhi Ruacana","Current","Current","Grazer-Mixed",1,110396,110396,0,0
"Conservancy","Conservancy_23","Uukolonkadhi Ruacana","SSP245_2050","With_Intervention","Browser-Mixed",1,150356,150356,-6.14646172053131,-6.14646172053131
"Conservancy","Conservancy_23","Uukolonkadhi Ruacana","SSP245_2050","With_Intervention","Grazer",2,39226,39226,55.9722787467711,55.9722787467711
"Conservancy","Conservancy_23","Uukolonkadhi Ruacana","SSP245_2050","With_Intervention","Grazer-Mixed",1,149034,149034,35.0003912995214,35.0003912995214
"Conservancy","Conservancy_23","Uukolonkadhi Ruacana","SSP245_2050","Without_Intervention","Browser-Mixed",1,159484,159484,-0.448766807418268,-0.448766807418268
"Conservancy","Conservancy_23","Uukolonkadhi Ruacana","SSP245_2050","Without_Intervention","Grazer",2,24986,24986,-2.9651097360658,-2.9651097360658
"Conservancy","Conservancy_23","Uukolonkadhi Ruacana","SSP245_2050","Without_Intervention","Grazer-Mixed",1,107134,107134,-2.95441910458913,-2.95441910458913
"Conservancy","Conservancy_23","Uukolonkadhi Ruacana","SSP245_2090","With_Intervention","Browser-Mixed",1,145075,145075,-9.44293019920988,-9.44293019920988
"Conservancy","Conservancy_23","Uukolonkadhi Ruacana","SSP245_2090","With_Intervention","Grazer",2,37745,37745,50.0298605609561,50.0298605609561
"Conservancy","Conservancy_23","Uukolonkadhi Ruacana","SSP245_2090","With_Intervention","Grazer-Mixed",1,143397,143397,29.8938435601996,29.8938435601996
"Conservancy","Conservancy_23","Uukolonkadhi Ruacana","SSP245_2090","Without_Intervention","Browser-Mixed",1,154008,154008,-3.86689625822892,-3.86689625822892
"Conservancy","Conservancy_23","Uukolonkadhi Ruacana","SSP245_2090","Without_Intervention","Grazer",2,24042,24042,-6.72366851276708,-6.72366851276708
"Conservancy","Conservancy_23","Uukolonkadhi Ruacana","SSP245_2090","Without_Intervention","Grazer-Mixed",1,103001,103001,-6.69803212265973,-6.69803212265973
"Conservancy","Conservancy_23","Uukolonkadhi Ruacana","SSP585_2050","With_Intervention","Browser-Mixed",1,145104,145104,-9.42489247054015,-9.42489247054015
"Conservancy","Conservancy_23","Uukolonkadhi Ruacana","SSP585_2050","With_Intervention","Grazer",2,37904,37904,50.7217613130613,50.7217613130613
"Conservancy","Conservancy_23","Uukolonkadhi Ruacana","SSP585_2050","With_Intervention","Grazer-Mixed",1,143983,143983,30.4245346341809,30.4245346341809
"Conservancy","Conservancy_23","Uukolonkadhi Ruacana","SSP585_2050","Without_Intervention","Browser-Mixed",1,153906,153906,-3.93076279045786,-3.93076279045786
"Conservancy","Conservancy_23","Uukolonkadhi Ruacana","SSP585_2050","Without_Intervention","Grazer",2,24115,24115,-6.34852988784391,-6.34852988784391
"Conservancy","Conservancy_23","Uukolonkadhi Ruacana","SSP585_2050","Without_Intervention","Grazer-Mixed",1,103395,103395,-6.34163111973852,-6.34163111973852
"Conservancy","Conservancy_23","Uukolonkadhi Ruacana","SSP585_2090","With_Intervention","Browser-Mixed",1,138886,138886,-13.3061475729957,-13.3061475729957
"Conservancy","Conservancy_23","Uukolonkadhi Ruacana","SSP585_2090","With_Intervention","Grazer",2,36133,36133,43.625438670428,43.625438670428
"Conservancy","Conservancy_23","Uukolonkadhi Ruacana","SSP585_2090","With_Intervention","Grazer-Mixed",1,137277,137277,24.3497872151824,24.3497872151824
"Conservancy","Conservancy_23","Uukolonkadhi Ruacana","SSP585_2090","Without_Intervention","Browser-Mixed",1,147438,147438,-7.96761018157258,-7.96761018157258
"Conservancy","Conservancy_23","Uukolonkadhi Ruacana","SSP585_2090","Without_Intervention","Grazer",2,23016,23016,-10.7056772116433,-10.7056772116433
"Conservancy","Conservancy_23","Uukolonkadhi Ruacana","SSP585_2090","Without_Intervention","Grazer-Mixed",1,98605,98605,-10.6800118576814,-10.6800118576814
"Conservancy","Conservancy_24","Uukwaluudhi","Current","Current","Browser-Mixed",1,80745,80745,0,0
"Conservancy","Conservancy_24","Uukwaluudhi","Current","Current","Grazer",2,9761,9761,0,0
"Conservancy","Conservancy_24","Uukwaluudhi","Current","Current","Grazer-Mixed",1,45149,45149,0,0
"Conservancy","Conservancy_24","Uukwaluudhi","SSP245_2050","With_Intervention","Browser-Mixed",1,73500,73500,-8.9726857999105,-8.9726857999105
"Conservancy","Conservancy_24","Uukwaluudhi","SSP245_2050","With_Intervention","Grazer",2,17331,17331,85.2922267901259,85.2922267901259
"Conservancy","Conservancy_24","Uukwaluudhi","SSP245_2050","With_Intervention","Grazer-Mixed",1,67084,67084,48.5824955583611,48.5824955583611
"Conservancy","Conservancy_24","Uukwaluudhi","SSP245_2050","Without_Intervention","Browser-Mixed",1,78996,78996,-2.16616240164919,-2.16616240164919
"Conservancy","Conservancy_24","Uukwaluudhi","SSP245_2050","Without_Intervention","Grazer",2,9101,9101,-7.2042300720819,-7.2042300720819
"Conservancy","Conservancy_24","Uukwaluudhi","SSP245_2050","Without_Intervention","Grazer-Mixed",1,42763,42763,-5.28580076055124,-5.28580076055124
"Conservancy","Conservancy_24","Uukwaluudhi","SSP245_2090","With_Intervention","Browser-Mixed",1,70859,70859,-12.2436508214189,-12.2436508214189
"Conservancy","Conservancy_24","Uukwaluudhi","SSP245_2090","With_Intervention","Grazer",2,16661,16661,78.0959459060882,78.0959459060882
"Conservancy","Conservancy_24","Uukwaluudhi","SSP245_2090","With_Intervention","Grazer-Mixed",1,64522,64522,42.9095821059192,42.9095821059192
"Conservancy","Conservancy_24","Uukwaluudhi","SSP245_2090","Without_Intervention","Browser-Mixed",1,76177,76177,-5.65634000531908,-5.65634000531908
"Conservancy","Conservancy_24","Uukwaluudhi","SSP245_2090","Without_Intervention","Grazer",2,8703,8703,-11.3463707481774,-11.3463707481774
"Conservancy","Conservancy_24","Uukwaluudhi","SSP245_2090","Without_Intervention","Grazer-Mixed",1,41004,41004,-9.18189083789278,-9.18189083789278
"Conservancy","Conservancy_24","Uukwaluudhi","SSP585_2050","With_Intervention","Browser-Mixed",1,70824,70824,-12.2860351298916,-12.2860351298916
"Conservancy","Conservancy_24","Uukwaluudhi","SSP585_2050","With_Intervention","Grazer",2,16696,16696,78.4988232637867,78.4988232637867
"Conservancy","Conservancy_24","Uukwaluudhi","SSP585_2050","With_Intervention","Grazer-Mixed",1,64628,64628,43.1429577343136,43.1429577343136
"Conservancy","Conservancy_24","Uukwaluudhi","SSP585_2050","Without_Intervention","Browser-Mixed",1,76121,76121,-5.72657403924817,-5.72657403924817
"Conservancy","Conservancy_24","Uukwaluudhi","SSP585_2050","Without_Intervention","Grazer",2,8770,8770,-10.581415599529,-10.581415599529
"Conservancy","Conservancy_24","Uukwaluudhi","SSP585_2050","Without_Intervention","Grazer-Mixed",1,41206,41206,-8.73274881533744,-8.73274881533744
"Conservancy","Conservancy_24","Uukwaluudhi","SSP585_2090","With_Intervention","Browser-Mixed",1,67534,67534,-16.3611617724688,-16.3611617724688
"Conservancy","Conservancy_24","Uukwaluudhi","SSP585_2090","With_Intervention","Grazer",2,15879,15879,69.7361055037642,69.7361055037642
"Conservancy","Conservancy_24","Uukwaluudhi","SSP585_2090","With_Intervention","Grazer-Mixed",1,61494,61494,36.2020845146169,36.2020845146169
"Conservancy","Conservancy_24","Uukwaluudhi","SSP585_2090","Without_Intervention","Browser-Mixed",1,72603,72603,-10.0826887125331,-10.0826887125331
"Conservancy","Conservancy_24","Uukwaluudhi","SSP585_2090","Without_Intervention","Grazer",2,8294,8294,-15.5128209867772,-15.5128209867772
"Conservancy","Conservancy_24","Uukwaluudhi","SSP585_2090","Without_Intervention","Grazer-Mixed",1,39078,39078,-13.4471454459229,-13.4471454459229
"Conservancy","Conservancy_25","Okamatapati","Current","Current","Browser-Mixed",1,175533,175533,0,0
"Conservancy","Conservancy_25","Okamatapati","Current","Current","Grazer",2,19257,19257,0,0
"Conservancy","Conservancy_25","Okamatapati","Current","Current","Grazer-Mixed",1,92045,92045,0,0
"Conservancy","Conservancy_25","Okamatapati","SSP245_2050","With_Intervention","Browser-Mixed",1,146103,146103,-16.7662043110404,-16.7662043110404
"Conservancy","Conservancy_25","Okamatapati","SSP245_2050","With_Intervention","Grazer",2,50723,50723,181.922700854174,181.922700854174
"Conservancy","Conservancy_25","Okamatapati","SSP245_2050","With_Intervention","Grazer-Mixed",1,183457,183457,99.3107268041238,99.3107268041238
"Conservancy","Conservancy_25","Okamatapati","SSP245_2050","Without_Intervention","Browser-Mixed",1,167793,167793,-4.40918374895224,-4.40918374895224
"Conservancy","Conservancy_25","Okamatapati","SSP245_2050","Without_Intervention","Grazer",2,18269,18269,-5.21297007865398,-5.21297007865398
"Conservancy","Conservancy_25","Okamatapati","SSP245_2050","Without_Intervention","Grazer-Mixed",1,87546,87546,-4.88797678807501,-4.88797678807501
"Conservancy","Conservancy_25","Okamatapati","SSP245_2090","With_Intervention","Browser-Mixed",1,140806,140806,-19.7837732840234,-19.7837732840234
"Conservancy","Conservancy_25","Okamatapati","SSP245_2090","With_Intervention","Grazer",2,48867,48867,171.60282844771,171.60282844771
"Conservancy","Conservancy_25","Okamatapati","SSP245_2090","With_Intervention","Grazer-Mixed",1,176752,176752,92.0270426039637,92.0270426039637
"Conservancy","Conservancy_25","Okamatapati","SSP245_2090","Without_Intervention","Browser-Mixed",1,161718,161718,-7.87042652327653,-7.87042652327653
"Conservancy","Conservancy_25","Okamatapati","SSP245_2090","Without_Intervention","Grazer",2,17578,17578,-8.81381227292745,-8.81381227292745
"Conservancy","Conservancy_25","Okamatapati","SSP245_2090","Without_Intervention","Grazer-Mixed",1,84286,84286,-8.43044888250886,-8.43044888250886
"Conservancy","Conservancy_25","Okamatapati","SSP585_2050","With_Intervention","Browser-Mixed",1,141221,141221,-19.5469563384165,-19.5469563384165
"Conservancy","Conservancy_25","Okamatapati","SSP585_2050","With_Intervention","Grazer",2,49028,49028,172.502955627239,172.502955627239
"Conservancy","Conservancy_25","Okamatapati","SSP585_2050","With_Intervention","Grazer-Mixed",1,177327,177327,92.6513789199461,92.6513789199461
"Conservancy","Conservancy_25","Okamatapati","SSP585_2050","Without_Intervention","Browser-Mixed",1,162187,162187,-7.60281073602575,-7.60281073602575
"Conservancy","Conservancy_25","Okamatapati","SSP585_2050","Without_Intervention","Grazer",2,17659,17659,-8.38010512288887,-8.38010512288887
"Conservancy","Conservancy_25","Okamatapati","SSP585_2050","Without_Intervention","Grazer-Mixed",1,84621,84621,-8.06581913214328,-8.06581913214328
"Conservancy","Conservancy_25","Okamatapati","SSP585_2090","With_Intervention","Browser-Mixed",1,132524,132524,-24.5018487233524,-24.5018487233524
"Conservancy","Conservancy_25","Okamatapati","SSP585_2090","With_Intervention","Grazer",2,45993,45993,155.628845734973,155.628845734973
"Conservancy","Conservancy_25","Okamatapati","SSP585_2090","With_Intervention","Grazer-Mixed",1,166357,166357,80.7331036627494,80.7331036627494
"Conservancy","Conservancy_25","Okamatapati","SSP585_2090","Without_Intervention","Browser-Mixed",1,152206,152206,-13.2891497711012,-13.2891497711012
"Conservancy","Conservancy_25","Okamatapati","SSP585_2090","Without_Intervention","Grazer",2,16544,16544,-14.1771306210915,-14.1771306210915
"Conservancy","Conservancy_25","Okamatapati","SSP585_2090","Without_Intervention","Grazer-Mixed",1,79328,79328,-13.8162813385766,-13.8162813385766
"Conservancy","Conservancy_26","Otjituuo","Current","Current","Browser-Mixed",1,347136,347136,0,0
"Conservancy","Conservancy_26","Otjituuo","Current","Current","Grazer",2,37991,37991,0,0
"Conservancy","Conservancy_26","Otjituuo","Current","Current","Grazer-Mixed",1,181778,181778,0,0
"Conservancy","Conservancy_26","Otjituuo","SSP245_2050","With_Intervention","Browser-Mixed",1,290452,290452,-16.3290982341652,-16.3290982341652
"Conservancy","Conservancy_26","Otjituuo","SSP245_2050","With_Intervention","Grazer",2,100294,100294,182.562129922861,182.562129922861
"Conservancy","Conservancy_26","Otjituuo","SSP245_2050","With_Intervention","Grazer-Mixed",1,363039,363039,99.7158568616784,99.7158568616784
"Conservancy","Conservancy_26","Otjituuo","SSP245_2050","Without_Intervention","Browser-Mixed",1,333279,333279,-3.99177121678316,-3.99177121678316
"Conservancy","Conservancy_26","Otjituuo","SSP245_2050","Without_Intervention","Grazer",2,36215,36215,-4.76289346344429,-4.76289346344429
"Conservancy","Conservancy_26","Otjituuo","SSP245_2050","Without_Intervention","Grazer-Mixed",1,173668,173668,-4.46151913541114,-4.46151913541114
"Conservancy","Conservancy_26","Otjituuo","SSP245_2090","With_Intervention","Browser-Mixed",1,279911,279911,-19.3656559593654,-19.3656559593654
"Conservancy","Conservancy_26","Otjituuo","SSP245_2090","With_Intervention","Grazer",2,96654,96654,172.307844702301,172.307844702301
"Conservancy","Conservancy_26","Otjituuo","SSP245_2090","With_Intervention","Grazer-Mixed",1,349864,349864,92.4680482709264,92.4680482709264
"Conservancy","Conservancy_26","Otjituuo","SSP245_2090","Without_Intervention","Browser-Mixed",1,321187,321187,-7.4753957904017,-7.4753957904017
"Conservancy","Conservancy_26","Otjituuo","SSP245_2090","Without_Intervention","Grazer",2,34898,34898,-8.22909503207347,-8.22909503207347
"Conservancy","Conservancy_26","Otjituuo","SSP245_2090","Without_Intervention","Grazer-Mixed",1,167355,167355,-7.9342595045056,-7.9342595045056
"Conservancy","Conservancy_26","Otjituuo","SSP585_2050","With_Intervention","Browser-Mixed",1,280392,280392,-19.2271039225374,-19.2271039225374
"Conservancy","Conservancy_26","Otjituuo","SSP585_2050","With_Intervention","Grazer",2,96820,96820,172.775669548462,172.775669548462
"Conservancy","Conservancy_26","Otjituuo","SSP585_2050","With_Intervention","Grazer-Mixed",1,350465,350465,92.7987176145081,92.7987176145081
"Conservancy","Conservancy_26","Otjituuo","SSP585_2050","Without_Intervention","Browser-Mixed",1,321736,321736,-7.31707126408443,-7.31707126408443
"Conservancy","Conservancy_26","Otjituuo","SSP585_2050","Without_Intervention","Grazer",2,34961,34961,-8.06148773309863,-8.06148773309863
"Conservancy","Conservancy_26","Otjituuo","SSP585_2050","Without_Intervention","Grazer-Mixed",1,167653,167653,-7.77055064345147,-7.77055064345147
"Conservancy","Conservancy_26","Otjituuo","SSP585_2090","With_Intervention","Browser-Mixed",1,264444,264444,-23.8212090452543,-23.8212090452543
"Conservancy","Conservancy_26","Otjituuo","SSP585_2090","With_Intervention","Grazer",2,91314,91314,157.260892120715,157.260892120715
"Conservancy","Conservancy_26","Otjituuo","SSP585_2090","With_Intervention","Grazer-Mixed",1,330532,330532,81.8328436503807,81.8328436503807
"Conservancy","Conservancy_26","Otjituuo","SSP585_2090","Without_Intervention","Browser-Mixed",1,303439,303439,-12.5879749414854,-12.5879749414854
"Conservancy","Conservancy_26","Otjituuo","SSP585_2090","Without_Intervention","Grazer",2,32969,32969,-13.3000274551103,-13.3000274551103
"Conservancy","Conservancy_26","Otjituuo","SSP585_2090","Without_Intervention","Grazer-Mixed",1,158108,158108,-13.0214834857081,-13.0214834857081
"Conservancy","Conservancy_27","Ozonahi","Current","Current","Browser-Mixed",1,180802,180802,0,0
"Conservancy","Conservancy_27","Ozonahi","Current","Current","Grazer",2,20715,20715,0,0
"Conservancy","Conservancy_27","Ozonahi","Current","Current","Grazer-Mixed",1,97511,97511,0,0
"Conservancy","Conservancy_27","Ozonahi","SSP245_2050","With_Intervention","Browser-Mixed",1,151405,151405,-16.2589894746298,-16.2589894746298
"Conservancy","Conservancy_27","Ozonahi","SSP245_2050","With_Intervention","Grazer",2,52383,52383,169.276847251282,169.276847251282
"Conservancy","Conservancy_27","Ozonahi","SSP245_2050","With_Intervention","Grazer-Mixed",1,189559,189559,94.3982631184144,94.3982631184144
"Conservancy","Conservancy_27","Ozonahi","SSP245_2050","Without_Intervention","Browser-Mixed",1,173628,173628,-3.96770046216043,-3.96770046216043
"Conservancy","Conservancy_27","Ozonahi","SSP245_2050","Without_Intervention","Grazer",2,19133,19133,-7.9960418330682,-7.9960418330682
"Conservancy","Conservancy_27","Ozonahi","SSP245_2050","Without_Intervention","Grazer-Mixed",1,91295,91295,-6.37410874629727,-6.37410874629727
"Conservancy","Conservancy_27","Ozonahi","SSP245_2090","With_Intervention","Browser-Mixed",1,145807,145807,-19.3554104019015,-19.3554104019015
"Conservancy","Conservancy_27","Ozonahi","SSP245_2090","With_Intervention","Grazer",2,50396,50396,159.051711371473,159.051711371473
"Conservancy","Conservancy_27","Ozonahi","SSP245_2090","With_Intervention","Grazer-Mixed",1,182394,182394,87.0501304812438,87.0501304812438
"Conservancy","Conservancy_27","Ozonahi","SSP245_2090","Without_Intervention","Browser-Mixed",1,167251,167251,-7.49483520340159,-7.49483520340159
"Conservancy","Conservancy_27","Ozonahi","SSP245_2090","Without_Intervention","Grazer",2,18311,18311,-12.009145590497,-12.009145590497
"Conservancy","Conservancy_27","Ozonahi","SSP245_2090","Without_Intervention","Grazer-Mixed",1,87573,87573,-10.190955723797,-10.190955723797
"Conservancy","Conservancy_27","Ozonahi","SSP585_2050","With_Intervention","Browser-Mixed",1,146352,146352,-19.0537842545887,-19.0537842545887
"Conservancy","Conservancy_27","Ozonahi","SSP585_2050","With_Intervention","Grazer",2,50635,50635,160.289956752329,160.289956752329
"Conservancy","Conservancy_27","Ozonahi","SSP585_2050","With_Intervention","Grazer-Mixed",1,183233,183233,87.9103796497086,87.9103796497086
"Conservancy","Conservancy_27","Ozonahi","SSP585_2050","Without_Intervention","Browser-Mixed",1,167834,167834,-7.17263924759269,-7.17263924759269
"Conservancy","Conservancy_27","Ozonahi","SSP585_2050","Without_Intervention","Grazer",2,18495,18495,-11.067571240346,-11.067571240346
"Conservancy","Conservancy_27","Ozonahi","SSP585_2050","Without_Intervention","Grazer-Mixed",1,88248,88248,-9.49935187714123,-9.49935187714123
"Conservancy","Conservancy_27","Ozonahi","SSP585_2090","With_Intervention","Browser-Mixed",1,137365,137365,-24.0246980137,-24.0246980137
"Conservancy","Conservancy_27","Ozonahi","SSP585_2090","With_Intervention","Grazer",2,47478,47478,144.052579993602,144.052579993602
"Conservancy","Conservancy_27","Ozonahi","SSP585_2090","With_Intervention","Grazer-Mixed",1,171833,171833,76.2199194561594,76.2199194561594
"Conservancy","Conservancy_27","Ozonahi","SSP585_2090","Without_Intervention","Browser-Mixed",1,157567,157567,-12.8508412364853,-12.8508412364853
"Conservancy","Conservancy_27","Ozonahi","SSP585_2090","Without_Intervention","Grazer",2,17251,17251,-17.1039814624078,-17.1039814624078
"Conservancy","Conservancy_27","Ozonahi","SSP585_2090","Without_Intervention","Grazer-Mixed",1,82503,82503,-15.3909806841091,-15.3909806841091
"Conservancy","Conservancy_28","N#a Jaqna","Current","Current","Browser-Mixed",1,515508,515508,0,0
"Conservancy","Conservancy_28","N#a Jaqna","Current","Current","Grazer",2,58151,58151,0,0
"Conservancy","Conservancy_28","N#a Jaqna","Current","Current","Grazer-Mixed",1,275329,275329,0,0
"Conservancy","Conservancy_28","N#a Jaqna","SSP245_2050","With_Intervention","Browser-Mixed",1,432837,432837,-16.0369013358599,-16.0369013358599
"Conservancy","Conservancy_28","N#a Jaqna","SSP245_2050","With_Intervention","Grazer",2,150278,150278,175.631767150241,175.631767150241
"Conservancy","Conservancy_28","N#a Jaqna","SSP245_2050","With_Intervention","Grazer-Mixed",1,543547,543547,97.4172060728421,97.4172060728421
"Conservancy","Conservancy_28","N#a Jaqna","SSP245_2050","Without_Intervention","Browser-Mixed",1,496902,496902,-3.60941116201963,-3.60941116201963
"Conservancy","Conservancy_28","N#a Jaqna","SSP245_2050","Without_Intervention","Grazer",2,54402,54402,-6.74975541525208,-6.74975541525208
"Conservancy","Conservancy_28","N#a Jaqna","SSP245_2050","Without_Intervention","Grazer-Mixed",1,260211,260211,-5.49084119187606,-5.49084119187606
"Conservancy","Conservancy_28","N#a Jaqna","SSP245_2090","With_Intervention","Browser-Mixed",1,419037,419037,-18.713913229174,-18.713913229174
"Conservancy","Conservancy_28","N#a Jaqna","SSP245_2090","With_Intervention","Grazer",2,145452,145452,166.776993152754,166.776993152754
"Conservancy","Conservancy_28","N#a Jaqna","SSP245_2090","With_Intervention","Grazer-Mixed",1,526104,526104,91.0821025879288,91.0821025879288
"Conservancy","Conservancy_28","N#a Jaqna","SSP245_2090","Without_Intervention","Browser-Mixed",1,481160,481160,-6.66294845697221,-6.66294845697221
"Conservancy","Conservancy_28","N#a Jaqna","SSP245_2090","Without_Intervention","Grazer",2,52494,52494,-10.0535763806517,-10.0535763806517
"Conservancy","Conservancy_28","N#a Jaqna","SSP245_2090","Without_Intervention","Grazer-Mixed",1,251391,251391,-8.69443340200052,-8.69443340200052
"Conservancy","Conservancy_28","N#a Jaqna","SSP585_2050","With_Intervention","Browser-Mixed",1,418282,418282,-18.8603303998681,-18.8603303998681
"Conservancy","Conservancy_28","N#a Jaqna","SSP585_2050","With_Intervention","Grazer",2,145224,145224,166.363176056281,166.363176056281
"Conservancy","Conservancy_28","N#a Jaqna","SSP585_2050","With_Intervention","Grazer-Mixed",1,525269,525269,90.7787002101328,90.7787002101328
"Conservancy","Conservancy_28","N#a Jaqna","SSP585_2050","Without_Intervention","Browser-Mixed",1,480192,480192,-6.85073603754082,-6.85073603754082
"Conservancy","Conservancy_28","N#a Jaqna","SSP585_2050","Without_Intervention","Grazer",2,52572,52572,-9.88544005075904,-9.88544005075904
"Conservancy","Conservancy_28","N#a Jaqna","SSP585_2050","Without_Intervention","Grazer-Mixed",1,251461,251461,-8.66887932991426,-8.66887932991426
"Conservancy","Conservancy_28","N#a Jaqna","SSP585_2090","With_Intervention","Browser-Mixed",1,394699,394699,-23.4350719645862,-23.4350719645862
"Conservancy","Conservancy_28","N#a Jaqna","SSP585_2090","With_Intervention","Grazer",2,137004,137004,151.282846759722,151.282846759722
"Conservancy","Conservancy_28","N#a Jaqna","SSP585_2090","With_Intervention","Grazer-Mixed",1,495548,495548,79.9841789817053,79.9841789817053
"Conservancy","Conservancy_28","N#a Jaqna","SSP585_2090","Without_Intervention","Browser-Mixed",1,453214,453214,-12.0839911218072,-12.0839911218072
"Conservancy","Conservancy_28","N#a Jaqna","SSP585_2090","Without_Intervention","Grazer",2,49445,49445,-15.2779048133121,-15.2779048133121
"Conservancy","Conservancy_28","N#a Jaqna","SSP585_2090","Without_Intervention","Grazer-Mixed",1,236789,236789,-13.9976194431971,-13.9976194431971
"Conservancy","Conservancy_29","!Han /Awab","Current","Current","Browser-Mixed",1,75020,75020,0,0
"Conservancy","Conservancy_29","!Han /Awab","Current","Current","Grazer",2,30548,30548,0,0
"Conservancy","Conservancy_29","!Han /Awab","Current","Current","Grazer-Mixed",1,107355,107355,0,0
"Conservancy","Conservancy_29","!Han /Awab","SSP245_2050","With_Intervention","Browser-Mixed",1,73689,73689,-1.77354592015986,-1.77354592015986
"Conservancy","Conservancy_29","!Han /Awab","SSP245_2050","With_Intervention","Grazer",2,31940,31940,4.8009000535746,4.8009000535746
"Conservancy","Conservancy_29","!Han /Awab","SSP245_2050","With_Intervention","Grazer-Mixed",1,111627,111627,3.97959967271887,3.97959967271887
"Conservancy","Conservancy_29","!Han /Awab","SSP245_2050","Without_Intervention","Browser-Mixed",1,70094,70094,-6.56569288920054,-6.56569288920054
"Conservancy","Conservancy_29","!Han /Awab","SSP245_2050","Without_Intervention","Grazer",2,30051,30051,-1.49558558324387,-1.49558558324387
"Conservancy","Conservancy_29","!Han /Awab","SSP245_2050","Without_Intervention","Grazer-Mixed",1,104977,104977,-2.21455340152595,-2.21455340152595
"Conservancy","Conservancy_29","!Han /Awab","SSP245_2090","With_Intervention","Browser-Mixed",1,70921,70921,-5.46370114141154,-5.46370114141154
"Conservancy","Conservancy_29","!Han /Awab","SSP245_2090","With_Intervention","Grazer",2,30847,30847,1.21780933883441,1.21780933883441
"Conservancy","Conservancy_29","!Han /Awab","SSP245_2090","With_Intervention","Grazer-Mixed",1,107754,107754,0.371383100307336,0.371383100307336
"Conservancy","Conservancy_29","!Han /Awab","SSP245_2090","Without_Intervention","Browser-Mixed",1,67366,67366,-10.201649675627,-10.201649675627
"Conservancy","Conservancy_29","!Han /Awab","SSP245_2090","Without_Intervention","Grazer",2,29027,29027,-4.84775177290759,-4.84775177290759
"Conservancy","Conservancy_29","!Han /Awab","SSP245_2090","Without_Intervention","Grazer-Mixed",1,101326,101326,-5.61546492053588,-5.61546492053588
"Conservancy","Conservancy_29","!Han /Awab","SSP585_2050","With_Intervention","Browser-Mixed",1,70698,70698,-5.76085604435082,-5.76085604435082
"Conservancy","Conservancy_29","!Han /Awab","SSP585_2050","With_Intervention","Grazer",2,30643,30643,0.546531579675915,0.546531579675915
"Conservancy","Conservancy_29","!Han /Awab","SSP585_2050","With_Intervention","Grazer-Mixed",1,107096,107096,-0.241511130856175,-0.241511130856175
"Conservancy","Conservancy_29","!Han /Awab","SSP585_2050","Without_Intervention","Browser-Mixed",1,67247,67247,-10.3605426089536,-10.3605426089536
"Conservancy","Conservancy_29","!Han /Awab","SSP585_2050","Without_Intervention","Grazer",2,28830,28830,-5.49690844192394,-5.49690844192394
"Conservancy","Conservancy_29","!Han /Awab","SSP585_2050","Without_Intervention","Grazer-Mixed",1,100713,100713,-6.18675213358878,-6.18675213358878
"Conservancy","Conservancy_29","!Han /Awab","SSP585_2090","With_Intervention","Browser-Mixed",1,63733,63733,-15.0445810262621,-15.0445810262621
"Conservancy","Conservancy_29","!Han /Awab","SSP585_2090","With_Intervention","Grazer",2,27722,27722,-9.03548167717897,-9.03548167717897
"Conservancy","Conservancy_29","!Han /Awab","SSP585_2090","With_Intervention","Grazer-Mixed",1,96838,96838,-9.79610726500778,-9.79610726500778
"Conservancy","Conservancy_29","!Han /Awab","SSP585_2090","Without_Intervention","Browser-Mixed",1,60548,60548,-19.2907146896174,-19.2907146896174
"Conservancy","Conservancy_29","!Han /Awab","SSP585_2090","Without_Intervention","Grazer",2,26090,26090,-14.4718068756313,-14.4718068756313
"Conservancy","Conservancy_29","!Han /Awab","SSP585_2090","Without_Intervention","Grazer-Mixed",1,91078,91078,-15.1618352639818,-15.1618352639818
"Conservancy","Conservancy_3","Otjitanda","Current","Current","Browser-Mixed",1,57159,57159,0,0
"Conservancy","Conservancy_3","Otjitanda","Current","Current","Grazer",2,7220,7220,0,0
"Conservancy","Conservancy_3","Otjitanda","Current","Current","Grazer-Mixed",1,32571,32571,0,0
"Conservancy","Conservancy_3","Otjitanda","SSP245_2050","With_Intervention","Browser-Mixed",1,54769,54769,-4.18041136564607,-4.18041136564607
"Conservancy","Conservancy_3","Otjitanda","SSP245_2050","With_Intervention","Grazer",2,16559,16559,142.261651087958,142.261651087958
"Conservancy","Conservancy_3","Otjitanda","SSP245_2050","With_Intervention","Grazer-Mixed",1,61049,61049,87.432111252833,87.432111252833
"Conservancy","Conservancy_3","Otjitanda","SSP245_2050","Without_Intervention","Browser-Mixed",1,57893,57893,1.28458588730927,1.28458588730927
"Conservancy","Conservancy_3","Otjitanda","SSP245_2050","Without_Intervention","Grazer",2,6827,6827,-5.96535451169327,-5.96535451169327
"Conservancy","Conservancy_3","Otjitanda","SSP245_2050","Without_Intervention","Grazer-Mixed",1,31544,31544,-3.15456503190814,-3.15456503190814
"Conservancy","Conservancy_3","Otjitanda","SSP245_2090","With_Intervention","Browser-Mixed",1,52004,52004,-9.01841493179233,-9.01841493179233
"Conservancy","Conservancy_3","Otjitanda","SSP245_2090","With_Intervention","Grazer",2,15677,15677,129.336646139313,129.336646139313
"Conservancy","Conservancy_3","Otjitanda","SSP245_2090","With_Intervention","Grazer-Mixed",1,57829,57829,77.5475786427789,77.5475786427789
"Conservancy","Conservancy_3","Otjitanda","SSP245_2090","Without_Intervention","Browser-Mixed",1,55051,55051,-3.68695371049659,-3.68695371049659
"Conservancy","Conservancy_3","Otjitanda","SSP245_2090","Without_Intervention","Grazer",2,6421,6421,-11.639862451948,-11.639862451948
"Conservancy","Conservancy_3","Otjitanda","SSP245_2090","Without_Intervention","Grazer-Mixed",1,29785,29785,-8.5525759291723,-8.5525759291723
"Conservancy","Conservancy_3","Otjitanda","SSP585_2050","With_Intervention","Browser-Mixed",1,53474,53474,-6.44587028475974,-6.44587028475974
"Conservancy","Conservancy_3","Otjitanda","SSP585_2050","With_Intervention","Grazer",2,16173,16173,136.604557005506,136.604557005506
"Conservancy","Conservancy_3","Otjitanda","SSP585_2050","With_Intervention","Grazer-Mixed",1,59619,59619,83.0426191852114,83.0426191852114
"Conservancy","Conservancy_3","Otjitanda","SSP585_2050","Without_Intervention","Browser-Mixed",1,56502,56502,-1.14809295105617,-1.14809295105617
"Conservancy","Conservancy_3","Otjitanda","SSP585_2050","Without_Intervention","Grazer",2,6663,6663,-8.23497102052611,-8.23497102052611
"Conservancy","Conservancy_3","Otjitanda","SSP585_2050","Without_Intervention","Grazer-Mixed",1,30782,30782,-5.49140812360826,-5.49140812360826
"Conservancy","Conservancy_3","Otjitanda","SSP585_2090","With_Intervention","Browser-Mixed",1,50227,50227,-12.126567975307,-12.126567975307
"Conservancy","Conservancy_3","Otjitanda","SSP585_2090","With_Intervention","Grazer",2,15142,15142,121.508835285008,121.508835285008
"Conservancy","Conservancy_3","Otjitanda","SSP585_2090","With_Intervention","Grazer-Mixed",1,55855,55855,71.4859866777965,71.4859866777965
"Conservancy","Conservancy_3","Otjitanda","SSP585_2090","Without_Intervention","Browser-Mixed",1,53166,53166,-6.98576201350414,-6.98576201350414
"Conservancy","Conservancy_3","Otjitanda","SSP585_2090","Without_Intervention","Grazer",2,6202,6202,-14.6554077445832,-14.6554077445832
"Conservancy","Conservancy_3","Otjitanda","SSP585_2090","Without_Intervention","Grazer-Mixed",1,28767,28767,-11.6787132274751,-11.6787132274751
"Conservancy","Conservancy_30","!Khob !naub","Current","Current","Browser-Mixed",1,47668,47668,0,0
"Conservancy","Conservancy_30","!Khob !naub","Current","Current","Grazer",2,14437,14437,0,0
"Conservancy","Conservancy_30","!Khob !naub","Current","Current","Grazer-Mixed",1,49685,49685,0,0
"Conservancy","Conservancy_30","!Khob !naub","SSP245_2050","With_Intervention","Browser-Mixed",1,54596,54596,14.5347129007979,14.5347129007979
"Conservancy","Conservancy_30","!Khob !naub","SSP245_2050","With_Intervention","Grazer",2,21364,21364,51.5945084162358,51.5945084162358
"Conservancy","Conservancy_30","!Khob !naub","SSP245_2050","With_Intervention","Grazer-Mixed",1,73019,73019,46.9652621850495,46.9652621850495
"Conservancy","Conservancy_30","!Khob !naub","SSP245_2050","Without_Intervention","Browser-Mixed",1,33148,33148,-30.4608042983893,-30.4608042983893
"Conservancy","Conservancy_30","!Khob !naub","SSP245_2050","Without_Intervention","Grazer",2,10812,10812,-26.0935172788236,-26.0935172788236
"Conservancy","Conservancy_30","!Khob !naub","SSP245_2050","Without_Intervention","Grazer-Mixed",1,35572,35572,-28.4044648871451,-28.4044648871451
"Conservancy","Conservancy_30","!Khob !naub","SSP245_2090","With_Intervention","Browser-Mixed",1,51240,51240,7.4943783383703,7.4943783383703
"Conservancy","Conservancy_30","!Khob !naub","SSP245_2090","With_Intervention","Grazer",2,20219,20219,43.3700015432321,43.3700015432321
"Conservancy","Conservancy_30","!Khob !naub","SSP245_2090","With_Intervention","Grazer-Mixed",1,68892,68892,38.6589221954674,38.6589221954674
"Conservancy","Conservancy_30","!Khob !naub","SSP245_2090","Without_Intervention","Browser-Mixed",1,30031,30031,-36.9998329190867,-36.9998329190867
"Conservancy","Conservancy_30","!Khob !naub","SSP245_2090","Without_Intervention","Grazer",2,9940,9940,-32.3027705077127,-32.3027705077127
"Conservancy","Conservancy_30","!Khob !naub","SSP245_2090","Without_Intervention","Grazer-Mixed",1,32342,32342,-34.9062155753366,-34.9062155753366
"Conservancy","Conservancy_30","!Khob !naub","SSP585_2050","With_Intervention","Browser-Mixed",1,52901,52901,10.9789206919266,10.9789206919266
"Conservancy","Conservancy_30","!Khob !naub","SSP585_2050","With_Intervention","Grazer",2,20701,20701,46.8918631855416,46.8918631855416
"Conservancy","Conservancy_30","!Khob !naub","SSP585_2050","With_Intervention","Grazer-Mixed",1,70754,70754,42.4061525027232,42.4061525027232
"Conservancy","Conservancy_30","!Khob !naub","SSP585_2050","Without_Intervention","Browser-Mixed",1,32121,32121,-32.6145627506401,-32.6145627506401
"Conservancy","Conservancy_30","!Khob !naub","SSP585_2050","Without_Intervention","Grazer",2,10478,10478,-28.374831209895,-28.374831209895
"Conservancy","Conservancy_30","!Khob !naub","SSP585_2050","Without_Intervention","Grazer-Mixed",1,34474,34474,-30.6145794847087,-30.6145794847087
"Conservancy","Conservancy_30","!Khob !naub","SSP585_2090","With_Intervention","Browser-Mixed",1,46726,46726,-1.97556298625953,-1.97556298625953
"Conservancy","Conservancy_30","!Khob !naub","SSP585_2090","With_Intervention","Grazer",2,18438,18438,30.7398730336834,30.7398730336834
"Conservancy","Conservancy_30","!Khob !naub","SSP585_2090","With_Intervention","Grazer-Mixed",1,62823,62823,26.4437628868077,26.4437628868077
"Conservancy","Conservancy_30","!Khob !naub","SSP585_2090","Without_Intervention","Browser-Mixed",1,27386,27386,-42.5488592884051,-42.5488592884051
"Conservancy","Conservancy_30","!Khob !naub","SSP585_2090","Without_Intervention","Grazer",2,9065,9065,-38.2639177614591,-38.2639177614591
"Conservancy","Conservancy_30","!Khob !naub","SSP585_2090","Without_Intervention","Grazer-Mixed",1,29494,29494,-40.6382111204487,-40.6382111204487
"Conservancy","Conservancy_31","Anabeb","Current","Current","Browser-Mixed",1,33741,33741,0,0
"Conservancy","Conservancy_31","Anabeb","Current","Current","Grazer",2,4835,4835,0,0
"Conservancy","Conservancy_31","Anabeb","Current","Current","Grazer-Mixed",1,19227,19227,0,0
"Conservancy","Conservancy_31","Anabeb","SSP245_2050","With_Intervention","Browser-Mixed",1,41403,41403,22.7081629264172,22.7081629264172
"Conservancy","Conservancy_31","Anabeb","SSP245_2050","With_Intervention","Grazer",2,11816,11816,168.123316656085,168.123316656085
"Conservancy","Conservancy_31","Anabeb","SSP245_2050","With_Intervention","Grazer-Mixed",1,42643,42643,121.786129565337,121.786129565337
"Conservancy","Conservancy_31","Anabeb","SSP245_2050","Without_Intervention","Browser-Mixed",1,32095,32095,-4.87821274108461,-4.87821274108461
"Conservancy","Conservancy_31","Anabeb","SSP245_2050","Without_Intervention","Grazer",2,4402,4402,-9.97356275263144,-9.97356275263144
"Conservancy","Conservancy_31","Anabeb","SSP245_2050","Without_Intervention","Grazer-Mixed",1,17596,17596,-8.48162727205437,-8.48162727205437
"Conservancy","Conservancy_31","Anabeb","SSP245_2090","With_Intervention","Browser-Mixed",1,39233,39233,16.2759193835971,16.2759193835971
"Conservancy","Conservancy_31","Anabeb","SSP245_2090","With_Intervention","Grazer",2,11178,11178,153.580023095065,153.580023095065
"Conservancy","Conservancy_31","Anabeb","SSP245_2090","With_Intervention","Grazer-Mixed",1,40341,40341,109.815000712838,109.815000712838
"Conservancy","Conservancy_31","Anabeb","SSP245_2090","Without_Intervention","Browser-Mixed",1,30389,30389,-9.93586626553712,-9.93586626553712
"Conservancy","Conservancy_31","Anabeb","SSP245_2090","Without_Intervention","Grazer",2,4130,4130,-15.7148488182324,-15.7148488182324
"Conservancy","Conservancy_31","Anabeb","SSP245_2090","Without_Intervention","Grazer-Mixed",1,16533,16533,-14.0099039309563,-14.0099039309563
"Conservancy","Conservancy_31","Anabeb","SSP585_2050","With_Intervention","Browser-Mixed",1,40068,40068,18.7516773672936,18.7516773672936
"Conservancy","Conservancy_31","Anabeb","SSP585_2050","With_Intervention","Grazer",2,11441,11441,159.602748499423,159.602748499423
"Conservancy","Conservancy_31","Anabeb","SSP585_2050","With_Intervention","Grazer-Mixed",1,41282,41282,114.710672285552,114.710672285552
"Conservancy","Conservancy_31","Anabeb","SSP585_2050","Without_Intervention","Browser-Mixed",1,31040,31040,-8.0073967470796,-8.0073967470796
"Conservancy","Conservancy_31","Anabeb","SSP585_2050","Without_Intervention","Grazer",2,4260,4260,-12.892857875764,-12.892857875764
"Conservancy","Conservancy_31","Anabeb","SSP585_2050","Without_Intervention","Grazer-Mixed",1,17020,17020,-11.4769269548279,-11.4769269548279
"Conservancy","Conservancy_31","Anabeb","SSP585_2090","With_Intervention","Browser-Mixed",1,36799,36799,9.06263208202291,9.06263208202291
"Conservancy","Conservancy_31","Anabeb","SSP585_2090","With_Intervention","Grazer",2,10489,10489,137.942324308567,137.942324308567
"Conservancy","Conservancy_31","Anabeb","SSP585_2090","With_Intervention","Grazer-Mixed",1,37849,37849,96.8549206204882,96.8549206204882
"Conservancy","Conservancy_31","Anabeb","SSP585_2090","Without_Intervention","Browser-Mixed",1,28485,28485,-15.5770652577086,-15.5770652577086
"Conservancy","Conservancy_31","Anabeb","SSP585_2090","Without_Intervention","Grazer",2,3873,3873,-20.9840612794957,-20.9840612794957
"Conservancy","Conservancy_31","Anabeb","SSP585_2090","Without_Intervention","Grazer-Mixed",1,15497,15497,-19.4002178624042,-19.4002178624042
"Conservancy","Conservancy_32","Ozondundu","Current","Current","Browser-Mixed",1,41899,41899,0,0
"Conservancy","Conservancy_32","Ozondundu","Current","Current","Grazer",2,4555,4555,0,0
"Conservancy","Conservancy_32","Ozondundu","Current","Current","Grazer-Mixed",1,21831,21831,0,0
"Conservancy","Conservancy_32","Ozondundu","SSP245_2050","With_Intervention","Browser-Mixed",1,38104,38104,-9.05864642410509,-9.05864642410509
"Conservancy","Conservancy_32","Ozondundu","SSP245_2050","With_Intervention","Grazer",2,8167,8167,88.5648992492691,88.5648992492691
"Conservancy","Conservancy_32","Ozondundu","SSP245_2050","With_Intervention","Grazer-Mixed",1,32255,32255,47.7488100578701,47.7488100578701
"Conservancy","Conservancy_32","Ozondundu","SSP245_2050","Without_Intervention","Browser-Mixed",1,40613,40613,-3.07058474350613,-3.07058474350613
"Conservancy","Conservancy_32","Ozondundu","SSP245_2050","Without_Intervention","Grazer",2,4413,4413,-3.09998680715119,-3.09998680715119
"Conservancy","Conservancy_32","Ozondundu","SSP245_2050","Without_Intervention","Grazer-Mixed",1,21161,21161,-3.06824397138501,-3.06824397138501
"Conservancy","Conservancy_32","Ozondundu","SSP245_2090","With_Intervention","Browser-Mixed",1,36156,36156,-13.7080216534892,-13.7080216534892
"Conservancy","Conservancy_32","Ozondundu","SSP245_2090","With_Intervention","Grazer",2,7754,7754,79.0463794178184,79.0463794178184
"Conservancy","Conservancy_32","Ozondundu","SSP245_2090","With_Intervention","Grazer-Mixed",1,30622,30622,40.268166937918,40.268166937918
"Conservancy","Conservancy_32","Ozondundu","SSP245_2090","Without_Intervention","Browser-Mixed",1,38540,38540,-8.0184299873248,-8.0184299873248
"Conservancy","Conservancy_32","Ozondundu","SSP245_2090","Without_Intervention","Grazer",2,4187,4187,-8.04954570871767,-8.04954570871767
"Conservancy","Conservancy_32","Ozondundu","SSP245_2090","Without_Intervention","Grazer-Mixed",1,20081,20081,-8.01595278660703,-8.01595278660703
"Conservancy","Conservancy_32","Ozondundu","SSP585_2050","With_Intervention","Browser-Mixed",1,36666,36666,-12.4898449009167,-12.4898449009167
"Conservancy","Conservancy_32","Ozondundu","SSP585_2050","With_Intervention","Grazer",2,7859,7859,81.4482002439304,81.4482002439304
"Conservancy","Conservancy_32","Ozondundu","SSP585_2050","With_Intervention","Grazer-Mixed",1,31038,31038,42.173007663795,42.173007663795
"Conservancy","Conservancy_32","Ozondundu","SSP585_2050","Without_Intervention","Browser-Mixed",1,39081,39081,-6.72784546402532,-6.72784546402532
"Conservancy","Conservancy_32","Ozondundu","SSP585_2050","Without_Intervention","Grazer",2,4246,4246,-6.75613865776583,-6.75613865776583
"Conservancy","Conservancy_32","Ozondundu","SSP585_2050","Without_Intervention","Grazer-Mixed",1,20363,20363,-6.7255929718219,-6.7255929718219
"Conservancy","Conservancy_32","Ozondundu","SSP585_2090","With_Intervention","Browser-Mixed",1,33850,33850,-19.2114526184479,-19.2114526184479
"Conservancy","Conservancy_32","Ozondundu","SSP585_2090","With_Intervention","Grazer",2,7259,7259,67.6136384428964,67.6136384428964
"Conservancy","Conservancy_32","Ozondundu","SSP585_2090","With_Intervention","Grazer-Mixed",1,28668,28668,31.3143197486291,31.3143197486291
"Conservancy","Conservancy_32","Ozondundu","SSP585_2090","Without_Intervention","Browser-Mixed",1,36081,36081,-13.8855669097276,-13.8855669097276
"Conservancy","Conservancy_32","Ozondundu","SSP585_2090","Without_Intervention","Grazer",2,3920,3920,-13.9146978835474,-13.9146978835474
"Conservancy","Conservancy_32","Ozondundu","SSP585_2090","Without_Intervention","Grazer-Mixed",1,18800,18800,-13.8832477197482,-13.8832477197482
"Conservancy","Conservancy_33","Sesfontein","Current","Current","Browser-Mixed",1,20203,20203,0,0
"Conservancy","Conservancy_33","Sesfontein","Current","Current","Grazer",2,3498,3498,0,0
"Conservancy","Conservancy_33","Sesfontein","Current","Current","Grazer-Mixed",1,10283,10283,0,0
"Conservancy","Conservancy_33","Sesfontein","SSP245_2050","With_Intervention","Browser-Mixed",1,43964,43964,117.613196307811,117.613196307811
"Conservancy","Conservancy_33","Sesfontein","SSP245_2050","With_Intervention","Grazer",2,15709,15709,517.842151025442,517.842151025442
"Conservancy","Conservancy_33","Sesfontein","SSP245_2050","With_Intervention","Grazer-Mixed",1,53312,53312,418.472503887546,418.472503887546
"Conservancy","Conservancy_33","Sesfontein","SSP245_2050","Without_Intervention","Browser-Mixed",1,19649,19649,-2.74040054916565,-2.74040054916565
"Conservancy","Conservancy_33","Sesfontein","SSP245_2050","Without_Intervention","Grazer",2,3453,3453,-2.41418949356189,-2.41418949356189
"Conservancy","Conservancy_33","Sesfontein","SSP245_2050","Without_Intervention","Grazer-Mixed",1,9948,9948,-3.25704236925258,-3.25704236925258
"Conservancy","Conservancy_33","Sesfontein","SSP245_2090","With_Intervention","Browser-Mixed",1,41632,41632,106.068569425072,106.068569425072
"Conservancy","Conservancy_33","Sesfontein","SSP245_2090","With_Intervention","Grazer",2,14892,14892,485.670303092026,485.670303092026
"Conservancy","Conservancy_33","Sesfontein","SSP245_2090","With_Intervention","Grazer-Mixed",1,50522,50522,391.339830205608,391.339830205608
"Conservancy","Conservancy_33","Sesfontein","SSP245_2090","Without_Intervention","Browser-Mixed",1,18524,18524,-8.30857887231226,-8.30857887231226
"Conservancy","Conservancy_33","Sesfontein","SSP245_2090","Without_Intervention","Grazer",2,3266,3266,-7.8525471831271,-7.8525471831271
"Conservancy","Conservancy_33","Sesfontein","SSP245_2090","Without_Intervention","Grazer-Mixed",1,9376,9376,-8.81861880302858,-8.81861880302858
"Conservancy","Conservancy_33","Sesfontein","SSP585_2050","With_Intervention","Browser-Mixed",1,42695,42695,111.333196077946,111.333196077946
"Conservancy","Conservancy_33","Sesfontein","SSP585_2050","With_Intervention","Grazer",2,15262,15262,500.282155479476,500.282155479476
"Conservancy","Conservancy_33","Sesfontein","SSP585_2050","With_Intervention","Grazer-Mixed",1,51792,51792,403.685411021368,403.685411021368
"Conservancy","Conservancy_33","Sesfontein","SSP585_2050","Without_Intervention","Browser-Mixed",1,19054,19054,-5.6876989597588,-5.6876989597588
"Conservancy","Conservancy_33","Sesfontein","SSP585_2050","Without_Intervention","Grazer",2,3352,3352,-5.32468756955293,-5.32468756955293
"Conservancy","Conservancy_33","Sesfontein","SSP585_2050","Without_Intervention","Grazer-Mixed",1,9645,9645,-6.19590823258444,-6.19590823258444
"Conservancy","Conservancy_33","Sesfontein","SSP585_2090","With_Intervention","Browser-Mixed",1,39024,39024,93.1612757423368,93.1612757423368
"Conservancy","Conservancy_33","Sesfontein","SSP585_2090","With_Intervention","Grazer",2,13963,13963,449.110427763956,449.110427763956
"Conservancy","Conservancy_33","Sesfontein","SSP585_2090","With_Intervention","Grazer-Mixed",1,47366,47366,360.644285076515,360.644285076515
"Conservancy","Conservancy_33","Sesfontein","SSP585_2090","Without_Intervention","Browser-Mixed",1,17351,17351,-14.118273263958,-14.118273263958
"Conservancy","Conservancy_33","Sesfontein","SSP585_2090","Without_Intervention","Grazer",2,3061,3061,-13.6684616749352,-13.6684616749352
"Conservancy","Conservancy_33","Sesfontein","SSP585_2090","Without_Intervention","Grazer-Mixed",1,8781,8781,-14.5995047206555,-14.5995047206555
"Conservancy","Conservancy_34","George Mukoya","Current","Current","Browser-Mixed",1,26753,26753,0,0
"Conservancy","Conservancy_34","George Mukoya","Current","Current","Grazer",2,2807,2807,0,0
"Conservancy","Conservancy_34","George Mukoya","Current","Current","Grazer-Mixed",1,13569,13569,0,0
"Conservancy","Conservancy_34","George Mukoya","SSP245_2050","With_Intervention","Browser-Mixed",1,25271,25271,-5.5396927915959,-5.5396927915959
"Conservancy","Conservancy_34","George Mukoya","SSP245_2050","With_Intervention","Grazer",2,3825,3825,39.8818729662242,39.8818729662242
"Conservancy","Conservancy_34","George Mukoya","SSP245_2050","With_Intervention","Grazer-Mixed",1,16451,16451,21.23860442244,21.23860442244
"Conservancy","Conservancy_34","George Mukoya","SSP245_2050","Without_Intervention","Browser-Mixed",1,26036,26036,-2.6795894767875,-2.6795894767875
"Conservancy","Conservancy_34","George Mukoya","SSP245_2050","Without_Intervention","Grazer",2,2762,2762,-2.02607183798879,-2.02607183798879
"Conservancy","Conservancy_34","George Mukoya","SSP245_2050","Without_Intervention","Grazer-Mixed",1,13326,13326,-1.79243639891726,-1.79243639891726
"Conservancy","Conservancy_34","George Mukoya","SSP245_2090","With_Intervention","Browser-Mixed",1,24899,24899,-6.92947750109661,-6.92947750109661
"Conservancy","Conservancy_34","George Mukoya","SSP245_2090","With_Intervention","Grazer",2,3827,3827,39.9256591640541,39.9256591640541
"Conservancy","Conservancy_34","George Mukoya","SSP245_2090","With_Intervention","Grazer-Mixed",1,16409,16409,20.9277009248899,20.9277009248899
"Conservancy","Conservancy_34","George Mukoya","SSP245_2090","Without_Intervention","Browser-Mixed",1,25622,25622,-4.23025763626638,-4.23025763626638
"Conservancy","Conservancy_34","George Mukoya","SSP245_2090","Without_Intervention","Grazer",2,2747,2747,-2.60511988006433,-2.60511988006433
"Conservancy","Conservancy_34","George Mukoya","SSP245_2090","Without_Intervention","Grazer-Mixed",1,13216,13216,-2.60366460273418,-2.60366460273418
"Conservancy","Conservancy_34","George Mukoya","SSP585_2050","With_Intervention","Browser-Mixed",1,24857,24857,-7.08891023213156,-7.08891023213156
"Conservancy","Conservancy_34","George Mukoya","SSP585_2050","With_Intervention","Grazer",2,3769,3769,37.8297853480594,37.8297853480594
"Conservancy","Conservancy_34","George Mukoya","SSP585_2050","With_Intervention","Grazer-Mixed",1,16208,16208,19.4482418777086,19.4482418777086
"Conservancy","Conservancy_34","George Mukoya","SSP585_2050","Without_Intervention","Browser-Mixed",1,25572,25572,-4.41503906773278,-4.41503906773278
"Conservancy","Conservancy_34","George Mukoya","SSP585_2050","Without_Intervention","Grazer",2,2713,2713,-3.77328406174012,-3.77328406174012
"Conservancy","Conservancy_34","George Mukoya","SSP585_2050","Without_Intervention","Grazer-Mixed",1,13089,13089,-3.54378955456397,-3.54378955456397
"Conservancy","Conservancy_34","George Mukoya","SSP585_2090","With_Intervention","Browser-Mixed",1,23465,23465,-12.2926768772042,-12.2926768772042
"Conservancy","Conservancy_34","George Mukoya","SSP585_2090","With_Intervention","Grazer",2,3605,3605,31.8179975901223,31.8179975901223
"Conservancy","Conservancy_34","George Mukoya","SSP585_2090","With_Intervention","Grazer-Mixed",1,15459,15459,13.9224386952491,13.9224386952491
"Conservancy","Conservancy_34","George Mukoya","SSP585_2090","Without_Intervention","Browser-Mixed",1,24152,24152,-9.72208005500026,-9.72208005500026
"Conservancy","Conservancy_34","George Mukoya","SSP585_2090","Without_Intervention","Grazer",2,2589,2589,-8.19001101902549,-8.19001101902549
"Conservancy","Conservancy_34","George Mukoya","SSP585_2090","Without_Intervention","Grazer-Mixed",1,12458,12458,-8.18866785837298,-8.18866785837298
"Conservancy","Conservancy_35","Muduva Nyangana","Current","Current","Browser-Mixed",1,34282,34282,0,0
"Conservancy","Conservancy_35","Muduva Nyangana","Current","Current","Grazer",2,3876,3876,0,0
"Conservancy","Conservancy_35","Muduva Nyangana","Current","Current","Grazer-Mixed",1,18292,18292,0,0
"Conservancy","Conservancy_35","Muduva Nyangana","SSP245_2050","With_Intervention","Browser-Mixed",1,31863,31863,-7.05721375348617,-7.05721375348617
"Conservancy","Conservancy_35","Muduva Nyangana","SSP245_2050","With_Intervention","Grazer",2,4801,4801,26.7841961711809,26.7841961711809
"Conservancy","Conservancy_35","Muduva Nyangana","SSP245_2050","With_Intervention","Grazer-Mixed",1,20678,20678,13.0397122721523,13.0397122721523
"Conservancy","Conservancy_35","Muduva Nyangana","SSP245_2050","Without_Intervention","Browser-Mixed",1,33020,33020,-3.68282639730311,-3.68282639730311
"Conservancy","Conservancy_35","Muduva Nyangana","SSP245_2050","Without_Intervention","Grazer",2,3612,3612,-7.33275708333717,-7.33275708333717
"Conservancy","Conservancy_35","Muduva Nyangana","SSP245_2050","Without_Intervention","Grazer-Mixed",1,17271,17271,-5.58588338695095,-5.58588338695095
"Conservancy","Conservancy_35","Muduva Nyangana","SSP245_2090","With_Intervention","Browser-Mixed",1,31581,31581,-7.87868157346664,-7.87868157346664
"Conservancy","Conservancy_35","Muduva Nyangana","SSP245_2090","With_Intervention","Grazer",2,4815,4815,26.9930219220978,26.9930219220978
"Conservancy","Conservancy_35","Muduva Nyangana","SSP245_2090","With_Intervention","Grazer-Mixed",1,20712,20712,13.2302445135154,13.2302445135154
"Conservancy","Conservancy_35","Muduva Nyangana","SSP245_2090","Without_Intervention","Browser-Mixed",1,32437,32437,-5.38332486469409,-5.38332486469409
"Conservancy","Conservancy_35","Muduva Nyangana","SSP245_2090","Without_Intervention","Grazer",2,3535,3535,-9.39395001018853,-9.39395001018853
"Conservancy","Conservancy_35","Muduva Nyangana","SSP245_2090","Without_Intervention","Grazer-Mixed",1,16930,16930,-7.44846395270682,-7.44846395270682
"Conservancy","Conservancy_35","Muduva Nyangana","SSP585_2050","With_Intervention","Browser-Mixed",1,30873,30873,-9.94564435989574,-9.94564435989574
"Conservancy","Conservancy_35","Muduva Nyangana","SSP585_2050","With_Intervention","Grazer",2,4558,4558,20.5728800833952,20.5728800833952
"Conservancy","Conservancy_35","Muduva Nyangana","SSP585_2050","With_Intervention","Grazer-Mixed",1,19687,19687,7.62464645363448,7.62464645363448
"Conservancy","Conservancy_35","Muduva Nyangana","SSP585_2050","Without_Intervention","Browser-Mixed",1,32476,32476,-5.26812441740836,-5.26812441740836
"Conservancy","Conservancy_35","Muduva Nyangana","SSP585_2050","Without_Intervention","Grazer",2,3553,3553,-8.85803621244296,-8.85803621244296
"Conservancy","Conservancy_35","Muduva Nyangana","SSP585_2050","Without_Intervention","Grazer-Mixed",1,16986,16986,-7.13986362188013,-7.13986362188013
"Conservancy","Conservancy_35","Muduva Nyangana","SSP585_2090","With_Intervention","Browser-Mixed",1,29022,29022,-15.3442461849584,-15.3442461849584
"Conservancy","Conservancy_35","Muduva Nyangana","SSP585_2090","With_Intervention","Grazer",2,4282,4282,13.2510069026002,13.2510069026002
"Conservancy","Conservancy_35","Muduva Nyangana","SSP585_2090","With_Intervention","Grazer-Mixed",1,18506,18506,1.16686492800674,1.16686492800674
"Conservancy","Conservancy_35","Muduva Nyangana","SSP585_2090","Without_Intervention","Browser-Mixed",1,30540,30540,-10.9150625351023,-10.9150625351023
"Conservancy","Conservancy_35","Muduva Nyangana","SSP585_2090","Without_Intervention","Grazer",2,3328,3328,-14.6913711677787,-14.6913711677787
"Conservancy","Conservancy_35","Muduva Nyangana","SSP585_2090","Without_Intervention","Grazer-Mixed",1,15940,15940,-12.8595674873515,-12.8595674873515
"Conservancy","Conservancy_36","Shamungwa","Current","Current","Browser-Mixed",1,2978,2978,0,0
"Conservancy","Conservancy_36","Shamungwa","Current","Current","Grazer",2,318,318,0,0
"Conservancy","Conservancy_36","Shamungwa","Current","Current","Grazer-Mixed",1,1530,1530,0,0
"Conservancy","Conservancy_36","Shamungwa","SSP245_2050","With_Intervention","Browser-Mixed",1,2750,2750,-7.65666772145418,-7.65666772145418
"Conservancy","Conservancy_36","Shamungwa","SSP245_2050","With_Intervention","Grazer",2,475,475,54.5674479206336,54.5674479206336
"Conservancy","Conservancy_36","Shamungwa","SSP245_2050","With_Intervention","Grazer-Mixed",1,1976,1976,29.1637723135323,29.1637723135323
"Conservancy","Conservancy_36","Shamungwa","SSP245_2050","Without_Intervention","Browser-Mixed",1,2861,2861,-3.94951196650237,-3.94951196650237
"Conservancy","Conservancy_36","Shamungwa","SSP245_2050","Without_Intervention","Grazer",2,310,310,-2.91603822396273,-2.91603822396273
"Conservancy","Conservancy_36","Shamungwa","SSP245_2050","Without_Intervention","Grazer-Mixed",1,1488,1488,-2.75358079865987,-2.75358079865987
"Conservancy","Conservancy_36","Shamungwa","SSP245_2090","With_Intervention","Browser-Mixed",1,2699,2699,-9.38005695955723,-9.38005695955723
"Conservancy","Conservancy_36","Shamungwa","SSP245_2090","With_Intervention","Grazer",2,467,467,51.8628728551546,51.8628728551546
"Conservancy","Conservancy_36","Shamungwa","SSP245_2090","With_Intervention","Grazer-Mixed",1,1941,1941,26.9064555248519,26.9064555248519
"Conservancy","Conservancy_36","Shamungwa","SSP245_2090","Without_Intervention","Browser-Mixed",1,2807,2807,-5.74674501126593,-5.74674501126593
"Conservancy","Conservancy_36","Shamungwa","SSP245_2090","Without_Intervention","Grazer",2,305,305,-4.47558466976084,-4.47558466976084
"Conservancy","Conservancy_36","Shamungwa","SSP245_2090","Without_Intervention","Grazer-Mixed",1,1463,1463,-4.37512746918863,-4.37512746918863
"Conservancy","Conservancy_36","Shamungwa","SSP585_2050","With_Intervention","Browser-Mixed",1,2662,2662,-10.6295302652419,-10.6295302652419
"Conservancy","Conservancy_36","Shamungwa","SSP585_2050","With_Intervention","Grazer",2,451,451,47.1269933963407,47.1269933963407
"Conservancy","Conservancy_36","Shamungwa","SSP585_2050","With_Intervention","Grazer-Mixed",1,1880,1880,22.9084428027939,22.9084428027939
"Conservancy","Conservancy_36","Shamungwa","SSP585_2050","Without_Intervention","Browser-Mixed",1,2818,2818,-5.38971698437387,-5.38971698437387
"Conservancy","Conservancy_36","Shamungwa","SSP585_2050","Without_Intervention","Grazer",2,305,305,-4.37144516427096,-4.37144516427096
"Conservancy","Conservancy_36","Shamungwa","SSP585_2050","Without_Intervention","Grazer-Mixed",1,1465,1465,-4.21149116402829,-4.21149116402829
"Conservancy","Conservancy_36","Shamungwa","SSP585_2090","With_Intervention","Browser-Mixed",1,2496,2496,-16.1893857693512,-16.1893857693512
"Conservancy","Conservancy_36","Shamungwa","SSP585_2090","With_Intervention","Grazer",2,424,424,38.147737633092,38.147737633092
"Conservancy","Conservancy_36","Shamungwa","SSP585_2090","With_Intervention","Grazer-Mixed",1,1765,1765,15.4095573312629,15.4095573312629
"Conservancy","Conservancy_36","Shamungwa","SSP585_2090","Without_Intervention","Browser-Mixed",1,2642,2642,-11.2817698481379,-11.2817698481379
"Conservancy","Conservancy_36","Shamungwa","SSP585_2090","Without_Intervention","Grazer",2,287,287,-10.0852584305636,-10.0852584305636
"Conservancy","Conservancy_36","Shamungwa","SSP585_2090","Without_Intervention","Grazer-Mixed",1,1377,1377,-9.9907005816931,-9.9907005816931
"Conservancy","Conservancy_37","King Nehale","Current","Current","Browser-Mixed",1,24900,24900,0,0
"Conservancy","Conservancy_37","King Nehale","Current","Current","Grazer",2,6325,6325,0,0
"Conservancy","Conservancy_37","King Nehale","Current","Current","Grazer-Mixed",1,24160,24160,0,0
"Conservancy","Conservancy_37","King Nehale","SSP245_2050","With_Intervention","Browser-Mixed",1,23778,23778,-4.50514186431312,-4.50514186431312
"Conservancy","Conservancy_37","King Nehale","SSP245_2050","With_Intervention","Grazer",2,7361,7361,17.2788836962792,17.2788836962792
"Conservancy","Conservancy_37","King Nehale","SSP245_2050","With_Intervention","Grazer-Mixed",1,27056,27056,11.9868981801729,11.9868981801729
"Conservancy","Conservancy_37","King Nehale","SSP245_2050","Without_Intervention","Browser-Mixed",1,24548,24548,-1.41293491472035,-1.41293491472035
"Conservancy","Conservancy_37","King Nehale","SSP245_2050","Without_Intervention","Grazer",2,6183,6183,-2.29216790382033,-2.29216790382033
"Conservancy","Conservancy_37","King Nehale","SSP245_2050","Without_Intervention","Grazer-Mixed",1,23592,23592,-2.34970652948468,-2.34970652948468
"Conservancy","Conservancy_37","King Nehale","SSP245_2090","With_Intervention","Browser-Mixed",1,23099,23099,-7.23173110242126,-7.23173110242126
"Conservancy","Conservancy_37","King Nehale","SSP245_2090","With_Intervention","Grazer",2,7379,7379,17.6183414969092,17.6183414969092
"Conservancy","Conservancy_37","King Nehale","SSP245_2090","With_Intervention","Grazer-Mixed",1,26992,26992,11.7238831286974,11.7238831286974
"Conservancy","Conservancy_37","King Nehale","SSP245_2090","Without_Intervention","Browser-Mixed",1,23862,23862,-4.17035075181737,-4.17035075181737
"Conservancy","Conservancy_37","King Nehale","SSP245_2090","Without_Intervention","Grazer",2,6016,6016,-4.91856449670347,-4.91856449670347
"Conservancy","Conservancy_37","King Nehale","SSP245_2090","Without_Intervention","Grazer-Mixed",1,22942,22942,-5.04066263373338,-5.04066263373338
"Conservancy","Conservancy_37","King Nehale","SSP585_2050","With_Intervention","Browser-Mixed",1,22983,22983,-7.69891301654229,-7.69891301654229
"Conservancy","Conservancy_37","King Nehale","SSP585_2050","With_Intervention","Grazer",2,7439,7439,18.5696239094093,18.5696239094093
"Conservancy","Conservancy_37","King Nehale","SSP585_2050","With_Intervention","Grazer-Mixed",1,27175,27175,12.4789734619319,12.4789734619319
"Conservancy","Conservancy_37","King Nehale","SSP585_2050","Without_Intervention","Browser-Mixed",1,23680,23680,-4.89785247344065,-4.89785247344065
"Conservancy","Conservancy_37","King Nehale","SSP585_2050","Without_Intervention","Grazer",2,5964,5964,-5.75052179880059,-5.75052179880059
"Conservancy","Conservancy_37","King Nehale","SSP585_2050","Without_Intervention","Grazer-Mixed",1,22758,22758,-5.8050292950737,-5.8050292950737
"Conservancy","Conservancy_37","King Nehale","SSP585_2090","With_Intervention","Browser-Mixed",1,22131,22131,-11.1187175927245,-11.1187175927245
"Conservancy","Conservancy_37","King Nehale","SSP585_2090","With_Intervention","Grazer",2,7194,7194,14.6950006767043,14.6950006767043
"Conservancy","Conservancy_37","King Nehale","SSP585_2090","With_Intervention","Grazer-Mixed",1,26255,26255,8.67190409259223,8.67190409259223
"Conservancy","Conservancy_37","King Nehale","SSP585_2090","Without_Intervention","Browser-Mixed",1,22843,22843,-8.25907703652221,-8.25907703652221
"Conservancy","Conservancy_37","King Nehale","SSP585_2090","Without_Intervention","Grazer",2,5760,5760,-8.95906036627357,-8.95906036627357
"Conservancy","Conservancy_37","King Nehale","SSP585_2090","Without_Intervention","Grazer-Mixed",1,21966,21966,-9.07962638536945,-9.07962638536945
"Conservancy","Conservancy_38","Doro !nawas Area1","Current","Current","Browser-Mixed",1,17278,17278,0,0
"Conservancy","Conservancy_38","Doro !nawas Area1","Current","Current","Grazer",2,3678,3678,0,0
"Conservancy","Conservancy_38","Doro !nawas Area1","Current","Current","Grazer-Mixed",1,9815,9815,0,0
"Conservancy","Conservancy_38","Doro !nawas Area1","SSP245_2050","With_Intervention","Browser-Mixed",1,60392,60392,249.53036334475,249.53036334475
"Conservancy","Conservancy_38","Doro !nawas Area1","SSP245_2050","With_Intervention","Grazer",2,24554,24554,838.451794304896,838.451794304896
"Conservancy","Conservancy_38","Doro !nawas Area1","SSP245_2050","With_Intervention","Grazer-Mixed",1,83915,83915,754.933412539171,754.933412539171
"Conservancy","Conservancy_38","Doro !nawas Area1","SSP245_2050","Without_Intervention","Browser-Mixed",1,15876,15876,-8.11387047571318,-8.11387047571318
"Conservancy","Conservancy_38","Doro !nawas Area1","SSP245_2050","Without_Intervention","Grazer",2,3264,3264,-17.6253978235536,-17.6253978235536
"Conservancy","Conservancy_38","Doro !nawas Area1","SSP245_2050","Without_Intervention","Grazer-Mixed",1,8086,8086,-17.6195444385834,-17.6195444385834
"Conservancy","Conservancy_38","Doro !nawas Area1","SSP245_2090","With_Intervention","Browser-Mixed",1,57601,57601,233.372383404541,233.372383404541
"Conservancy","Conservancy_38","Doro !nawas Area1","SSP245_2090","With_Intervention","Grazer",2,23420,23420,795.060631181977,795.060631181977
"Conservancy","Conservancy_38","Doro !nawas Area1","SSP245_2090","With_Intervention","Grazer-Mixed",1,80032,80032,715.366587556257,715.366587556257
"Conservancy","Conservancy_38","Doro !nawas Area1","SSP245_2090","Without_Intervention","Browser-Mixed",1,14998,14998,-13.1946196901888,-13.1946196901888
"Conservancy","Conservancy_38","Doro !nawas Area1","SSP245_2090","Without_Intervention","Grazer",2,3069,3069,-23.2719887240899,-23.2719887240899
"Conservancy","Conservancy_38","Doro !nawas Area1","SSP245_2090","Without_Intervention","Grazer-Mixed",1,7534,7534,-23.2454901280345,-23.2454901280345
"Conservancy","Conservancy_38","Doro !nawas Area1","SSP585_2050","With_Intervention","Browser-Mixed",1,59101,59101,242.05339344778,242.05339344778
"Conservancy","Conservancy_38","Doro !nawas Area1","SSP585_2050","With_Intervention","Grazer",2,24028,24028,818.383159457855,818.383159457855
"Conservancy","Conservancy_38","Doro !nawas Area1","SSP585_2050","With_Intervention","Grazer-Mixed",1,82121,82121,736.65034165394,736.65034165394
"Conservancy","Conservancy_38","Doro !nawas Area1","SSP585_2050","Without_Intervention","Browser-Mixed",1,15536,15536,-10.0842297632881,-10.0842297632881
"Conservancy","Conservancy_38","Doro !nawas Area1","SSP585_2050","Without_Intervention","Grazer",2,3194,3194,-19.3967142113331,-19.3967142113331
"Conservancy","Conservancy_38","Doro !nawas Area1","SSP585_2050","Without_Intervention","Grazer-Mixed",1,7912,7912,-19.3905550183003,-19.3905550183003
"Conservancy","Conservancy_38","Doro !nawas Area1","SSP585_2090","With_Intervention","Browser-Mixed",1,53212,53212,207.974152943656,207.974152943656
"Conservancy","Conservancy_38","Doro !nawas Area1","SSP585_2090","With_Intervention","Grazer",2,21636,21636,726.862055404801,726.862055404801
"Conservancy","Conservancy_38","Doro !nawas Area1","SSP585_2090","With_Intervention","Grazer-Mixed",1,73934,73934,653.240593093061,653.240593093061
"Conservancy","Conservancy_38","Doro !nawas Area1","SSP585_2090","Without_Intervention","Browser-Mixed",1,13856,13856,-19.8046584498606,-19.8046584498606
"Conservancy","Conservancy_38","Doro !nawas Area1","SSP585_2090","Without_Intervention","Grazer",2,2836,2836,-29.1142571178709,-29.1142571178709
"Conservancy","Conservancy_38","Doro !nawas Area1","SSP585_2090","Without_Intervention","Grazer-Mixed",1,6960,6960,-29.0898296230866,-29.0898296230866
"Conservancy","Conservancy_39","African Wild Dog","Current","Current","Browser-Mixed",1,216500,216500,0,0
"Conservancy","Conservancy_39","African Wild Dog","Current","Current","Grazer",2,23964,23964,0,0
"Conservancy","Conservancy_39","African Wild Dog","Current","Current","Grazer-Mixed",1,114170,114170,0,0
"Conservancy","Conservancy_39","African Wild Dog","SSP245_2050","With_Intervention","Browser-Mixed",1,180358,180358,-16.6937657104025,-16.6937657104025
"Conservancy","Conservancy_39","African Wild Dog","SSP245_2050","With_Intervention","Grazer",2,62359,62359,178.208581703573,178.208581703573
"Conservancy","Conservancy_39","African Wild Dog","SSP245_2050","With_Intervention","Grazer-Mixed",1,225680,225680,97.6709341199044,97.6709341199044
"Conservancy","Conservancy_39","African Wild Dog","SSP245_2050","Without_Intervention","Browser-Mixed",1,206982,206982,-4.39633642480304,-4.39633642480304
"Conservancy","Conservancy_39","African Wild Dog","SSP245_2050","Without_Intervention","Grazer",2,22524,22524,-6.17503461395275,-6.17503461395275
"Conservancy","Conservancy_39","African Wild Dog","SSP245_2050","Without_Intervention","Grazer-Mixed",1,107956,107956,-5.44218738157884,-5.44218738157884
"Conservancy","Conservancy_39","African Wild Dog","SSP245_2090","With_Intervention","Browser-Mixed",1,173658,173658,-19.7885710578103,-19.7885710578103
"Conservancy","Conservancy_39","African Wild Dog","SSP245_2090","With_Intervention","Grazer",2,60037,60037,167.849188631172,167.849188631172
"Conservancy","Conservancy_39","African Wild Dog","SSP245_2090","With_Intervention","Grazer-Mixed",1,217280,217280,90.3134174703273,90.3134174703273
"Conservancy","Conservancy_39","African Wild Dog","SSP245_2090","Without_Intervention","Browser-Mixed",1,199306,199306,-7.94185167705599,-7.94185167705599
"Conservancy","Conservancy_39","African Wild Dog","SSP245_2090","Without_Intervention","Grazer",2,21662,21662,-9.77663138312084,-9.77663138312084
"Conservancy","Conservancy_39","African Wild Dog","SSP245_2090","Without_Intervention","Grazer-Mixed",1,103871,103871,-9.02053164472499,-9.02053164472499
"Conservancy","Conservancy_39","African Wild Dog","SSP585_2050","With_Intervention","Browser-Mixed",1,174464,174464,-19.4161568135362,-19.4161568135362
"Conservancy","Conservancy_39","African Wild Dog","SSP585_2050","With_Intervention","Grazer",2,60321,60321,169.117043517807,169.117043517807
"Conservancy","Conservancy_39","African Wild Dog","SSP585_2050","With_Intervention","Grazer-Mixed",1,218305,218305,91.2112581471668,91.2112581471668
"Conservancy","Conservancy_39","African Wild Dog","SSP585_2050","Without_Intervention","Browser-Mixed",1,200218,200218,-7.52059231788395,-7.52059231788395
"Conservancy","Conservancy_39","African Wild Dog","SSP585_2050","Without_Intervention","Grazer",2,21788,21788,-9.24114410886816,-9.24114410886816
"Conservancy","Conservancy_39","African Wild Dog","SSP585_2050","Without_Intervention","Grazer-Mixed",1,104429,104429,-8.53225398713602,-8.53225398713602
"Conservancy","Conservancy_39","African Wild Dog","SSP585_2090","With_Intervention","Browser-Mixed",1,162975,162975,-24.7229344633465,-24.7229344633465
"Conservancy","Conservancy_39","African Wild Dog","SSP585_2090","With_Intervention","Grazer",2,56344,56344,151.370618011124,151.370618011124
"Conservancy","Conservancy_39","African Wild Dog","SSP585_2090","With_Intervention","Grazer-Mixed",1,203913,203913,78.6051500556344,78.6051500556344
"Conservancy","Conservancy_39","African Wild Dog","SSP585_2090","Without_Intervention","Browser-Mixed",1,187045,187045,-13.6050701394174,-13.6050701394174
"Conservancy","Conservancy_39","African Wild Dog","SSP585_2090","Without_Intervention","Grazer",2,20330,20330,-15.326988632094,-15.326988632094
"Conservancy","Conservancy_39","African Wild Dog","SSP585_2090","Without_Intervention","Grazer-Mixed",1,97481,97481,-14.6173981896941,-14.6173981896941
"Conservancy","Conservancy_4","Orupupa","Current","Current","Browser-Mixed",1,66953,66953,0,0
"Conservancy","Conservancy_4","Orupupa","Current","Current","Grazer",2,8104,8104,0,0
"Conservancy","Conservancy_4","Orupupa","Current","Current","Grazer-Mixed",1,37361,37361,0,0
"Conservancy","Conservancy_4","Orupupa","SSP245_2050","With_Intervention","Browser-Mixed",1,62323,62323,-6.91518233625943,-6.91518233625943
"Conservancy","Conservancy_4","Orupupa","SSP245_2050","With_Intervention","Grazer",2,13511,13511,73.5514059494162,73.5514059494162
"Conservancy","Conservancy_4","Orupupa","SSP245_2050","With_Intervention","Grazer-Mixed",1,53183,53183,42.3491108253636,42.3491108253636
"Conservancy","Conservancy_4","Orupupa","SSP245_2050","Without_Intervention","Browser-Mixed",1,65885,65885,-1.59567578995324,-1.59567578995324
"Conservancy","Conservancy_4","Orupupa","SSP245_2050","Without_Intervention","Grazer",2,7547,7547,-7.32430633549326,-7.32430633549326
"Conservancy","Conservancy_4","Orupupa","SSP245_2050","Without_Intervention","Grazer-Mixed",1,35466,35466,-5.07211637427758,-5.07211637427758
"Conservancy","Conservancy_4","Orupupa","SSP245_2090","With_Intervention","Browser-Mixed",1,59737,59737,-10.7776799532304,-10.7776799532304
"Conservancy","Conservancy_4","Orupupa","SSP245_2090","With_Intervention","Grazer",2,12924,12924,66.001564465863,66.001564465863
"Conservancy","Conservancy_4","Orupupa","SSP245_2090","With_Intervention","Grazer-Mixed",1,50898,50898,36.2326377056019,36.2326377056019
"Conservancy","Conservancy_4","Orupupa","SSP245_2090","Without_Intervention","Browser-Mixed",1,63152,63152,-5.6778907031054,-5.6778907031054
"Conservancy","Conservancy_4","Orupupa","SSP245_2090","Without_Intervention","Grazer",2,7169,7169,-12.0377056765557,-12.0377056765557
"Conservancy","Conservancy_4","Orupupa","SSP245_2090","Without_Intervention","Grazer-Mixed",1,33797,33797,-9.53948942964115,-9.53948942964115
"Conservancy","Conservancy_4","Orupupa","SSP585_2050","With_Intervention","Browser-Mixed",1,60089,60089,-10.2528215086116,-10.2528215086116
"Conservancy","Conservancy_4","Orupupa","SSP585_2050","With_Intervention","Grazer",2,13027,13027,67.3357228732831,67.3357228732831
"Conservancy","Conservancy_4","Orupupa","SSP585_2050","With_Intervention","Grazer-Mixed",1,51278,51278,37.2493067204507,37.2493067204507
"Conservancy","Conservancy_4","Orupupa","SSP585_2050","Without_Intervention","Browser-Mixed",1,63522,63522,-5.12545988712899,-5.12545988712899
"Conservancy","Conservancy_4","Orupupa","SSP585_2050","Without_Intervention","Grazer",2,7277,7277,-10.6375176465548,-10.6375176465548
"Conservancy","Conservancy_4","Orupupa","SSP585_2050","Without_Intervention","Grazer-Mixed",1,34196,34196,-8.4705893371656,-8.4705893371656
"Conservancy","Conservancy_4","Orupupa","SSP585_2090","With_Intervention","Browser-Mixed",1,56407,56407,-15.751936006695,-15.751936006695
"Conservancy","Conservancy_4","Orupupa","SSP585_2090","With_Intervention","Grazer",2,12203,12203,56.7481005859966,56.7481005859966
"Conservancy","Conservancy_4","Orupupa","SSP585_2090","With_Intervention","Grazer-Mixed",1,48060,48060,28.6382854580041,28.6382854580041
"Conservancy","Conservancy_4","Orupupa","SSP585_2090","Without_Intervention","Browser-Mixed",1,59631,59631,-10.9366712251208,-10.9366712251208
"Conservancy","Conservancy_4","Orupupa","SSP585_2090","Without_Intervention","Grazer",2,6770,6770,-16.939455354444,-16.939455354444
"Conservancy","Conservancy_4","Orupupa","SSP585_2090","Without_Intervention","Grazer-Mixed",1,31913,31913,-14.5815055434766,-14.5815055434766
"Conservancy","Conservancy_40","Torra","Current","Current","Browser-Mixed",1,33254,33254,0,0
"Conservancy","Conservancy_40","Torra","Current","Current","Grazer",2,7974,7974,0,0
"Conservancy","Conservancy_40","Torra","Current","Current","Grazer-Mixed",1,24950,24950,0,0
"Conservancy","Conservancy_40","Torra","SSP245_2050","With_Intervention","Browser-Mixed",1,81902,81902,146.293056726661,146.293056726661
"Conservancy","Conservancy_40","Torra","SSP245_2050","With_Intervention","Grazer",2,32853,32853,372.571497012574,372.571497012574
"Conservancy","Conservancy_40","Torra","SSP245_2050","With_Intervention","Grazer-Mixed",1,112782,112782,352.025708461785,352.025708461785
"Conservancy","Conservancy_40","Torra","SSP245_2050","Without_Intervention","Browser-Mixed",1,27104,27104,-18.4940817183592,-18.4940817183592
"Conservancy","Conservancy_40","Torra","SSP245_2050","Without_Intervention","Grazer",2,5877,5877,-31.3265896664069,-31.3265896664069
"Conservancy","Conservancy_40","Torra","SSP245_2050","Without_Intervention","Grazer-Mixed",1,17049,17049,-31.667476682049,-31.667476682049
"Conservancy","Conservancy_40","Torra","SSP245_2090","With_Intervention","Browser-Mixed",1,77575,77575,133.280193586331,133.280193586331
"Conservancy","Conservancy_40","Torra","SSP245_2090","With_Intervention","Grazer",2,31159,31159,348.123684336802,348.123684336802
"Conservancy","Conservancy_40","Torra","SSP245_2090","With_Intervention","Grazer-Mixed",1,106909,106909,328.486088060783,328.486088060783
"Conservancy","Conservancy_40","Torra","SSP245_2090","Without_Intervention","Browser-Mixed",1,25071,25071,-24.6078485325754,-24.6078485325754
"Conservancy","Conservancy_40","Torra","SSP245_2090","Without_Intervention","Grazer",2,5317,5317,-38.7792938135935,-38.7792938135935
"Conservancy","Conservancy_40","Torra","SSP245_2090","Without_Intervention","Grazer-Mixed",1,15201,15201,-39.0732468246759,-39.0732468246759
"Conservancy","Conservancy_40","Torra","SSP585_2050","With_Intervention","Browser-Mixed",1,79896,79896,140.260898955185,140.260898955185
"Conservancy","Conservancy_40","Torra","SSP585_2050","With_Intervention","Grazer",2,32051,32051,361.022689549176,361.022689549176
"Conservancy","Conservancy_40","Torra","SSP585_2050","With_Intervention","Grazer-Mixed",1,110025,110025,340.972674657694,340.972674657694
"Conservancy","Conservancy_40","Torra","SSP585_2050","Without_Intervention","Browser-Mixed",1,26417,26417,-20.5585466478945,-20.5585466478945
"Conservancy","Conservancy_40","Torra","SSP585_2050","Without_Intervention","Grazer",2,5727,5727,-33.1016488062082,-33.1016488062082
"Conservancy","Conservancy_40","Torra","SSP585_2050","Without_Intervention","Grazer-Mixed",1,16606,16606,-33.4420396528129,-33.4420396528129
"Conservancy","Conservancy_40","Torra","SSP585_2090","With_Intervention","Browser-Mixed",1,71888,71888,116.178811973432,116.178811973432
"Conservancy","Conservancy_40","Torra","SSP585_2090","With_Intervention","Grazer",2,28875,28875,315.279689285114,315.279689285114
"Conservancy","Conservancy_40","Torra","SSP585_2090","With_Intervention","Grazer-Mixed",1,99073,99073,297.079328836368,297.079328836368
"Conservancy","Conservancy_40","Torra","SSP585_2090","Without_Intervention","Browser-Mixed",1,23229,23229,-30.1456923285229,-30.1456923285229
"Conservancy","Conservancy_40","Torra","SSP585_2090","Without_Intervention","Grazer",2,4928,4928,-43.2690598508989,-43.2690598508989
"Conservancy","Conservancy_40","Torra","SSP585_2090","Without_Intervention","Grazer-Mixed",1,14086,14086,-43.5457065926832,-43.5457065926832
"Conservancy","Conservancy_41","Ondjou","Current","Current","Browser-Mixed",1,490268,490268,0,0
"Conservancy","Conservancy_41","Ondjou","Current","Current","Grazer",2,56605,56605,0,0
"Conservancy","Conservancy_41","Ondjou","Current","Current","Grazer-Mixed",1,265679,265679,0,0
"Conservancy","Conservancy_41","Ondjou","SSP245_2050","With_Intervention","Browser-Mixed",1,411743,411743,-16.0167314052244,-16.0167314052244
"Conservancy","Conservancy_41","Ondjou","SSP245_2050","With_Intervention","Grazer",2,142673,142673,168.094335327192,168.094335327192
"Conservancy","Conservancy_41","Ondjou","SSP245_2050","With_Intervention","Grazer-Mixed",1,516153,516153,94.2773398875429,94.2773398875429
"Conservancy","Conservancy_41","Ondjou","SSP245_2050","Without_Intervention","Browser-Mixed",1,472296,472296,-3.66585415728488,-3.66585415728488
"Conservancy","Conservancy_41","Ondjou","SSP245_2050","Without_Intervention","Grazer",2,52073,52073,-8.44495665610368,-8.44495665610368
"Conservancy","Conservancy_41","Ondjou","SSP245_2050","Without_Intervention","Grazer-Mixed",1,248406,248406,-6.50121226117438,-6.50121226117438
"Conservancy","Conservancy_41","Ondjou","SSP245_2090","With_Intervention","Browser-Mixed",1,398626,398626,-18.6922876882245,-18.6922876882245
"Conservancy","Conservancy_41","Ondjou","SSP245_2090","With_Intervention","Grazer",2,138182,138182,159.65406745363,159.65406745363
"Conservancy","Conservancy_41","Ondjou","SSP245_2090","With_Intervention","Grazer-Mixed",1,499889,499889,88.1554483785287,88.1554483785287
"Conservancy","Conservancy_41","Ondjou","SSP245_2090","Without_Intervention","Browser-Mixed",1,457483,457483,-6.68719771215547,-6.68719771215547
"Conservancy","Conservancy_41","Ondjou","SSP245_2090","Without_Intervention","Grazer",2,50119,50119,-11.9426573801916,-11.9426573801916
"Conservancy","Conservancy_41","Ondjou","SSP245_2090","Without_Intervention","Grazer-Mixed",1,239638,239638,-9.80160859126267,-9.80160859126267
"Conservancy","Conservancy_41","Ondjou","SSP585_2050","With_Intervention","Browser-Mixed",1,398033,398033,-18.8131682422572,-18.8131682422572
"Conservancy","Conservancy_41","Ondjou","SSP585_2050","With_Intervention","Grazer",2,137922,137922,159.167328388253,159.167328388253
"Conservancy","Conservancy_41","Ondjou","SSP585_2050","With_Intervention","Grazer-Mixed",1,498967,498967,87.8082894176898,87.8082894176898
"Conservancy","Conservancy_41","Ondjou","SSP585_2050","Without_Intervention","Browser-Mixed",1,456569,456569,-6.87358044615835,-6.87358044615835
"Conservancy","Conservancy_41","Ondjou","SSP585_2050","Without_Intervention","Grazer",2,50340,50340,-11.4931302805701,-11.4931302805701
"Conservancy","Conservancy_41","Ondjou","SSP585_2050","Without_Intervention","Grazer-Mixed",1,240136,240136,-9.61429419223752,-9.61429419223752
"Conservancy","Conservancy_41","Ondjou","SSP585_2090","With_Intervention","Browser-Mixed",1,374066,374066,-23.7018712305914,-23.7018712305914
"Conservancy","Conservancy_41","Ondjou","SSP585_2090","With_Intervention","Grazer",2,129669,129669,143.656647247041,143.656647247041
"Conservancy","Conservancy_41","Ondjou","SSP585_2090","With_Intervention","Grazer-Mixed",1,469090,469090,76.5630279671374,76.5630279671374
"Conservancy","Conservancy_41","Ondjou","SSP585_2090","Without_Intervention","Browser-Mixed",1,429297,429297,-12.4363948558713,-12.4363948558713
"Conservancy","Conservancy_41","Ondjou","SSP585_2090","Without_Intervention","Grazer",2,47031,47031,-17.3682891297989,-17.3682891297989
"Conservancy","Conservancy_41","Ondjou","SSP585_2090","Without_Intervention","Grazer-Mixed",1,224873,224873,-15.3590578506348,-15.3590578506348
"Conservancy","Conservancy_42","#Gaingu","Current","Current","Browser-Mixed",1,319,319,0,0
"Conservancy","Conservancy_42","#Gaingu","Current","Current","Grazer",2,68,68,0,0
"Conservancy","Conservancy_42","#Gaingu","Current","Current","Grazer-Mixed",1,172,172,0,0
"Conservancy","Conservancy_42","#Gaingu","SSP245_2050","With_Intervention","Browser-Mixed",1,722,722,126.188362878602,126.188362878602
"Conservancy","Conservancy_42","#Gaingu","SSP245_2050","With_Intervention","Grazer",2,263,263,458.282100009954,458.282100009954
"Conservancy","Conservancy_42","#Gaingu","SSP245_2050","With_Intervention","Grazer-Mixed",1,870,870,406.065116336954,406.065116336954
"Conservancy","Conservancy_42","#Gaingu","SSP245_2050","Without_Intervention","Browser-Mixed",1,298,298,-6.53627897309977,-6.53627897309977
"Conservancy","Conservancy_42","#Gaingu","SSP245_2050","Without_Intervention","Grazer",2,61,61,-14.4803208949881,-14.4803208949881
"Conservancy","Conservancy_42","#Gaingu","SSP245_2050","Without_Intervention","Grazer-Mixed",1,149,149,-13.2575336190587,-13.2575336190587
"Conservancy","Conservancy_42","#Gaingu","SSP245_2090","With_Intervention","Browser-Mixed",1,688,688,115.422185694261,115.422185694261
"Conservancy","Conservancy_42","#Gaingu","SSP245_2090","With_Intervention","Grazer",2,251,251,431.715290889297,431.715290889297
"Conservancy","Conservancy_42","#Gaingu","SSP245_2090","With_Intervention","Grazer-Mixed",1,829,829,381.982731450144,381.982731450144
"Conservancy","Conservancy_42","#Gaingu","SSP245_2090","Without_Intervention","Browser-Mixed",1,284,284,-10.9874315359228,-10.9874315359228
"Conservancy","Conservancy_42","#Gaingu","SSP245_2090","Without_Intervention","Grazer",2,58,58,-18.5531433188943,-18.5531433188943
"Conservancy","Conservancy_42","#Gaingu","SSP245_2090","Without_Intervention","Grazer-Mixed",1,142,142,-17.3885905392726,-17.3885905392726
"Conservancy","Conservancy_42","#Gaingu","SSP585_2050","With_Intervention","Browser-Mixed",1,700,700,119.374520347631,119.374520347631
"Conservancy","Conservancy_42","#Gaingu","SSP585_2050","With_Intervention","Grazer",2,255,255,441.471837812484,441.471837812484
"Conservancy","Conservancy_42","#Gaingu","SSP585_2050","With_Intervention","Grazer-Mixed",1,844,844,390.826649366133,390.826649366133
"Conservancy","Conservancy_42","#Gaingu","SSP585_2050","Without_Intervention","Browser-Mixed",1,289,289,-9.35478041018114,-9.35478041018114
"Conservancy","Conservancy_42","#Gaingu","SSP585_2050","Without_Intervention","Grazer",2,59,59,-17.0592609993184,-17.0592609993184
"Conservancy","Conservancy_42","#Gaingu","SSP585_2050","Without_Intervention","Grazer-Mixed",1,145,145,-15.873348220323,-15.873348220323
"Conservancy","Conservancy_42","#Gaingu","SSP585_2090","With_Intervention","Browser-Mixed",1,625,625,95.756480398158,95.756480398158
"Conservancy","Conservancy_42","#Gaingu","SSP585_2090","With_Intervention","Grazer",2,228,228,383.143497353639,383.143497353639
"Conservancy","Conservancy_42","#Gaingu","SSP585_2090","With_Intervention","Grazer-Mixed",1,753,753,337.956000378347,337.956000378347
"Conservancy","Conservancy_42","#Gaingu","SSP585_2090","Without_Intervention","Browser-Mixed",1,258,258,-19.1012364413206,-19.1012364413206
"Conservancy","Conservancy_42","#Gaingu","SSP585_2090","Without_Intervention","Grazer",2,53,53,-25.9773073068719,-25.9773073068719
"Conservancy","Conservancy_42","#Gaingu","SSP585_2090","Without_Intervention","Grazer-Mixed",1,129,129,-24.9189075595571,-24.9189075595571
"Conservancy","Conservancy_43","#Gaingu","Current","Current","Browser-Mixed",1,67951,67951,0,0
"Conservancy","Conservancy_43","#Gaingu","Current","Current","Grazer",2,14777,14777,0,0
"Conservancy","Conservancy_43","#Gaingu","Current","Current","Grazer-Mixed",1,45182,45182,0,0
"Conservancy","Conservancy_43","#Gaingu","SSP245_2050","With_Intervention","Browser-Mixed",1,135950,135950,100.070573300616,100.070573300616
"Conservancy","Conservancy_43","#Gaingu","SSP245_2050","With_Intervention","Grazer",2,49566,49566,296.961105427377,296.961105427377
"Conservancy","Conservancy_43","#Gaingu","SSP245_2050","With_Intervention","Grazer-Mixed",1,168264,168264,272.411433567622,272.411433567622
"Conservancy","Conservancy_43","#Gaingu","SSP245_2050","Without_Intervention","Browser-Mixed",1,63394,63394,-6.70559520996881,-6.70559520996881
"Conservancy","Conservancy_43","#Gaingu","SSP245_2050","Without_Intervention","Grazer",2,13181,13181,-13.2038284885817,-13.2038284885817
"Conservancy","Conservancy_43","#Gaingu","SSP245_2050","Without_Intervention","Grazer-Mixed",1,39440,39440,-12.7080521462162,-12.7080521462162
"Conservancy","Conservancy_43","#Gaingu","SSP245_2090","With_Intervention","Browser-Mixed",1,129099,129099,89.988255902388,89.988255902388
"Conservancy","Conservancy_43","#Gaingu","SSP245_2090","With_Intervention","Grazer",2,47033,47033,276.559052830092,276.559052830092
"Conservancy","Conservancy_43","#Gaingu","SSP245_2090","With_Intervention","Grazer-Mixed",1,159615,159615,253.268856627369,253.268856627369
"Conservancy","Conservancy_43","#Gaingu","SSP245_2090","Without_Intervention","Browser-Mixed",1,59813,59813,-11.976682018788,-11.976682018788
"Conservancy","Conservancy_43","#Gaingu","SSP245_2090","Without_Intervention","Grazer",2,12268,12268,-19.7967291985841,-19.7967291985841
"Conservancy","Conservancy_43","#Gaingu","SSP245_2090","Without_Intervention","Grazer-Mixed",1,36536,36536,-19.1371864879488,-19.1371864879488
"Conservancy","Conservancy_43","#Gaingu","SSP585_2050","With_Intervention","Browser-Mixed",1,132584,132584,95.1179008421753,95.1179008421753
"Conservancy","Conservancy_43","#Gaingu","SSP585_2050","With_Intervention","Grazer",2,48358,48358,287.281909390835,287.281909390835
"Conservancy","Conservancy_43","#Gaingu","SSP585_2050","With_Intervention","Grazer-Mixed",1,164147,164147,263.300368140215,263.300368140215
"Conservancy","Conservancy_43","#Gaingu","SSP585_2050","Without_Intervention","Browser-Mixed",1,61737,61737,-9.1451323727246,-9.1451323727246
"Conservancy","Conservancy_43","#Gaingu","SSP585_2050","Without_Intervention","Grazer",2,12839,12839,-15.5005907599926,-15.5005907599926
"Conservancy","Conservancy_43","#Gaingu","SSP585_2050","Without_Intervention","Grazer-Mixed",1,38385,38385,-15.0444483142621,-15.0444483142621
"Conservancy","Conservancy_43","#Gaingu","SSP585_2090","With_Intervention","Browser-Mixed",1,117557,117557,73.0028835605386,73.0028835605386
"Conservancy","Conservancy_43","#Gaingu","SSP585_2090","With_Intervention","Grazer",2,42837,42837,242.965285043167,242.965285043167
"Conservancy","Conservancy_43","#Gaingu","SSP585_2090","With_Intervention","Grazer-Mixed",1,145368,145368,221.737649590618,221.737649590618
"Conservancy","Conservancy_43","#Gaingu","SSP585_2090","Without_Intervention","Browser-Mixed",1,54425,54425,-19.906085654651,-19.906085654651
"Conservancy","Conservancy_43","#Gaingu","SSP585_2090","Without_Intervention","Grazer",2,11167,11167,-27.0089844743921,-27.0089844743921
"Conservancy","Conservancy_43","#Gaingu","SSP585_2090","Without_Intervention","Grazer-Mixed",1,33242,33242,-26.426446343993,-26.426446343993
"Conservancy","Conservancy_44","Sheya Shuushona","Current","Current","Browser-Mixed",1,269211,269211,0,0
"Conservancy","Conservancy_44","Sheya Shuushona","Current","Current","Grazer",2,56424,56424,0,0
"Conservancy","Conservancy_44","Sheya Shuushona","Current","Current","Grazer-Mixed",1,224144,224144,0,0
"Conservancy","Conservancy_44","Sheya Shuushona","SSP245_2050","With_Intervention","Browser-Mixed",1,250703,250703,-6.87464260838884,-6.87464260838884
"Conservancy","Conservancy_44","Sheya Shuushona","SSP245_2050","With_Intervention","Grazer",2,73392,73392,31.7257586621297,31.7257586621297
"Conservancy","Conservancy_44","Sheya Shuushona","SSP245_2050","With_Intervention","Grazer-Mixed",1,272730,272730,21.6758677758483,21.6758677758483
"Conservancy","Conservancy_44","Sheya Shuushona","SSP245_2050","Without_Intervention","Browser-Mixed",1,263941,263941,-1.95749056790125,-1.95749056790125
"Conservancy","Conservancy_44","Sheya Shuushona","SSP245_2050","Without_Intervention","Grazer",2,54062,54062,-4.31239535831796,-4.31239535831796
"Conservancy","Conservancy_44","Sheya Shuushona","SSP245_2050","Without_Intervention","Grazer-Mixed",1,215720,215720,-3.75852069772268,-3.75852069772268
"Conservancy","Conservancy_44","Sheya Shuushona","SSP245_2090","With_Intervention","Browser-Mixed",1,241934,241934,-10.1319890499814,-10.1319890499814
"Conservancy","Conservancy_44","Sheya Shuushona","SSP245_2090","With_Intervention","Grazer",2,71314,71314,28.0066207622432,28.0066207622432
"Conservancy","Conservancy_44","Sheya Shuushona","SSP245_2090","With_Intervention","Grazer-Mixed",1,264743,264743,18.1124439001899,18.1124439001899
"Conservancy","Conservancy_44","Sheya Shuushona","SSP245_2090","Without_Intervention","Browser-Mixed",1,254771,254771,-5.36359741182199,-5.36359741182199
"Conservancy","Conservancy_44","Sheya Shuushona","SSP245_2090","Without_Intervention","Grazer",2,51967,51967,-8.03918885615355,-8.03918885615355
"Conservancy","Conservancy_44","Sheya Shuushona","SSP245_2090","Without_Intervention","Grazer-Mixed",1,207548,207548,-7.40449972795129,-7.40449972795129
"Conservancy","Conservancy_44","Sheya Shuushona","SSP585_2050","With_Intervention","Browser-Mixed",1,241467,241467,-10.3054943616892,-10.3054943616892
"Conservancy","Conservancy_44","Sheya Shuushona","SSP585_2050","With_Intervention","Grazer",2,71081,71081,27.587837043753,27.587837043753
"Conservancy","Conservancy_44","Sheya Shuushona","SSP585_2050","With_Intervention","Grazer-Mixed",1,263926,263926,17.747967070019,17.747967070019
"Conservancy","Conservancy_44","Sheya Shuushona","SSP585_2050","Without_Intervention","Browser-Mixed",1,254159,254159,-5.59092827672807,-5.59092827672807
"Conservancy","Conservancy_44","Sheya Shuushona","SSP585_2050","Without_Intervention","Grazer",2,52056,52056,-7.86217595655036,-7.86217595655036
"Conservancy","Conservancy_44","Sheya Shuushona","SSP585_2050","Without_Intervention","Grazer-Mixed",1,207719,207719,-7.32789330046162,-7.32789330046162
"Conservancy","Conservancy_44","Sheya Shuushona","SSP585_2090","With_Intervention","Browser-Mixed",1,229604,229604,-14.7119666425874,-14.7119666425874
"Conservancy","Conservancy_44","Sheya Shuushona","SSP585_2090","With_Intervention","Grazer",2,67506,67506,21.1664857381597,21.1664857381597
"Conservancy","Conservancy_44","Sheya Shuushona","SSP585_2090","With_Intervention","Grazer-Mixed",1,250701,250701,11.8480903372039,11.8480903372039
"Conservancy","Conservancy_44","Sheya Shuushona","SSP585_2090","Without_Intervention","Browser-Mixed",1,241815,241815,-10.1763796540615,-10.1763796540615
"Conservancy","Conservancy_44","Sheya Shuushona","SSP585_2090","Without_Intervention","Grazer",2,49310,49310,-12.7431075984843,-12.7431075984843
"Conservancy","Conservancy_44","Sheya Shuushona","SSP585_2090","Without_Intervention","Grazer-Mixed",1,196948,196948,-12.1336735785365,-12.1336735785365
"Conservancy","Conservancy_45","!Khoro !goreb","Current","Current","Browser-Mixed",1,54156,54156,0,0
"Conservancy","Conservancy_45","!Khoro !goreb","Current","Current","Grazer",2,7179,7179,0,0
"Conservancy","Conservancy_45","!Khoro !goreb","Current","Current","Grazer-Mixed",1,31570,31570,0,0
"Conservancy","Conservancy_45","!Khoro !goreb","SSP245_2050","With_Intervention","Browser-Mixed",1,53679,53679,-0.879437218113175,-0.879437218113175
"Conservancy","Conservancy_45","!Khoro !goreb","SSP245_2050","With_Intervention","Grazer",2,16685,16685,146.083176807969,146.083176807969
"Conservancy","Conservancy_45","!Khoro !goreb","SSP245_2050","With_Intervention","Grazer-Mixed",1,61045,61045,93.3636508428082,93.3636508428082
"Conservancy","Conservancy_45","!Khoro !goreb","SSP245_2050","Without_Intervention","Browser-Mixed",1,53770,53770,-0.712362233597934,-0.712362233597934
"Conservancy","Conservancy_45","!Khoro !goreb","SSP245_2050","Without_Intervention","Grazer",2,6819,6819,-5.30240526229256,-5.30240526229256
"Conservancy","Conservancy_45","!Khoro !goreb","SSP245_2050","Without_Intervention","Grazer-Mixed",1,30457,30457,-3.52617307806347,-3.52617307806347
"Conservancy","Conservancy_45","!Khoro !goreb","SSP245_2090","With_Intervention","Browser-Mixed",1,51489,51489,-4.92440811967388,-4.92440811967388
"Conservancy","Conservancy_45","!Khoro !goreb","SSP245_2090","With_Intervention","Grazer",2,16014,16014,136.19810038103,136.19810038103
"Conservancy","Conservancy_45","!Khoro !goreb","SSP245_2090","With_Intervention","Grazer-Mixed",1,58589,58589,85.5829462976094,85.5829462976094
"Conservancy","Conservancy_45","!Khoro !goreb","SSP245_2090","Without_Intervention","Browser-Mixed",1,51843,51843,-4.26994128932452,-4.26994128932452
"Conservancy","Conservancy_45","!Khoro !goreb","SSP245_2090","Without_Intervention","Grazer",2,6530,6530,-9.33993403978454,-9.33993403978454
"Conservancy","Conservancy_45","!Khoro !goreb","SSP245_2090","Without_Intervention","Grazer-Mixed",1,29245,29245,-7.36400337032283,-7.36400337032283
"Conservancy","Conservancy_45","!Khoro !goreb","SSP585_2050","With_Intervention","Browser-Mixed",1,51767,51767,-4.4107272488324,-4.4107272488324
"Conservancy","Conservancy_45","!Khoro !goreb","SSP585_2050","With_Intervention","Grazer",2,16092,16092,137.337347967287,137.337347967287
"Conservancy","Conservancy_45","!Khoro !goreb","SSP585_2050","With_Intervention","Grazer-Mixed",1,58874,58874,86.4874118010379,86.4874118010379
"Conservancy","Conservancy_45","!Khoro !goreb","SSP585_2050","Without_Intervention","Browser-Mixed",1,51845,51845,-4.26757972210096,-4.26757972210096
"Conservancy","Conservancy_45","!Khoro !goreb","SSP585_2050","Without_Intervention","Grazer",2,6576,6576,-8.67324073380104,-8.67324073380104
"Conservancy","Conservancy_45","!Khoro !goreb","SSP585_2050","Without_Intervention","Grazer-Mixed",1,29370,29370,-6.96960776840387,-6.96960776840387
"Conservancy","Conservancy_45","!Khoro !goreb","SSP585_2090","With_Intervention","Browser-Mixed",1,47612,47612,-12.0825521498886,-12.0825521498886
"Conservancy","Conservancy_45","!Khoro !goreb","SSP585_2090","With_Intervention","Grazer",2,14808,14808,118.412318535141,118.412318535141
"Conservancy","Conservancy_45","!Khoro !goreb","SSP585_2090","With_Intervention","Grazer-Mixed",1,54177,54177,71.6091827822205,71.6091827822205
"Conservancy","Conservancy_45","!Khoro !goreb","SSP585_2090","Without_Intervention","Browser-Mixed",1,47942,47942,-11.4745192143505,-11.4745192143505
"Conservancy","Conservancy_45","!Khoro !goreb","SSP585_2090","Without_Intervention","Grazer",2,6039,6039,-16.1483943210009,-16.1483943210009
"Conservancy","Conservancy_45","!Khoro !goreb","SSP585_2090","Without_Intervention","Grazer-Mixed",1,27047,27047,-14.3259811073894,-14.3259811073894
"Conservancy","Conservancy_46","Otjimboyo","Current","Current","Browser-Mixed",1,5241,5241,0,0
"Conservancy","Conservancy_46","Otjimboyo","Current","Current","Grazer",2,1693,1693,0,0
"Conservancy","Conservancy_46","Otjimboyo","Current","Current","Grazer-Mixed",1,5494,5494,0,0
"Conservancy","Conservancy_46","Otjimboyo","SSP245_2050","With_Intervention","Browser-Mixed",1,7979,7979,52.244128652237,52.244128652237
"Conservancy","Conservancy_46","Otjimboyo","SSP245_2050","With_Intervention","Grazer",2,3119,3119,92.199274810202,92.199274810202
"Conservancy","Conservancy_46","Otjimboyo","SSP245_2050","With_Intervention","Grazer-Mixed",1,10543,10543,91.9138104762407,91.9138104762407
"Conservancy","Conservancy_46","Otjimboyo","SSP245_2050","Without_Intervention","Browser-Mixed",1,3690,3690,-29.5854437040186,-29.5854437040186
"Conservancy","Conservancy_46","Otjimboyo","SSP245_2050","Without_Intervention","Grazer",2,1070,1070,-39.8116997151503,-39.8116997151503
"Conservancy","Conservancy_46","Otjimboyo","SSP245_2050","Without_Intervention","Grazer-Mixed",1,3244,3244,-40.9575137480379,-40.9575137480379
"Conservancy","Conservancy_46","Otjimboyo","SSP245_2090","With_Intervention","Browser-Mixed",1,7386,7386,40.9167537202364,40.9167537202364
"Conservancy","Conservancy_46","Otjimboyo","SSP245_2090","With_Intervention","Grazer",2,2870,2870,76.5274259613797,76.5274259613797
"Conservancy","Conservancy_46","Otjimboyo","SSP245_2090","With_Intervention","Grazer-Mixed",1,9678,9678,76.1651472260436,76.1651472260436
"Conservancy","Conservancy_46","Otjimboyo","SSP245_2090","Without_Intervention","Browser-Mixed",1,3225,3225,-38.467461160944,-38.467461160944
"Conservancy","Conservancy_46","Otjimboyo","SSP245_2090","Without_Intervention","Grazer",2,882,882,-51.5385930417548,-51.5385930417548
"Conservancy","Conservancy_46","Otjimboyo","SSP245_2090","Without_Intervention","Grazer-Mixed",1,2597,2597,-52.7355111795209,-52.7355111795209
"Conservancy","Conservancy_46","Otjimboyo","SSP585_2050","With_Intervention","Browser-Mixed",1,7762,7762,48.0993267762869,48.0993267762869
"Conservancy","Conservancy_46","Otjimboyo","SSP585_2050","With_Intervention","Grazer",2,3034,3034,86.9610104951452,86.9610104951452
"Conservancy","Conservancy_46","Otjimboyo","SSP585_2050","With_Intervention","Grazer-Mixed",1,10256,10256,86.6831727894897,86.6831727894897
"Conservancy","Conservancy_46","Otjimboyo","SSP585_2050","Without_Intervention","Browser-Mixed",1,3589,3589,-31.5191158770386,-31.5191158770386
"Conservancy","Conservancy_46","Otjimboyo","SSP585_2050","Without_Intervention","Grazer",2,1041,1041,-41.4828747924073,-41.4828747924073
"Conservancy","Conservancy_46","Otjimboyo","SSP585_2050","Without_Intervention","Grazer-Mixed",1,3154,3154,-42.5978145528989,-42.5978145528989
"Conservancy","Conservancy_46","Otjimboyo","SSP585_2090","With_Intervention","Browser-Mixed",1,6814,6814,30.0185841876557,30.0185841876557
"Conservancy","Conservancy_46","Otjimboyo","SSP585_2090","With_Intervention","Grazer",2,2648,2648,62.8741210014802,62.8741210014802
"Conservancy","Conservancy_46","Otjimboyo","SSP585_2090","With_Intervention","Grazer-Mixed",1,8930,8930,62.5398204910413,62.5398204910413
"Conservancy","Conservancy_46","Otjimboyo","SSP585_2090","Without_Intervention","Browser-Mixed",1,2976,2976,-43.2259290869704,-43.2259290869704
"Conservancy","Conservancy_46","Otjimboyo","SSP585_2090","Without_Intervention","Grazer",2,814,814,-55.2870681334564,-55.2870681334564
"Conservancy","Conservancy_46","Otjimboyo","SSP585_2090","Without_Intervention","Grazer-Mixed",1,2396,2396,-56.391455705691,-56.391455705691
"Conservancy","Conservancy_47","Tsiseb","Current","Current","Browser-Mixed",1,54406,54406,0,0
"Conservancy","Conservancy_47","Tsiseb","Current","Current","Grazer",2,12787,12787,0,0
"Conservancy","Conservancy_47","Tsiseb","Current","Current","Grazer-Mixed",1,35561,35561,0,0
"Conservancy","Conservancy_47","Tsiseb","SSP245_2050","With_Intervention","Browser-Mixed",1,128514,128514,136.21000060776,136.21000060776
"Conservancy","Conservancy_47","Tsiseb","SSP245_2050","With_Intervention","Grazer",2,48890,48890,379.716045474901,379.716045474901
"Conservancy","Conservancy_47","Tsiseb","SSP245_2050","With_Intervention","Grazer-Mixed",1,163947,163947,361.024766012404,361.024766012404
"Conservancy","Conservancy_47","Tsiseb","SSP245_2050","Without_Intervention","Browser-Mixed",1,48198,48198,-11.4104763392989,-11.4104763392989
"Conservancy","Conservancy_47","Tsiseb","SSP245_2050","Without_Intervention","Grazer",2,10456,10456,-24.2090363948394,-24.2090363948394
"Conservancy","Conservancy_47","Tsiseb","SSP245_2050","Without_Intervention","Grazer-Mixed",1,27061,27061,-23.904418201095,-23.904418201095
"Conservancy","Conservancy_47","Tsiseb","SSP245_2090","With_Intervention","Browser-Mixed",1,121976,121976,124.193276035876,124.193276035876
"Conservancy","Conservancy_47","Tsiseb","SSP245_2090","With_Intervention","Grazer",2,46363,46363,354.703446229912,354.703446229912
"Conservancy","Conservancy_47","Tsiseb","SSP245_2090","With_Intervention","Grazer-Mixed",1,155394,155394,336.9757193593,336.9757193593
"Conservancy","Conservancy_47","Tsiseb","SSP245_2090","Without_Intervention","Browser-Mixed",1,45087,45087,-17.1300275550388,-17.1300275550388
"Conservancy","Conservancy_47","Tsiseb","SSP245_2090","Without_Intervention","Grazer",2,9590,9590,-31.7502161581175,-31.7502161581175
"Conservancy","Conservancy_47","Tsiseb","SSP245_2090","Without_Intervention","Grazer-Mixed",1,24416,24416,-31.3399788624264,-31.3399788624264
"Conservancy","Conservancy_47","Tsiseb","SSP585_2050","With_Intervention","Browser-Mixed",1,125952,125952,131.501319179806,131.501319179806
"Conservancy","Conservancy_47","Tsiseb","SSP585_2050","With_Intervention","Grazer",2,47915,47915,370.139517141993,370.139517141993
"Conservancy","Conservancy_47","Tsiseb","SSP585_2050","With_Intervention","Grazer-Mixed",1,160674,160674,351.821390448091,351.821390448091
"Conservancy","Conservancy_47","Tsiseb","SSP585_2050","Without_Intervention","Browser-Mixed",1,47226,47226,-13.1982288791946,-13.1982288791946
"Conservancy","Conservancy_47","Tsiseb","SSP585_2050","Without_Intervention","Grazer",2,10241,10241,-25.7899312428537,-25.7899312428537
"Conservancy","Conservancy_47","Tsiseb","SSP585_2050","Without_Intervention","Grazer-Mixed",1,26497,26497,-25.4886285692567,-25.4886285692567
"Conservancy","Conservancy_47","Tsiseb","SSP585_2090","With_Intervention","Browser-Mixed",1,112094,112094,106.030205686967,106.030205686967
"Conservancy","Conservancy_47","Tsiseb","SSP585_2090","With_Intervention","Grazer",2,42606,42606,317.85889160759,317.85889160759
"Conservancy","Conservancy_47","Tsiseb","SSP585_2090","With_Intervention","Grazer-Mixed",1,142803,142803,301.567962684566,301.567962684566
"Conservancy","Conservancy_47","Tsiseb","SSP585_2090","Without_Intervention","Browser-Mixed",1,41431,41431,-23.8485719962877,-23.8485719962877
"Conservancy","Conservancy_47","Tsiseb","SSP585_2090","Without_Intervention","Grazer",2,8811,8811,-37.3010549541907,-37.3010549541907
"Conservancy","Conservancy_47","Tsiseb","SSP585_2090","Without_Intervention","Grazer-Mixed",1,22431,22431,-36.9226075166726,-36.9226075166726
"Conservancy","Conservancy_48","Sorris Sorris","Current","Current","Browser-Mixed",1,40820,40820,0,0
"Conservancy","Conservancy_48","Sorris Sorris","Current","Current","Grazer",2,10387,10387,0,0
"Conservancy","Conservancy_48","Sorris Sorris","Current","Current","Grazer-Mixed",1,36542,36542,0,0
"Conservancy","Conservancy_48","Sorris Sorris","SSP245_2050","With_Intervention","Browser-Mixed",1,64136,64136,57.1174889882871,57.1174889882871
"Conservancy","Conservancy_48","Sorris Sorris","SSP245_2050","With_Intervention","Grazer",2,24409,24409,146.110753524147,146.110753524147
"Conservancy","Conservancy_48","Sorris Sorris","SSP245_2050","With_Intervention","Grazer-Mixed",1,85275,85275,133.361548085765,133.361548085765
"Conservancy","Conservancy_48","Sorris Sorris","SSP245_2050","Without_Intervention","Browser-Mixed",1,38220,38220,-6.36964341889424,-6.36964341889424
"Conservancy","Conservancy_48","Sorris Sorris","SSP245_2050","Without_Intervention","Grazer",2,9291,9291,-11.2048306342317,-11.2048306342317
"Conservancy","Conservancy_48","Sorris Sorris","SSP245_2050","Without_Intervention","Grazer-Mixed",1,32680,32680,-10.5681112089951,-10.5681112089951
"Conservancy","Conservancy_48","Sorris Sorris","SSP245_2090","With_Intervention","Browser-Mixed",1,61204,61204,49.9354152176901,49.9354152176901
"Conservancy","Conservancy_48","Sorris Sorris","SSP245_2090","With_Intervention","Grazer",2,23291,23291,134.837957173338,134.837957173338
"Conservancy","Conservancy_48","Sorris Sorris","SSP245_2090","With_Intervention","Grazer-Mixed",1,81369,81369,122.67144009317,122.67144009317
"Conservancy","Conservancy_48","Sorris Sorris","SSP245_2090","Without_Intervention","Browser-Mixed",1,36179,36179,-11.3698634482724,-11.3698634482724
"Conservancy","Conservancy_48","Sorris Sorris","SSP245_2090","Without_Intervention","Grazer",2,8679,8679,-17.2219184185104,-17.2219184185104
"Conservancy","Conservancy_48","Sorris Sorris","SSP245_2090","Without_Intervention","Grazer-Mixed",1,30537,30537,-16.4336700976681,-16.4336700976681
"Conservancy","Conservancy_48","Sorris Sorris","SSP585_2050","With_Intervention","Browser-Mixed",1,62348,62348,52.7380665991976,52.7380665991976
"Conservancy","Conservancy_48","Sorris Sorris","SSP585_2050","With_Intervention","Grazer",2,23733,23733,139.295622949861,139.295622949861
"Conservancy","Conservancy_48","Sorris Sorris","SSP585_2050","With_Intervention","Grazer-Mixed",1,82910,82910,126.889546633946,126.889546633946
"Conservancy","Conservancy_48","Sorris Sorris","SSP585_2050","Without_Intervention","Browser-Mixed",1,37120,37120,-9.06447372012617,-9.06447372012617
"Conservancy","Conservancy_48","Sorris Sorris","SSP585_2050","Without_Intervention","Grazer",2,9030,9030,-13.7109929529861,-13.7109929529861
"Conservancy","Conservancy_48","Sorris Sorris","SSP585_2050","Without_Intervention","Grazer-Mixed",1,31751,31751,-13.1121322697012,-13.1121322697012
"Conservancy","Conservancy_48","Sorris Sorris","SSP585_2090","With_Intervention","Browser-Mixed",1,56553,56553,38.5413005239508,38.5413005239508
"Conservancy","Conservancy_48","Sorris Sorris","SSP585_2090","With_Intervention","Grazer",2,21520,21520,116.980630941193,116.980630941193
"Conservancy","Conservancy_48","Sorris Sorris","SSP585_2090","With_Intervention","Grazer-Mixed",1,75182,75182,105.741759052116,105.741759052116
"Conservancy","Conservancy_48","Sorris Sorris","SSP585_2090","Without_Intervention","Browser-Mixed",1,33439,33439,-18.0820895063697,-18.0820895063697
"Conservancy","Conservancy_48","Sorris Sorris","SSP585_2090","Without_Intervention","Grazer",2,8020,8020,-23.5019494026407,-23.5019494026407
"Conservancy","Conservancy_48","Sorris Sorris","SSP585_2090","Without_Intervention","Grazer-Mixed",1,28222,28222,-22.7686068779189,-22.7686068779189
"Conservancy","Conservancy_49","Okangundumba","Current","Current","Browser-Mixed",1,63123,63123,0,0
"Conservancy","Conservancy_49","Okangundumba","Current","Current","Grazer",2,7062,7062,0,0
"Conservancy","Conservancy_49","Okangundumba","Current","Current","Grazer-Mixed",1,33485,33485,0,0
"Conservancy","Conservancy_49","Okangundumba","SSP245_2050","With_Intervention","Browser-Mixed",1,55437,55437,-12.1753315455174,-12.1753315455174
"Conservancy","Conservancy_49","Okangundumba","SSP245_2050","With_Intervention","Grazer",2,16379,16379,146.548969092049,146.548969092049
"Conservancy","Conservancy_49","Okangundumba","SSP245_2050","With_Intervention","Grazer-Mixed",1,60778,60778,81.5073011438212,81.5073011438212
"Conservancy","Conservancy_49","Okangundumba","SSP245_2050","Without_Intervention","Browser-Mixed",1,61794,61794,-2.1043105725745,-2.1043105725745
"Conservancy","Conservancy_49","Okangundumba","SSP245_2050","Without_Intervention","Grazer",2,6750,6750,-4.60698852868192,-4.60698852868192
"Conservancy","Conservancy_49","Okangundumba","SSP245_2050","Without_Intervention","Grazer-Mixed",1,32303,32303,-3.52917061232459,-3.52917061232459
"Conservancy","Conservancy_49","Okangundumba","SSP245_2090","With_Intervention","Browser-Mixed",1,52752,52752,-16.4296538566291,-16.4296538566291
"Conservancy","Conservancy_49","Okangundumba","SSP245_2090","With_Intervention","Grazer",2,15568,15568,134.341420527892,134.341420527892
"Conservancy","Conservancy_49","Okangundumba","SSP245_2090","With_Intervention","Grazer-Mixed",1,57782,57782,72.5616848832832,72.5616848832832
"Conservancy","Conservancy_49","Okangundumba","SSP245_2090","Without_Intervention","Browser-Mixed",1,58881,58881,-6.71952496544779,-6.71952496544779
"Conservancy","Conservancy_49","Okangundumba","SSP245_2090","Without_Intervention","Grazer",2,6398,6398,-9.62324216019241,-9.62324216019241
"Conservancy","Conservancy_49","Okangundumba","SSP245_2090","Without_Intervention","Grazer-Mixed",1,30680,30680,-8.37641944489346,-8.37641944489346
"Conservancy","Conservancy_49","Okangundumba","SSP585_2050","With_Intervention","Browser-Mixed",1,53333,53333,-15.5085724999031,-15.5085724999031
"Conservancy","Conservancy_49","Okangundumba","SSP585_2050","With_Intervention","Grazer",2,15757,15757,137.195002609713,137.195002609713
"Conservancy","Conservancy_49","Okangundumba","SSP585_2050","With_Intervention","Grazer-Mixed",1,58472,58472,74.6204885529206,74.6204885529206
"Conservancy","Conservancy_49","Okangundumba","SSP585_2050","Without_Intervention","Browser-Mixed",1,59449,59449,-5.81968910715448,-5.81968910715448
"Conservancy","Conservancy_49","Okangundumba","SSP585_2050","Without_Intervention","Grazer",2,6493,6493,-8.2273765748318,-8.2273765748318
"Conservancy","Conservancy_49","Okangundumba","SSP585_2050","Without_Intervention","Grazer-Mixed",1,31077,31077,-7.1904759555235,-7.1904759555235
"Conservancy","Conservancy_49","Okangundumba","SSP585_2090","With_Intervention","Browser-Mixed",1,49763,49763,-21.1648958613147,-21.1648958613147
"Conservancy","Conservancy_49","Okangundumba","SSP585_2090","With_Intervention","Grazer",2,14686,14686,121.063360429008,121.063360429008
"Conservancy","Conservancy_49","Okangundumba","SSP585_2090","With_Intervention","Grazer-Mixed",1,54508,54508,62.7841174280352,62.7841174280352
"Conservancy","Conservancy_49","Okangundumba","SSP585_2090","Without_Intervention","Browser-Mixed",1,55545,55545,-12.0049513295475,-12.0049513295475
"Conservancy","Conservancy_49","Okangundumba","SSP585_2090","Without_Intervention","Grazer",2,6035,6035,-14.744139093998,-14.744139093998
"Conservancy","Conservancy_49","Okangundumba","SSP585_2090","Without_Intervention","Grazer-Mixed",1,28942,28942,-13.5679634208412,-13.5679634208412
"Conservancy","Conservancy_5","Omuramba ua Mbinda","Current","Current","Browser-Mixed",1,182212,182212,0,0
"Conservancy","Conservancy_5","Omuramba ua Mbinda","Current","Current","Grazer",2,19875,19875,0,0
"Conservancy","Conservancy_5","Omuramba ua Mbinda","Current","Current","Grazer-Mixed",1,95183,95183,0,0
"Conservancy","Conservancy_5","Omuramba ua Mbinda","SSP245_2050","With_Intervention","Browser-Mixed",1,150881,150881,-17.1947197300783,-17.1947197300783
"Conservancy","Conservancy_5","Omuramba ua Mbinda","SSP245_2050","With_Intervention","Grazer",2,52330,52330,182.021438640651,182.021438640651
"Conservancy","Conservancy_5","Omuramba ua Mbinda","SSP245_2050","With_Intervention","Grazer-Mixed",1,189296,189296,98.8754332961973,98.8754332961973
"Conservancy","Conservancy_5","Omuramba ua Mbinda","SSP245_2050","Without_Intervention","Browser-Mixed",1,173273,173273,-4.90575291746117,-4.90575291746117
"Conservancy","Conservancy_5","Omuramba ua Mbinda","SSP245_2050","Without_Intervention","Grazer",2,18827,18827,-5.31590866948787,-5.31590866948787
"Conservancy","Conservancy_5","Omuramba ua Mbinda","SSP245_2050","Without_Intervention","Grazer-Mixed",1,90284,90284,-5.14662450853555,-5.14662450853555
"Conservancy","Conservancy_5","Omuramba ua Mbinda","SSP245_2090","With_Intervention","Browser-Mixed",1,146094,146094,-19.8217862736816,-19.8217862736816
"Conservancy","Conservancy_5","Omuramba ua Mbinda","SSP245_2090","With_Intervention","Grazer",2,50668,50668,173.065978406257,173.065978406257
"Conservancy","Conservancy_5","Omuramba ua Mbinda","SSP245_2090","With_Intervention","Grazer-Mixed",1,183286,183286,92.5612279005925,92.5612279005925
"Conservancy","Conservancy_5","Omuramba ua Mbinda","SSP245_2090","Without_Intervention","Browser-Mixed",1,167775,167775,-7.92319563664078,-7.92319563664078
"Conservancy","Conservancy_5","Omuramba ua Mbinda","SSP245_2090","Without_Intervention","Grazer",2,18229,18229,-8.32033670559617,-8.32033670559617
"Conservancy","Conservancy_5","Omuramba ua Mbinda","SSP245_2090","Without_Intervention","Grazer-Mixed",1,87420,87420,-8.15642411310998,-8.15642411310998
"Conservancy","Conservancy_5","Omuramba ua Mbinda","SSP585_2050","With_Intervention","Browser-Mixed",1,146610,146610,-19.5390392229207,-19.5390392229207
"Conservancy","Conservancy_5","Omuramba ua Mbinda","SSP585_2050","With_Intervention","Grazer",2,50847,50847,174.028552928049,174.028552928049
"Conservancy","Conservancy_5","Omuramba ua Mbinda","SSP585_2050","With_Intervention","Grazer-Mixed",1,183932,183932,93.2400657029848,93.2400657029848
"Conservancy","Conservancy_5","Omuramba ua Mbinda","SSP585_2050","Without_Intervention","Browser-Mixed",1,168367,168367,-7.59851229690218,-7.59851229690218
"Conservancy","Conservancy_5","Omuramba ua Mbinda","SSP585_2050","Without_Intervention","Grazer",2,18293,18293,-7.99705377380516,-7.99705377380516
"Conservancy","Conservancy_5","Omuramba ua Mbinda","SSP585_2050","Without_Intervention","Grazer-Mixed",1,87728,87728,-7.83256318897527,-7.83256318897527
"Conservancy","Conservancy_5","Omuramba ua Mbinda","SSP585_2090","With_Intervention","Browser-Mixed",1,136780,136780,-24.9335042859342,-24.9335042859342
"Conservancy","Conservancy_5","Omuramba ua Mbinda","SSP585_2090","With_Intervention","Grazer",2,47435,47435,155.640182119788,155.640182119788
"Conservancy","Conservancy_5","Omuramba ua Mbinda","SSP585_2090","With_Intervention","Grazer-Mixed",1,171591,171591,80.2749062418791,80.2749062418791
"Conservancy","Conservancy_5","Omuramba ua Mbinda","SSP585_2090","Without_Intervention","Browser-Mixed",1,157077,157077,-13.794525450548,-13.794525450548
"Conservancy","Conservancy_5","Omuramba ua Mbinda","SSP585_2090","Without_Intervention","Grazer",2,17067,17067,-14.1663425933028,-14.1663425933028
"Conservancy","Conservancy_5","Omuramba ua Mbinda","SSP585_2090","Without_Intervention","Grazer-Mixed",1,81845,81845,-14.0128819805284,-14.0128819805284
"Conservancy","Conservancy_50","Sanitatas","Current","Current","Browser-Mixed",1,22902,22902,0,0
"Conservancy","Conservancy_50","Sanitatas","Current","Current","Grazer",2,3757,3757,0,0
"Conservancy","Conservancy_50","Sanitatas","Current","Current","Grazer-Mixed",1,13754,13754,0,0
"Conservancy","Conservancy_50","Sanitatas","SSP245_2050","With_Intervention","Browser-Mixed",1,40518,40518,76.9153039475861,76.9153039475861
"Conservancy","Conservancy_50","Sanitatas","SSP245_2050","With_Intervention","Grazer",2,15024,15024,355.341170920576,355.341170920576
"Conservancy","Conservancy_50","Sanitatas","SSP245_2050","With_Intervention","Grazer-Mixed",1,52525,52525,281.895255659863,281.895255659863
"Conservancy","Conservancy_50","Sanitatas","SSP245_2050","Without_Intervention","Browser-Mixed",1,22888,22888,-0.0616127554325805,-0.0616127554325805
"Conservancy","Conservancy_50","Sanitatas","SSP245_2050","Without_Intervention","Grazer",2,3453,3453,-9.99461712889134,-9.99461712889134
"Conservancy","Conservancy_50","Sanitatas","SSP245_2050","Without_Intervention","Grazer-Mixed",1,12751,12751,-7.29091893147303,-7.29091893147303
"Conservancy","Conservancy_50","Sanitatas","SSP245_2090","With_Intervention","Browser-Mixed",1,38396,38396,67.6534827873441,67.6534827873441
"Conservancy","Conservancy_50","Sanitatas","SSP245_2090","With_Intervention","Grazer",2,14166,14166,329.23177360298,329.23177360298
"Conservancy","Conservancy_50","Sanitatas","SSP245_2090","With_Intervention","Grazer-Mixed",1,49555,49555,260.306776951496,260.306776951496
"Conservancy","Conservancy_50","Sanitatas","SSP245_2090","Without_Intervention","Browser-Mixed",1,21742,21742,-5.06804012911522,-5.06804012911522
"Conservancy","Conservancy_50","Sanitatas","SSP245_2090","Without_Intervention","Grazer",2,3204,3204,-16.8695743163253,-16.8695743163253
"Conservancy","Conservancy_50","Sanitatas","SSP245_2090","Without_Intervention","Grazer-Mixed",1,11887,11887,-13.5735136871287,-13.5735136871287
"Conservancy","Conservancy_50","Sanitatas","SSP585_2050","With_Intervention","Browser-Mixed",1,39500,39500,72.4732068679869,72.4732068679869
"Conservancy","Conservancy_50","Sanitatas","SSP585_2050","With_Intervention","Grazer",2,14650,14650,343.994721578409,343.994721578409
"Conservancy","Conservancy_50","Sanitatas","SSP585_2050","With_Intervention","Grazer-Mixed",1,51213,51213,272.362321423014,272.362321423014
"Conservancy","Conservancy_50","Sanitatas","SSP585_2050","Without_Intervention","Browser-Mixed",1,22289,22289,-2.67767114783598,-2.67767114783598
"Conservancy","Conservancy_50","Sanitatas","SSP585_2050","Without_Intervention","Grazer",2,3363,3363,-12.3331930757524,-12.3331930757524
"Conservancy","Conservancy_50","Sanitatas","SSP585_2050","Without_Intervention","Grazer-Mixed",1,12417,12417,-9.7221731915055,-9.7221731915055
"Conservancy","Conservancy_50","Sanitatas","SSP585_2090","With_Intervention","Browser-Mixed",1,36791,36791,60.6444752898903,60.6444752898903
"Conservancy","Conservancy_50","Sanitatas","SSP585_2090","With_Intervention","Grazer",2,13570,13570,311.174713182079,311.174713182079
"Conservancy","Conservancy_50","Sanitatas","SSP585_2090","With_Intervention","Grazer-Mixed",1,47474,47474,245.171343105069,245.171343105069
"Conservancy","Conservancy_50","Sanitatas","SSP585_2090","Without_Intervention","Browser-Mixed",1,20864,20864,-8.89829228366026,-8.89829228366026
"Conservancy","Conservancy_50","Sanitatas","SSP585_2090","Without_Intervention","Grazer",2,3073,3073,-20.2504358227481,-20.2504358227481
"Conservancy","Conservancy_50","Sanitatas","SSP585_2090","Without_Intervention","Grazer-Mixed",1,11408,11408,-17.0574250307568,-17.0574250307568
"Conservancy","Conservancy_51","Epupa","Current","Current","Browser-Mixed",1,155240,155240,0,0
"Conservancy","Conservancy_51","Epupa","Current","Current","Grazer",2,17032,17032,0,0
"Conservancy","Conservancy_51","Epupa","Current","Current","Grazer-Mixed",1,81060,81060,0,0
"Conservancy","Conservancy_51","Epupa","SSP245_2050","With_Intervention","Browser-Mixed",1,142357,142357,-8.29879284157798,-8.29879284157798
"Conservancy","Conservancy_51","Epupa","SSP245_2050","With_Intervention","Grazer",2,41990,41990,163.280226858442,163.280226858442
"Conservancy","Conservancy_51","Epupa","SSP245_2050","With_Intervention","Grazer-Mixed",1,155713,155713,92.0971235976949,92.0971235976949
"Conservancy","Conservancy_51","Epupa","SSP245_2050","Without_Intervention","Browser-Mixed",1,155895,155895,0.422198137330873,0.422198137330873
"Conservancy","Conservancy_51","Epupa","SSP245_2050","Without_Intervention","Grazer",2,17014,17014,-0.0870862928743198,-0.0870862928743198
"Conservancy","Conservancy_51","Epupa","SSP245_2050","Without_Intervention","Grazer-Mixed",1,81211,81211,0.186918310771501,0.186918310771501
"Conservancy","Conservancy_51","Epupa","SSP245_2090","With_Intervention","Browser-Mixed",1,136118,136118,-12.3174158241749,-12.3174158241749
"Conservancy","Conservancy_51","Epupa","SSP245_2090","With_Intervention","Grazer",2,40109,40109,151.487599307385,151.487599307385
"Conservancy","Conservancy_51","Epupa","SSP245_2090","With_Intervention","Grazer-Mixed",1,148774,148774,83.5358544809929,83.5358544809929
"Conservancy","Conservancy_51","Epupa","SSP245_2090","Without_Intervention","Browser-Mixed",1,149277,149277,-3.84058845714486,-3.84058845714486
"Conservancy","Conservancy_51","Epupa","SSP245_2090","Without_Intervention","Grazer",2,16287,16287,-4.34370663574269,-4.34370663574269
"Conservancy","Conservancy_51","Epupa","SSP245_2090","Without_Intervention","Grazer-Mixed",1,77766,77766,-4.06291021236918,-4.06291021236918
"Conservancy","Conservancy_51","Epupa","SSP585_2050","With_Intervention","Browser-Mixed",1,138175,138175,-10.992566024259,-10.992566024259
"Conservancy","Conservancy_51","Epupa","SSP585_2050","With_Intervention","Grazer",2,40756,40756,155.545785227179,155.545785227179
"Conservancy","Conservancy_51","Epupa","SSP585_2050","With_Intervention","Grazer-Mixed",1,151139,151139,86.4540502009206,86.4540502009206
"Conservancy","Conservancy_51","Epupa","SSP585_2050","Without_Intervention","Browser-Mixed",1,151320,151320,-2.52513812674672,-2.52513812674672
"Conservancy","Conservancy_51","Epupa","SSP585_2050","Without_Intervention","Grazer",2,16515,16515,-3.01983741929799,-3.01983741929799
"Conservancy","Conservancy_51","Epupa","SSP585_2050","Without_Intervention","Grazer-Mixed",1,78828,78828,-2.75347794719161,-2.75347794719161
"Conservancy","Conservancy_51","Epupa","SSP585_2090","With_Intervention","Browser-Mixed",1,131527,131527,-15.2747980322352,-15.2747980322352
"Conservancy","Conservancy_51","Epupa","SSP585_2090","With_Intervention","Grazer",2,38757,38757,143.010445425244,143.010445425244
"Conservancy","Conservancy_51","Epupa","SSP585_2090","With_Intervention","Grazer-Mixed",1,143758,143758,77.3482604762214,77.3482604762214
"Conservancy","Conservancy_51","Epupa","SSP585_2090","Without_Intervention","Browser-Mixed",1,144237,144237,-7.0875540634097,-7.0875540634097
"Conservancy","Conservancy_51","Epupa","SSP585_2090","Without_Intervention","Grazer",2,15738,15738,-7.57311793706118,-7.57311793706118
"Conservancy","Conservancy_51","Epupa","SSP585_2090","Without_Intervention","Grazer-Mixed",1,75140,75140,-7.30241423110291,-7.30241423110291
"Conservancy","Conservancy_52","Ongongo","Current","Current","Browser-Mixed",1,21069,21069,0,0
"Conservancy","Conservancy_52","Ongongo","Current","Current","Grazer",2,2459,2459,0,0
"Conservancy","Conservancy_52","Ongongo","Current","Current","Grazer-Mixed",1,11241,11241,0,0
"Conservancy","Conservancy_52","Ongongo","SSP245_2050","With_Intervention","Browser-Mixed",1,20731,20731,-1.60434858145426,-1.60434858145426
"Conservancy","Conservancy_52","Ongongo","SSP245_2050","With_Intervention","Grazer",2,6409,6409,180.466271800493,180.466271800493
"Conservancy","Conservancy_52","Ongongo","SSP245_2050","With_Intervention","Grazer-Mixed",1,23452,23452,108.621233000468,108.621233000468
"Conservancy","Conservancy_52","Ongongo","SSP245_2050","Without_Intervention","Browser-Mixed",1,20469,20469,-2.84610422941274,-2.84610422941274
"Conservancy","Conservancy_52","Ongongo","SSP245_2050","Without_Intervention","Grazer",2,2312,2312,-6.35488938937895,-6.35488938937895
"Conservancy","Conservancy_52","Ongongo","SSP245_2050","Without_Intervention","Grazer-Mixed",1,10684,10684,-4.95521774297531,-4.95521774297531
"Conservancy","Conservancy_52","Ongongo","SSP245_2090","With_Intervention","Browser-Mixed",1,19780,19780,-6.11756025354186,-6.11756025354186
"Conservancy","Conservancy_52","Ongongo","SSP245_2090","With_Intervention","Grazer",2,6091,6091,166.502572047711,166.502572047711
"Conservancy","Conservancy_52","Ongongo","SSP245_2090","With_Intervention","Grazer-Mixed",1,22302,22302,98.3891329555681,98.3891329555681
"Conservancy","Conservancy_52","Ongongo","SSP245_2090","Without_Intervention","Browser-Mixed",1,19544,19544,-7.23579202699409,-7.23579202699409
"Conservancy","Conservancy_52","Ongongo","SSP245_2090","Without_Intervention","Grazer",2,2196,2196,-11.095666083862,-11.095666083862
"Conservancy","Conservancy_52","Ongongo","SSP245_2090","Without_Intervention","Grazer-Mixed",1,10168,10168,-9.55267118725275,-9.55267118725275
"Conservancy","Conservancy_52","Ongongo","SSP585_2050","With_Intervention","Browser-Mixed",1,20049,20049,-4.84187250992643,-4.84187250992643
"Conservancy","Conservancy_52","Ongongo","SSP585_2050","With_Intervention","Grazer",2,6198,6198,171.245526113182,171.245526113182
"Conservancy","Conservancy_52","Ongongo","SSP585_2050","With_Intervention","Grazer-Mixed",1,22681,22681,101.761166802449,101.761166802449
"Conservancy","Conservancy_52","Ongongo","SSP585_2050","Without_Intervention","Browser-Mixed",1,19794,19794,-6.04911753391207,-6.04911753391207
"Conservancy","Conservancy_52","Ongongo","SSP585_2050","Without_Intervention","Grazer",2,2236,2236,-9.44056005202896,-9.44056005202896
"Conservancy","Conservancy_52","Ongongo","SSP585_2050","Without_Intervention","Grazer-Mixed",1,10332,10332,-8.08829809158497,-8.08829809158497
"Conservancy","Conservancy_52","Ongongo","SSP585_2090","With_Intervention","Browser-Mixed",1,18839,18839,-10.5847760441329,-10.5847760441329
"Conservancy","Conservancy_52","Ongongo","SSP585_2090","With_Intervention","Grazer",2,5802,5802,153.851226453947,153.851226453947
"Conservancy","Conservancy_52","Ongongo","SSP585_2090","With_Intervention","Grazer-Mixed",1,21242,21242,88.9659216709522,88.9659216709522
"Conservancy","Conservancy_52","Ongongo","SSP585_2090","Without_Intervention","Browser-Mixed",1,18610,18610,-11.6688853302143,-11.6688853302143
"Conservancy","Conservancy_52","Ongongo","SSP585_2090","Without_Intervention","Grazer",2,2091,2091,-15.3412094612239,-15.3412094612239
"Conservancy","Conservancy_52","Ongongo","SSP585_2090","Without_Intervention","Grazer-Mixed",1,9682,9682,-13.8753038017788,-13.8753038017788
"Conservancy","Conservancy_53","Otjiu-West","Current","Current","Browser-Mixed",1,47465,47465,0,0
"Conservancy","Conservancy_53","Otjiu-West","Current","Current","Grazer",2,5732,5732,0,0
"Conservancy","Conservancy_53","Otjiu-West","Current","Current","Grazer-Mixed",1,25982,25982,0,0
"Conservancy","Conservancy_53","Otjiu-West","SSP245_2050","With_Intervention","Browser-Mixed",1,46790,46790,-1.42172120341664,-1.42172120341664
"Conservancy","Conservancy_53","Otjiu-West","SSP245_2050","With_Intervention","Grazer",2,14663,14663,173.743064554609,173.743064554609
"Conservancy","Conservancy_53","Otjiu-West","SSP245_2050","With_Intervention","Grazer-Mixed",1,53612,53612,106.338171120163,106.338171120163
"Conservancy","Conservancy_53","Otjiu-West","SSP245_2050","Without_Intervention","Browser-Mixed",1,47311,47311,-0.324187393480239,-0.324187393480239
"Conservancy","Conservancy_53","Otjiu-West","SSP245_2050","Without_Intervention","Grazer",2,5353,5353,-7.15296773341016,-7.15296773341016
"Conservancy","Conservancy_53","Otjiu-West","SSP245_2050","Without_Intervention","Grazer-Mixed",1,24845,24845,-4.3763767534783,-4.3763767534783
"Conservancy","Conservancy_53","Otjiu-West","SSP245_2090","With_Intervention","Browser-Mixed",1,44667,44667,-5.89575204684496,-5.89575204684496
"Conservancy","Conservancy_53","Otjiu-West","SSP245_2090","With_Intervention","Grazer",2,13963,13963,160.684068823202,160.684068823202
"Conservancy","Conservancy_53","Otjiu-West","SSP245_2090","With_Intervention","Grazer-Mixed",1,51081,51081,96.5994126732732,96.5994126732732
"Conservancy","Conservancy_53","Otjiu-West","SSP245_2090","Without_Intervention","Browser-Mixed",1,45256,45256,-4.65492020300175,-4.65492020300175
"Conservancy","Conservancy_53","Otjiu-West","SSP245_2090","Without_Intervention","Grazer",2,5088,5088,-11.7757853059102,-11.7757853059102
"Conservancy","Conservancy_53","Otjiu-West","SSP245_2090","Without_Intervention","Grazer-Mixed",1,23678,23678,-8.86776844683932,-8.86776844683932
"Conservancy","Conservancy_53","Otjiu-West","SSP585_2050","With_Intervention","Browser-Mixed",1,45249,45249,-4.66900347664803,-4.66900347664803
"Conservancy","Conservancy_53","Otjiu-West","SSP585_2050","With_Intervention","Grazer",2,14180,14180,164.731667437185,164.731667437185
"Conservancy","Conservancy_53","Otjiu-West","SSP585_2050","With_Intervention","Grazer-Mixed",1,51846,51846,99.5443261226729,99.5443261226729
"Conservancy","Conservancy_53","Otjiu-West","SSP585_2050","Without_Intervention","Browser-Mixed",1,45748,45748,-3.61664624742149,-3.61664624742149
"Conservancy","Conservancy_53","Otjiu-West","SSP585_2050","Without_Intervention","Grazer",2,5176,5176,-10.2193860074342,-10.2193860074342
"Conservancy","Conservancy_53","Otjiu-West","SSP585_2050","Without_Intervention","Grazer-Mixed",1,24024,24024,-7.53563170585879,-7.53563170585879
"Conservancy","Conservancy_53","Otjiu-West","SSP585_2090","With_Intervention","Browser-Mixed",1,42506,42506,-10.4476368328831,-10.4476368328831
"Conservancy","Conservancy_53","Otjiu-West","SSP585_2090","With_Intervention","Grazer",2,13289,13289,148.089043508587,148.089043508587
"Conservancy","Conservancy_53","Otjiu-West","SSP585_2090","With_Intervention","Grazer-Mixed",1,48612,48612,87.0975968215874,87.0975968215874
"Conservancy","Conservancy_53","Otjiu-West","SSP585_2090","Without_Intervention","Browser-Mixed",1,43058,43058,-9.2857284260496,-9.2857284260496
"Conservancy","Conservancy_53","Otjiu-West","SSP585_2090","Without_Intervention","Grazer",2,4841,4841,-16.0571048302244,-16.0571048302244
"Conservancy","Conservancy_53","Otjiu-West","SSP585_2090","Without_Intervention","Grazer-Mixed",1,22528,22528,-13.2936347160482,-13.2936347160482
"Conservancy","Conservancy_54","Marienfluss","Current","Current","Browser-Mixed",1,21413,21413,0,0
"Conservancy","Conservancy_54","Marienfluss","Current","Current","Grazer",2,3951,3951,0,0
"Conservancy","Conservancy_54","Marienfluss","Current","Current","Grazer-Mixed",1,10828,10828,0,0
"Conservancy","Conservancy_54","Marienfluss","SSP245_2050","With_Intervention","Browser-Mixed",1,70108,70108,227.410811138413,227.410811138413
"Conservancy","Conservancy_54","Marienfluss","SSP245_2050","With_Intervention","Grazer",2,28170,28170,959.81926533165,959.81926533165
"Conservancy","Conservancy_54","Marienfluss","SSP245_2050","With_Intervention","Grazer-Mixed",1,96552,96552,791.690616656536,791.690616656536
"Conservancy","Conservancy_54","Marienfluss","SSP245_2050","Without_Intervention","Browser-Mixed",1,20720,20720,-3.23613926465184,-3.23613926465184
"Conservancy","Conservancy_54","Marienfluss","SSP245_2050","Without_Intervention","Grazer",2,3908,3908,-2.46462839066934,-2.46462839066934
"Conservancy","Conservancy_54","Marienfluss","SSP245_2050","Without_Intervention","Grazer-Mixed",1,10431,10431,-3.66839404106009,-3.66839404106009
"Conservancy","Conservancy_54","Marienfluss","SSP245_2090","With_Intervention","Browser-Mixed",1,66213,66213,209.220695624292,209.220695624292
"Conservancy","Conservancy_54","Marienfluss","SSP245_2090","With_Intervention","Grazer",2,26631,26631,901.876638407431,901.876638407431
"Conservancy","Conservancy_54","Marienfluss","SSP245_2090","With_Intervention","Grazer-Mixed",1,91256,91256,742.777803088491,742.777803088491
"Conservancy","Conservancy_54","Marienfluss","SSP245_2090","Without_Intervention","Browser-Mixed",1,19424,19424,-9.28902921537042,-9.28902921537042
"Conservancy","Conservancy_54","Marienfluss","SSP245_2090","Without_Intervention","Grazer",2,3681,3681,-8.36395567800993,-8.36395567800993
"Conservancy","Conservancy_54","Marienfluss","SSP245_2090","Without_Intervention","Grazer-Mixed",1,9775,9775,-9.72867436940446,-9.72867436940446
"Conservancy","Conservancy_54","Marienfluss","SSP585_2050","With_Intervention","Browser-Mixed",1,68916,68916,221.843623463688,221.843623463688
"Conservancy","Conservancy_54","Marienfluss","SSP585_2050","With_Intervention","Grazer",2,27692,27692,941.860048821743,941.860048821743
"Conservancy","Conservancy_54","Marienfluss","SSP585_2050","With_Intervention","Grazer-Mixed",1,94915,94915,776.570500821164,776.570500821164
"Conservancy","Conservancy_54","Marienfluss","SSP585_2050","Without_Intervention","Browser-Mixed",1,20356,20356,-4.9344400275692,-4.9344400275692
"Conservancy","Conservancy_54","Marienfluss","SSP585_2050","Without_Intervention","Grazer",2,3841,3841,-4.16205568742449,-4.16205568742449
"Conservancy","Conservancy_54","Marienfluss","SSP585_2050","Without_Intervention","Grazer-Mixed",1,10247,10247,-5.36156725411924,-5.36156725411924
"Conservancy","Conservancy_54","Marienfluss","SSP585_2090","With_Intervention","Browser-Mixed",1,64333,64333,200.442776807876,200.442776807876
"Conservancy","Conservancy_54","Marienfluss","SSP585_2090","With_Intervention","Grazer",2,25876,25876,873.477193487013,873.477193487013
"Conservancy","Conservancy_54","Marienfluss","SSP585_2090","With_Intervention","Grazer-Mixed",1,88668,88668,718.880034581428,718.880034581428
"Conservancy","Conservancy_54","Marienfluss","SSP585_2090","Without_Intervention","Browser-Mixed",1,18863,18863,-11.9070140157293,-11.9070140157293
"Conservancy","Conservancy_54","Marienfluss","SSP585_2090","Without_Intervention","Grazer",2,3576,3576,-10.995382060185,-10.995382060185
"Conservancy","Conservancy_54","Marienfluss","SSP585_2090","Without_Intervention","Grazer-Mixed",1,9492,9492,-12.336232172022,-12.336232172022
"Conservancy","Conservancy_55","Puros","Current","Current","Browser-Mixed",1,22615,22615,0,0
"Conservancy","Conservancy_55","Puros","Current","Current","Grazer",2,4402,4402,0,0
"Conservancy","Conservancy_55","Puros","Current","Current","Grazer-Mixed",1,11401,11401,0,0
"Conservancy","Conservancy_55","Puros","SSP245_2050","With_Intervention","Browser-Mixed",1,81350,81350,259.717007867181,259.717007867181
"Conservancy","Conservancy_55","Puros","SSP245_2050","With_Intervention","Grazer",2,33013,33013,1062.13308652514,1062.13308652514
"Conservancy","Conservancy_55","Puros","SSP245_2050","With_Intervention","Grazer-Mixed",1,112916,112916,890.407017711805,890.407017711805
"Conservancy","Conservancy_55","Puros","SSP245_2050","Without_Intervention","Browser-Mixed",1,22090,22090,-2.32035172108699,-2.32035172108699
"Conservancy","Conservancy_55","Puros","SSP245_2050","Without_Intervention","Grazer",2,4383,4383,-1.83902572843982,-1.83902572843982
"Conservancy","Conservancy_55","Puros","SSP245_2050","Without_Intervention","Grazer-Mixed",1,11073,11073,-2.87622138969964,-2.87622138969964
"Conservancy","Conservancy_55","Puros","SSP245_2090","With_Intervention","Browser-Mixed",1,77298,77298,241.800011359091,241.800011359091
"Conservancy","Conservancy_55","Puros","SSP245_2090","With_Intervention","Grazer",2,31369,31369,1004.28501743643,1004.28501743643
"Conservancy","Conservancy_55","Puros","SSP245_2090","With_Intervention","Grazer-Mixed",1,107295,107295,841.104443916357,841.104443916357
"Conservancy","Conservancy_55","Puros","SSP245_2090","Without_Intervention","Browser-Mixed",1,20878,20878,-7.67925175744677,-7.67925175744677
"Conservancy","Conservancy_55","Puros","SSP245_2090","Without_Intervention","Grazer",2,4153,4153,-7.10912097300995,-7.10912097300995
"Conservancy","Conservancy_55","Puros","SSP245_2090","Without_Intervention","Grazer-Mixed",1,10463,10463,-8.22588583660743,-8.22588583660743
"Conservancy","Conservancy_55","Puros","SSP585_2050","With_Intervention","Browser-Mixed",1,79262,79262,250.481744987433,250.481744987433
"Conservancy","Conservancy_55","Puros","SSP585_2050","With_Intervention","Grazer",2,32165,32165,1032.30897327379,1032.30897327379
"Conservancy","Conservancy_55","Puros","SSP585_2050","With_Intervention","Grazer-Mixed",1,110017,110017,864.987357212504,864.987357212504
"Conservancy","Conservancy_55","Puros","SSP585_2050","Without_Intervention","Browser-Mixed",1,21518,21518,-4.84944934747815,-4.84944934747815
"Conservancy","Conservancy_55","Puros","SSP585_2050","Without_Intervention","Grazer",2,4270,4270,-4.37441547220933,-4.37441547220933
"Conservancy","Conservancy_55","Puros","SSP585_2050","Without_Intervention","Grazer-Mixed",1,10786,10786,-5.39206520335986,-5.39206520335986
"Conservancy","Conservancy_55","Puros","SSP585_2090","With_Intervention","Browser-Mixed",1,72899,72899,222.34810329571,222.34810329571
"Conservancy","Conservancy_55","Puros","SSP585_2090","With_Intervention","Grazer",2,29584,29584,941.445372442479,941.445372442479
"Conservancy","Conservancy_55","Puros","SSP585_2090","With_Intervention","Grazer-Mixed",1,101189,101189,787.549990179473,787.549990179473
"Conservancy","Conservancy_55","Puros","SSP585_2090","Without_Intervention","Browser-Mixed",1,19689,19689,-12.9387808660187,-12.9387808660187
"Conservancy","Conservancy_55","Puros","SSP585_2090","Without_Intervention","Grazer",2,3917,3917,-12.3998883562913,-12.3998883562913
"Conservancy","Conservancy_55","Puros","SSP585_2090","Without_Intervention","Grazer-Mixed",1,9867,9867,-13.4545023314308,-13.4545023314308
"Conservancy","Conservancy_56","Okondjombo","Current","Current","Browser-Mixed",1,34091,34091,0,0
"Conservancy","Conservancy_56","Okondjombo","Current","Current","Grazer",2,4858,4858,0,0
"Conservancy","Conservancy_56","Okondjombo","Current","Current","Grazer-Mixed",1,19227,19227,0,0
"Conservancy","Conservancy_56","Okondjombo","SSP245_2050","With_Intervention","Browser-Mixed",1,49975,49975,46.595270709744,46.595270709744
"Conservancy","Conservancy_56","Okondjombo","SSP245_2050","With_Intervention","Grazer",2,17797,17797,311.835903578379,311.835903578379
"Conservancy","Conservancy_56","Okondjombo","SSP245_2050","With_Intervention","Grazer-Mixed",1,62892,62892,227.105098093184,227.105098093184
"Conservancy","Conservancy_56","Okondjombo","SSP245_2050","Without_Intervention","Browser-Mixed",1,32853,32853,-3.62979701447146,-3.62979701447146
"Conservancy","Conservancy_56","Okondjombo","SSP245_2050","Without_Intervention","Grazer",2,4401,4401,-10.7851274903999,-10.7851274903999
"Conservancy","Conservancy_56","Okondjombo","SSP245_2050","Without_Intervention","Grazer-Mixed",1,17569,17569,-8.62279573140962,-8.62279573140962
"Conservancy","Conservancy_56","Okondjombo","SSP245_2090","With_Intervention","Browser-Mixed",1,47333,47333,38.8446604874771,38.8446604874771
"Conservancy","Conservancy_56","Okondjombo","SSP245_2090","With_Intervention","Grazer",2,16851,16851,289.930449866448,289.930449866448
"Conservancy","Conservancy_56","Okondjombo","SSP245_2090","With_Intervention","Grazer-Mixed",1,59550,59550,209.722481964382,209.722481964382
"Conservancy","Conservancy_56","Okondjombo","SSP245_2090","Without_Intervention","Browser-Mixed",1,31085,31085,-8.81572703143936,-8.81572703143936
"Conservancy","Conservancy_56","Okondjombo","SSP245_2090","Without_Intervention","Grazer",2,4133,4133,-16.3518521429989,-16.3518521429989
"Conservancy","Conservancy_56","Okondjombo","SSP245_2090","Without_Intervention","Grazer-Mixed",1,16524,16524,-14.0583541801762,-14.0583541801762
"Conservancy","Conservancy_56","Okondjombo","SSP585_2050","With_Intervention","Browser-Mixed",1,48518,48518,42.3195625082874,42.3195625082874
"Conservancy","Conservancy_56","Okondjombo","SSP585_2050","With_Intervention","Grazer",2,17281,17281,299.888937310883,299.888937310883
"Conservancy","Conservancy_56","Okondjombo","SSP585_2050","With_Intervention","Grazer-Mixed",1,61065,61065,217.604455612363,217.604455612363
"Conservancy","Conservancy_56","Okondjombo","SSP585_2050","Without_Intervention","Browser-Mixed",1,31873,31873,-6.50658549347008,-6.50658549347008
"Conservancy","Conservancy_56","Okondjombo","SSP585_2050","Without_Intervention","Grazer",2,4271,4271,-13.4311569582005,-13.4311569582005
"Conservancy","Conservancy_56","Okondjombo","SSP585_2050","Without_Intervention","Grazer-Mixed",1,17045,17045,-11.3483028417625,-11.3483028417625
"Conservancy","Conservancy_56","Okondjombo","SSP585_2090","With_Intervention","Browser-Mixed",1,45029,45029,32.0871270535946,32.0871270535946
"Conservancy","Conservancy_56","Okondjombo","SSP585_2090","With_Intervention","Grazer",2,16026,16026,270.848520027286,270.848520027286
"Conservancy","Conservancy_56","Okondjombo","SSP585_2090","With_Intervention","Grazer-Mixed",1,56639,56639,194.583941410342,194.583941410342
"Conservancy","Conservancy_56","Okondjombo","SSP585_2090","Without_Intervention","Browser-Mixed",1,29604,29604,-13.1617503256422,-13.1617503256422
"Conservancy","Conservancy_56","Okondjombo","SSP585_2090","Without_Intervention","Grazer",2,3935,3935,-20.3396463300828,-20.3396463300828
"Conservancy","Conservancy_56","Okondjombo","SSP585_2090","Without_Intervention","Grazer-Mixed",1,15739,15739,-18.142056319895,-18.142056319895
"Conservancy","Conservancy_57","Otjikongo","Current","Current","Browser-Mixed",1,24207,24207,0,0
"Conservancy","Conservancy_57","Otjikongo","Current","Current","Grazer",2,3650,3650,0,0
"Conservancy","Conservancy_57","Otjikongo","Current","Current","Grazer-Mixed",1,14557,14557,0,0
"Conservancy","Conservancy_57","Otjikongo","SSP245_2050","With_Intervention","Browser-Mixed",1,32054,32054,32.4130655671289,32.4130655671289
"Conservancy","Conservancy_57","Otjikongo","SSP245_2050","With_Intervention","Grazer",2,11180,11180,234.566344086872,234.566344086872
"Conservancy","Conservancy_57","Otjikongo","SSP245_2050","With_Intervention","Grazer-Mixed",1,39689,39689,172.654038671232,172.654038671232
"Conservancy","Conservancy_57","Otjikongo","SSP245_2050","Without_Intervention","Browser-Mixed",1,22980,22980,-5.06996290816713,-5.06996290816713
"Conservancy","Conservancy_57","Otjikongo","SSP245_2050","Without_Intervention","Grazer",2,3234,3234,-12.5774454620392,-12.5774454620392
"Conservancy","Conservancy_57","Otjikongo","SSP245_2050","Without_Intervention","Grazer-Mixed",1,13045,13045,-10.3821672509281,-10.3821672509281
"Conservancy","Conservancy_57","Otjikongo","SSP245_2090","With_Intervention","Browser-Mixed",1,30335,30335,25.3142735753078,25.3142735753078
"Conservancy","Conservancy_57","Otjikongo","SSP245_2090","With_Intervention","Grazer",2,10533,10533,215.126976326781,215.126976326781
"Conservancy","Conservancy_57","Otjikongo","SSP245_2090","With_Intervention","Grazer-Mixed",1,37411,37411,157.002296203665,157.002296203665
"Conservancy","Conservancy_57","Otjikongo","SSP245_2090","Without_Intervention","Browser-Mixed",1,21585,21585,-10.8309990932696,-10.8309990932696
"Conservancy","Conservancy_57","Otjikongo","SSP245_2090","Without_Intervention","Grazer",2,2927,2927,-21.4451713049611,-21.4451713049611
"Conservancy","Conservancy_57","Otjikongo","SSP245_2090","Without_Intervention","Grazer-Mixed",1,11891,11891,-18.3094313132491,-18.3094313132491
"Conservancy","Conservancy_57","Otjikongo","SSP585_2050","With_Intervention","Browser-Mixed",1,31028,31028,28.1763604951446,28.1763604951446
"Conservancy","Conservancy_57","Otjikongo","SSP585_2050","With_Intervention","Grazer",2,10822,10822,223.869610235373,223.869610235373
"Conservancy","Conservancy_57","Otjikongo","SSP585_2050","With_Intervention","Grazer-Mixed",1,38420,38420,163.935463780147,163.935463780147
"Conservancy","Conservancy_57","Otjikongo","SSP585_2050","Without_Intervention","Browser-Mixed",1,22243,22243,-8.1138541413712,-8.1138541413712
"Conservancy","Conservancy_57","Otjikongo","SSP585_2050","Without_Intervention","Grazer",2,3130,3130,-15.3783819144688,-15.3783819144688
"Conservancy","Conservancy_57","Otjikongo","SSP585_2050","Without_Intervention","Grazer-Mixed",1,12627,12627,-13.2549237771926,-13.2549237771926
"Conservancy","Conservancy_57","Otjikongo","SSP585_2090","With_Intervention","Browser-Mixed",1,28720,28720,18.6403254325555,18.6403254325555
"Conservancy","Conservancy_57","Otjikongo","SSP585_2090","With_Intervention","Grazer",2,9970,9970,198.292038784054,198.292038784054
"Conservancy","Conservancy_57","Otjikongo","SSP585_2090","With_Intervention","Grazer-Mixed",1,35414,35414,143.282582049282,143.282582049282
"Conservancy","Conservancy_57","Otjikongo","SSP585_2090","Without_Intervention","Browser-Mixed",1,20449,20449,-15.5237778272573,-15.5237778272573
"Conservancy","Conservancy_57","Otjikongo","SSP585_2090","Without_Intervention","Grazer",2,2772,2772,-25.5904043723509,-25.5904043723509
"Conservancy","Conservancy_57","Otjikongo","SSP585_2090","Without_Intervention","Grazer-Mixed",1,11266,11266,-22.6087129212702,-22.6087129212702
"Conservancy","Conservancy_58","Kunene River","Current","Current","Browser-Mixed",1,154274,154274,0,0
"Conservancy","Conservancy_58","Kunene River","Current","Current","Grazer",2,17060,17060,0,0
"Conservancy","Conservancy_58","Kunene River","Current","Current","Grazer-Mixed",1,81262,81262,0,0
"Conservancy","Conservancy_58","Kunene River","SSP245_2050","With_Intervention","Browser-Mixed",1,135807,135807,-11.9705253670768,-11.9705253670768
"Conservancy","Conservancy_58","Kunene River","SSP245_2050","With_Intervention","Grazer",2,40198,40198,150.731856914099,150.731856914099
"Conservancy","Conservancy_58","Kunene River","SSP245_2050","With_Intervention","Grazer-Mixed",1,149109,149109,83.4911618470969,83.4911618470969
"Conservancy","Conservancy_58","Kunene River","SSP245_2050","Without_Intervention","Browser-Mixed",1,151400,151400,-1.86280833667301,-1.86280833667301
"Conservancy","Conservancy_58","Kunene River","SSP245_2050","Without_Intervention","Grazer",2,16517,16517,-3.3074019128165,-3.3074019128165
"Conservancy","Conservancy_58","Kunene River","SSP245_2050","Without_Intervention","Grazer-Mixed",1,79074,79074,-2.69208444847416,-2.69208444847416
"Conservancy","Conservancy_58","Kunene River","SSP245_2090","With_Intervention","Browser-Mixed",1,130132,130132,-15.6485783331899,-15.6485783331899
"Conservancy","Conservancy_58","Kunene River","SSP245_2090","With_Intervention","Grazer",2,38486,38486,140.055512373959,140.055512373959
"Conservancy","Conservancy_58","Kunene River","SSP245_2090","With_Intervention","Grazer-Mixed",1,142786,142786,75.7101812263886,75.7101812263886
"Conservancy","Conservancy_58","Kunene River","SSP245_2090","Without_Intervention","Browser-Mixed",1,145205,145205,-5.87834999320717,-5.87834999320717
"Conservancy","Conservancy_58","Kunene River","SSP245_2090","Without_Intervention","Grazer",2,15798,15798,-7.53300926712987,-7.53300926712987
"Conservancy","Conservancy_58","Kunene River","SSP245_2090","Without_Intervention","Grazer-Mixed",1,75716,75716,-6.82541310674979,-6.82541310674979
"Conservancy","Conservancy_58","Kunene River","SSP585_2050","With_Intervention","Browser-Mixed",1,131255,131255,-14.92097342398,-14.92097342398
"Conservancy","Conservancy_58","Kunene River","SSP585_2050","With_Intervention","Grazer",2,38849,38849,142.3216374005,142.3216374005
"Conservancy","Conservancy_58","Kunene River","SSP585_2050","With_Intervention","Grazer-Mixed",1,144108,144108,77.337311716366,77.337311716366
"Conservancy","Conservancy_58","Kunene River","SSP585_2050","Without_Intervention","Browser-Mixed",1,146325,146325,-5.15269391761412,-5.15269391761412
"Conservancy","Conservancy_58","Kunene River","SSP585_2050","Without_Intervention","Grazer",2,15963,15963,-6.54826393109869,-6.54826393109869
"Conservancy","Conservancy_58","Kunene River","SSP585_2050","Without_Intervention","Grazer-Mixed",1,76424,76424,-5.95384260324039,-5.95384260324039
"Conservancy","Conservancy_58","Kunene River","SSP585_2090","With_Intervention","Browser-Mixed",1,124945,124945,-19.011275715576,-19.011275715576
"Conservancy","Conservancy_58","Kunene River","SSP585_2090","With_Intervention","Grazer",2,36951,36951,130.476717075727,130.476717075727
"Conservancy","Conservancy_58","Kunene River","SSP585_2090","With_Intervention","Grazer-Mixed",1,137089,137089,68.7002068772691,68.7002068772691
"Conservancy","Conservancy_58","Kunene River","SSP585_2090","Without_Intervention","Browser-Mixed",1,139416,139416,-9.63120391083496,-9.63120391083496
"Conservancy","Conservancy_58","Kunene River","SSP585_2090","Without_Intervention","Grazer",2,15168,15168,-11.2197327601082,-11.2197327601082
"Conservancy","Conservancy_58","Kunene River","SSP585_2090","Without_Intervention","Grazer-Mixed",1,72697,72697,-10.5404254003404,-10.5404254003404
"Conservancy","Conservancy_59","Ombazu","Current","Current","Browser-Mixed",1,48958,48958,0,0
"Conservancy","Conservancy_59","Ombazu","Current","Current","Grazer",2,5403,5403,0,0
"Conservancy","Conservancy_59","Ombazu","Current","Current","Grazer-Mixed",1,25777,25777,0,0
"Conservancy","Conservancy_59","Ombazu","SSP245_2050","With_Intervention","Browser-Mixed",1,42553,42553,-13.0818319703341,-13.0818319703341
"Conservancy","Conservancy_59","Ombazu","SSP245_2050","With_Intervention","Grazer",2,12540,12540,146.888820267986,146.888820267986
"Conservancy","Conservancy_59","Ombazu","SSP245_2050","With_Intervention","Grazer-Mixed",1,46565,46565,80.6437128195271,80.6437128195271
"Conservancy","Conservancy_59","Ombazu","SSP245_2050","Without_Intervention","Browser-Mixed",1,47423,47423,-3.13434744114646,-3.13434744114646
"Conservancy","Conservancy_59","Ombazu","SSP245_2050","Without_Intervention","Grazer",2,5164,5164,-4.55592950563415,-4.55592950563415
"Conservancy","Conservancy_59","Ombazu","SSP245_2050","Without_Intervention","Grazer-Mixed",1,24755,24755,-3.96674855277045,-3.96674855277045
"Conservancy","Conservancy_59","Ombazu","SSP245_2090","With_Intervention","Browser-Mixed",1,40629,40629,-17.0117558353616,-17.0117558353616
"Conservancy","Conservancy_59","Ombazu","SSP245_2090","With_Intervention","Grazer",2,11978,11978,135.836714365682,135.836714365682
"Conservancy","Conservancy_59","Ombazu","SSP245_2090","With_Intervention","Grazer-Mixed",1,44474,44474,72.5314080452428,72.5314080452428
"Conservancy","Conservancy_59","Ombazu","SSP245_2090","Without_Intervention","Browser-Mixed",1,45295,45295,-7.48211827009174,-7.48211827009174
"Conservancy","Conservancy_59","Ombazu","SSP245_2090","Without_Intervention","Grazer",2,4926,4926,-8.96817663245763,-8.96817663245763
"Conservancy","Conservancy_59","Ombazu","SSP245_2090","Without_Intervention","Grazer-Mixed",1,23622,23622,-8.36122336457131,-8.36122336457131
"Conservancy","Conservancy_59","Ombazu","SSP585_2050","With_Intervention","Browser-Mixed",1,41081,41081,-16.0893401289476,-16.0893401289476
"Conservancy","Conservancy_59","Ombazu","SSP585_2050","With_Intervention","Grazer",2,12106,12106,138.346978364697,138.346978364697
"Conservancy","Conservancy_59","Ombazu","SSP585_2050","With_Intervention","Grazer-Mixed",1,44954,44954,74.3937102291059,74.3937102291059
"Conservancy","Conservancy_59","Ombazu","SSP585_2050","Without_Intervention","Browser-Mixed",1,45783,45783,-6.48615524748553,-6.48615524748553
"Conservancy","Conservancy_59","Ombazu","SSP585_2050","Without_Intervention","Grazer",2,4985,4985,-7.85827577454677,-7.85827577454677
"Conservancy","Conservancy_59","Ombazu","SSP585_2050","Without_Intervention","Grazer-Mixed",1,23898,23898,-7.28957142325037,-7.28957142325037
"Conservancy","Conservancy_59","Ombazu","SSP585_2090","With_Intervention","Browser-Mixed",1,38851,38851,-20.6448775578403,-20.6448775578403
"Conservancy","Conservancy_59","Ombazu","SSP585_2090","With_Intervention","Grazer",2,11454,11454,125.514218760134,125.514218760134
"Conservancy","Conservancy_59","Ombazu","SSP585_2090","With_Intervention","Grazer-Mixed",1,42527,42527,64.9795297202601,64.9795297202601
"Conservancy","Conservancy_59","Ombazu","SSP585_2090","Without_Intervention","Browser-Mixed",1,43312,43312,-11.532618994095,-11.532618994095
"Conservancy","Conservancy_59","Ombazu","SSP585_2090","Without_Intervention","Grazer",2,4710,4710,-12.9532517259457,-12.9532517259457
"Conservancy","Conservancy_59","Ombazu","SSP585_2090","Without_Intervention","Grazer-Mixed",1,22588,22588,-12.3729566884611,-12.3729566884611
"Conservancy","Conservancy_6","Otjombinde","Current","Current","Browser-Mixed",1,333119,333119,0,0
"Conservancy","Conservancy_6","Otjombinde","Current","Current","Grazer",2,36855,36855,0,0
"Conservancy","Conservancy_6","Otjombinde","Current","Current","Grazer-Mixed",1,175605,175605,0,0
"Conservancy","Conservancy_6","Otjombinde","SSP245_2050","With_Intervention","Browser-Mixed",1,275212,275212,-17.3831577484862,-17.3831577484862
"Conservancy","Conservancy_6","Otjombinde","SSP245_2050","With_Intervention","Grazer",2,95603,95603,177.404088538692,177.404088538692
"Conservancy","Conservancy_6","Otjombinde","SSP245_2050","With_Intervention","Grazer-Mixed",1,345750,345750,96.8910040064296,96.8910040064296
"Conservancy","Conservancy_6","Otjombinde","SSP245_2050","Without_Intervention","Browser-Mixed",1,316095,316095,-5.11046953585281,-5.11046953585281
"Conservancy","Conservancy_6","Otjombinde","SSP245_2050","Without_Intervention","Grazer",2,34434,34434,-6.7161461275889,-6.7161461275889
"Conservancy","Conservancy_6","Otjombinde","SSP245_2050","Without_Intervention","Grazer-Mixed",1,164977,164977,-6.05177078022067,-6.05177078022067
"Conservancy","Conservancy_6","Otjombinde","SSP245_2090","With_Intervention","Browser-Mixed",1,266473,266473,-20.0065294297145,-20.0065294297145
"Conservancy","Conservancy_6","Otjombinde","SSP245_2090","With_Intervention","Grazer",2,92538,92538,168.508474013088,168.508474013088
"Conservancy","Conservancy_6","Otjombinde","SSP245_2090","With_Intervention","Grazer-Mixed",1,334681,334681,90.5879497212492,90.5879497212492
"Conservancy","Conservancy_6","Otjombinde","SSP245_2090","Without_Intervention","Browser-Mixed",1,306075,306075,-8.11819422986462,-8.11819422986462
"Conservancy","Conservancy_6","Otjombinde","SSP245_2090","Without_Intervention","Grazer",2,33285,33285,-9.8455287012115,-9.8455287012115
"Conservancy","Conservancy_6","Otjombinde","SSP245_2090","Without_Intervention","Grazer-Mixed",1,159570,159570,-9.13088871600246,-9.13088871600246
"Conservancy","Conservancy_6","Otjombinde","SSP585_2050","With_Intervention","Browser-Mixed",1,268211,268211,-19.4848766456947,-19.4848766456947
"Conservancy","Conservancy_6","Otjombinde","SSP585_2050","With_Intervention","Grazer",2,93170,93170,170.343859877399,170.343859877399
"Conservancy","Conservancy_6","Otjombinde","SSP585_2050","With_Intervention","Grazer-Mixed",1,336951,336951,91.880318758935,91.880318758935
"Conservancy","Conservancy_6","Otjombinde","SSP585_2050","Without_Intervention","Browser-Mixed",1,308053,308053,-7.52456251465511,-7.52456251465511
"Conservancy","Conservancy_6","Otjombinde","SSP585_2050","Without_Intervention","Grazer",2,33558,33558,-9.09000223461882,-9.09000223461882
"Conservancy","Conservancy_6","Otjombinde","SSP585_2050","Without_Intervention","Grazer-Mixed",1,160780,160780,-8.44227582158968,-8.44227582158968
"Conservancy","Conservancy_6","Otjombinde","SSP585_2090","With_Intervention","Browser-Mixed",1,249283,249283,-25.1669375200012,-25.1669375200012
"Conservancy","Conservancy_6","Otjombinde","SSP585_2090","With_Intervention","Grazer",2,86569,86569,151.187633759925,151.187633759925
"Conservancy","Conservancy_6","Otjombinde","SSP585_2090","With_Intervention","Grazer-Mixed",1,313092,313092,78.2934852578979,78.2934852578979
"Conservancy","Conservancy_6","Otjombinde","SSP585_2090","Without_Intervention","Browser-Mixed",1,286331,286331,-14.0454720256771,-14.0454720256771
"Conservancy","Conservancy_6","Otjombinde","SSP585_2090","Without_Intervention","Grazer",2,31137,31137,-15.6614543265814,-15.6614543265814
"Conservancy","Conservancy_6","Otjombinde","SSP585_2090","Without_Intervention","Grazer-Mixed",1,149276,149276,-14.9928834531712,-14.9928834531712
"Conservancy","Conservancy_60","Ombombo","Current","Current","Browser-Mixed",1,83282,83282,0,0
"Conservancy","Conservancy_60","Ombombo","Current","Current","Grazer",2,9636,9636,0,0
"Conservancy","Conservancy_60","Ombombo","Current","Current","Grazer-Mixed",1,45233,45233,0,0
"Conservancy","Conservancy_60","Ombombo","SSP245_2050","With_Intervention","Browser-Mixed",1,73199,73199,-12.1066318759666,-12.1066318759666
"Conservancy","Conservancy_60","Ombombo","SSP245_2050","With_Intervention","Grazer",2,21657,21657,137.785696839984,137.785696839984
"Conservancy","Conservancy_60","Ombombo","SSP245_2050","With_Intervention","Grazer-Mixed",1,80356,80356,77.6502419644857,77.6502419644857
"Conservancy","Conservancy_60","Ombombo","SSP245_2050","Without_Intervention","Browser-Mixed",1,81397,81397,-2.26266416351561,-2.26266416351561
"Conservancy","Conservancy_60","Ombombo","SSP245_2050","Without_Intervention","Grazer",2,9227,9227,-4.45815134071441,-4.45815134071441
"Conservancy","Conservancy_60","Ombombo","SSP245_2050","Without_Intervention","Grazer-Mixed",1,43598,43598,-3.61342925168142,-3.61342925168142
"Conservancy","Conservancy_60","Ombombo","SSP245_2090","With_Intervention","Browser-Mixed",1,70206,70206,-15.7000775041187,-15.7000775041187
"Conservancy","Conservancy_60","Ombombo","SSP245_2090","With_Intervention","Grazer",2,20773,20773,128.063219072293,128.063219072293
"Conservancy","Conservancy_60","Ombombo","SSP245_2090","With_Intervention","Grazer-Mixed",1,77061,77061,70.3658272977138,70.3658272977138
"Conservancy","Conservancy_60","Ombombo","SSP245_2090","Without_Intervention","Browser-Mixed",1,78108,78108,-6.21166774664727,-6.21166774664727
"Conservancy","Conservancy_60","Ombombo","SSP245_2090","Without_Intervention","Grazer",2,8818,8818,-8.74965516391234,-8.74965516391234
"Conservancy","Conservancy_60","Ombombo","SSP245_2090","Without_Intervention","Grazer-Mixed",1,41711,41711,-7.78630569717182,-7.78630569717182
"Conservancy","Conservancy_60","Ombombo","SSP585_2050","With_Intervention","Browser-Mixed",1,70649,70649,-15.1681563378641,-15.1681563378641
"Conservancy","Conservancy_60","Ombombo","SSP585_2050","With_Intervention","Grazer",2,20903,20903,129.503571999236,129.503571999236
"Conservancy","Conservancy_60","Ombombo","SSP585_2050","With_Intervention","Grazer-Mixed",1,77557,77557,71.4625899733078,71.4625899733078
"Conservancy","Conservancy_60","Ombombo","SSP585_2050","Without_Intervention","Browser-Mixed",1,78562,78562,-5.66758457359538,-5.66758457359538
"Conservancy","Conservancy_60","Ombombo","SSP585_2050","Without_Intervention","Grazer",2,8906,8906,-7.78151460107582,-7.78151460107582
"Conservancy","Conservancy_60","Ombombo","SSP585_2050","Without_Intervention","Grazer-Mixed",1,42081,42081,-6.96824722854569,-6.96824722854569
"Conservancy","Conservancy_60","Ombombo","SSP585_2090","With_Intervention","Browser-Mixed",1,67172,67172,-19.3440873393789,-19.3440873393789
"Conservancy","Conservancy_60","Ombombo","SSP585_2090","With_Intervention","Grazer",2,19875,19875,118.206478133546,118.206478133546
"Conservancy","Conservancy_60","Ombombo","SSP585_2090","With_Intervention","Grazer-Mixed",1,73730,73730,63.0024680746728,63.0024680746728
"Conservancy","Conservancy_60","Ombombo","SSP585_2090","Without_Intervention","Browser-Mixed",1,74732,74732,-10.2663835398601,-10.2663835398601
"Conservancy","Conservancy_60","Ombombo","SSP585_2090","Without_Intervention","Grazer",2,8437,8437,-12.6875754593358,-12.6875754593358
"Conservancy","Conservancy_60","Ombombo","SSP585_2090","Without_Intervention","Grazer-Mixed",1,39909,39909,-11.7687291108692,-11.7687291108692
"Conservancy","Conservancy_61","Otjikondavirongo","Current","Current","Browser-Mixed",1,24256,24256,0,0
"Conservancy","Conservancy_61","Otjikondavirongo","Current","Current","Grazer",2,3313,3313,0,0
"Conservancy","Conservancy_61","Otjikondavirongo","Current","Current","Grazer-Mixed",1,13440,13440,0,0
"Conservancy","Conservancy_61","Otjikondavirongo","SSP245_2050","With_Intervention","Browser-Mixed",1,32841,32841,35.3941610383849,35.3941610383849
"Conservancy","Conservancy_61","Otjikondavirongo","SSP245_2050","With_Intervention","Grazer",2,11472,11472,287.343805448371,287.343805448371
"Conservancy","Conservancy_61","Otjikondavirongo","SSP245_2050","With_Intervention","Grazer-Mixed",1,40694,40694,202.777195299668,202.777195299668
"Conservancy","Conservancy_61","Otjikondavirongo","SSP245_2050","Without_Intervention","Browser-Mixed",1,22835,22835,-5.85941320500879,-5.85941320500879
"Conservancy","Conservancy_61","Otjikondavirongo","SSP245_2050","Without_Intervention","Grazer",2,2991,2991,-10.7567521501268,-10.7567521501268
"Conservancy","Conservancy_61","Otjikondavirongo","SSP245_2050","Without_Intervention","Grazer-Mixed",1,12187,12187,-9.3227776923159,-9.3227776923159
"Conservancy","Conservancy_61","Otjikondavirongo","SSP245_2090","With_Intervention","Browser-Mixed",1,31127,31127,28.3271196574658,28.3271196574658
"Conservancy","Conservancy_61","Otjikondavirongo","SSP245_2090","With_Intervention","Grazer",2,10887,10887,267.631108667273,267.631108667273
"Conservancy","Conservancy_61","Otjikondavirongo","SSP245_2090","With_Intervention","Grazer-Mixed",1,38613,38613,187.295194825008,187.295194825008
"Conservancy","Conservancy_61","Otjikondavirongo","SSP245_2090","Without_Intervention","Browser-Mixed",1,21532,21532,-11.2318464013346,-11.2318464013346
"Conservancy","Conservancy_61","Otjikondavirongo","SSP245_2090","Without_Intervention","Grazer",2,2804,2804,-16.5214614021253,-16.5214614021253
"Conservancy","Conservancy_61","Otjikondavirongo","SSP245_2090","Without_Intervention","Grazer-Mixed",1,11427,11427,-14.9820684497661,-14.9820684497661
"Conservancy","Conservancy_61","Otjikondavirongo","SSP585_2050","With_Intervention","Browser-Mixed",1,31737,31737,30.8434919216745,30.8434919216745
"Conservancy","Conservancy_61","Otjikondavirongo","SSP585_2050","With_Intervention","Grazer",2,11088,11088,274.402079033221,274.402079033221
"Conservancy","Conservancy_61","Otjikondavirongo","SSP585_2050","With_Intervention","Grazer-Mixed",1,39333,39333,192.646643367348,192.646643367348
"Conservancy","Conservancy_61","Otjikondavirongo","SSP585_2050","Without_Intervention","Browser-Mixed",1,22048,22048,-9.10177991270277,-9.10177991270277
"Conservancy","Conservancy_61","Otjikondavirongo","SSP585_2050","Without_Intervention","Grazer",2,2889,2889,-13.8122564382065,-13.8122564382065
"Conservancy","Conservancy_61","Otjikondavirongo","SSP585_2050","Without_Intervention","Grazer-Mixed",1,11768,11768,-12.4449712689124,-12.4449712689124
"Conservancy","Conservancy_61","Otjikondavirongo","SSP585_2090","With_Intervention","Browser-Mixed",1,29327,29327,20.904789506111,20.904789506111
"Conservancy","Conservancy_61","Otjikondavirongo","SSP585_2090","With_Intervention","Grazer",2,10259,10259,246.412969460484,246.412969460484
"Conservancy","Conservancy_61","Otjikondavirongo","SSP585_2090","With_Intervention","Grazer-Mixed",1,36384,36384,170.705233751013,170.705233751013
"Conservancy","Conservancy_61","Otjikondavirongo","SSP585_2090","Without_Intervention","Browser-Mixed",1,20274,20274,-16.416044729028,-16.416044729028
"Conservancy","Conservancy_61","Otjikondavirongo","SSP585_2090","Without_Intervention","Grazer",2,2641,2641,-21.3826072861559,-21.3826072861559
"Conservancy","Conservancy_61","Otjikondavirongo","SSP585_2090","Without_Intervention","Grazer-Mixed",1,10760,10760,-19.9449109017875,-19.9449109017875
"Conservancy","Conservancy_62","Ombujokanguindi","Current","Current","Browser-Mixed",1,57257,57257,0,0
"Conservancy","Conservancy_62","Ombujokanguindi","Current","Current","Grazer",2,6575,6575,0,0
"Conservancy","Conservancy_62","Ombujokanguindi","Current","Current","Grazer-Mixed",1,30628,30628,0,0
"Conservancy","Conservancy_62","Ombujokanguindi","SSP245_2050","With_Intervention","Browser-Mixed",1,53153,53153,-7.16732495253396,-7.16732495253396
"Conservancy","Conservancy_62","Ombujokanguindi","SSP245_2050","With_Intervention","Grazer",2,15871,15871,157.5523784632,157.5523784632
"Conservancy","Conservancy_62","Ombujokanguindi","SSP245_2050","With_Intervention","Grazer-Mixed",1,58655,58655,91.5044198715643,91.5044198715643
"Conservancy","Conservancy_62","Ombujokanguindi","SSP245_2050","Without_Intervention","Browser-Mixed",1,56205,56205,-1.83627241949931,-1.83627241949931
"Conservancy","Conservancy_62","Ombujokanguindi","SSP245_2050","Without_Intervention","Grazer",2,6254,6254,-5.09578313468814,-5.09578313468814
"Conservancy","Conservancy_62","Ombujokanguindi","SSP245_2050","Without_Intervention","Grazer-Mixed",1,29492,29492,-3.70895065508635,-3.70895065508635
"Conservancy","Conservancy_62","Ombujokanguindi","SSP245_2090","With_Intervention","Browser-Mixed",1,50401,50401,-11.9743131771079,-11.9743131771079
"Conservancy","Conservancy_62","Ombujokanguindi","SSP245_2090","With_Intervention","Grazer",2,15000,15000,143.380347657637,143.380347657637
"Conservancy","Conservancy_62","Ombujokanguindi","SSP245_2090","With_Intervention","Grazer-Mixed",1,55463,55463,81.0843491605183,81.0843491605183
"Conservancy","Conservancy_62","Ombujokanguindi","SSP245_2090","Without_Intervention","Browser-Mixed",1,53353,53353,-6.81713080500169,-6.81713080500169
"Conservancy","Conservancy_62","Ombujokanguindi","SSP245_2090","Without_Intervention","Grazer",2,5904,5904,-10.4595138331845,-10.4595138331845
"Conservancy","Conservancy_62","Ombujokanguindi","SSP245_2090","Without_Intervention","Grazer-Mixed",1,27896,27896,-8.92187159474022,-8.92187159474022
"Conservancy","Conservancy_62","Ombujokanguindi","SSP585_2050","With_Intervention","Browser-Mixed",1,51179,51179,-10.6155156629329,-10.6155156629329
"Conservancy","Conservancy_62","Ombujokanguindi","SSP585_2050","With_Intervention","Grazer",2,15284,15284,148.02268208434,148.02268208434
"Conservancy","Conservancy_62","Ombujokanguindi","SSP585_2050","With_Intervention","Grazer-Mixed",1,56482,56482,84.4119695488524,84.4119695488524
"Conservancy","Conservancy_62","Ombujokanguindi","SSP585_2050","Without_Intervention","Browser-Mixed",1,54103,54103,-5.50740693097623,-5.50740693097623
"Conservancy","Conservancy_62","Ombujokanguindi","SSP585_2050","Without_Intervention","Grazer",2,6021,6021,-8.63901163645004,-8.63901163645004
"Conservancy","Conservancy_62","Ombujokanguindi","SSP585_2050","Without_Intervention","Grazer-Mixed",1,28390,28390,-7.30878214064893,-7.30878214064893
"Conservancy","Conservancy_62","Ombujokanguindi","SSP585_2090","With_Intervention","Browser-Mixed",1,47586,47586,-16.8905772957233,-16.8905772957233
"Conservancy","Conservancy_62","Ombujokanguindi","SSP585_2090","With_Intervention","Grazer",2,14162,14162,129.780931822611,129.780931822611
"Conservancy","Conservancy_62","Ombujokanguindi","SSP585_2090","With_Intervention","Grazer-Mixed",1,52364,52364,70.9670038725198,70.9670038725198
"Conservancy","Conservancy_62","Ombujokanguindi","SSP585_2090","Without_Intervention","Browser-Mixed",1,50376,50376,-12.0179225950653,-12.0179225950653
"Conservancy","Conservancy_62","Ombujokanguindi","SSP585_2090","Without_Intervention","Grazer",2,5575,5575,-15.4562111375632,-15.4562111375632
"Conservancy","Conservancy_62","Ombujokanguindi","SSP585_2090","Without_Intervention","Grazer-Mixed",1,26339,26339,-14.004363918922,-14.004363918922
"Conservancy","Conservancy_63","Otuzemba","Current","Current","Browser-Mixed",1,41676,41676,0,0
"Conservancy","Conservancy_63","Otuzemba","Current","Current","Grazer",2,4680,4680,0,0
"Conservancy","Conservancy_63","Otuzemba","Current","Current","Grazer-Mixed",1,22183,22183,0,0
"Conservancy","Conservancy_63","Otuzemba","SSP245_2050","With_Intervention","Browser-Mixed",1,36136,36136,-13.2936105296897,-13.2936105296897
"Conservancy","Conservancy_63","Otuzemba","SSP245_2050","With_Intervention","Grazer",2,10968,10968,149.094068359124,149.094068359124
"Conservancy","Conservancy_63","Otuzemba","SSP245_2050","With_Intervention","Grazer-Mixed",1,40517,40517,82.6507102366185,82.6507102366185
"Conservancy","Conservancy_63","Otuzemba","SSP245_2050","Without_Intervention","Browser-Mixed",1,40482,40482,-2.86437360432014,-2.86437360432014
"Conservancy","Conservancy_63","Otuzemba","SSP245_2050","Without_Intervention","Grazer",2,4465,4465,-4.76868877659426,-4.76868877659426
"Conservancy","Conservancy_63","Otuzemba","SSP245_2050","Without_Intervention","Grazer-Mixed",1,21298,21298,-3.98950961820402,-3.98950961820402
"Conservancy","Conservancy_63","Otuzemba","SSP245_2090","With_Intervention","Browser-Mixed",1,34591,34591,-17.0009060612262,-17.0009060612262
"Conservancy","Conservancy_63","Otuzemba","SSP245_2090","With_Intervention","Grazer",2,10499,10499,138.450136982082,138.450136982082
"Conservancy","Conservancy_63","Otuzemba","SSP245_2090","With_Intervention","Grazer-Mixed",1,38785,38785,74.8450076143823,74.8450076143823
"Conservancy","Conservancy_63","Otuzemba","SSP245_2090","Without_Intervention","Browser-Mixed",1,38758,38758,-7.00102133735944,-7.00102133735944
"Conservancy","Conservancy_63","Otuzemba","SSP245_2090","Without_Intervention","Grazer",2,4264,4264,-9.07837787126689,-9.07837787126689
"Conservancy","Conservancy_63","Otuzemba","SSP245_2090","Without_Intervention","Grazer-Mixed",1,20357,20357,-8.22839624042503,-8.22839624042503
"Conservancy","Conservancy_63","Otuzemba","SSP585_2050","With_Intervention","Browser-Mixed",1,34766,34766,-16.5811192032981,-16.5811192032981
"Conservancy","Conservancy_63","Otuzemba","SSP585_2050","With_Intervention","Grazer",2,10552,10552,139.65062024296,139.65062024296
"Conservancy","Conservancy_63","Otuzemba","SSP585_2050","With_Intervention","Grazer-Mixed",1,38981,38981,75.7260572147686,75.7260572147686
"Conservancy","Conservancy_63","Otuzemba","SSP585_2050","Without_Intervention","Browser-Mixed",1,38947,38947,-6.54737163266769,-6.54737163266769
"Conservancy","Conservancy_63","Otuzemba","SSP585_2050","Without_Intervention","Grazer",2,4296,4296,-8.37747391852129,-8.37747391852129
"Conservancy","Conservancy_63","Otuzemba","SSP585_2050","Without_Intervention","Grazer-Mixed",1,20490,20490,-7.62866007739825,-7.62866007739825
"Conservancy","Conservancy_63","Otuzemba","SSP585_2090","With_Intervention","Browser-Mixed",1,32743,32743,-21.434676977768,-21.434676977768
"Conservancy","Conservancy_63","Otuzemba","SSP585_2090","With_Intervention","Grazer",2,9939,9939,125.714387343581,125.714387343581
"Conservancy","Conservancy_63","Otuzemba","SSP585_2090","With_Intervention","Grazer-Mixed",1,36713,36713,65.5061372780736,65.5061372780736
"Conservancy","Conservancy_63","Otuzemba","SSP585_2090","Without_Intervention","Browser-Mixed",1,36688,36688,-11.9689387793998,-11.9689387793998
"Conservancy","Conservancy_63","Otuzemba","SSP585_2090","Without_Intervention","Grazer",2,4036,4036,-13.9338523069149,-13.9338523069149
"Conservancy","Conservancy_63","Otuzemba","SSP585_2090","Without_Intervention","Grazer-Mixed",1,19270,19270,-13.1298784212002,-13.1298784212002
"Conservancy","Conservancy_64","Etanga","Current","Current","Browser-Mixed",1,50956,50956,0,0
"Conservancy","Conservancy_64","Etanga","Current","Current","Grazer",2,6131,6131,0,0
"Conservancy","Conservancy_64","Etanga","Current","Current","Grazer-Mixed",1,28376,28376,0,0
"Conservancy","Conservancy_64","Etanga","SSP245_2050","With_Intervention","Browser-Mixed",1,45256,45256,-11.1851835432487,-11.1851835432487
"Conservancy","Conservancy_64","Etanga","SSP245_2050","With_Intervention","Grazer",2,13343,13343,129.365005398121,129.365005398121
"Conservancy","Conservancy_64","Etanga","SSP245_2050","With_Intervention","Grazer-Mixed",1,49531,49531,74.5493649457207,74.5493649457207
"Conservancy","Conservancy_64","Etanga","SSP245_2050","Without_Intervention","Browser-Mixed",1,50415,50415,-1.06205171871502,-1.06205171871502
"Conservancy","Conservancy_64","Etanga","SSP245_2050","Without_Intervention","Grazer",2,5625,5625,-8.8968901071187,-8.8968901071187
"Conservancy","Conservancy_64","Etanga","SSP245_2050","Without_Intervention","Grazer-Mixed",1,26722,26722,-5.8298455204897,-5.8298455204897
"Conservancy","Conservancy_64","Etanga","SSP245_2090","With_Intervention","Browser-Mixed",1,42958,42958,-15.6952404430722,-15.6952404430722
"Conservancy","Conservancy_64","Etanga","SSP245_2090","With_Intervention","Grazer",2,12653,12653,117.496964324371,117.496964324371
"Conservancy","Conservancy_64","Etanga","SSP245_2090","With_Intervention","Grazer-Mixed",1,46978,46978,65.5510088530586,65.5510088530586
"Conservancy","Conservancy_64","Etanga","SSP245_2090","Without_Intervention","Browser-Mixed",1,47900,47900,-5.99783222184592,-5.99783222184592
"Conservancy","Conservancy_64","Etanga","SSP245_2090","Without_Intervention","Grazer",2,5260,5260,-14.9503914341912,-14.9503914341912
"Conservancy","Conservancy_64","Etanga","SSP245_2090","Without_Intervention","Grazer-Mixed",1,25128,25128,-11.4478912799652,-11.4478912799652
"Conservancy","Conservancy_64","Etanga","SSP585_2050","With_Intervention","Browser-Mixed",1,43922,43922,-13.804428379988,-13.804428379988
"Conservancy","Conservancy_64","Etanga","SSP585_2050","With_Intervention","Grazer",2,12949,12949,122.602129011605,122.602129011605
"Conservancy","Conservancy_64","Etanga","SSP585_2050","With_Intervention","Grazer-Mixed",1,48071,48071,69.4025362201987,69.4025362201987
"Conservancy","Conservancy_64","Etanga","SSP585_2050","Without_Intervention","Browser-Mixed",1,48928,48928,-3.97994557681044,-3.97994557681044
"Conservancy","Conservancy_64","Etanga","SSP585_2050","Without_Intervention","Grazer",2,5459,5459,-11.5808134088373,-11.5808134088373
"Conservancy","Conservancy_64","Etanga","SSP585_2050","Without_Intervention","Grazer-Mixed",1,25935,25935,-8.6053554724146,-8.6053554724146
"Conservancy","Conservancy_64","Etanga","SSP585_2090","With_Intervention","Browser-Mixed",1,41358,41358,-18.8348186236909,-18.8348186236909
"Conservancy","Conservancy_64","Etanga","SSP585_2090","With_Intervention","Grazer",2,12182,12182,109.401413909179,109.401413909179
"Conservancy","Conservancy_64","Etanga","SSP585_2090","With_Intervention","Grazer-Mixed",1,45229,45229,59.3883243625873,59.3883243625873
"Conservancy","Conservancy_64","Etanga","SSP585_2090","Without_Intervention","Browser-Mixed",1,46116,46116,-9.49845497084256,-9.49845497084256
"Conservancy","Conservancy_64","Etanga","SSP585_2090","Without_Intervention","Grazer",2,5064,5064,-18.1147893907301,-18.1147893907301
"Conservancy","Conservancy_64","Etanga","SSP585_2090","Without_Intervention","Grazer-Mixed",1,24193,24193,-14.743826838154,-14.743826838154
"Conservancy","Conservancy_65","Eiseb","Current","Current","Browser-Mixed",1,374925,374925,0,0
"Conservancy","Conservancy_65","Eiseb","Current","Current","Grazer",2,41518,41518,0,0
"Conservancy","Conservancy_65","Eiseb","Current","Current","Grazer-Mixed",1,197811,197811,0,0
"Conservancy","Conservancy_65","Eiseb","SSP245_2050","With_Intervention","Browser-Mixed",1,311101,311101,-17.0231754760379,-17.0231754760379
"Conservancy","Conservancy_65","Eiseb","SSP245_2050","With_Intervention","Grazer",2,108882,108882,180.434081358174,180.434081358174
"Conservancy","Conservancy_65","Eiseb","SSP245_2050","With_Intervention","Grazer-Mixed",1,393339,393339,98.8454222703354,98.8454222703354
"Conservancy","Conservancy_65","Eiseb","SSP245_2050","Without_Intervention","Browser-Mixed",1,357779,357779,-4.5732544847404,-4.5732544847404
"Conservancy","Conservancy_65","Eiseb","SSP245_2050","Without_Intervention","Grazer",2,39042,39042,-6.11732925194206,-6.11732925194206
"Conservancy","Conservancy_65","Eiseb","SSP245_2050","Without_Intervention","Grazer-Mixed",1,186941,186941,-5.49519702595664,-5.49519702595664
"Conservancy","Conservancy_65","Eiseb","SSP245_2090","With_Intervention","Browser-Mixed",1,301114,301114,-19.6870449275145,-19.6870449275145
"Conservancy","Conservancy_65","Eiseb","SSP245_2090","With_Intervention","Grazer",2,105371,105371,171.388902680163,171.388902680163
"Conservancy","Conservancy_65","Eiseb","SSP245_2090","With_Intervention","Grazer-Mixed",1,380662,380662,92.4369756780715,92.4369756780715
"Conservancy","Conservancy_65","Eiseb","SSP245_2090","Without_Intervention","Browser-Mixed",1,346326,346326,-7.62799854685123,-7.62799854685123
"Conservancy","Conservancy_65","Eiseb","SSP245_2090","Without_Intervention","Grazer",2,37723,37723,-9.30558642527267,-9.30558642527267
"Conservancy","Conservancy_65","Eiseb","SSP245_2090","Without_Intervention","Grazer-Mixed",1,180744,180744,-8.62779158917674,-8.62779158917674
"Conservancy","Conservancy_65","Eiseb","SSP585_2050","With_Intervention","Browser-Mixed",1,301444,301444,-19.598966044071,-19.598966044071
"Conservancy","Conservancy_65","Eiseb","SSP585_2050","With_Intervention","Grazer",2,105503,105503,171.729728080199,171.729728080199
"Conservancy","Conservancy_65","Eiseb","SSP585_2050","With_Intervention","Grazer-Mixed",1,381130,381130,92.6733700830003,92.6733700830003
"Conservancy","Conservancy_65","Eiseb","SSP585_2050","Without_Intervention","Browser-Mixed",1,346673,346673,-7.53546087551849,-7.53546087551849
"Conservancy","Conservancy_65","Eiseb","SSP585_2050","Without_Intervention","Grazer",2,37830,37830,-9.03157214563931,-9.03157214563931
"Conservancy","Conservancy_65","Eiseb","SSP585_2050","Without_Intervention","Grazer-Mixed",1,181138,181138,-8.42876550891477,-8.42876550891477
"Conservancy","Conservancy_65","Eiseb","SSP585_2090","With_Intervention","Browser-Mixed",1,282234,282234,-24.7226040136155,-24.7226040136155
"Conservancy","Conservancy_65","Eiseb","SSP585_2090","With_Intervention","Grazer",2,98765,98765,154.374164219003,154.374164219003
"Conservancy","Conservancy_65","Eiseb","SSP585_2090","With_Intervention","Grazer-Mixed",1,356796,356796,80.3719931774596,80.3719931774596
"Conservancy","Conservancy_65","Eiseb","SSP585_2090","Without_Intervention","Browser-Mixed",1,324612,324612,-13.4195848303908,-13.4195848303908
"Conservancy","Conservancy_65","Eiseb","SSP585_2090","Without_Intervention","Grazer",2,35358,35358,-14.9919043895986,-14.9919043895986
"Conservancy","Conservancy_65","Eiseb","SSP585_2090","Without_Intervention","Grazer-Mixed",1,169412,169412,-14.3566418331486,-14.3566418331486
"Conservancy","Conservancy_66","Otjambangu","Current","Current","Browser-Mixed",1,18902,18902,0,0
"Conservancy","Conservancy_66","Otjambangu","Current","Current","Grazer",2,2100,2100,0,0
"Conservancy","Conservancy_66","Otjambangu","Current","Current","Grazer-Mixed",1,9964,9964,0,0
"Conservancy","Conservancy_66","Otjambangu","SSP245_2050","With_Intervention","Browser-Mixed",1,16855,16855,-10.8319461505472,-10.8319461505472
"Conservancy","Conservancy_66","Otjambangu","SSP245_2050","With_Intervention","Grazer",2,4943,4943,150.69894367965,150.69894367965
"Conservancy","Conservancy_66","Otjambangu","SSP245_2050","With_Intervention","Grazer-Mixed",1,18358,18358,84.2507999331975,84.2507999331975
"Conservancy","Conservancy_66","Otjambangu","SSP245_2050","Without_Intervention","Browser-Mixed",1,18719,18719,-0.970955933592648,-0.970955933592648
"Conservancy","Conservancy_66","Otjambangu","SSP245_2050","Without_Intervention","Grazer",2,2036,2036,-3.10520654885323,-3.10520654885323
"Conservancy","Conservancy_66","Otjambangu","SSP245_2050","Without_Intervention","Grazer-Mixed",1,9753,9753,-2.11726045568508,-2.11726045568508
"Conservancy","Conservancy_66","Otjambangu","SSP245_2090","With_Intervention","Browser-Mixed",1,16017,16017,-15.261870807091,-15.261870807091
"Conservancy","Conservancy_66","Otjambangu","SSP245_2090","With_Intervention","Grazer",2,4690,4690,137.878361155397,137.878361155397
"Conservancy","Conservancy_66","Otjambangu","SSP245_2090","With_Intervention","Grazer-Mixed",1,17426,17426,74.8936608430271,74.8936608430271
"Conservancy","Conservancy_66","Otjambangu","SSP245_2090","Without_Intervention","Browser-Mixed",1,17831,17831,-5.66610088157755,-5.66610088157755
"Conservancy","Conservancy_66","Otjambangu","SSP245_2090","Without_Intervention","Grazer",2,1939,1939,-7.73048505920511,-7.73048505920511
"Conservancy","Conservancy_66","Otjambangu","SSP245_2090","Without_Intervention","Grazer-Mixed",1,9291,9291,-6.75553877818677,-6.75553877818677
"Conservancy","Conservancy_66","Otjambangu","SSP585_2050","With_Intervention","Browser-Mixed",1,16206,16206,-14.2631773748666,-14.2631773748666
"Conservancy","Conservancy_66","Otjambangu","SSP585_2050","With_Intervention","Grazer",2,4752,4752,141.051236353998,141.051236353998
"Conservancy","Conservancy_66","Otjambangu","SSP585_2050","With_Intervention","Grazer-Mixed",1,17652,17652,77.1603185882143,77.1603185882143
"Conservancy","Conservancy_66","Otjambangu","SSP585_2050","Without_Intervention","Browser-Mixed",1,17998,17998,-4.78169031341063,-4.78169031341063
"Conservancy","Conservancy_66","Otjambangu","SSP585_2050","Without_Intervention","Grazer",2,1958,1958,-6.83379060824464,-6.83379060824464
"Conservancy","Conservancy_66","Otjambangu","SSP585_2050","Without_Intervention","Grazer-Mixed",1,9377,9377,-5.88388570799191,-5.88388570799191
"Conservancy","Conservancy_66","Otjambangu","SSP585_2090","With_Intervention","Browser-Mixed",1,15003,15003,-20.6288396102152,-20.6288396102152
"Conservancy","Conservancy_66","Otjambangu","SSP585_2090","With_Intervention","Grazer",2,4393,4393,122.818524745218,122.818524745218
"Conservancy","Conservancy_66","Otjambangu","SSP585_2090","With_Intervention","Grazer-Mixed",1,16323,16323,63.8202524794517,63.8202524794517
"Conservancy","Conservancy_66","Otjambangu","SSP585_2090","Without_Intervention","Browser-Mixed",1,16702,16702,-11.6412019257249,-11.6412019257249
"Conservancy","Conservancy_66","Otjambangu","SSP585_2090","Without_Intervention","Grazer",2,1816,1816,-13.5745983085197,-13.5745983085197
"Conservancy","Conservancy_66","Otjambangu","SSP585_2090","Without_Intervention","Grazer-Mixed",1,8702,8702,-12.6616534017856,-12.6616534017856
"Conservancy","Conservancy_67","Sikunga","Current","Current","Browser-Mixed",1,13123,13123,0,0
"Conservancy","Conservancy_67","Sikunga","Current","Current","Grazer",2,3000,3000,0,0
"Conservancy","Conservancy_67","Sikunga","Current","Current","Grazer-Mixed",1,12844,12844,0,0
"Conservancy","Conservancy_67","Sikunga","SSP245_2050","With_Intervention","Browser-Mixed",1,12445,12445,-5.16363319729257,-5.16363319729257
"Conservancy","Conservancy_67","Sikunga","SSP245_2050","With_Intervention","Grazer",2,2825,2825,-5.79492131617471,-5.79492131617471
"Conservancy","Conservancy_67","Sikunga","SSP245_2050","With_Intervention","Grazer-Mixed",1,12175,12175,-5.21302061211268,-5.21302061211268
"Conservancy","Conservancy_67","Sikunga","SSP245_2050","Without_Intervention","Browser-Mixed",1,12634,12634,-3.72717908485819,-3.72717908485819
"Conservancy","Conservancy_67","Sikunga","SSP245_2050","Without_Intervention","Grazer",2,2844,2844,-5.36194107859036,-5.36194107859036
"Conservancy","Conservancy_67","Sikunga","SSP245_2050","Without_Intervention","Grazer-Mixed",1,12287,12287,-4.34195919489261,-4.34195919489261
"Conservancy","Conservancy_67","Sikunga","SSP245_2090","With_Intervention","Browser-Mixed",1,12373,12373,-5.7107620150774,-5.7107620150774
"Conservancy","Conservancy_67","Sikunga","SSP245_2090","With_Intervention","Grazer",2,2813,2813,-6.23982465864132,-6.23982465864132
"Conservancy","Conservancy_67","Sikunga","SSP245_2090","With_Intervention","Grazer-Mixed",1,12126,12126,-5.58898269440981,-5.58898269440981
"Conservancy","Conservancy_67","Sikunga","SSP245_2090","Without_Intervention","Browser-Mixed",1,12563,12563,-4.26376298031999,-4.26376298031999
"Conservancy","Conservancy_67","Sikunga","SSP245_2090","Without_Intervention","Grazer",2,2812,2812,-6.45893917496038,-6.45893917496038
"Conservancy","Conservancy_67","Sikunga","SSP245_2090","Without_Intervention","Grazer-Mixed",1,12180,12180,-5.17581265565566,-5.17581265565566
"Conservancy","Conservancy_67","Sikunga","SSP585_2050","With_Intervention","Browser-Mixed",1,12572,12572,-4.20026377343833,-4.20026377343833
"Conservancy","Conservancy_67","Sikunga","SSP585_2050","With_Intervention","Grazer",2,2854,2854,-4.833484902097,-4.833484902097
"Conservancy","Conservancy_67","Sikunga","SSP585_2050","With_Intervention","Grazer-Mixed",1,12299,12299,-4.24555337103777,-4.24555337103777
"Conservancy","Conservancy_67","Sikunga","SSP585_2050","Without_Intervention","Browser-Mixed",1,12762,12762,-2.75022493664719,-2.75022493664719
"Conservancy","Conservancy_67","Sikunga","SSP585_2050","Without_Intervention","Grazer",2,2873,2873,-4.39518239887022,-4.39518239887022
"Conservancy","Conservancy_67","Sikunga","SSP585_2050","Without_Intervention","Grazer-Mixed",1,12412,12412,-3.36538447543893,-3.36538447543893
"Conservancy","Conservancy_67","Sikunga","SSP585_2090","With_Intervention","Browser-Mixed",1,11756,11756,-10.4122223386816,-10.4122223386816
"Conservancy","Conservancy_67","Sikunga","SSP585_2090","With_Intervention","Grazer",2,2673,2673,-10.9106139781979,-10.9106139781979
"Conservancy","Conservancy_67","Sikunga","SSP585_2090","With_Intervention","Grazer-Mixed",1,11522,11522,-10.292115718277,-10.292115718277
"Conservancy","Conservancy_67","Sikunga","SSP585_2090","Without_Intervention","Browser-Mixed",1,11937,11937,-9.03824346620086,-9.03824346620086
"Conservancy","Conservancy_67","Sikunga","SSP585_2090","Without_Intervention","Grazer",2,2672,2672,-11.1182400709424,-11.1182400709424
"Conservancy","Conservancy_67","Sikunga","SSP585_2090","Without_Intervention","Grazer-Mixed",1,11573,11573,-9.89949002211214,-9.89949002211214
"Conservancy","Conservancy_68","Okongo","Current","Current","Browser-Mixed",1,73692,73692,0,0
"Conservancy","Conservancy_68","Okongo","Current","Current","Grazer",2,7890,7890,0,0
"Conservancy","Conservancy_68","Okongo","Current","Current","Grazer-Mixed",1,38066,38066,0,0
"Conservancy","Conservancy_68","Okongo","SSP245_2050","With_Intervention","Browser-Mixed",1,66076,66076,-10.335100952327,-10.335100952327
"Conservancy","Conservancy_68","Okongo","SSP245_2050","With_Intervention","Grazer",2,12113,12113,59.6943766547677,59.6943766547677
"Conservancy","Conservancy_68","Okongo","SSP245_2050","With_Intervention","Grazer-Mixed",1,49318,49318,29.5603788452125,29.5603788452125
"Conservancy","Conservancy_68","Okongo","SSP245_2050","Without_Intervention","Browser-Mixed",1,71277,71277,-3.27752567137098,-3.27752567137098
"Conservancy","Conservancy_68","Okongo","SSP245_2050","Without_Intervention","Grazer",2,7573,7573,-4.60803566126486,-4.60803566126486
"Conservancy","Conservancy_68","Okongo","SSP245_2050","Without_Intervention","Grazer-Mixed",1,36548,36548,-3.98852442487609,-3.98852442487609
"Conservancy","Conservancy_68","Okongo","SSP245_2090","With_Intervention","Browser-Mixed",1,64634,64634,-12.292461472448,-12.292461472448
"Conservancy","Conservancy_68","Okongo","SSP245_2090","With_Intervention","Grazer",2,11972,11972,57.8288856797603,57.8288856797603
"Conservancy","Conservancy_68","Okongo","SSP245_2090","With_Intervention","Grazer-Mixed",1,48627,48627,27.7450073566885,27.7450073566885
"Conservancy","Conservancy_68","Okongo","SSP245_2090","Without_Intervention","Browser-Mixed",1,69824,69824,-5.24918476306098,-5.24918476306098
"Conservancy","Conservancy_68","Okongo","SSP245_2090","Without_Intervention","Grazer",2,7441,7441,-6.354076099079,-6.354076099079
"Conservancy","Conservancy_68","Okongo","SSP245_2090","Without_Intervention","Grazer-Mixed",1,35869,35869,-5.77042153940793,-5.77042153940793
"Conservancy","Conservancy_68","Okongo","SSP585_2050","With_Intervention","Browser-Mixed",1,64145,64145,-12.9549888994726,-12.9549888994726
"Conservancy","Conservancy_68","Okongo","SSP585_2050","With_Intervention","Grazer",2,11759,11759,55.0167428459385,55.0167428459385
"Conservancy","Conservancy_68","Okongo","SSP585_2050","With_Intervention","Grazer-Mixed",1,47875,47875,25.7674745028352,25.7674745028352
"Conservancy","Conservancy_68","Okongo","SSP585_2050","Without_Intervention","Browser-Mixed",1,69194,69194,-6.10417433572886,-6.10417433572886
"Conservancy","Conservancy_68","Okongo","SSP585_2050","Without_Intervention","Grazer",2,7352,7352,-7.39973622260367,-7.39973622260367
"Conservancy","Conservancy_68","Okongo","SSP585_2050","Without_Intervention","Grazer-Mixed",1,35478,35478,-6.797358924329,-6.797358924329
"Conservancy","Conservancy_68","Okongo","SSP585_2090","With_Intervention","Browser-Mixed",1,61307,61307,-16.8068857077961,-16.8068857077961
"Conservancy","Conservancy_68","Okongo","SSP585_2090","With_Intervention","Grazer",2,11356,11356,49.7059498632177,49.7059498632177
"Conservancy","Conservancy_68","Okongo","SSP585_2090","With_Intervention","Grazer-Mixed",1,46125,46125,21.1703126022586,21.1703126022586
"Conservancy","Conservancy_68","Okongo","SSP585_2090","Without_Intervention","Browser-Mixed",1,66230,66230,-10.1262111526584,-10.1262111526584
"Conservancy","Conservancy_68","Okongo","SSP585_2090","Without_Intervention","Grazer",2,7058,7058,-11.1739014131791,-11.1739014131791
"Conservancy","Conservancy_68","Okongo","SSP585_2090","Without_Intervention","Grazer-Mixed",1,34023,34023,-10.6203778362458,-10.6203778362458
"Conservancy","Conservancy_69","Okatjandja Kozomenje","Current","Current","Browser-Mixed",1,36428,36428,0,0
"Conservancy","Conservancy_69","Okatjandja Kozomenje","Current","Current","Grazer",2,4203,4203,0,0
"Conservancy","Conservancy_69","Okatjandja Kozomenje","Current","Current","Grazer-Mixed",1,19731,19731,0,0
"Conservancy","Conservancy_69","Okatjandja Kozomenje","SSP245_2050","With_Intervention","Browser-Mixed",1,32101,32101,-11.8771879941528,-11.8771879941528
"Conservancy","Conservancy_69","Okatjandja Kozomenje","SSP245_2050","With_Intervention","Grazer",2,9451,9451,138.085736224858,138.085736224858
"Conservancy","Conservancy_69","Okatjandja Kozomenje","SSP245_2050","With_Intervention","Grazer-Mixed",1,35091,35091,77.8507150279223,77.8507150279223
"Conservancy","Conservancy_69","Okatjandja Kozomenje","SSP245_2050","Without_Intervention","Browser-Mixed",1,35769,35769,-1.80898504214366,-1.80898504214366
"Conservancy","Conservancy_69","Okatjandja Kozomenje","SSP245_2050","Without_Intervention","Grazer",2,3944,3944,-6.56399239575648,-6.56399239575648
"Conservancy","Conservancy_69","Okatjandja Kozomenje","SSP245_2050","Without_Intervention","Grazer-Mixed",1,18813,18813,-4.6519992034426,-4.6519992034426
"Conservancy","Conservancy_69","Okatjandja Kozomenje","SSP245_2090","With_Intervention","Browser-Mixed",1,30599,30599,-16.0019955126312,-16.0019955126312
"Conservancy","Conservancy_69","Okatjandja Kozomenje","SSP245_2090","With_Intervention","Grazer",2,8978,8978,126.13740785418,126.13740785418
"Conservancy","Conservancy_69","Okatjandja Kozomenje","SSP245_2090","With_Intervention","Grazer-Mixed",1,33354,33354,69.0484106603922,69.0484106603922
"Conservancy","Conservancy_69","Okatjandja Kozomenje","SSP245_2090","Without_Intervention","Browser-Mixed",1,34110,34110,-6.36318160753772,-6.36318160753772
"Conservancy","Conservancy_69","Okatjandja Kozomenje","SSP245_2090","Without_Intervention","Grazer",2,3724,3724,-11.8507949271729,-11.8507949271729
"Conservancy","Conservancy_69","Okatjandja Kozomenje","SSP245_2090","Without_Intervention","Grazer-Mixed",1,17829,17829,-9.6398586465547,-9.6398586465547
"Conservancy","Conservancy_69","Okatjandja Kozomenje","SSP585_2050","With_Intervention","Browser-Mixed",1,30908,30908,-15.1529548225107,-15.1529548225107
"Conservancy","Conservancy_69","Okatjandja Kozomenje","SSP585_2050","With_Intervention","Grazer",2,9100,9100,129.239690870312,129.239690870312
"Conservancy","Conservancy_69","Okatjandja Kozomenje","SSP585_2050","With_Intervention","Grazer-Mixed",1,33787,33787,71.2420602442842,71.2420602442842
"Conservancy","Conservancy_69","Okatjandja Kozomenje","SSP585_2050","Without_Intervention","Browser-Mixed",1,34439,34439,-5.45876561870912,-5.45876561870912
"Conservancy","Conservancy_69","Okatjandja Kozomenje","SSP585_2050","Without_Intervention","Grazer",2,3797,3797,-10.0367639500138,-10.0367639500138
"Conservancy","Conservancy_69","Okatjandja Kozomenje","SSP585_2050","Without_Intervention","Grazer-Mixed",1,18114,18114,-8.19594794301047,-8.19594794301047
"Conservancy","Conservancy_69","Okatjandja Kozomenje","SSP585_2090","With_Intervention","Browser-Mixed",1,29094,29094,-20.1326499990046,-20.1326499990046
"Conservancy","Conservancy_69","Okatjandja Kozomenje","SSP585_2090","With_Intervention","Grazer",2,8536,8536,115.020286987344,115.020286987344
"Conservancy","Conservancy_69","Okatjandja Kozomenje","SSP585_2090","With_Intervention","Grazer-Mixed",1,31714,31714,60.7373402642341,60.7373402642341
"Conservancy","Conservancy_69","Okatjandja Kozomenje","SSP585_2090","Without_Intervention","Browser-Mixed",1,32433,32433,-10.967589047772,-10.967589047772
"Conservancy","Conservancy_69","Okatjandja Kozomenje","SSP585_2090","Without_Intervention","Grazer",2,3541,3541,-16.1857204627901,-16.1857204627901
"Conservancy","Conservancy_69","Okatjandja Kozomenje","SSP585_2090","Without_Intervention","Grazer-Mixed",1,16952,16952,-14.0833577434409,-14.0833577434409
"Conservancy","Conservancy_7","Bamunu","Current","Current","Browser-Mixed",1,28177,28177,0,0
"Conservancy","Conservancy_7","Bamunu","Current","Current","Grazer",2,5433,5433,0,0
"Conservancy","Conservancy_7","Bamunu","Current","Current","Grazer-Mixed",1,22790,22790,0,0
"Conservancy","Conservancy_7","Bamunu","SSP245_2050","With_Intervention","Browser-Mixed",1,26339,26339,-6.52142610543051,-6.52142610543051
"Conservancy","Conservancy_7","Bamunu","SSP245_2050","With_Intervention","Grazer",2,5500,5500,1.56945743502828,1.56945743502828
"Conservancy","Conservancy_7","Bamunu","SSP245_2050","With_Intervention","Grazer-Mixed",1,22677,22677,-0.496699665367529,-0.496699665367529
"Conservancy","Conservancy_7","Bamunu","SSP245_2050","Without_Intervention","Browser-Mixed",1,26780,26780,-4.9587640323357,-4.9587640323357
"Conservancy","Conservancy_7","Bamunu","SSP245_2050","Without_Intervention","Grazer",2,4914,4914,-9.89058797616926,-9.89058797616926
"Conservancy","Conservancy_7","Bamunu","SSP245_2050","Without_Intervention","Grazer-Mixed",1,20958,20958,-8.04034626027549,-8.04034626027549
"Conservancy","Conservancy_7","Bamunu","SSP245_2090","With_Intervention","Browser-Mixed",1,26129,26129,-7.26700868885924,-7.26700868885924
"Conservancy","Conservancy_7","Bamunu","SSP245_2090","With_Intervention","Grazer",2,5448,5448,0.568269325359383,0.568269325359383
"Conservancy","Conservancy_7","Bamunu","SSP245_2090","With_Intervention","Grazer-Mixed",1,22489,22489,-1.32145292188157,-1.32145292188157
"Conservancy","Conservancy_7","Bamunu","SSP245_2090","Without_Intervention","Browser-Mixed",1,26565,26565,-5.71862580496827,-5.71862580496827
"Conservancy","Conservancy_7","Bamunu","SSP245_2090","Without_Intervention","Grazer",2,4837,4837,-11.3508118846563,-11.3508118846563
"Conservancy","Conservancy_7","Bamunu","SSP245_2090","Without_Intervention","Grazer-Mixed",1,20693,20693,-9.20381242256288,-9.20381242256288
"Conservancy","Conservancy_7","Bamunu","SSP585_2050","With_Intervention","Browser-Mixed",1,26369,26369,-6.41487658213633,-6.41487658213633
"Conservancy","Conservancy_7","Bamunu","SSP585_2050","With_Intervention","Grazer",2,5503,5503,1.66086537056031,1.66086537056031
"Conservancy","Conservancy_7","Bamunu","SSP585_2050","With_Intervention","Grazer-Mixed",1,22686,22686,-0.457887080346067,-0.457887080346067
"Conservancy","Conservancy_7","Bamunu","SSP585_2050","Without_Intervention","Browser-Mixed",1,26893,26893,-4.55672481114772,-4.55672481114772
"Conservancy","Conservancy_7","Bamunu","SSP585_2050","Without_Intervention","Grazer",2,4934,4934,-9.51616243355337,-9.51616243355337
"Conservancy","Conservancy_7","Bamunu","SSP585_2050","Without_Intervention","Grazer-Mixed",1,21045,21045,-7.65639285791743,-7.65639285791743
"Conservancy","Conservancy_7","Bamunu","SSP585_2090","With_Intervention","Browser-Mixed",1,24688,24688,-12.3821290758123,-12.3821290758123
"Conservancy","Conservancy_7","Bamunu","SSP585_2090","With_Intervention","Grazer",2,5124,5124,-5.38464214038798,-5.38464214038798
"Conservancy","Conservancy_7","Bamunu","SSP585_2090","With_Intervention","Grazer-Mixed",1,21169,21169,-7.11194284558572,-7.11194284558572
"Conservancy","Conservancy_7","Bamunu","SSP585_2090","Without_Intervention","Browser-Mixed",1,25182,25182,-10.6292195693965,-10.6292195693965
"Conservancy","Conservancy_7","Bamunu","SSP585_2090","Without_Intervention","Grazer",2,4586,4586,-15.9635062515686,-15.9635062515686
"Conservancy","Conservancy_7","Bamunu","SSP585_2090","Without_Intervention","Grazer-Mixed",1,19616,19616,-13.9279617046702,-13.9279617046702
"Conservancy","Conservancy_70","Otjombande","Current","Current","Browser-Mixed",1,18509,18509,0,0
"Conservancy","Conservancy_70","Otjombande","Current","Current","Grazer",2,2059,2059,0,0
"Conservancy","Conservancy_70","Otjombande","Current","Current","Grazer-Mixed",1,9789,9789,0,0
"Conservancy","Conservancy_70","Otjombande","SSP245_2050","With_Intervention","Browser-Mixed",1,16137,16137,-12.8146447046212,-12.8146447046212
"Conservancy","Conservancy_70","Otjombande","SSP245_2050","With_Intervention","Grazer",2,4756,4756,145.574004233431,145.574004233431
"Conservancy","Conservancy_70","Otjombande","SSP245_2050","With_Intervention","Grazer-Mixed",1,17655,17655,80.35183492059,80.35183492059
"Conservancy","Conservancy_70","Otjombande","SSP245_2050","Without_Intervention","Browser-Mixed",1,18008,18008,-2.70669610399515,-2.70669610399515
"Conservancy","Conservancy_70","Otjombande","SSP245_2050","Without_Intervention","Grazer",2,1957,1957,-5.17684339287299,-5.17684339287299
"Conservancy","Conservancy_70","Otjombande","SSP245_2050","Without_Intervention","Grazer-Mixed",1,9383,9383,-4.1518173216808,-4.1518173216808
"Conservancy","Conservancy_70","Otjombande","SSP245_2090","With_Intervention","Browser-Mixed",1,15374,15374,-16.9363443158137,-16.9363443158137
"Conservancy","Conservancy_70","Otjombande","SSP245_2090","With_Intervention","Grazer",2,4531,4531,133.957324827723,133.957324827723
"Conservancy","Conservancy_70","Otjombande","SSP245_2090","With_Intervention","Grazer-Mixed",1,16820,16820,71.8214807910925,71.8214807910925
"Conservancy","Conservancy_70","Otjombande","SSP245_2090","Without_Intervention","Browser-Mixed",1,17156,17156,-7.30669941350075,-7.30669941350075
"Conservancy","Conservancy_70","Otjombande","SSP245_2090","Without_Intervention","Grazer",2,1864,1864,-9.66005875039424,-9.66005875039424
"Conservancy","Conservancy_70","Otjombande","SSP245_2090","Without_Intervention","Grazer-Mixed",1,8939,8939,-8.68349565795807,-8.68349565795807
"Conservancy","Conservancy_70","Otjombande","SSP585_2050","With_Intervention","Browser-Mixed",1,15517,15517,-16.1666872635575,-16.1666872635575
"Conservancy","Conservancy_70","Otjombande","SSP585_2050","With_Intervention","Grazer",2,4573,4573,136.128814549924,136.128814549924
"Conservancy","Conservancy_70","Otjombande","SSP585_2050","With_Intervention","Grazer-Mixed",1,16976,16976,73.4157158085622,73.4157158085622
"Conservancy","Conservancy_70","Otjombande","SSP585_2050","Without_Intervention","Browser-Mixed",1,17315,17315,-6.44758424423047,-6.44758424423047
"Conservancy","Conservancy_70","Otjombande","SSP585_2050","Without_Intervention","Grazer",2,1881,1881,-8.82275537002647,-8.82275537002647
"Conservancy","Conservancy_70","Otjombande","SSP585_2050","Without_Intervention","Grazer-Mixed",1,9022,9022,-7.83714113623322,-7.83714113623322
"Conservancy","Conservancy_70","Otjombande","SSP585_2090","With_Intervention","Browser-Mixed",1,14562,14562,-21.3218178417249,-21.3218178417249
"Conservancy","Conservancy_70","Otjombande","SSP585_2090","With_Intervention","Grazer",2,4292,4292,121.600123986386,121.600123986386
"Conservancy","Conservancy_70","Otjombande","SSP585_2090","With_Intervention","Grazer-Mixed",1,15932,15932,62.7469228961157,62.7469228961157
"Conservancy","Conservancy_70","Otjombande","SSP585_2090","Without_Intervention","Browser-Mixed",1,16251,16251,-12.2009035682512,-12.2009035682512
"Conservancy","Conservancy_70","Otjombande","SSP585_2090","Without_Intervention","Grazer",2,1766,1766,-14.4300055858847,-14.4300055858847
"Conservancy","Conservancy_70","Otjombande","SSP585_2090","Without_Intervention","Grazer-Mixed",1,8467,8467,-13.5050050024339,-13.5050050024339
"Conservancy","Conservancy_71","Sobbe","Current","Current","Browser-Mixed",1,20265,20265,0,0
"Conservancy","Conservancy_71","Sobbe","Current","Current","Grazer",2,3171,3171,0,0
"Conservancy","Conservancy_71","Sobbe","Current","Current","Grazer-Mixed",1,13468,13468,0,0
"Conservancy","Conservancy_71","Sobbe","SSP245_2050","With_Intervention","Browser-Mixed",1,18923,18923,-6.62024719531802,-6.62024719531802
"Conservancy","Conservancy_71","Sobbe","SSP245_2050","With_Intervention","Grazer",2,3123,3123,-1.24455793345,-1.24455793345
"Conservancy","Conservancy_71","Sobbe","SSP245_2050","With_Intervention","Grazer-Mixed",1,13065,13065,-2.99439707774763,-2.99439707774763
"Conservancy","Conservancy_71","Sobbe","SSP245_2050","Without_Intervention","Browser-Mixed",1,19276,19276,-4.88143856452225,-4.88143856452225
"Conservancy","Conservancy_71","Sobbe","SSP245_2050","Without_Intervention","Grazer",2,2600,2600,-18.8036841602706,-18.8036841602706
"Conservancy","Conservancy_71","Sobbe","SSP245_2050","Without_Intervention","Grazer-Mixed",1,11518,11518,-14.4826173152654,-14.4826173152654
"Conservancy","Conservancy_71","Sobbe","SSP245_2090","With_Intervention","Browser-Mixed",1,18808,18808,-7.18889632424318,-7.18889632424318
"Conservancy","Conservancy_71","Sobbe","SSP245_2090","With_Intervention","Grazer",2,3010,3010,-5.00352377201683,-5.00352377201683
"Conservancy","Conservancy_71","Sobbe","SSP245_2090","With_Intervention","Grazer-Mixed",1,12693,12693,-5.75408883382034,-5.75408883382034
"Conservancy","Conservancy_71","Sobbe","SSP245_2090","Without_Intervention","Browser-Mixed",1,19176,19176,-5.37476677458129,-5.37476677458129
"Conservancy","Conservancy_71","Sobbe","SSP245_2090","Without_Intervention","Grazer",2,2460,2460,-23.4410303410501,-23.4410303410501
"Conservancy","Conservancy_71","Sobbe","SSP245_2090","Without_Intervention","Grazer-Mixed",1,11068,11068,-17.8237600347962,-17.8237600347962
"Conservancy","Conservancy_71","Sobbe","SSP585_2050","With_Intervention","Browser-Mixed",1,18968,18968,-6.39956283584787,-6.39956283584787
"Conservancy","Conservancy_71","Sobbe","SSP585_2050","With_Intervention","Grazer",2,3128,3128,-1.0965626274481,-1.0965626274481
"Conservancy","Conservancy_71","Sobbe","SSP585_2050","With_Intervention","Grazer-Mixed",1,13085,13085,-2.84806371457813,-2.84806371457813
"Conservancy","Conservancy_71","Sobbe","SSP585_2050","Without_Intervention","Browser-Mixed",1,19337,19337,-4.58054627527649,-4.58054627527649
"Conservancy","Conservancy_71","Sobbe","SSP585_2050","Without_Intervention","Grazer",2,2608,2608,-18.5495070769206,-18.5495070769206
"Conservancy","Conservancy_71","Sobbe","SSP585_2050","Without_Intervention","Grazer-Mixed",1,11554,11554,-14.2142033083034,-14.2142033083034
"Conservancy","Conservancy_71","Sobbe","SSP585_2090","With_Intervention","Browser-Mixed",1,17808,17808,-12.1255059363429,-12.1255059363429
"Conservancy","Conservancy_71","Sobbe","SSP585_2090","With_Intervention","Grazer",2,2847,2847,-10.1463138059287,-10.1463138059287
"Conservancy","Conservancy_71","Sobbe","SSP585_2090","With_Intervention","Grazer-Mixed",1,12006,12006,-10.8542416883146,-10.8542416883146
"Conservancy","Conservancy_71","Sobbe","SSP585_2090","Without_Intervention","Browser-Mixed",1,18172,18172,-10.327946251365,-10.327946251365
"Conservancy","Conservancy_71","Sobbe","SSP585_2090","Without_Intervention","Grazer",2,2331,2331,-27.4484952835814,-27.4484952835814
"Conservancy","Conservancy_71","Sobbe","SSP585_2090","Without_Intervention","Grazer-Mixed",1,10488,10488,-22.1255284875802,-22.1255284875802
"Conservancy","Conservancy_72","Balyerwa","Current","Current","Browser-Mixed",1,11362,11362,0,0
"Conservancy","Conservancy_72","Balyerwa","Current","Current","Grazer",2,2282,2282,0,0
"Conservancy","Conservancy_72","Balyerwa","Current","Current","Grazer-Mixed",1,9491,9491,0,0
"Conservancy","Conservancy_72","Balyerwa","SSP245_2050","With_Intervention","Browser-Mixed",1,10600,10600,-6.70615100363131,-6.70615100363131
"Conservancy","Conservancy_72","Balyerwa","SSP245_2050","With_Intervention","Grazer",2,2236,2236,-1.83232754414704,-1.83232754414704
"Conservancy","Conservancy_72","Balyerwa","SSP245_2050","With_Intervention","Grazer-Mixed",1,9218,9218,-2.87282339341232,-2.87282339341232
"Conservancy","Conservancy_72","Balyerwa","SSP245_2050","Without_Intervention","Browser-Mixed",1,10747,10747,-5.41096730267496,-5.41096730267496
"Conservancy","Conservancy_72","Balyerwa","SSP245_2050","Without_Intervention","Grazer",2,2016,2016,-12.0287482385329,-12.0287482385329
"Conservancy","Conservancy_72","Balyerwa","SSP245_2050","Without_Intervention","Grazer-Mixed",1,8567,8567,-9.72889127314747,-9.72889127314747
"Conservancy","Conservancy_72","Balyerwa","SSP245_2090","With_Intervention","Browser-Mixed",1,10503,10503,-7.56166555467839,-7.56166555467839
"Conservancy","Conservancy_72","Balyerwa","SSP245_2090","With_Intervention","Grazer",2,2183,2183,-4.2645354833208,-4.2645354833208
"Conservancy","Conservancy_72","Balyerwa","SSP245_2090","With_Intervention","Grazer-Mixed",1,9036,9036,-4.78738384778564,-4.78738384778564
"Conservancy","Conservancy_72","Balyerwa","SSP245_2090","Without_Intervention","Browser-Mixed",1,10650,10650,-6.26088602125034,-6.26088602125034
"Conservancy","Conservancy_72","Balyerwa","SSP245_2090","Without_Intervention","Grazer",2,1962,1962,-14.5050097447604,-14.5050097447604
"Conservancy","Conservancy_72","Balyerwa","SSP245_2090","Without_Intervention","Grazer-Mixed",1,8383,8383,-11.673073322698,-11.673073322698
"Conservancy","Conservancy_72","Balyerwa","SSP585_2050","With_Intervention","Browser-Mixed",1,10614,10614,-6.58213215901422,-6.58213215901422
"Conservancy","Conservancy_72","Balyerwa","SSP585_2050","With_Intervention","Grazer",2,2239,2239,-1.70418231551497,-1.70418231551497
"Conservancy","Conservancy_72","Balyerwa","SSP585_2050","With_Intervention","Grazer-Mixed",1,9230,9230,-2.74567468080719,-2.74567468080719
"Conservancy","Conservancy_72","Balyerwa","SSP585_2050","Without_Intervention","Browser-Mixed",1,10761,10761,-5.28521202358376,-5.28521202358376
"Conservancy","Conservancy_72","Balyerwa","SSP585_2050","Without_Intervention","Grazer",2,2019,2019,-11.9142732069495,-11.9142732069495
"Conservancy","Conservancy_72","Balyerwa","SSP585_2050","Without_Intervention","Grazer-Mixed",1,8579,8579,-9.61093439380464,-9.61093439380464
"Conservancy","Conservancy_72","Balyerwa","SSP585_2090","With_Intervention","Browser-Mixed",1,9945,9945,-12.4658611296808,-12.4658611296808
"Conservancy","Conservancy_72","Balyerwa","SSP585_2090","With_Intervention","Grazer",2,2067,2067,-9.34528754990222,-9.34528754990222
"Conservancy","Conservancy_72","Balyerwa","SSP585_2090","With_Intervention","Grazer-Mixed",1,8557,8557,-9.84031526072587,-9.84031526072587
"Conservancy","Conservancy_72","Balyerwa","SSP585_2090","Without_Intervention","Browser-Mixed",1,10085,10085,-11.2340465620814,-11.2340465620814
"Conservancy","Conservancy_72","Balyerwa","SSP585_2090","Without_Intervention","Grazer",2,1858,1858,-19.0428304848867,-19.0428304848867
"Conservancy","Conservancy_72","Balyerwa","SSP585_2090","Without_Intervention","Grazer-Mixed",1,7938,7938,-16.3609379990077,-16.3609379990077
"Conservancy","Conservancy_73","Wuparo","Current","Current","Browser-Mixed",1,9667,9667,0,0
"Conservancy","Conservancy_73","Wuparo","Current","Current","Grazer",2,2173,2173,0,0
"Conservancy","Conservancy_73","Wuparo","Current","Current","Grazer-Mixed",1,8612,8612,0,0
"Conservancy","Conservancy_73","Wuparo","SSP245_2050","With_Intervention","Browser-Mixed",1,9069,9069,-6.18942920072463,-6.18942920072463
"Conservancy","Conservancy_73","Wuparo","SSP245_2050","With_Intervention","Grazer",2,2206,2206,1.77596102869717,1.77596102869717
"Conservancy","Conservancy_73","Wuparo","SSP245_2050","With_Intervention","Grazer-Mixed",1,8594,8594,-0.210676492977778,-0.210676492977778
"Conservancy","Conservancy_73","Wuparo","SSP245_2050","Without_Intervention","Browser-Mixed",1,9200,9200,-4.83505464731708,-4.83505464731708
"Conservancy","Conservancy_73","Wuparo","SSP245_2050","Without_Intervention","Grazer",2,2010,2010,-7.67378005440488,-7.67378005440488
"Conservancy","Conservancy_73","Wuparo","SSP245_2050","Without_Intervention","Grazer-Mixed",1,8015,8015,-6.93271037975348,-6.93271037975348
"Conservancy","Conservancy_73","Wuparo","SSP245_2090","With_Intervention","Browser-Mixed",1,8996,8996,-6.94362431999163,-6.94362431999163
"Conservancy","Conservancy_73","Wuparo","SSP245_2090","With_Intervention","Grazer",2,2196,2196,1.30215837777987,1.30215837777987
"Conservancy","Conservancy_73","Wuparo","SSP245_2090","With_Intervention","Grazer-Mixed",1,8540,8540,-0.839863204482862,-0.839863204482862
"Conservancy","Conservancy_73","Wuparo","SSP245_2090","Without_Intervention","Browser-Mixed",1,9123,9123,-5.628168052331,-5.628168052331
"Conservancy","Conservancy_73","Wuparo","SSP245_2090","Without_Intervention","Grazer",2,2006,2006,-7.87604207220758,-7.87604207220758
"Conservancy","Conservancy_73","Wuparo","SSP245_2090","Without_Intervention","Grazer-Mixed",1,7978,7978,-7.36873779500051,-7.36873779500051
"Conservancy","Conservancy_73","Wuparo","SSP585_2050","With_Intervention","Browser-Mixed",1,9081,9081,-6.06275469619795,-6.06275469619795
"Conservancy","Conservancy_73","Wuparo","SSP585_2050","With_Intervention","Grazer",2,2209,2209,1.90584803029746,1.90584803029746
"Conservancy","Conservancy_73","Wuparo","SSP585_2050","With_Intervention","Grazer-Mixed",1,8605,8605,-0.0817052231765072,-0.0817052231765072
"Conservancy","Conservancy_73","Wuparo","SSP585_2050","Without_Intervention","Browser-Mixed",1,9212,9212,-4.70655964485164,-4.70655964485164
"Conservancy","Conservancy_73","Wuparo","SSP585_2050","Without_Intervention","Grazer",2,2013,2013,-7.55659502961024,-7.55659502961024
"Conservancy","Conservancy_73","Wuparo","SSP585_2050","Without_Intervention","Grazer-Mixed",1,8026,8026,-6.81277460814902,-6.81277460814902
"Conservancy","Conservancy_73","Wuparo","SSP585_2090","With_Intervention","Browser-Mixed",1,8519,8519,-11.8796482068433,-11.8796482068433
"Conservancy","Conservancy_73","Wuparo","SSP585_2090","With_Intervention","Grazer",2,2080,2080,-4.07194784372638,-4.07194784372638
"Conservancy","Conservancy_73","Wuparo","SSP585_2090","With_Intervention","Grazer-Mixed",1,8087,8087,-6.10037995589065,-6.10037995589065
"Conservancy","Conservancy_73","Wuparo","SSP585_2090","Without_Intervention","Browser-Mixed",1,8639,8639,-10.633828426917,-10.633828426917
"Conservancy","Conservancy_73","Wuparo","SSP585_2090","Without_Intervention","Grazer",2,1899,1899,-12.7642806455291,-12.7642806455291
"Conservancy","Conservancy_73","Wuparo","SSP585_2090","Without_Intervention","Grazer-Mixed",1,7554,7554,-12.2836346223422,-12.2836346223422
"Conservancy","Conservancy_74","Dzoti","Current","Current","Browser-Mixed",1,14972,14972,0,0
"Conservancy","Conservancy_74","Dzoti","Current","Current","Grazer",2,2953,2953,0,0
"Conservancy","Conservancy_74","Dzoti","Current","Current","Grazer-Mixed",1,12109,12109,0,0
"Conservancy","Conservancy_74","Dzoti","SSP245_2050","With_Intervention","Browser-Mixed",1,13950,13950,-6.82330054468071,-6.82330054468071
"Conservancy","Conservancy_74","Dzoti","SSP245_2050","With_Intervention","Grazer",2,3087,3087,5.04081238711176,5.04081238711176
"Conservancy","Conservancy_74","Dzoti","SSP245_2050","With_Intervention","Grazer-Mixed",1,12323,12323,1.77032587347198,1.77032587347198
"Conservancy","Conservancy_74","Dzoti","SSP245_2050","Without_Intervention","Browser-Mixed",1,14216,14216,-5.0476623302425,-5.0476623302425
"Conservancy","Conservancy_74","Dzoti","SSP245_2050","Without_Intervention","Grazer",2,2690,2690,-9.18657093879038,-9.18657093879038
"Conservancy","Conservancy_74","Dzoti","SSP245_2050","Without_Intervention","Grazer-Mixed",1,11147,11147,-7.93742651192545,-7.93742651192545
"Conservancy","Conservancy_74","Dzoti","SSP245_2090","With_Intervention","Browser-Mixed",1,13846,13846,-7.51923997971623,-7.51923997971623
"Conservancy","Conservancy_74","Dzoti","SSP245_2090","With_Intervention","Grazer",2,3034,3034,3.15113111131396,3.15113111131396
"Conservancy","Conservancy_74","Dzoti","SSP245_2090","With_Intervention","Grazer-Mixed",1,12140,12140,0.262472581198538,0.262472581198538
"Conservancy","Conservancy_74","Dzoti","SSP245_2090","Without_Intervention","Browser-Mixed",1,14113,14113,-5.73158691077683,-5.73158691077683
"Conservancy","Conservancy_74","Dzoti","SSP245_2090","Without_Intervention","Grazer",2,2633,2633,-11.1725217920299,-11.1725217920299
"Conservancy","Conservancy_74","Dzoti","SSP245_2090","Without_Intervention","Grazer-Mixed",1,10957,10957,-9.51096730264067,-9.51096730264067
"Conservancy","Conservancy_74","Dzoti","SSP585_2050","With_Intervention","Browser-Mixed",1,13972,13972,-6.67294796880868,-6.67294796880868
"Conservancy","Conservancy_74","Dzoti","SSP585_2050","With_Intervention","Grazer",2,3092,3092,5.20174011454018,5.20174011454018
"Conservancy","Conservancy_74","Dzoti","SSP585_2050","With_Intervention","Grazer-Mixed",1,12342,12342,1.92766251199778,1.92766251199778
"Conservancy","Conservancy_74","Dzoti","SSP585_2050","Without_Intervention","Browser-Mixed",1,14239,14239,-4.89415879817208,-4.89415879817208
"Conservancy","Conservancy_74","Dzoti","SSP585_2050","Without_Intervention","Grazer",2,2694,2694,-9.05089039365001,-9.05089039365001
"Conservancy","Conservancy_74","Dzoti","SSP585_2050","Without_Intervention","Grazer-Mixed",1,11164,11164,-7.79731675120755,-7.79731675120755
"Conservancy","Conservancy_74","Dzoti","SSP585_2090","With_Intervention","Browser-Mixed",1,13109,13109,-12.4398126586653,-12.4398126586653
"Conservancy","Conservancy_74","Dzoti","SSP585_2090","With_Intervention","Grazer",2,2872,2872,-2.34135817754724,-2.34135817754724
"Conservancy","Conservancy_74","Dzoti","SSP585_2090","With_Intervention","Grazer-Mixed",1,11494,11494,-5.07547032576123,-5.07547032576123
"Conservancy","Conservancy_74","Dzoti","SSP585_2090","Without_Intervention","Browser-Mixed",1,13362,13362,-10.7472269599775,-10.7472269599775
"Conservancy","Conservancy_74","Dzoti","SSP585_2090","Without_Intervention","Grazer",2,2493,2493,-15.9032793793785,-15.9032793793785
"Conservancy","Conservancy_74","Dzoti","SSP585_2090","Without_Intervention","Grazer-Mixed",1,10374,10374,-14.3291587856735,-14.3291587856735
"Conservancy","Conservancy_75","Huibes","Current","Current","Browser-Mixed",1,69080,69080,0,0
"Conservancy","Conservancy_75","Huibes","Current","Current","Grazer",2,15238,15238,0,0
"Conservancy","Conservancy_75","Huibes","Current","Current","Grazer-Mixed",1,59762,59762,0,0
"Conservancy","Conservancy_75","Huibes","SSP245_2050","With_Intervention","Browser-Mixed",1,64775,64775,-6.23226600976522,-6.23226600976522
"Conservancy","Conservancy_75","Huibes","SSP245_2050","With_Intervention","Grazer",2,17685,17685,17.0438689179628,17.0438689179628
"Conservancy","Conservancy_75","Huibes","SSP245_2050","With_Intervention","Grazer-Mixed",1,66529,66529,11.323008363967,11.323008363967
"Conservancy","Conservancy_75","Huibes","SSP245_2050","Without_Intervention","Browser-Mixed",1,66913,66913,-3.13748221052424,-3.13748221052424
"Conservancy","Conservancy_75","Huibes","SSP245_2050","Without_Intervention","Grazer",2,14332,14332,-6.04538339527701,-6.04538339527701
"Conservancy","Conservancy_75","Huibes","SSP245_2050","Without_Intervention","Grazer-Mixed",1,56596,56596,-5.29751723273113,-5.29751723273113
"Conservancy","Conservancy_75","Huibes","SSP245_2090","With_Intervention","Browser-Mixed",1,62775,62775,-9.12740901066173,-9.12740901066173
"Conservancy","Conservancy_75","Huibes","SSP245_2090","With_Intervention","Grazer",2,17037,17037,12.735811190079,12.735811190079
"Conservancy","Conservancy_75","Huibes","SSP245_2090","With_Intervention","Grazer-Mixed",1,64164,64164,7.36570992709923,7.36570992709923
"Conservancy","Conservancy_75","Huibes","SSP245_2090","Without_Intervention","Browser-Mixed",1,64866,64866,-6.10054169824299,-6.10054169824299
"Conservancy","Conservancy_75","Huibes","SSP245_2090","Without_Intervention","Grazer",2,13796,13796,-9.58064142982398,-9.58064142982398
"Conservancy","Conservancy_75","Huibes","SSP245_2090","Without_Intervention","Grazer-Mixed",1,54570,54570,-8.68885189728893,-8.68885189728893
"Conservancy","Conservancy_75","Huibes","SSP585_2050","With_Intervention","Browser-Mixed",1,62605,62605,-9.37281145498508,-9.37281145498508
"Conservancy","Conservancy_75","Huibes","SSP585_2050","With_Intervention","Grazer",2,17102,17102,13.1861712514143,13.1861712514143
"Conservancy","Conservancy_75","Huibes","SSP585_2050","With_Intervention","Grazer-Mixed",1,64329,64329,7.64143376127633,7.64143376127633
"Conservancy","Conservancy_75","Huibes","SSP585_2050","Without_Intervention","Browser-Mixed",1,64669,64669,-6.38486897006707,-6.38486897006707
"Conservancy","Conservancy_75","Huibes","SSP585_2050","Without_Intervention","Grazer",2,13864,13864,-9.11158212776774,-9.11158212776774
"Conservancy","Conservancy_75","Huibes","SSP585_2050","Without_Intervention","Grazer-Mixed",1,54737,54737,-8.40954468224692,-8.40954468224692
"Conservancy","Conservancy_75","Huibes","SSP585_2090","With_Intervention","Browser-Mixed",1,56547,56547,-18.1430911525649,-18.1430911525649
"Conservancy","Conservancy_75","Huibes","SSP585_2090","With_Intervention","Grazer",2,15365,15365,1.67285811189268,1.67285811189268
"Conservancy","Conservancy_75","Huibes","SSP585_2090","With_Intervention","Grazer-Mixed",1,57853,57853,-3.19464501894214,-3.19464501894214
"Conservancy","Conservancy_75","Huibes","SSP585_2090","Without_Intervention","Browser-Mixed",1,58426,58426,-15.4220982790854,-15.4220982790854
"Conservancy","Conservancy_75","Huibes","SSP585_2090","Without_Intervention","Grazer",2,12451,12451,-18.3947333149256,-18.3947333149256
"Conservancy","Conservancy_75","Huibes","SSP585_2090","Without_Intervention","Grazer-Mixed",1,49225,49225,-17.631596683905,-17.631596683905
"Conservancy","Conservancy_76","Kabulabula","Current","Current","Browser-Mixed",1,4019,4019,0,0
"Conservancy","Conservancy_76","Kabulabula","Current","Current","Grazer",2,1018,1018,0,0
"Conservancy","Conservancy_76","Kabulabula","Current","Current","Grazer-Mixed",1,4323,4323,0,0
"Conservancy","Conservancy_76","Kabulabula","SSP245_2050","With_Intervention","Browser-Mixed",1,3833,3833,-4.61602759476777,-4.61602759476777
"Conservancy","Conservancy_76","Kabulabula","SSP245_2050","With_Intervention","Grazer",2,933,933,-8.57522655996322,-8.57522655996322
"Conservancy","Conservancy_76","Kabulabula","SSP245_2050","With_Intervention","Grazer-Mixed",1,4013,4013,-7.16606567743652,-7.16606567743652
"Conservancy","Conservancy_76","Kabulabula","SSP245_2050","Without_Intervention","Browser-Mixed",1,3836,3836,-4.5422805902079,-4.5422805902079
"Conservancy","Conservancy_76","Kabulabula","SSP245_2050","Without_Intervention","Grazer",2,955,955,-6.34375331154067,-6.34375331154067
"Conservancy","Conservancy_76","Kabulabula","SSP245_2050","Without_Intervention","Grazer-Mixed",1,4084,4084,-5.54145428097157,-5.54145428097157
"Conservancy","Conservancy_76","Kabulabula","SSP245_2090","With_Intervention","Browser-Mixed",1,3810,3810,-5.19717720773832,-5.19717720773832
"Conservancy","Conservancy_76","Kabulabula","SSP245_2090","With_Intervention","Grazer",2,927,927,-9.18254626350684,-9.18254626350684
"Conservancy","Conservancy_76","Kabulabula","SSP245_2090","With_Intervention","Grazer-Mixed",1,3994,3994,-7.61680811528832,-7.61680811528832
"Conservancy","Conservancy_76","Kabulabula","SSP245_2090","Without_Intervention","Browser-Mixed",1,3811,3811,-5.15361281227321,-5.15361281227321
"Conservancy","Conservancy_76","Kabulabula","SSP245_2090","Without_Intervention","Grazer",2,940,940,-7.86435329222291,-7.86435329222291
"Conservancy","Conservancy_76","Kabulabula","SSP245_2090","Without_Intervention","Grazer-Mixed",1,4035,4035,-6.65710522599681,-6.65710522599681
"Conservancy","Conservancy_76","Kabulabula","SSP585_2050","With_Intervention","Browser-Mixed",1,3871,3871,-3.66089925329611,-3.66089925329611
"Conservancy","Conservancy_76","Kabulabula","SSP585_2050","With_Intervention","Grazer",2,942,942,-7.65938316359307,-7.65938316359307
"Conservancy","Conservancy_76","Kabulabula","SSP585_2050","With_Intervention","Grazer-Mixed",1,4054,4054,-6.23629755581432,-6.23629755581432
"Conservancy","Conservancy_76","Kabulabula","SSP585_2050","Without_Intervention","Browser-Mixed",1,3874,3874,-3.58640850170388,-3.58640850170388
"Conservancy","Conservancy_76","Kabulabula","SSP585_2050","Without_Intervention","Grazer",2,964,964,-5.40540525052459,-5.40540525052459
"Conservancy","Conservancy_76","Kabulabula","SSP585_2050","Without_Intervention","Grazer-Mixed",1,4125,4125,-4.59530176635554,-4.59530176635554
"Conservancy","Conservancy_76","Kabulabula","SSP585_2090","With_Intervention","Browser-Mixed",1,3621,3621,-9.90241687286849,-9.90241687286849
"Conservancy","Conservancy_76","Kabulabula","SSP585_2090","With_Intervention","Grazer",2,881,881,-13.6901042779763,-13.6901042779763
"Conservancy","Conservancy_76","Kabulabula","SSP585_2090","With_Intervention","Grazer-Mixed",1,3796,3796,-12.2019636059551,-12.2019636059551
"Conservancy","Conservancy_76","Kabulabula","SSP585_2090","Without_Intervention","Browser-Mixed",1,3622,3622,-9.86102710191482,-9.86102710191482
"Conservancy","Conservancy_76","Kabulabula","SSP585_2090","Without_Intervention","Grazer",2,893,893,-12.4377121680502,-12.4377121680502
"Conservancy","Conservancy_76","Kabulabula","SSP585_2090","Without_Intervention","Grazer-Mixed",1,3835,3835,-11.2901666592218,-11.2901666592218
"Conservancy","Conservancy_77","Okongoro","Current","Current","Browser-Mixed",1,53702,53702,0,0
"Conservancy","Conservancy_77","Okongoro","Current","Current","Grazer",2,6610,6610,0,0
"Conservancy","Conservancy_77","Okongoro","Current","Current","Grazer-Mixed",1,30396,30396,0,0
"Conservancy","Conservancy_77","Okongoro","SSP245_2050","With_Intervention","Browser-Mixed",1,47182,47182,-12.1407300966198,-12.1407300966198
"Conservancy","Conservancy_77","Okongoro","SSP245_2050","With_Intervention","Grazer",2,14009,14009,122.758272682189,122.758272682189
"Conservancy","Conservancy_77","Okongoro","SSP245_2050","With_Intervention","Grazer-Mixed",1,51948,51948,70.9053408540525,70.9053408540525
"Conservancy","Conservancy_77","Okongoro","SSP245_2050","Without_Intervention","Browser-Mixed",1,52482,52482,-2.27060910403089,-2.27060910403089
"Conservancy","Conservancy_77","Okongoro","SSP245_2050","Without_Intervention","Grazer",2,6079,6079,-8.58189756334871,-8.58189756334871
"Conservancy","Conservancy_77","Okongoro","SSP245_2050","Without_Intervention","Grazer-Mixed",1,28511,28511,-6.20128186274785,-6.20128186274785
"Conservancy","Conservancy_77","Okongoro","SSP245_2090","With_Intervention","Browser-Mixed",1,45268,45268,-15.7050618195125,-15.7050618195125
"Conservancy","Conservancy_77","Okongoro","SSP245_2090","With_Intervention","Grazer",2,13407,13407,113.156585118852,113.156585118852
"Conservancy","Conservancy_77","Okongoro","SSP245_2090","With_Intervention","Grazer-Mixed",1,49731,49731,63.6123447900872,63.6123447900872
"Conservancy","Conservancy_77","Okongoro","SSP245_2090","Without_Intervention","Browser-Mixed",1,50384,50384,-6.17678311054328,-6.17678311054328
"Conservancy","Conservancy_77","Okongoro","SSP245_2090","Without_Intervention","Grazer",2,5751,5751,-13.6347428418286,-13.6347428418286
"Conservancy","Conservancy_77","Okongoro","SSP245_2090","Without_Intervention","Grazer-Mixed",1,27106,27106,-10.8237631466502,-10.8237631466502
"Conservancy","Conservancy_77","Okongoro","SSP585_2050","With_Intervention","Browser-Mixed",1,45440,45440,-15.3837377430004,-15.3837377430004
"Conservancy","Conservancy_77","Okongoro","SSP585_2050","With_Intervention","Grazer",2,13492,13492,114.536283418929,114.536283418929
"Conservancy","Conservancy_77","Okongoro","SSP585_2050","With_Intervention","Grazer-Mixed",1,50030,50030,64.5971930802761,64.5971930802761
"Conservancy","Conservancy_77","Okongoro","SSP585_2050","Without_Intervention","Browser-Mixed",1,50545,50545,-5.87798756529011,-5.87798756529011
"Conservancy","Conservancy_77","Okongoro","SSP585_2050","Without_Intervention","Grazer",2,5854,5854,-11.9552608680617,-11.9552608680617
"Conservancy","Conservancy_77","Okongoro","SSP585_2050","Without_Intervention","Grazer-Mixed",1,27458,27458,-9.66291914562387,-9.66291914562387
"Conservancy","Conservancy_77","Okongoro","SSP585_2090","With_Intervention","Browser-Mixed",1,43012,43012,-19.904779600192,-19.904779600192
"Conservancy","Conservancy_77","Okongoro","SSP585_2090","With_Intervention","Grazer",2,12739,12739,102.53913356982,102.53913356982
"Conservancy","Conservancy_77","Okongoro","SSP585_2090","With_Intervention","Grazer-Mixed",1,47254,47254,55.4623602192147,55.4623602192147
"Conservancy","Conservancy_77","Okongoro","SSP585_2090","Without_Intervention","Browser-Mixed",1,47874,47874,-10.8511883781978,-10.8511883781978
"Conservancy","Conservancy_77","Okongoro","SSP585_2090","Without_Intervention","Grazer",2,5465,5465,-17.9356015750758,-17.9356015750758
"Conservancy","Conservancy_77","Okongoro","SSP585_2090","Without_Intervention","Grazer-Mixed",1,25756,25756,-15.2654295526243,-15.2654295526243
"Conservancy","Conservancy_78","Lusese","Current","Current","Browser-Mixed",1,9836,9836,0,0
"Conservancy","Conservancy_78","Lusese","Current","Current","Grazer",2,2062,2062,0,0
"Conservancy","Conservancy_78","Lusese","Current","Current","Grazer-Mixed",1,8967,8967,0,0
"Conservancy","Conservancy_78","Lusese","SSP245_2050","With_Intervention","Browser-Mixed",1,9091,9091,-7.57767144900243,-7.57767144900243
"Conservancy","Conservancy_78","Lusese","SSP245_2050","With_Intervention","Grazer",2,1958,1958,-4.83191876868641,-4.83191876868641
"Conservancy","Conservancy_78","Lusese","SSP245_2050","With_Intervention","Grazer-Mixed",1,8454,8454,-5.7190468074039,-5.7190468074039
"Conservancy","Conservancy_78","Lusese","SSP245_2050","Without_Intervention","Browser-Mixed",1,9293,9293,-5.52315821525106,-5.52315821525106
"Conservancy","Conservancy_78","Lusese","SSP245_2050","Without_Intervention","Grazer",2,1883,1883,-8.93581283774079,-8.93581283774079
"Conservancy","Conservancy_78","Lusese","SSP245_2050","Without_Intervention","Grazer-Mixed",1,8276,8276,-7.70708476413646,-7.70708476413646
"Conservancy","Conservancy_78","Lusese","SSP245_2090","With_Intervention","Browser-Mixed",1,9030,9030,-8.19355015258617,-8.19355015258617
"Conservancy","Conservancy_78","Lusese","SSP245_2090","With_Intervention","Grazer",2,1933,1933,-6.09652256159701,-6.09652256159701
"Conservancy","Conservancy_78","Lusese","SSP245_2090","With_Intervention","Grazer-Mixed",1,8361,8361,-6.75652148607594,-6.75652148607594
"Conservancy","Conservancy_78","Lusese","SSP245_2090","Without_Intervention","Browser-Mixed",1,9229,9229,-6.17645515357043,-6.17645515357043
"Conservancy","Conservancy_78","Lusese","SSP245_2090","Without_Intervention","Grazer",2,1856,1856,-10.2721069702377,-10.2721069702377
"Conservancy","Conservancy_78","Lusese","SSP245_2090","Without_Intervention","Grazer-Mixed",1,8177,8177,-8.81026317803583,-8.81026317803583
"Conservancy","Conservancy_78","Lusese","SSP585_2050","With_Intervention","Browser-Mixed",1,9177,9177,-6.69806759292361,-6.69806759292361
"Conservancy","Conservancy_78","Lusese","SSP585_2050","With_Intervention","Grazer",2,1977,1977,-3.92003667164331,-3.92003667164331
"Conservancy","Conservancy_78","Lusese","SSP585_2050","With_Intervention","Grazer-Mixed",1,8535,8535,-4.81586218027276,-4.81586218027276
"Conservancy","Conservancy_78","Lusese","SSP585_2050","Without_Intervention","Browser-Mixed",1,9381,9381,-4.62474160488131,-4.62474160488131
"Conservancy","Conservancy_78","Lusese","SSP585_2050","Without_Intervention","Grazer",2,1901,1901,-8.06187878425659,-8.06187878425659
"Conservancy","Conservancy_78","Lusese","SSP585_2050","Without_Intervention","Grazer-Mixed",1,8355,8355,-6.8223613687015,-6.8223613687015
"Conservancy","Conservancy_78","Lusese","SSP585_2090","With_Intervention","Browser-Mixed",1,8577,8577,-12.8003422721642,-12.8003422721642
"Conservancy","Conservancy_78","Lusese","SSP585_2090","With_Intervention","Grazer",2,1836,1836,-10.8014787954659,-10.8014787954659
"Conservancy","Conservancy_78","Lusese","SSP585_2090","With_Intervention","Grazer-Mixed",1,7942,7942,-11.4285579462084,-11.4285579462084
"Conservancy","Conservancy_78","Lusese","SSP585_2090","Without_Intervention","Browser-Mixed",1,8765,8765,-10.8854354803507,-10.8854354803507
"Conservancy","Conservancy_78","Lusese","SSP585_2090","Without_Intervention","Grazer",2,1763,1763,-14.7654057199696,-14.7654057199696
"Conservancy","Conservancy_78","Lusese","SSP585_2090","Without_Intervention","Grazer-Mixed",1,7767,7767,-13.37817283307,-13.37817283307
"Conservancy","Conservancy_79","Nakabolelwa","Current","Current","Browser-Mixed",1,5231,5231,0,0
"Conservancy","Conservancy_79","Nakabolelwa","Current","Current","Grazer",2,1316,1316,0,0
"Conservancy","Conservancy_79","Nakabolelwa","Current","Current","Grazer-Mixed",1,5557,5557,0,0
"Conservancy","Conservancy_79","Nakabolelwa","SSP245_2050","With_Intervention","Browser-Mixed",1,4936,4936,-5.62685111138212,-5.62685111138212
"Conservancy","Conservancy_79","Nakabolelwa","SSP245_2050","With_Intervention","Grazer",2,1185,1185,-10.1906439035104,-10.1906439035104
"Conservancy","Conservancy_79","Nakabolelwa","SSP245_2050","With_Intervention","Grazer-Mixed",1,5102,5102,-8.19337222581027,-8.19337222581027
"Conservancy","Conservancy_79","Nakabolelwa","SSP245_2050","Without_Intervention","Browser-Mixed",1,4953,4953,-5.30773771357481,-5.30773771357481
"Conservancy","Conservancy_79","Nakabolelwa","SSP245_2050","Without_Intervention","Grazer",2,1203,1203,-8.86610036825494,-8.86610036825494
"Conservancy","Conservancy_79","Nakabolelwa","SSP245_2050","Without_Intervention","Grazer-Mixed",1,5162,5162,-7.12326287064691,-7.12326287064691
"Conservancy","Conservancy_79","Nakabolelwa","SSP245_2090","With_Intervention","Browser-Mixed",1,4892,4892,-6.46998924617252,-6.46998924617252
"Conservancy","Conservancy_79","Nakabolelwa","SSP245_2090","With_Intervention","Grazer",2,1178,1178,-10.7515359221855,-10.7515359221855
"Conservancy","Conservancy_79","Nakabolelwa","SSP245_2090","With_Intervention","Grazer-Mixed",1,5077,5077,-8.64104446175842,-8.64104446175842
"Conservancy","Conservancy_79","Nakabolelwa","SSP245_2090","Without_Intervention","Browser-Mixed",1,4907,4907,-6.18265473609538,-6.18265473609538
"Conservancy","Conservancy_79","Nakabolelwa","SSP245_2090","Without_Intervention","Grazer",2,1184,1184,-10.3281190460419,-10.3281190460419
"Conservancy","Conservancy_79","Nakabolelwa","SSP245_2090","Without_Intervention","Grazer-Mixed",1,5100,5100,-8.23203527584609,-8.23203527584609
"Conservancy","Conservancy_79","Nakabolelwa","SSP585_2050","With_Intervention","Browser-Mixed",1,4982,4982,-4.75591386126349,-4.75591386126349
"Conservancy","Conservancy_79","Nakabolelwa","SSP585_2050","With_Intervention","Grazer",2,1196,1196,-9.36299032423592,-9.36299032423592
"Conservancy","Conservancy_79","Nakabolelwa","SSP585_2050","With_Intervention","Grazer-Mixed",1,5149,5149,-7.34692102513681,-7.34692102513681
"Conservancy","Conservancy_79","Nakabolelwa","SSP585_2050","Without_Intervention","Browser-Mixed",1,4999,4999,-4.43381550820777,-4.43381550820777
"Conservancy","Conservancy_79","Nakabolelwa","SSP585_2050","Without_Intervention","Grazer",2,1214,1214,-8.02581903826917,-8.02581903826917
"Conservancy","Conservancy_79","Nakabolelwa","SSP585_2050","Without_Intervention","Grazer-Mixed",1,5209,5209,-6.26663032513895,-6.26663032513895
"Conservancy","Conservancy_79","Nakabolelwa","SSP585_2090","With_Intervention","Browser-Mixed",1,4649,4649,-11.1203702653843,-11.1203702653843
"Conservancy","Conservancy_79","Nakabolelwa","SSP585_2090","With_Intervention","Grazer",2,1120,1120,-15.1882108699846,-15.1882108699846
"Conservancy","Conservancy_79","Nakabolelwa","SSP585_2090","With_Intervention","Grazer-Mixed",1,4825,4825,-13.1825479230113,-13.1825479230113
"Conservancy","Conservancy_79","Nakabolelwa","SSP585_2090","Without_Intervention","Browser-Mixed",1,4663,4663,-10.8475080770215,-10.8475080770215
"Conservancy","Conservancy_79","Nakabolelwa","SSP585_2090","Without_Intervention","Grazer",2,1125,1125,-14.7862568736162,-14.7862568736162
"Conservancy","Conservancy_79","Nakabolelwa","SSP585_2090","Without_Intervention","Grazer-Mixed",1,4846,4846,-12.7942378603435,-12.7942378603435
"Conservancy","Conservancy_8","Mashi","Current","Current","Browser-Mixed",1,22194,22194,0,0
"Conservancy","Conservancy_8","Mashi","Current","Current","Grazer",2,2995,2995,0,0
"Conservancy","Conservancy_8","Mashi","Current","Current","Grazer-Mixed",1,13305,13305,0,0
"Conservancy","Conservancy_8","Mashi","SSP245_2050","With_Intervention","Browser-Mixed",1,20729,20729,-6.60111589402152,-6.60111589402152
"Conservancy","Conservancy_8","Mashi","SSP245_2050","With_Intervention","Grazer",2,3019,3019,1.18037077191649,1.18037077191649
"Conservancy","Conservancy_8","Mashi","SSP245_2050","With_Intervention","Grazer-Mixed",1,13112,13112,-1.44510782693827,-1.44510782693827
"Conservancy","Conservancy_8","Mashi","SSP245_2050","Without_Intervention","Browser-Mixed",1,21065,21065,-5.08673714774159,-5.08673714774159
"Conservancy","Conservancy_8","Mashi","SSP245_2050","Without_Intervention","Grazer",2,2516,2516,-16.7588340883265,-16.7588340883265
"Conservancy","Conservancy_8","Mashi","SSP245_2050","Without_Intervention","Grazer-Mixed",1,11626,11626,-12.6153046209239,-12.6153046209239
"Conservancy","Conservancy_8","Mashi","SSP245_2090","With_Intervention","Browser-Mixed",1,20565,20565,-7.33991665473394,-7.33991665473394
"Conservancy","Conservancy_8","Mashi","SSP245_2090","With_Intervention","Grazer",2,2947,2947,-1.34907881188379,-1.34907881188379
"Conservancy","Conservancy_8","Mashi","SSP245_2090","With_Intervention","Grazer-Mixed",1,12863,12863,-3.31674025952891,-3.31674025952891
"Conservancy","Conservancy_8","Mashi","SSP245_2090","Without_Intervention","Browser-Mixed",1,20927,20927,-5.70988928018587,-5.70988928018587
"Conservancy","Conservancy_8","Mashi","SSP245_2090","Without_Intervention","Grazer",2,2406,2406,-20.6582477180466,-20.6582477180466
"Conservancy","Conservancy_8","Mashi","SSP245_2090","Without_Intervention","Grazer-Mixed",1,11264,11264,-15.3399719629672,-15.3399719629672
"Conservancy","Conservancy_8","Mashi","SSP585_2050","With_Intervention","Browser-Mixed",1,20719,20719,-6.64660201877674,-6.64660201877674
"Conservancy","Conservancy_8","Mashi","SSP585_2050","With_Intervention","Grazer",2,3004,3004,0.698726133147454,0.698726133147454
"Conservancy","Conservancy_8","Mashi","SSP585_2050","With_Intervention","Grazer-Mixed",1,13058,13058,-1.85193623557302,-1.85193623557302
"Conservancy","Conservancy_8","Mashi","SSP585_2050","Without_Intervention","Browser-Mixed",1,21100,21100,-4.92678968259635,-4.92678968259635
"Conservancy","Conservancy_8","Mashi","SSP585_2050","Without_Intervention","Grazer",2,2520,2520,-16.6187156180564,-16.6187156180564
"Conservancy","Conservancy_8","Mashi","SSP585_2050","Without_Intervention","Grazer-Mixed",1,11646,11646,-12.4686316344286,-12.4686316344286
"Conservancy","Conservancy_8","Mashi","SSP585_2090","With_Intervention","Browser-Mixed",1,19433,19433,-12.4414823441381,-12.4414823441381
"Conservancy","Conservancy_8","Mashi","SSP585_2090","With_Intervention","Grazer",2,2775,2775,-7.06698724130199,-7.06698724130199
"Conservancy","Conservancy_8","Mashi","SSP585_2090","With_Intervention","Grazer-Mixed",1,12121,12121,-8.89811720418916,-8.89811720418916
"Conservancy","Conservancy_8","Mashi","SSP585_2090","Without_Intervention","Browser-Mixed",1,19819,19819,-10.6987103258678,-10.6987103258678
"Conservancy","Conservancy_8","Mashi","SSP585_2090","Without_Intervention","Grazer",2,2278,2278,-24.8564517399983,-24.8564517399983
"Conservancy","Conservancy_8","Mashi","SSP585_2090","Without_Intervention","Grazer-Mixed",1,10668,10668,-19.8196183370485,-19.8196183370485
"Conservancy","Conservancy_80","Ohungu","Current","Current","Browser-Mixed",1,45683,45683,0,0
"Conservancy","Conservancy_80","Ohungu","Current","Current","Grazer",2,11143,11143,0,0
"Conservancy","Conservancy_80","Ohungu","Current","Current","Grazer-Mixed",1,42180,42180,0,0
"Conservancy","Conservancy_80","Ohungu","SSP245_2050","With_Intervention","Browser-Mixed",1,47135,47135,3.17826324958542,3.17826324958542
"Conservancy","Conservancy_80","Ohungu","SSP245_2050","With_Intervention","Grazer",2,14901,14901,35.4376705914011,35.4376705914011
"Conservancy","Conservancy_80","Ohungu","SSP245_2050","With_Intervention","Grazer-Mixed",1,54230,54230,28.5686442390165,28.5686442390165
"Conservancy","Conservancy_80","Ohungu","SSP245_2050","Without_Intervention","Browser-Mixed",1,44985,44985,-1.528330587931,-1.528330587931
"Conservancy","Conservancy_80","Ohungu","SSP245_2050","Without_Intervention","Grazer",2,10835,10835,-2.77629932626418,-2.77629932626418
"Conservancy","Conservancy_80","Ohungu","SSP245_2050","Without_Intervention","Grazer-Mixed",1,41145,41145,-2.45320085396474,-2.45320085396474
"Conservancy","Conservancy_80","Ohungu","SSP245_2090","With_Intervention","Browser-Mixed",1,45399,45399,-0.623812827127958,-0.623812827127958
"Conservancy","Conservancy_80","Ohungu","SSP245_2090","With_Intervention","Grazer",2,14303,14303,30.0051672373387,30.0051672373387
"Conservancy","Conservancy_80","Ohungu","SSP245_2090","With_Intervention","Grazer-Mixed",1,52094,52094,23.5037312934711,23.5037312934711
"Conservancy","Conservancy_80","Ohungu","SSP245_2090","Without_Intervention","Browser-Mixed",1,43434,43434,-4.92405448614302,-4.92405448614302
"Conservancy","Conservancy_80","Ohungu","SSP245_2090","Without_Intervention","Grazer",2,10429,10429,-6.41658928726874,-6.41658928726874
"Conservancy","Conservancy_80","Ohungu","SSP245_2090","Without_Intervention","Grazer-Mixed",1,39642,39642,-6.01600897627779,-6.01600897627779
"Conservancy","Conservancy_80","Ohungu","SSP585_2050","With_Intervention","Browser-Mixed",1,45647,45647,-0.0806917822397237,-0.0806917822397237
"Conservancy","Conservancy_80","Ohungu","SSP585_2050","With_Intervention","Grazer",2,14435,14435,31.2024817822998,31.2024817822998
"Conservancy","Conservancy_80","Ohungu","SSP585_2050","With_Intervention","Grazer-Mixed",1,52531,52531,24.5397353090703,24.5397353090703
"Conservancy","Conservancy_80","Ohungu","SSP585_2050","Without_Intervention","Browser-Mixed",1,43556,43556,-4.65626377572949,-4.65626377572949
"Conservancy","Conservancy_80","Ohungu","SSP585_2050","Without_Intervention","Grazer",2,10497,10497,-5.81366708826791,-5.81366708826791
"Conservancy","Conservancy_80","Ohungu","SSP585_2050","Without_Intervention","Grazer-Mixed",1,39854,39854,-5.51392400314147,-5.51392400314147
"Conservancy","Conservancy_80","Ohungu","SSP585_2090","With_Intervention","Browser-Mixed",1,41830,41830,-8.43493426832941,-8.43493426832941
"Conservancy","Conservancy_80","Ohungu","SSP585_2090","With_Intervention","Grazer",2,13179,13179,19.7869108096107,19.7869108096107
"Conservancy","Conservancy_80","Ohungu","SSP585_2090","With_Intervention","Grazer-Mixed",1,47999,47999,13.7957363917379,13.7957363917379
"Conservancy","Conservancy_80","Ohungu","SSP585_2090","Without_Intervention","Browser-Mixed",1,40016,40016,-12.4052358783025,-12.4052358783025
"Conservancy","Conservancy_80","Ohungu","SSP585_2090","Without_Intervention","Grazer",2,9607,9607,-13.7918437885997,-13.7918437885997
"Conservancy","Conservancy_80","Ohungu","SSP585_2090","Without_Intervention","Grazer-Mixed",1,36519,36519,-13.4212144396335,-13.4212144396335
"Conservancy","Conservancy_81","Maurus Nekaro","Current","Current","Browser-Mixed",1,59154,59154,0,0
"Conservancy","Conservancy_81","Maurus Nekaro","Current","Current","Grazer",2,6937,6937,0,0
"Conservancy","Conservancy_81","Maurus Nekaro","Current","Current","Grazer-Mixed",1,33014,33014,0,0
"Conservancy","Conservancy_81","Maurus Nekaro","SSP245_2050","With_Intervention","Browser-Mixed",1,55255,55255,-6.59253262483547,-6.59253262483547
"Conservancy","Conservancy_81","Maurus Nekaro","SSP245_2050","With_Intervention","Grazer",2,8528,8528,24.8012474256989,24.8012474256989
"Conservancy","Conservancy_81","Maurus Nekaro","SSP245_2050","With_Intervention","Grazer-Mixed",1,36575,36575,10.7879873916545,10.7879873916545
"Conservancy","Conservancy_81","Maurus Nekaro","SSP245_2050","Without_Intervention","Browser-Mixed",1,58110,58110,-1.76569326486746,-1.76569326486746
"Conservancy","Conservancy_81","Maurus Nekaro","SSP245_2050","Without_Intervention","Grazer",2,6770,6770,-3.16844865182678,-3.16844865182678
"Conservancy","Conservancy_81","Maurus Nekaro","SSP245_2050","Without_Intervention","Grazer-Mixed",1,32062,32062,-2.88253066749794,-2.88253066749794
"Conservancy","Conservancy_81","Maurus Nekaro","SSP245_2090","With_Intervention","Browser-Mixed",1,54364,54364,-8.09860191472572,-8.09860191472572
"Conservancy","Conservancy_81","Maurus Nekaro","SSP245_2090","With_Intervention","Grazer",2,8465,8465,23.8105652131527,23.8105652131527
"Conservancy","Conservancy_81","Maurus Nekaro","SSP245_2090","With_Intervention","Grazer-Mixed",1,36189,36189,9.61622708090538,9.61622708090538
"Conservancy","Conservancy_81","Maurus Nekaro","SSP245_2090","Without_Intervention","Browser-Mixed",1,57343,57343,-3.06281358827445,-3.06281358827445
"Conservancy","Conservancy_81","Maurus Nekaro","SSP245_2090","Without_Intervention","Grazer",2,6706,6706,-4.2359827207193,-4.2359827207193
"Conservancy","Conservancy_81","Maurus Nekaro","SSP245_2090","Without_Intervention","Grazer-Mixed",1,31688,31688,-4.01597507674384,-4.01597507674384
"Conservancy","Conservancy_81","Maurus Nekaro","SSP585_2050","With_Intervention","Browser-Mixed",1,53120,53120,-10.200973553208,-10.200973553208
"Conservancy","Conservancy_81","Maurus Nekaro","SSP585_2050","With_Intervention","Grazer",2,7958,7958,16.7253601364717,16.7253601364717
"Conservancy","Conservancy_81","Maurus Nekaro","SSP585_2050","With_Intervention","Grazer-Mixed",1,34293,34293,3.87521741829085,3.87521741829085
"Conservancy","Conservancy_81","Maurus Nekaro","SSP585_2050","Without_Intervention","Browser-Mixed",1,56928,56928,-3.76460566197553,-3.76460566197553
"Conservancy","Conservancy_81","Maurus Nekaro","SSP585_2050","Without_Intervention","Grazer",2,6633,6633,-5.11742240989499,-5.11742240989499
"Conservancy","Conservancy_81","Maurus Nekaro","SSP585_2050","Without_Intervention","Grazer-Mixed",1,31415,31415,-4.84444463197097,-4.84444463197097
"Conservancy","Conservancy_81","Maurus Nekaro","SSP585_2090","With_Intervention","Browser-Mixed",1,50610,50610,-14.4442839893638,-14.4442839893638
"Conservancy","Conservancy_81","Maurus Nekaro","SSP585_2090","With_Intervention","Grazer",2,7603,7603,11.3924278526503,11.3924278526503
"Conservancy","Conservancy_81","Maurus Nekaro","SSP585_2090","With_Intervention","Grazer-Mixed",1,32715,32715,-0.90433580295319,-0.90433580295319
"Conservancy","Conservancy_81","Maurus Nekaro","SSP585_2090","Without_Intervention","Browser-Mixed",1,54330,54330,-8.15587134992528,-8.15587134992528
"Conservancy","Conservancy_81","Maurus Nekaro","SSP585_2090","Without_Intervention","Grazer",2,6356,6356,-9.24228068462,-9.24228068462
"Conservancy","Conservancy_81","Maurus Nekaro","SSP585_2090","Without_Intervention","Grazer-Mixed",1,30028,30028,-9.04323429441134,-9.04323429441134
"Conservancy","Conservancy_82","Kapinga kaMwalye","Current","Current","Browser-Mixed",1,70299,70299,0,0
"Conservancy","Conservancy_82","Kapinga kaMwalye","Current","Current","Grazer",2,7972,7972,0,0
"Conservancy","Conservancy_82","Kapinga kaMwalye","Current","Current","Grazer-Mixed",1,37824,37824,0,0
"Conservancy","Conservancy_82","Kapinga kaMwalye","SSP245_2050","With_Intervention","Browser-Mixed",1,66248,66248,-5.76175001908568,-5.76175001908568
"Conservancy","Conservancy_82","Kapinga kaMwalye","SSP245_2050","With_Intervention","Grazer",2,9988,9988,27.7792068490704,27.7792068490704
"Conservancy","Conservancy_82","Kapinga kaMwalye","SSP245_2050","With_Intervention","Grazer-Mixed",1,43193,43193,14.1943896628697,14.1943896628697
"Conservancy","Conservancy_82","Kapinga kaMwalye","SSP245_2050","Without_Intervention","Browser-Mixed",1,67901,67901,-3.41046112067698,-3.41046112067698
"Conservancy","Conservancy_82","Kapinga kaMwalye","SSP245_2050","Without_Intervention","Grazer",2,7483,7483,-6.64133847740441,-6.64133847740441
"Conservancy","Conservancy_82","Kapinga kaMwalye","SSP245_2050","Without_Intervention","Grazer-Mixed",1,35832,35832,-5.26560566720356,-5.26560566720356
"Conservancy","Conservancy_82","Kapinga kaMwalye","SSP245_2090","With_Intervention","Browser-Mixed",1,65220,65220,-7.22446426593454,-7.22446426593454
"Conservancy","Conservancy_82","Kapinga kaMwalye","SSP245_2090","With_Intervention","Grazer",2,9839,9839,25.7961958214136,25.7961958214136
"Conservancy","Conservancy_82","Kapinga kaMwalye","SSP245_2090","With_Intervention","Grazer-Mixed",1,42535,42535,12.4538921978544,12.4538921978544
"Conservancy","Conservancy_82","Kapinga kaMwalye","SSP245_2090","Without_Intervention","Browser-Mixed",1,66830,66830,-4.934948240634,-4.934948240634
"Conservancy","Conservancy_82","Kapinga kaMwalye","SSP245_2090","Without_Intervention","Grazer",2,7334,7334,-8.61665748281781,-8.61665748281781
"Conservancy","Conservancy_82","Kapinga kaMwalye","SSP245_2090","Without_Intervention","Grazer-Mixed",1,35155,35155,-7.05525143391215,-7.05525143391215
"Conservancy","Conservancy_82","Kapinga kaMwalye","SSP585_2050","With_Intervention","Browser-Mixed",1,64091,64091,-8.83125615571061,-8.83125615571061
"Conservancy","Conservancy_82","Kapinga kaMwalye","SSP585_2050","With_Intervention","Grazer",2,9427,9427,20.7950310908924,20.7950310908924
"Conservancy","Conservancy_82","Kapinga kaMwalye","SSP585_2050","With_Intervention","Grazer-Mixed",1,40934,40934,8.22250007116465,8.22250007116465
"Conservancy","Conservancy_82","Kapinga kaMwalye","SSP585_2050","Without_Intervention","Browser-Mixed",1,66717,66717,-5.09536677462637,-5.09536677462637
"Conservancy","Conservancy_82","Kapinga kaMwalye","SSP585_2050","Without_Intervention","Grazer",2,7353,7353,-8.26718426083981,-8.26718426083981
"Conservancy","Conservancy_82","Kapinga kaMwalye","SSP585_2050","Without_Intervention","Grazer-Mixed",1,35208,35208,-6.91629050376719,-6.91629050376719
"Conservancy","Conservancy_82","Kapinga kaMwalye","SSP585_2090","With_Intervention","Browser-Mixed",1,60576,60576,-13.8306751054937,-13.8306751054937
"Conservancy","Conservancy_82","Kapinga kaMwalye","SSP585_2090","With_Intervention","Grazer",2,8917,8917,14.1966771996705,14.1966771996705
"Conservancy","Conservancy_82","Kapinga kaMwalye","SSP585_2090","With_Intervention","Grazer-Mixed",1,38696,38696,2.30540381989993,2.30540381989993
"Conservancy","Conservancy_82","Kapinga kaMwalye","SSP585_2090","Without_Intervention","Browser-Mixed",1,63098,63098,-10.243018192159,-10.243018192159
"Conservancy","Conservancy_82","Kapinga kaMwalye","SSP585_2090","Without_Intervention","Grazer",2,6924,6924,-13.7209692823091,-13.7209692823091
"Conservancy","Conservancy_82","Kapinga kaMwalye","SSP585_2090","Without_Intervention","Grazer-Mixed",1,33192,33192,-12.2465415486917,-12.2465415486917
"Conservancy","Conservancy_83","Otjindjerese","Current","Current","Browser-Mixed",1,40366,40366,0,0
"Conservancy","Conservancy_83","Otjindjerese","Current","Current","Grazer",2,4846,4846,0,0
"Conservancy","Conservancy_83","Otjindjerese","Current","Current","Grazer-Mixed",1,22489,22489,0,0
"Conservancy","Conservancy_83","Otjindjerese","SSP245_2050","With_Intervention","Browser-Mixed",1,35538,35538,-11.9610628009894,-11.9610628009894
"Conservancy","Conservancy_83","Otjindjerese","SSP245_2050","With_Intervention","Grazer",2,10738,10738,133.605284911671,133.605284911671
"Conservancy","Conservancy_83","Otjindjerese","SSP245_2050","With_Intervention","Grazer-Mixed",1,39728,39728,76.6544019578513,76.6544019578513
"Conservancy","Conservancy_83","Otjindjerese","SSP245_2050","Without_Intervention","Browser-Mixed",1,39574,39574,-1.96283222687362,-1.96283222687362
"Conservancy","Conservancy_83","Otjindjerese","SSP245_2050","Without_Intervention","Grazer",2,4502,4502,-7.57823419016371,-7.57823419016371
"Conservancy","Conservancy_83","Otjindjerese","SSP245_2050","Without_Intervention","Grazer-Mixed",1,21271,21271,-5.41541479915375,-5.41541479915375
"Conservancy","Conservancy_83","Otjindjerese","SSP245_2090","With_Intervention","Browser-Mixed",1,34102,34102,-15.5171891058382,-15.5171891058382
"Conservancy","Conservancy_83","Otjindjerese","SSP245_2090","With_Intervention","Grazer",2,10298,10298,124.001231475766,124.001231475766
"Conservancy","Conservancy_83","Otjindjerese","SSP245_2090","With_Intervention","Grazer-Mixed",1,38093,38093,69.3875480510736,69.3875480510736
"Conservancy","Conservancy_83","Otjindjerese","SSP245_2090","Without_Intervention","Browser-Mixed",1,38017,38017,-5.8200684042177,-5.8200684042177
"Conservancy","Conservancy_83","Otjindjerese","SSP245_2090","Without_Intervention","Grazer",2,4253,4253,-12.8604014988813,-12.8604014988813
"Conservancy","Conservancy_83","Otjindjerese","SSP245_2090","Without_Intervention","Grazer-Mixed",1,20202,20202,-10.1678605761765,-10.1678605761765
"Conservancy","Conservancy_83","Otjindjerese","SSP585_2050","With_Intervention","Browser-Mixed",1,34275,34275,-15.0898199489753,-15.0898199489753
"Conservancy","Conservancy_83","Otjindjerese","SSP585_2050","With_Intervention","Grazer",2,10356,10356,125.300666796081,125.300666796081
"Conservancy","Conservancy_83","Otjindjerese","SSP585_2050","With_Intervention","Grazer-Mixed",1,38316,38316,70.3749557140639,70.3749557140639
"Conservancy","Conservancy_83","Otjindjerese","SSP585_2050","Without_Intervention","Browser-Mixed",1,38167,38167,-5.44769087730578,-5.44769087730578
"Conservancy","Conservancy_83","Otjindjerese","SSP585_2050","Without_Intervention","Grazer",2,4342,4342,-10.8604606165862,-10.8604606165862
"Conservancy","Conservancy_83","Otjindjerese","SSP585_2050","Without_Intervention","Grazer-Mixed",1,20515,20515,-8.77553264959077,-8.77553264959077
"Conservancy","Conservancy_83","Otjindjerese","SSP585_2090","With_Intervention","Browser-Mixed",1,32545,32545,-19.3741216760688,-19.3741216760688
"Conservancy","Conservancy_83","Otjindjerese","SSP585_2090","With_Intervention","Grazer",2,9828,9828,113.778255598367,113.778255598367
"Conservancy","Conservancy_83","Otjindjerese","SSP585_2090","With_Intervention","Grazer-Mixed",1,36355,36355,61.6566726068587,61.6566726068587
"Conservancy","Conservancy_83","Otjindjerese","SSP585_2090","Without_Intervention","Browser-Mixed",1,36281,36281,-10.1208528016067,-10.1208528016067
"Conservancy","Conservancy_83","Otjindjerese","SSP585_2090","Without_Intervention","Grazer",2,4059,4059,-16.8335152545842,-16.8335152545842
"Conservancy","Conservancy_83","Otjindjerese","SSP585_2090","Without_Intervention","Grazer-Mixed",1,19281,19281,-14.2662299690212,-14.2662299690212
"Conservancy","Conservancy_84","Nyae Nyae","Current","Current","Browser-Mixed",1,492055,492055,0,0
"Conservancy","Conservancy_84","Nyae Nyae","Current","Current","Grazer",2,68102,68102,0,0
"Conservancy","Conservancy_84","Nyae Nyae","Current","Current","Grazer-Mixed",1,301498,301498,0,0
"Conservancy","Conservancy_84","Nyae Nyae","SSP245_2050","With_Intervention","Browser-Mixed",1,421358,421358,-14.3677678540802,-14.3677678540802
"Conservancy","Conservancy_84","Nyae Nyae","SSP245_2050","With_Intervention","Grazer",2,148662,148662,128.091075111244,128.091075111244
"Conservancy","Conservancy_84","Nyae Nyae","SSP245_2050","With_Intervention","Grazer-Mixed",1,536464,536464,77.9328018017822,77.9328018017822
"Conservancy","Conservancy_84","Nyae Nyae","SSP245_2050","Without_Intervention","Browser-Mixed",1,480063,480063,-2.43725589330668,-2.43725589330668
"Conservancy","Conservancy_84","Nyae Nyae","SSP245_2050","Without_Intervention","Grazer",2,60827,60827,-11.3645337152991,-11.3645337152991
"Conservancy","Conservancy_84","Nyae Nyae","SSP245_2050","Without_Intervention","Grazer-Mixed",1,276887,276887,-8.16287531168046,-8.16287531168046
"Conservancy","Conservancy_84","Nyae Nyae","SSP245_2090","With_Intervention","Browser-Mixed",1,410734,410734,-16.5268399924931,-16.5268399924931
"Conservancy","Conservancy_84","Nyae Nyae","SSP245_2090","With_Intervention","Grazer",2,144735,144735,122.050001028035,122.050001028035
"Conservancy","Conservancy_84","Nyae Nyae","SSP245_2090","With_Intervention","Grazer-Mixed",1,522379,522379,73.2610333298644,73.2610333298644
"Conservancy","Conservancy_84","Nyae Nyae","SSP245_2090","Without_Intervention","Browser-Mixed",1,468739,468739,-4.7384986454431,-4.7384986454431
"Conservancy","Conservancy_84","Nyae Nyae","SSP245_2090","Without_Intervention","Grazer",2,57947,57947,-15.7437772283501,-15.7437772283501
"Conservancy","Conservancy_84","Nyae Nyae","SSP245_2090","Without_Intervention","Grazer-Mixed",1,265895,265895,-11.8086798271137,-11.8086798271137
"Conservancy","Conservancy_84","Nyae Nyae","SSP585_2050","With_Intervention","Browser-Mixed",1,408080,408080,-17.0662251530795,-17.0662251530795
"Conservancy","Conservancy_84","Nyae Nyae","SSP585_2050","With_Intervention","Grazer",2,143975,143975,120.900386877025,120.900386877025
"Conservancy","Conservancy_84","Nyae Nyae","SSP585_2050","With_Intervention","Grazer-Mixed",1,519553,519553,72.3236022949242,72.3236022949242
"Conservancy","Conservancy_84","Nyae Nyae","SSP585_2050","Without_Intervention","Browser-Mixed",1,464936,464936,-5.51143485513228,-5.51143485513228
"Conservancy","Conservancy_84","Nyae Nyae","SSP585_2050","Without_Intervention","Grazer",2,58906,58906,-14.1634160143635,-14.1634160143635
"Conservancy","Conservancy_84","Nyae Nyae","SSP585_2050","Without_Intervention","Grazer-Mixed",1,268150,268150,-11.0607065995062,-11.0607065995062
"Conservancy","Conservancy_84","Nyae Nyae","SSP585_2090","With_Intervention","Browser-Mixed",1,385733,385733,-21.6077708726712,-21.6077708726712
"Conservancy","Conservancy_84","Nyae Nyae","SSP585_2090","With_Intervention","Grazer",2,135919,135919,108.523790699887,108.523790699887
"Conservancy","Conservancy_84","Nyae Nyae","SSP585_2090","With_Intervention","Grazer-Mixed",1,490562,490562,62.7081348616517,62.7081348616517
"Conservancy","Conservancy_84","Nyae Nyae","SSP585_2090","Without_Intervention","Browser-Mixed",1,440207,440207,-10.537034903925,-10.537034903925
"Conservancy","Conservancy_84","Nyae Nyae","SSP585_2090","Without_Intervention","Grazer",2,54414,54414,-20.8819070401209,-20.8819070401209
"Conservancy","Conservancy_84","Nyae Nyae","SSP585_2090","Without_Intervention","Grazer-Mixed",1,249692,249692,-17.1830309581736,-17.1830309581736
"Conservancy","Conservancy_85","Ekango Lyomongwa","Current","Current","Browser-Mixed",1,65180,65180,0,0
"Conservancy","Conservancy_85","Ekango Lyomongwa","Current","Current","Grazer",2,18797,18797,0,0
"Conservancy","Conservancy_85","Ekango Lyomongwa","Current","Current","Grazer-Mixed",1,70125,70125,0,0
"Conservancy","Conservancy_85","Ekango Lyomongwa","SSP245_2050","With_Intervention","Browser-Mixed",1,62751,62751,-3.72680757689763,-3.72680757689763
"Conservancy","Conservancy_85","Ekango Lyomongwa","SSP245_2050","With_Intervention","Grazer",2,21581,21581,15.3454182414749,15.3454182414749
"Conservancy","Conservancy_85","Ekango Lyomongwa","SSP245_2050","With_Intervention","Grazer-Mixed",1,78125,78125,11.4075300482561,11.4075300482561
"Conservancy","Conservancy_85","Ekango Lyomongwa","SSP245_2050","Without_Intervention","Browser-Mixed",1,64311,64311,-1.33276486592815,-1.33276486592815
"Conservancy","Conservancy_85","Ekango Lyomongwa","SSP245_2050","Without_Intervention","Grazer",2,18151,18151,-3.56076982525029,-3.56076982525029
"Conservancy","Conservancy_85","Ekango Lyomongwa","SSP245_2050","Without_Intervention","Grazer-Mixed",1,67829,67829,-3.27393034176937,-3.27393034176937
"Conservancy","Conservancy_85","Ekango Lyomongwa","SSP245_2090","With_Intervention","Browser-Mixed",1,60803,60803,-6.71519672807397,-6.71519672807397
"Conservancy","Conservancy_85","Ekango Lyomongwa","SSP245_2090","With_Intervention","Grazer",2,20831,20831,11.3242267114532,11.3242267114532
"Conservancy","Conservancy_85","Ekango Lyomongwa","SSP245_2090","With_Intervention","Grazer-Mixed",1,75454,75454,7.59886877315988,7.59886877315988
"Conservancy","Conservancy_85","Ekango Lyomongwa","SSP245_2090","Without_Intervention","Browser-Mixed",1,62364,62364,-4.32047233522035,-4.32047233522035
"Conservancy","Conservancy_85","Ekango Lyomongwa","SSP245_2090","Without_Intervention","Grazer",2,17459,17459,-7.25942065592352,-7.25942065592352
"Conservancy","Conservancy_85","Ekango Lyomongwa","SSP245_2090","Without_Intervention","Grazer-Mixed",1,65338,65338,-6.82639842822511,-6.82639842822511
"Conservancy","Conservancy_85","Ekango Lyomongwa","SSP585_2050","With_Intervention","Browser-Mixed",1,60524,60524,-7.14291951809414,-7.14291951809414
"Conservancy","Conservancy_85","Ekango Lyomongwa","SSP585_2050","With_Intervention","Grazer",2,20819,20819,11.2739674419609,11.2739674419609
"Conservancy","Conservancy_85","Ekango Lyomongwa","SSP585_2050","With_Intervention","Grazer-Mixed",1,75365,75365,7.47203133921664,7.47203133921664
"Conservancy","Conservancy_85","Ekango Lyomongwa","SSP585_2050","Without_Intervention","Browser-Mixed",1,62029,62029,-4.83449348210938,-4.83449348210938
"Conservancy","Conservancy_85","Ekango Lyomongwa","SSP585_2050","Without_Intervention","Grazer",2,17510,17510,-6.96831113794769,-6.96831113794769
"Conservancy","Conservancy_85","Ekango Lyomongwa","SSP585_2050","Without_Intervention","Grazer-Mixed",1,65431,65431,-6.69460983502737,-6.69460983502737
"Conservancy","Conservancy_85","Ekango Lyomongwa","SSP585_2090","With_Intervention","Browser-Mixed",1,58100,58100,-10.8616039731812,-10.8616039731812
"Conservancy","Conservancy_85","Ekango Lyomongwa","SSP585_2090","With_Intervention","Grazer",2,19903,19903,6.36816362091036,6.36816362091036
"Conservancy","Conservancy_85","Ekango Lyomongwa","SSP585_2090","With_Intervention","Grazer-Mixed",1,72096,72096,2.80999895255282,2.80999895255282
"Conservancy","Conservancy_85","Ekango Lyomongwa","SSP585_2090","Without_Intervention","Browser-Mixed",1,59593,59593,-8.57180778786459,-8.57180778786459
"Conservancy","Conservancy_85","Ekango Lyomongwa","SSP585_2090","Without_Intervention","Grazer",2,16682,16682,-11.3907075175747,-11.3907075175747
"Conservancy","Conservancy_85","Ekango Lyomongwa","SSP585_2090","Without_Intervention","Grazer-Mixed",1,62429,62429,-10.9747538353791,-10.9747538353791
"Conservancy","Conservancy_86","#Khoadi-//Hôas","Current","Current","Browser-Mixed",1,150349,150349,0,0
"Conservancy","Conservancy_86","#Khoadi-//Hôas","Current","Current","Grazer",2,34343,34343,0,0
"Conservancy","Conservancy_86","#Khoadi-//Hôas","Current","Current","Grazer-Mixed",1,132767,132767,0,0
"Conservancy","Conservancy_86","#Khoadi-//Hôas","SSP245_2050","With_Intervention","Browser-Mixed",1,147247,147247,-2.06312428567186,-2.06312428567186
"Conservancy","Conservancy_86","#Khoadi-//Hôas","SSP245_2050","With_Intervention","Grazer",2,50060,50060,48.1187292965088,48.1187292965088
"Conservancy","Conservancy_86","#Khoadi-//Hôas","SSP245_2050","With_Intervention","Grazer-Mixed",1,181056,181056,36.3713260726595,36.3713260726595
"Conservancy","Conservancy_86","#Khoadi-//Hôas","SSP245_2050","Without_Intervention","Browser-Mixed",1,147111,147111,-2.15331144124272,-2.15331144124272
"Conservancy","Conservancy_86","#Khoadi-//Hôas","SSP245_2050","Without_Intervention","Grazer",2,32715,32715,-4.83924634125569,-4.83924634125569
"Conservancy","Conservancy_86","#Khoadi-//Hôas","SSP245_2050","Without_Intervention","Grazer-Mixed",1,127217,127217,-4.17977864602431,-4.17977864602431
"Conservancy","Conservancy_86","#Khoadi-//Hôas","SSP245_2090","With_Intervention","Browser-Mixed",1,140954,140954,-6.24835079440379,-6.24835079440379
"Conservancy","Conservancy_86","#Khoadi-//Hôas","SSP245_2090","With_Intervention","Grazer",2,47876,47876,41.6543444456763,41.6543444456763
"Conservancy","Conservancy_86","#Khoadi-//Hôas","SSP245_2090","With_Intervention","Grazer-Mixed",1,173184,173184,30.4422179221247,30.4422179221247
"Conservancy","Conservancy_86","#Khoadi-//Hôas","SSP245_2090","Without_Intervention","Browser-Mixed",1,140754,140754,-6.38175244727299,-6.38175244727299
"Conservancy","Conservancy_86","#Khoadi-//Hôas","SSP245_2090","Without_Intervention","Grazer",2,31045,31045,-9.73475330098995,-9.73475330098995
"Conservancy","Conservancy_86","#Khoadi-//Hôas","SSP245_2090","Without_Intervention","Grazer-Mixed",1,120925,120925,-8.91899614278035,-8.91899614278035
"Conservancy","Conservancy_86","#Khoadi-//Hôas","SSP585_2050","With_Intervention","Browser-Mixed",1,142686,142686,-5.09664213274602,-5.09664213274602
"Conservancy","Conservancy_86","#Khoadi-//Hôas","SSP585_2050","With_Intervention","Grazer",2,48508,48508,43.5270393732589,43.5270393732589
"Conservancy","Conservancy_86","#Khoadi-//Hôas","SSP585_2050","With_Intervention","Grazer-Mixed",1,175442,175442,32.1433780243038,32.1433780243038
"Conservancy","Conservancy_86","#Khoadi-//Hôas","SSP585_2050","Without_Intervention","Browser-Mixed",1,142548,142548,-5.18824265563147,-5.18824265563147
"Conservancy","Conservancy_86","#Khoadi-//Hôas","SSP585_2050","Without_Intervention","Grazer",2,31709,31709,-7.76526660157448,-7.76526660157448
"Conservancy","Conservancy_86","#Khoadi-//Hôas","SSP585_2050","Without_Intervention","Grazer-Mixed",1,123297,123297,-7.132640420444,-7.132640420444
"Conservancy","Conservancy_86","#Khoadi-//Hôas","SSP585_2090","With_Intervention","Browser-Mixed",1,131309,131309,-12.6636117680973,-12.6636117680973
"Conservancy","Conservancy_86","#Khoadi-//Hôas","SSP585_2090","With_Intervention","Grazer",2,44594,44594,31.9453611781846,31.9453611781846
"Conservancy","Conservancy_86","#Khoadi-//Hôas","SSP585_2090","With_Intervention","Grazer-Mixed",1,161319,161319,21.5054034645103,21.5054034645103
"Conservancy","Conservancy_86","#Khoadi-//Hôas","SSP585_2090","Without_Intervention","Browser-Mixed",1,131168,131168,-12.7576557519541,-12.7576557519541
"Conservancy","Conservancy_86","#Khoadi-//Hôas","SSP585_2090","Without_Intervention","Grazer",2,28929,28929,-15.8845275608351,-15.8845275608351
"Conservancy","Conservancy_86","#Khoadi-//Hôas","SSP585_2090","Without_Intervention","Grazer-Mixed",1,112690,112690,-15.1216514903427,-15.1216514903427
"Conservancy","Conservancy_87","Joseph Mbambangandu","Current","Current","Browser-Mixed",1,2027,2027,0,0
"Conservancy","Conservancy_87","Joseph Mbambangandu","Current","Current","Grazer",2,325,325,0,0
"Conservancy","Conservancy_87","Joseph Mbambangandu","Current","Current","Grazer-Mixed",1,1441,1441,0,0
"Conservancy","Conservancy_87","Joseph Mbambangandu","SSP245_2050","With_Intervention","Browser-Mixed",1,2045,2045,0.891726188733133,0.891726188733133
"Conservancy","Conservancy_87","Joseph Mbambangandu","SSP245_2050","With_Intervention","Grazer",2,346,346,6.15942786168948,6.15942786168948
"Conservancy","Conservancy_87","Joseph Mbambangandu","SSP245_2050","With_Intervention","Grazer-Mixed",1,1465,1465,1.6199637703658,1.6199637703658
"Conservancy","Conservancy_87","Joseph Mbambangandu","SSP245_2050","Without_Intervention","Browser-Mixed",1,2108,2108,4.00563808729957,4.00563808729957
"Conservancy","Conservancy_87","Joseph Mbambangandu","SSP245_2050","Without_Intervention","Grazer",2,302,302,-8.01196716680194,-8.01196716680194
"Conservancy","Conservancy_87","Joseph Mbambangandu","SSP245_2050","Without_Intervention","Grazer-Mixed",1,1352,1352,-6.18140126805503,-6.18140126805503
"Conservancy","Conservancy_87","Joseph Mbambangandu","SSP245_2090","With_Intervention","Browser-Mixed",1,2055,2055,1.398008588232,1.398008588232
"Conservancy","Conservancy_87","Joseph Mbambangandu","SSP245_2090","With_Intervention","Grazer",2,367,367,12.6900975849031,12.6900975849031
"Conservancy","Conservancy_87","Joseph Mbambangandu","SSP245_2090","With_Intervention","Grazer-Mixed",1,1533,1533,6.37789633627586,6.37789633627586
"Conservancy","Conservancy_87","Joseph Mbambangandu","SSP245_2090","Without_Intervention","Browser-Mixed",1,2087,2087,2.94618540595764,2.94618540595764
"Conservancy","Conservancy_87","Joseph Mbambangandu","SSP245_2090","Without_Intervention","Grazer",2,299,299,-8.78574403792911,-8.78574403792911
"Conservancy","Conservancy_87","Joseph Mbambangandu","SSP245_2090","Without_Intervention","Grazer-Mixed",1,1338,1338,-7.17179742717833,-7.17179742717833
"Conservancy","Conservancy_87","Joseph Mbambangandu","SSP585_2050","With_Intervention","Browser-Mixed",1,1933,1933,-4.64221656086926,-4.64221656086926
"Conservancy","Conservancy_87","Joseph Mbambangandu","SSP585_2050","With_Intervention","Grazer",2,308,308,-5.062449666987,-5.062449666987
"Conservancy","Conservancy_87","Joseph Mbambangandu","SSP585_2050","With_Intervention","Grazer-Mixed",1,1315,1315,-8.75484145803008,-8.75484145803008
"Conservancy","Conservancy_87","Joseph Mbambangandu","SSP585_2050","Without_Intervention","Browser-Mixed",1,2077,2077,2.47516761980908,2.47516761980908
"Conservancy","Conservancy_87","Joseph Mbambangandu","SSP585_2050","Without_Intervention","Grazer",2,298,298,-9.33741353383782,-9.33741353383782
"Conservancy","Conservancy_87","Joseph Mbambangandu","SSP585_2050","Without_Intervention","Grazer-Mixed",1,1333,1333,-7.54685431184895,-7.54685431184895
"Conservancy","Conservancy_87","Joseph Mbambangandu","SSP585_2090","With_Intervention","Browser-Mixed",1,1851,1851,-8.68510740370734,-8.68510740370734
"Conservancy","Conservancy_87","Joseph Mbambangandu","SSP585_2090","With_Intervention","Grazer",2,290,290,-10.5975749502289,-10.5975749502289
"Conservancy","Conservancy_87","Joseph Mbambangandu","SSP585_2090","With_Intervention","Grazer-Mixed",1,1242,1242,-13.8334931605194,-13.8334931605194
"Conservancy","Conservancy_87","Joseph Mbambangandu","SSP585_2090","Without_Intervention","Browser-Mixed",1,1977,1977,-2.49093265018423,-2.49093265018423
"Conservancy","Conservancy_87","Joseph Mbambangandu","SSP585_2090","Without_Intervention","Grazer",2,284,284,-13.5887664585433,-13.5887664585433
"Conservancy","Conservancy_87","Joseph Mbambangandu","SSP585_2090","Without_Intervention","Grazer-Mixed",1,1267,1267,-12.0836350837833,-12.0836350837833
"Conservancy","Conservancy_88","Impalila","Current","Current","Browser-Mixed",1,2982,2982,0,0
"Conservancy","Conservancy_88","Impalila","Current","Current","Grazer",2,630,630,0,0
"Conservancy","Conservancy_88","Impalila","Current","Current","Grazer-Mixed",1,2722,2722,0,0
"Conservancy","Conservancy_88","Impalila","SSP245_2050","With_Intervention","Browser-Mixed",1,3027,3027,1.50726386650359,1.50726386650359
"Conservancy","Conservancy_88","Impalila","SSP245_2050","With_Intervention","Grazer",2,617,617,-2.16047095183084,-2.16047095183084
"Conservancy","Conservancy_88","Impalila","SSP245_2050","With_Intervention","Grazer-Mixed",1,2698,2698,-0.885993668688051,-0.885993668688051
"Conservancy","Conservancy_88","Impalila","SSP245_2050","Without_Intervention","Browser-Mixed",1,3054,3054,2.41072580216149,2.41072580216149
"Conservancy","Conservancy_88","Impalila","SSP245_2050","Without_Intervention","Grazer",2,618,618,-2.10657903334454,-2.10657903334454
"Conservancy","Conservancy_88","Impalila","SSP245_2050","Without_Intervention","Grazer-Mixed",1,2709,2709,-0.467880701383584,-0.467880701383584
"Conservancy","Conservancy_88","Impalila","SSP245_2090","With_Intervention","Browser-Mixed",1,3041,3041,1.98956193688047,1.98956193688047
"Conservancy","Conservancy_88","Impalila","SSP245_2090","With_Intervention","Grazer",2,601,601,-4.71869647126218,-4.71869647126218
"Conservancy","Conservancy_88","Impalila","SSP245_2090","With_Intervention","Grazer-Mixed",1,2648,2648,-2.70341582763724,-2.70341582763724
"Conservancy","Conservancy_88","Impalila","SSP245_2090","Without_Intervention","Browser-Mixed",1,3071,3071,2.98189465960548,2.98189465960548
"Conservancy","Conservancy_88","Impalila","SSP245_2090","Without_Intervention","Grazer",2,603,603,-4.51407885859015,-4.51407885859015
"Conservancy","Conservancy_88","Impalila","SSP245_2090","Without_Intervention","Grazer-Mixed",1,2663,2663,-2.14193791641996,-2.14193791641996
"Conservancy","Conservancy_88","Impalila","SSP585_2050","With_Intervention","Browser-Mixed",1,3059,3059,2.57963791496317,2.57963791496317
"Conservancy","Conservancy_88","Impalila","SSP585_2050","With_Intervention","Grazer",2,623,623,-1.12722085693573,-1.12722085693573
"Conservancy","Conservancy_88","Impalila","SSP585_2050","With_Intervention","Grazer-Mixed",1,2726,2726,0.160640728422958,0.160640728422958
"Conservancy","Conservancy_88","Impalila","SSP585_2050","Without_Intervention","Browser-Mixed",1,3086,3086,3.4928036095731,3.4928036095731
"Conservancy","Conservancy_88","Impalila","SSP585_2050","Without_Intervention","Grazer",2,624,624,-1.07352243556769,-1.07352243556769
"Conservancy","Conservancy_88","Impalila","SSP585_2050","Without_Intervention","Grazer-Mixed",1,2738,2738,0.582701531802536,0.582701531802536
"Conservancy","Conservancy_88","Impalila","SSP585_2090","With_Intervention","Browser-Mixed",1,2893,2893,-2.99589133136071,-2.99589133136071
"Conservancy","Conservancy_88","Impalila","SSP585_2090","With_Intervention","Grazer",2,572,572,-9.35561165076419,-9.35561165076419
"Conservancy","Conservancy_88","Impalila","SSP585_2090","With_Intervention","Grazer-Mixed",1,2519,2519,-7.44042333194601,-7.44042333194601
"Conservancy","Conservancy_88","Impalila","SSP585_2090","Without_Intervention","Browser-Mixed",1,2921,2921,-2.05312633287996,-2.05312633287996
"Conservancy","Conservancy_88","Impalila","SSP585_2090","Without_Intervention","Grazer",2,574,574,-9.16116357174407,-9.16116357174407
"Conservancy","Conservancy_88","Impalila","SSP585_2090","Without_Intervention","Grazer-Mixed",1,2534,2534,-6.90695560330842,-6.90695560330842
"Conservancy","Conservancy_89","Kasika","Current","Current","Browser-Mixed",1,6603,6603,0,0
"Conservancy","Conservancy_89","Kasika","Current","Current","Grazer",2,1642,1642,0,0
"Conservancy","Conservancy_89","Kasika","Current","Current","Grazer-Mixed",1,7012,7012,0,0
"Conservancy","Conservancy_89","Kasika","SSP245_2050","With_Intervention","Browser-Mixed",1,6290,6290,-4.74757871532335,-4.74757871532335
"Conservancy","Conservancy_89","Kasika","SSP245_2050","With_Intervention","Grazer",2,1529,1529,-6.97971790422663,-6.97971790422663
"Conservancy","Conservancy_89","Kasika","SSP245_2050","With_Intervention","Grazer-Mixed",1,6594,6594,-5.95987910764227,-5.95987910764227
"Conservancy","Conservancy_89","Kasika","SSP245_2050","Without_Intervention","Browser-Mixed",1,6292,6292,-4.71131012632447,-4.71131012632447
"Conservancy","Conservancy_89","Kasika","SSP245_2050","Without_Intervention","Grazer",2,1547,1547,-5.86012247676554,-5.86012247676554
"Conservancy","Conservancy_89","Kasika","SSP245_2050","Without_Intervention","Grazer-Mixed",1,6651,6651,-5.15039135017889,-5.15039135017889
"Conservancy","Conservancy_89","Kasika","SSP245_2090","With_Intervention","Browser-Mixed",1,6253,6253,-5.30564170093596,-5.30564170093596
"Conservancy","Conservancy_89","Kasika","SSP245_2090","With_Intervention","Grazer",2,1518,1518,-7.72304287283813,-7.72304287283813
"Conservancy","Conservancy_89","Kasika","SSP245_2090","With_Intervention","Grazer-Mixed",1,6557,6557,-6.48835175005436,-6.48835175005436
"Conservancy","Conservancy_89","Kasika","SSP245_2090","Without_Intervention","Browser-Mixed",1,6254,6254,-5.29665314997047,-5.29665314997047
"Conservancy","Conservancy_89","Kasika","SSP245_2090","Without_Intervention","Grazer",2,1522,1522,-7.44557024877832,-7.44557024877832
"Conservancy","Conservancy_89","Kasika","SSP245_2090","Without_Intervention","Grazer-Mixed",1,6571,6571,-6.28773402091894,-6.28773402091894
"Conservancy","Conservancy_89","Kasika","SSP585_2050","With_Intervention","Browser-Mixed",1,6355,6355,-3.7574015836633,-3.7574015836633
"Conservancy","Conservancy_89","Kasika","SSP585_2050","With_Intervention","Grazer",2,1545,1545,-6.0128060056803,-6.0128060056803
"Conservancy","Conservancy_89","Kasika","SSP585_2050","With_Intervention","Grazer-Mixed",1,6662,6662,-4.98220329443841,-4.98220329443841
"Conservancy","Conservancy_89","Kasika","SSP585_2050","Without_Intervention","Browser-Mixed",1,6358,6358,-3.72078379819508,-3.72078379819508
"Conservancy","Conservancy_89","Kasika","SSP585_2050","Without_Intervention","Grazer",2,1563,1563,-4.88243103644089,-4.88243103644089
"Conservancy","Conservancy_89","Kasika","SSP585_2050","Without_Intervention","Grazer-Mixed",1,6720,6720,-4.1649217331718,-4.1649217331718
"Conservancy","Conservancy_89","Kasika","SSP585_2090","With_Intervention","Browser-Mixed",1,5943,5943,-9.99280963248095,-9.99280963248095
"Conservancy","Conservancy_89","Kasika","SSP585_2090","With_Intervention","Grazer",2,1442,1442,-12.2903893308847,-12.2903893308847
"Conservancy","Conservancy_89","Kasika","SSP585_2090","With_Intervention","Grazer-Mixed",1,6232,6232,-11.116829892697,-11.116829892697
"Conservancy","Conservancy_89","Kasika","SSP585_2090","Without_Intervention","Browser-Mixed",1,5944,5944,-9.98427731325215,-9.98427731325215
"Conservancy","Conservancy_89","Kasika","SSP585_2090","Without_Intervention","Grazer",2,1447,1447,-12.0270003803381,-12.0270003803381
"Conservancy","Conservancy_89","Kasika","SSP585_2090","Without_Intervention","Grazer-Mixed",1,6246,6246,-10.9263949144102,-10.9263949144102
"Conservancy","Conservancy_9","Ovitoto","Current","Current","Browser-Mixed",1,35410,35410,0,0
"Conservancy","Conservancy_9","Ovitoto","Current","Current","Grazer",2,3891,3891,0,0
"Conservancy","Conservancy_9","Ovitoto","Current","Current","Grazer-Mixed",1,18584,18584,0,0
"Conservancy","Conservancy_9","Ovitoto","SSP245_2050","With_Intervention","Browser-Mixed",1,30026,30026,-15.2034888718627,-15.2034888718627
"Conservancy","Conservancy_9","Ovitoto","SSP245_2050","With_Intervention","Grazer",2,10312,10312,183.553317527326,183.553317527326
"Conservancy","Conservancy_9","Ovitoto","SSP245_2050","With_Intervention","Grazer-Mixed",1,37356,37356,101.012803751048,101.012803751048
"Conservancy","Conservancy_9","Ovitoto","SSP245_2050","Without_Intervention","Browser-Mixed",1,34419,34419,-2.79898358237301,-2.79898358237301
"Conservancy","Conservancy_9","Ovitoto","SSP245_2050","Without_Intervention","Grazer",2,3740,3740,-3.9935335244432,-3.9935335244432
"Conservancy","Conservancy_9","Ovitoto","SSP245_2050","Without_Intervention","Grazer-Mixed",1,17934,17934,-3.49745609325389,-3.49745609325389
"Conservancy","Conservancy_9","Ovitoto","SSP245_2090","With_Intervention","Browser-Mixed",1,28755,28755,-18.7925781872128,-18.7925781872128
"Conservancy","Conservancy_9","Ovitoto","SSP245_2090","With_Intervention","Grazer",2,9875,9875,171.549663719066,171.549663719066
"Conservancy","Conservancy_9","Ovitoto","SSP245_2090","With_Intervention","Grazer-Mixed",1,35775,35775,92.503583612916,92.503583612916
"Conservancy","Conservancy_9","Ovitoto","SSP245_2090","Without_Intervention","Browser-Mixed",1,32962,32962,-6.91322915330089,-6.91322915330089
"Conservancy","Conservancy_9","Ovitoto","SSP245_2090","Without_Intervention","Grazer",2,3581,3581,-8.05721715693108,-8.05721715693108
"Conservancy","Conservancy_9","Ovitoto","SSP245_2090","Without_Intervention","Grazer-Mixed",1,17175,17175,-7.58213728779749,-7.58213728779749
"Conservancy","Conservancy_9","Ovitoto","SSP585_2050","With_Intervention","Browser-Mixed",1,28648,28648,-19.0954470251817,-19.0954470251817
"Conservancy","Conservancy_9","Ovitoto","SSP585_2050","With_Intervention","Grazer",2,9838,9838,170.538238848857,170.538238848857
"Conservancy","Conservancy_9","Ovitoto","SSP585_2050","With_Intervention","Grazer-Mixed",1,35641,35641,91.7864106981488,91.7864106981488
"Conservancy","Conservancy_9","Ovitoto","SSP585_2050","Without_Intervention","Browser-Mixed",1,32839,32839,-7.26031974304222,-7.26031974304222
"Conservancy","Conservancy_9","Ovitoto","SSP585_2050","Without_Intervention","Grazer",2,3568,3568,-8.40004218383009,-8.40004218383009
"Conservancy","Conservancy_9","Ovitoto","SSP585_2050","Without_Intervention","Grazer-Mixed",1,17111,17111,-7.92673373452824,-7.92673373452824
"Conservancy","Conservancy_9","Ovitoto","SSP585_2090","With_Intervention","Browser-Mixed",1,26331,26331,-25.6387719060408,-25.6387719060408
"Conservancy","Conservancy_9","Ovitoto","SSP585_2090","With_Intervention","Grazer",2,9043,9043,148.6560233805,148.6560233805
"Conservancy","Conservancy_9","Ovitoto","SSP585_2090","With_Intervention","Grazer-Mixed",1,32759,32759,76.2741904656151,76.2741904656151
"Conservancy","Conservancy_9","Ovitoto","SSP585_2090","Without_Intervention","Browser-Mixed",1,30183,30183,-14.7609513714579,-14.7609513714579
"Conservancy","Conservancy_9","Ovitoto","SSP585_2090","Without_Intervention","Grazer",2,3279,3279,-15.8084949502602,-15.8084949502602
"Conservancy","Conservancy_9","Ovitoto","SSP585_2090","Without_Intervention","Grazer-Mixed",1,15727,15727,-15.373466903856,-15.373466903856
"Conservancy","Conservancy_90","!Gawachab","Current","Current","Browser-Mixed",1,1364,1364,0,0
"Conservancy","Conservancy_90","!Gawachab","Current","Current","Grazer",2,214,214,0,0
"Conservancy","Conservancy_90","!Gawachab","Current","Current","Grazer-Mixed",1,699,699,0,0
"Conservancy","Conservancy_90","!Gawachab","SSP245_2050","With_Intervention","Browser-Mixed",1,2168,2168,58.9016554359972,58.9016554359972
"Conservancy","Conservancy_90","!Gawachab","SSP245_2050","With_Intervention","Grazer",2,796,796,377.533746775087,377.533746775087
"Conservancy","Conservancy_90","!Gawachab","SSP245_2050","With_Intervention","Grazer-Mixed",1,2693,2693,285.394256586681,285.394256586681
"Conservancy","Conservancy_90","!Gawachab","SSP245_2050","Without_Intervention","Browser-Mixed",1,916,916,-32.8770721138937,-32.8770721138937
"Conservancy","Conservancy_90","!Gawachab","SSP245_2050","Without_Intervention","Grazer",2,165,165,-28.0319154046084,-28.0319154046084
"Conservancy","Conservancy_90","!Gawachab","SSP245_2050","Without_Intervention","Grazer-Mixed",1,463,463,-33.7952747080721,-33.7952747080721
"Conservancy","Conservancy_90","!Gawachab","SSP245_2090","With_Intervention","Browser-Mixed",1,1998,1998,46.4125233336,46.4125233336
"Conservancy","Conservancy_90","!Gawachab","SSP245_2090","With_Intervention","Grazer",2,748,748,348.492317290795,348.492317290795
"Conservancy","Conservancy_90","!Gawachab","SSP245_2090","With_Intervention","Grazer-Mixed",1,2518,2518,260.231192470855,260.231192470855
"Conservancy","Conservancy_90","!Gawachab","SSP245_2090","Without_Intervention","Browser-Mixed",1,735,735,-46.1138651483028,-46.1138651483028
"Conservancy","Conservancy_90","!Gawachab","SSP245_2090","Without_Intervention","Grazer",2,145,145,-39.3203425617807,-39.3203425617807
"Conservancy","Conservancy_90","!Gawachab","SSP245_2090","Without_Intervention","Grazer-Mixed",1,369,369,-47.2410385718072,-47.2410385718072
"Conservancy","Conservancy_90","!Gawachab","SSP585_2050","With_Intervention","Browser-Mixed",1,2084,2084,52.7113046528225,52.7113046528225
"Conservancy","Conservancy_90","!Gawachab","SSP585_2050","With_Intervention","Grazer",2,765,765,358.89090715071,358.89090715071
"Conservancy","Conservancy_90","!Gawachab","SSP585_2050","With_Intervention","Grazer-Mixed",1,2588,2588,270.351361258094,270.351361258094
"Conservancy","Conservancy_90","!Gawachab","SSP585_2050","Without_Intervention","Browser-Mixed",1,880,880,-35.4727239797492,-35.4727239797492
"Conservancy","Conservancy_90","!Gawachab","SSP585_2050","Without_Intervention","Grazer",2,159,159,-30.8173513326622,-30.8173513326622
"Conservancy","Conservancy_90","!Gawachab","SSP585_2050","Without_Intervention","Grazer-Mixed",1,445,445,-36.3550943448776,-36.3550943448776
"Conservancy","Conservancy_90","!Gawachab","SSP585_2090","With_Intervention","Browser-Mixed",1,1794,1794,31.4543197278175,31.4543197278175
"Conservancy","Conservancy_90","!Gawachab","SSP585_2090","With_Intervention","Grazer",2,672,672,302.686691909467,302.686691909467
"Conservancy","Conservancy_90","!Gawachab","SSP585_2090","With_Intervention","Grazer-Mixed",1,2260,2260,223.43919476375,223.43919476375
"Conservancy","Conservancy_90","!Gawachab","SSP585_2090","Without_Intervention","Browser-Mixed",1,660,660,-51.6238081698228,-51.6238081698228
"Conservancy","Conservancy_90","!Gawachab","SSP585_2090","Without_Intervention","Grazer",2,130,130,-45.5247781822038,-45.5247781822038
"Conservancy","Conservancy_90","!Gawachab","SSP585_2090","Without_Intervention","Grazer-Mixed",1,331,331,-52.6357472570472,-52.6357472570472
