"unit_id","unit","species","feeding_group","habitat_profile","carrying_capacity_animals_Current","carrying_capacity_animals_SSP245_2050_Without_Intervention","carrying_capacity_animals_SSP245_2050_With_Intervention","carrying_capacity_animals_SSP245_2090_Without_Intervention","carrying_capacity_animals_SSP245_2090_With_Intervention","carrying_capacity_animals_SSP585_2050_Without_Intervention","carrying_capacity_animals_SSP585_2050_With_Intervention","carrying_capacity_animals_SSP585_2090_Without_Intervention","carrying_capacity_animals_SSP585_2090_With_Intervention","capacity_change_from_current_animals_Current","capacity_change_from_current_animals_SSP245_2050_Without_Intervention","capacity_change_from_current_animals_SSP245_2050_With_Intervention","capacity_change_from_current_animals_SSP245_2090_Without_Intervention","capacity_change_from_current_animals_SSP245_2090_With_Intervention","capacity_change_from_current_animals_SSP585_2050_Without_Intervention","capacity_change_from_current_animals_SSP585_2050_With_Intervention","capacity_change_from_current_animals_SSP585_2090_Without_Intervention","capacity_change_from_current_animals_SSP585_2090_With_Intervention","capacity_change_from_current_pct_Current","capacity_change_from_current_pct_SSP245_2050_Without_Intervention","capacity_change_from_current_pct_SSP245_2050_With_Intervention","capacity_change_from_current_pct_SSP245_2090_Without_Intervention","capacity_change_from_current_pct_SSP245_2090_With_Intervention","capacity_change_from_current_pct_SSP585_2050_Without_Intervention","capacity_change_from_current_pct_SSP585_2050_With_Intervention","capacity_change_from_current_pct_SSP585_2090_Without_Intervention","capacity_change_from_current_pct_SSP585_2090_With_Intervention"
"Conservancy_1","Okanguati","Baboon","Omnivore","Omnivore",64102,63137,63150,60335,60335,61108,61121,58077,58077,0,-964,-952,-3767,-3767,-2994,-2981,-6025,-6025,0,-1.50457871531955,-1.48438283296938,-5.87666248146223,-5.87666248146223,-4.66999016251357,-4.65044153490986,-9.39944303844226,-9.39944303844226
"Conservancy_1","Okanguati","Black rhinoceros","Browser","Shrub_Browser",3004,3003,1737,2877,1661,2906,1681,2770,1599,0,-1,-1268,-127,-1343,-98,-1324,-235,-1406,0,-0.0489420301757175,-42.1995633304963,-4.23127400585893,-44.7132021012883,-3.26182099343262,-44.0579299449109,-7.81649828208288,-46.7830837624027
"Conservancy_1","Okanguati","Black-backed Jackal","Carnivore","Carnivore",,,,,,,,,,,,,,,,,,,,,,,,,,,
"Conservancy_1","Okanguati","Black-faced Impala","Mixed","Mixed_Open",40948,39779,57272,37908,54692,38501,55432,36490,52645,0,-1169,16324,-3040,13744,-2447,14484,-4459,11697,0,-2.85430069519047,39.8647161377303,-7.42466365176925,33.5642284661823,-5.9756402049412,35.370602354109,-10.888634645212,28.5659378912701
"Conservancy_1","Okanguati","Blue wildebeest","Grazer","General_Grazer",5375,5011,13709,4736,13084,4850,13268,4559,12595,0,-364,8333,-639,7709,-525,7893,-816,7219,0,-6.76683422169489,155.038638783968,-11.8856296719319,143.421188114158,-9.76049665299854,146.845357632735,-15.1802065831668,134.313077844198
"Conservancy_1","Okanguati","Buffalo","Grazer","General_Grazer",2365,2205,6032,2084,5757,2134,5838,2006,5542,0,-160,3667,-281,3392,-231,3473,-359,3177,0,-6.76683422169488,155.038638783968,-11.8856296719319,143.421188114158,-9.76049665299853,146.845357632735,-15.1802065831668,134.313077844198
"Conservancy_1","Okanguati","Burchell's zebra","Grazer","General_Grazer",3695,3445,9425,3256,8995,3335,9122,3134,8659,0,-250,5729,-439,5300,-361,5426,-561,4963,0,-6.76683422169489,155.038638783968,-11.8856296719319,143.421188114158,-9.76049665299854,146.845357632735,-15.1802065831668,134.313077844198
"Conservancy_1","Okanguati","Bushpig","Omnivore","Omnivore",25641,25255,25260,24134,24134,24443,24448,23231,23231,0,-386,-381,-1507,-1507,-1197,-1192,-2410,-2410,0,-1.50457871531956,-1.48438283296938,-5.87666248146223,-5.87666248146223,-4.66999016251357,-4.65044153490986,-9.39944303844226,-9.39944303844226
"Conservancy_1","Okanguati","Cheetah","Carnivore","Carnivore",,,,,,,,,,,,,,,,,,,,,,,,,,,
"Conservancy_1","Okanguati","Damara dik dik","Browser","Shrub_Browser",600885,600591,347314,575460,332210,581285,336147,553917,319772,0,-294,-253571,-25425,-268675,-19600,-264737,-46968,-281112,0,-0.0489420301757036,-42.1995633304963,-4.23127400585893,-44.7132021012883,-3.26182099343261,-44.0579299449109,-7.81649828208288,-46.7830837624027
"Conservancy_1","Okanguati","Duiker","Browser","Woodland_Browser",145934,145790,81385,139712,77857,141103,78768,134481,74942,0,-144,-64550,-6223,-68078,-4831,-67166,-11453,-70993,0,-0.0989874428836544,-44.2319293329855,-4.26405626524407,-46.6495202912148,-3.31028877291696,-46.0250163692427,-7.84809409073634,-48.6469612592566
"Conservancy_1","Okanguati","Eland","Mixed","Mixed_Open",4095,3978,5727,3791,5469,3850,5543,3649,5265,0,-117,1632,-304,1374,-245,1448,-446,1170,0,-2.85430069519046,39.8647161377303,-7.42466365176925,33.5642284661823,-5.9756402049412,35.370602354109,-10.888634645212,28.5659378912701
"Conservancy_1","Okanguati","Elephant","Mixed","Large_Mixed",660,650,668,621,638,629,647,598,614,0,-10,8,-39,-22,-31,-14,-63,-46,0,-1.57603092017385,1.18534412506797,-5.96289779449332,-3.33121476842113,-4.73910214475659,-2.06646219778768,-9.48239480590315,-6.94922243943855
"Conservancy_1","Okanguati","Gemsbok","Mixed","Arid_Mixed",9718,9459,13020,9017,12434,9155,12602,8679,11969,0,-259,3303,-701,2716,-563,2884,-1038,2251,0,-2.66177046596434,33.9873927599924,-7.21211259906038,27.9516575279835,-5.78940040007896,29.68204320696,-10.6841627370691,23.1633370963314
"Conservancy_1","Okanguati","Giraffe","Browser","Woodland_Browser",3005,3002,1676,2876,1603,2905,1622,2769,1543,0,-3,-1329,-128,-1402,-99,-1383,-236,-1462,0,-0.0989874428836474,-44.2319293329855,-4.26405626524408,-46.6495202912148,-3.31028877291697,-46.0250163692427,-7.84809409073633,-48.6469612592566
"Conservancy_1","Okanguati","Hartmann's zebra","Grazer","Arid_Grazer",5215,4977,9820,4726,9374,4817,9504,4549,9023,0,-238,4604,-489,4159,-398,4289,-666,3808,0,-4.56950267665319,88.281668737925,-9.38166034530872,79.7348175306259,-7.63491112751485,82.2324884742044,-12.7713623004779,73.009256761728
"Conservancy_1","Okanguati","Hippopotamus","Grazer","Wetland_Grazer",258,231,919,217,877,224,890,209,844,0,-26,662,-41,620,-34,632,-49,587,0,-10.2000125010135,256.658465003746,-15.7919910278975,240.358905023661,-13.0816256856824,245.201353970588,-18.9382178740755,227.624291780214
"Conservancy_1","Okanguati","Impala","Mixed","Mixed_Open",40948,39779,57272,37908,54692,38501,55432,36490,52645,0,-1169,16324,-3040,13744,-2447,14484,-4459,11697,0,-2.85430069519047,39.8647161377303,-7.42466365176925,33.5642284661823,-5.9756402049412,35.370602354109,-10.888634645212,28.5659378912701
"Conservancy_1","Okanguati","Klipspringer","Browser","Rocky_Browser",205047,204769,118420,196179,113253,198186,114613,188835,109013,0,-278,-86627,-8867,-91793,-6860,-90434,-16212,-96033,0,-0.135621120031468,-42.2473574460366,-4.32452792305263,-44.767037112871,-3.34571898518842,-44.1041927190655,-7.90626112007193,-46.8349032457321
"Conservancy_1","Okanguati","Kudu","Browser","Woodland_Browser",13441,13428,7496,12868,7171,12996,7255,12386,6903,0,-13,-5945,-573,-6270,-445,-6186,-1055,-6539,0,-0.098987442883648,-44.2319293329855,-4.26405626524409,-46.6495202912148,-3.31028877291697,-46.0250163692427,-7.84809409073634,-48.6469612592566
"Conservancy_1","Okanguati","Leopard","Carnivore","Carnivore",,,,,,,,,,,,,,,,,,,,,,,,,,,
"Conservancy_1","Okanguati","Ostrich","Mixed","Mixed_Open",20474,19890,28636,18954,27346,19251,27716,18245,26323,0,-584,8162,-1520,6872,-1223,7242,-2229,5849,0,-2.85430069519047,39.8647161377303,-7.42466365176925,33.5642284661823,-5.9756402049412,35.370602354109,-10.888634645212,28.5659378912701
"Conservancy_1","Okanguati","Red Hartebeest","Grazer","General_Grazer",7883,7350,20106,6946,19190,7114,19460,6687,18472,0,-533,12222,-937,11307,-769,11577,-1197,10589,0,-6.76683422169489,155.038638783968,-11.8856296719319,143.421188114158,-9.76049665299854,146.845357632735,-15.1802065831669,134.313077844198
"Conservancy_1","Okanguati","Red Lechwe","Grazer","Wetland_Grazer",4511,4051,16088,3798,15353,3921,15571,3657,14778,0,-460,11577,-712,10842,-590,11060,-854,10268,0,-10.2000125010136,256.658465003746,-15.7919910278975,240.358905023661,-13.0816256856824,245.201353970588,-18.9382178740755,227.624291780214
"Conservancy_1","Okanguati","Reedbuck","Grazer","Wetland_Grazer",8019,7201,28601,6753,27294,6970,27682,6500,26273,0,-818,20582,-1266,19275,-1049,19663,-1519,18254,0,-10.2000125010135,256.658465003746,-15.7919910278975,240.358905023661,-13.0816256856824,245.201353970588,-18.9382178740755,227.624291780214
"Conservancy_1","Okanguati","Roan","Grazer","General_Grazer",4927,4594,12566,4342,11994,4446,12162,4179,11545,0,-333,7639,-586,7067,-481,7235,-748,6618,0,-6.76683422169489,155.038638783968,-11.8856296719318,143.421188114158,-9.76049665299854,146.845357632735,-15.1802065831669,134.313077844198
"Conservancy_1","Okanguati","Sable","Grazer","General_Grazer",5913,5513,15079,5210,14393,5336,14595,5015,13854,0,-400,9167,-703,8480,-577,8682,-898,7941,0,-6.7668342216949,155.038638783968,-11.8856296719319,143.421188114158,-9.76049665299853,146.845357632735,-15.1802065831669,134.313077844198
"Conservancy_1","Okanguati","Spotted Hyaena","Carnivore","Carnivore",,,,,,,,,,,,,,,,,,,,,,,,,,,
"Conservancy_1","Okanguati","Springbok","Grazer","Arid_Grazer",38429,36673,72356,34824,69071,35495,70031,33522,66487,0,-1756,33926,-3605,30642,-2934,31602,-4908,28057,0,-4.56950267665319,88.2816687379249,-9.38166034530872,79.7348175306258,-7.63491112751485,82.2324884742044,-12.7713623004779,73.009256761728
"Conservancy_1","Okanguati","Steenbok","Browser","Shrub_Browser",300442,300295,173657,287730,166105,290642,168074,276958,159886,0,-147,-126785,-12713,-134337,-9800,-132369,-23484,-140556,0,-0.0489420301757036,-42.1995633304963,-4.23127400585893,-44.7132021012883,-3.26182099343261,-44.0579299449109,-7.81649828208288,-46.7830837624027
"Conservancy_1","Okanguati","Vervet monkey","Omnivore","Omnivore",307689,303059,303122,289607,289607,293320,293380,278768,278768,0,-4629,-4567,-18082,-18082,-14369,-14309,-28921,-28921,0,-1.50457871531955,-1.4843828329694,-5.87666248146222,-5.87666248146222,-4.66999016251357,-4.65044153490986,-9.39944303844227,-9.39944303844227
"Conservancy_1","Okanguati","Warthog","Grazer","General_Grazer",16893,15750,43084,14885,41122,15244,41700,14329,39583,0,-1143,26191,-2008,24228,-1649,24807,-2564,22690,0,-6.76683422169489,155.038638783968,-11.8856296719319,143.421188114158,-9.76049665299854,146.845357632735,-15.1802065831668,134.313077844198
"Conservancy_2","Iipumbu ya Tshilongo","Baboon","Omnivore","Omnivore",83241,81775,82449,79211,79814,78795,79447,75308,75880,0,-1466,-792,-4030,-3427,-4446,-3794,-7933,-7360,0,-1.7610696319678,-0.951695042116636,-4.8409327475859,-4.11696698012394,-5.34137982312066,-4.5580196220114,-9.52985771718369,-8.842234112891
"Conservancy_2","Iipumbu ya Tshilongo","Black rhinoceros","Browser","Shrub_Browser",2007,2009,1669,1963,1627,1935,1607,1865,1546,0,2,-338,-44,-380,-72,-400,-142,-461,0,0.100952899409566,-16.8475913257745,-2.21425637102793,-18.9449105052529,-3.58347607152014,-19.9324286900982,-7.08484666590591,-22.9706058422412
"Conservancy_2","Iipumbu ya Tshilongo","Black-backed Jackal","Carnivore","Carnivore",,,,,,,,,,,,,,,,,,,,,,,,,,,
"Conservancy_2","Iipumbu ya Tshilongo","Black-faced Impala","Mixed","Mixed_Open",78981,77475,83019,74818,80225,74662,80027,71145,76280,0,-1505,4038,-4163,1244,-4319,1046,-7835,-2701,0,-1.90613956411656,5.11249302701936,-5.27118073487324,1.57510649962044,-5.46845434523995,1.32421386265383,-9.9205936522232,-3.41974812459507
"Conservancy_2","Iipumbu ya Tshilongo","Blue wildebeest","Grazer","General_Grazer",19892,19403,22003,18680,21228,18701,21215,17767,20186,0,-489,2111,-1211,1336,-1191,1324,-2125,294,0,-2.4579104650551,10.6139014018619,-6.08981771086083,6.71608992538389,-5.98774145194739,6.65367990788446,-10.6810576028596,1.47852066079717
"Conservancy_2","Iipumbu ya Tshilongo","Buffalo","Grazer","General_Grazer",8752,8537,9681,8219,9340,8228,9335,7817,8882,0,-215,929,-533,588,-524,582,-935,129,0,-2.45791046505512,10.6139014018619,-6.08981771086084,6.71608992538387,-5.98774145194739,6.65367990788444,-10.6810576028596,1.47852066079716
"Conservancy_2","Iipumbu ya Tshilongo","Burchell's zebra","Grazer","General_Grazer",13675,13339,15127,12843,14594,12857,14585,12215,13878,0,-336,1451,-833,918,-819,910,-1461,202,0,-2.4579104650551,10.6139014018619,-6.08981771086083,6.71608992538389,-5.98774145194739,6.65367990788446,-10.6810576028596,1.47852066079717
"Conservancy_2","Iipumbu ya Tshilongo","Bushpig","Omnivore","Omnivore",33296,32710,32979,31684,31926,31518,31779,30123,30352,0,-586,-317,-1612,-1371,-1778,-1518,-3173,-2944,0,-1.76106963196781,-0.95169504211664,-4.84093274758591,-4.11696698012395,-5.34137982312065,-4.55801962201141,-9.5298577171837,-8.842234112891
"Conservancy_2","Iipumbu ya Tshilongo","Cheetah","Carnivore","Carnivore",,,,,,,,,,,,,,,,,,,,,,,,,,,
"Conservancy_2","Iipumbu ya Tshilongo","Damara dik dik","Browser","Shrub_Browser",401468,401873,333830,392579,325410,387082,321446,373025,309248,0,405,-67638,-8890,-76058,-14387,-80022,-28443,-92220,0,0.100952899409561,-16.8475913257745,-2.21425637102795,-18.9449105052529,-3.58347607152015,-19.9324286900982,-7.08484666590591,-22.9706058422412
"Conservancy_2","Iipumbu ya Tshilongo","Duiker","Browser","Woodland_Browser",92910,93058,75795,90995,73894,89630,72916,86458,70220,0,149,-17115,-1914,-19016,-3280,-19994,-6451,-22689,0,0.159985109083152,-18.4206529258582,-2.06031343651127,-20.4670452698777,-3.53005409480875,-21.5192956884092,-6.94351017606189,-24.42071247134
"Conservancy_2","Iipumbu ya Tshilongo","Eland","Mixed","Mixed_Open",7898,7748,8302,7482,8022,7466,8003,7115,7628,0,-151,404,-416,124,-432,105,-784,-270,0,-1.90613956411657,5.11249302701938,-5.27118073487324,1.57510649962043,-5.46845434523993,1.32421386265383,-9.92059365222319,-3.41974812459507
"Conservancy_2","Iipumbu ya Tshilongo","Elephant","Mixed","Large_Mixed",882,869,881,841,853,837,849,800,811,0,-13,-1,-40,-29,-44,-33,-82,-71,0,-1.45252491513426,-0.0827900967435024,-4.57222584708427,-3.2885709805229,-5.04292762300242,-3.71102260742858,-9.27272269966769,-8.05366952752984
"Conservancy_2","Iipumbu ya Tshilongo","Gemsbok","Mixed","Arid_Mixed",17880,17562,18694,16962,18068,16924,18022,16129,17180,0,-318,814,-917,189,-956,142,-1750,-700,0,-1.77732674057684,4.55331497490029,-5.13134350103659,1.05457173508653,-5.34572774564432,0.794342581632467,-9.78961758849314,-3.91581633310175
"Conservancy_2","Iipumbu ya Tshilongo","Giraffe","Browser","Woodland_Browser",1913,1916,1560,1873,1521,1845,1501,1780,1446,0,3,-352,-39,-392,-68,-412,-133,-467,0,0.159985109083161,-18.4206529258582,-2.06031343651127,-20.4670452698777,-3.53005409480874,-21.5192956884092,-6.94351017606189,-24.42071247134
"Conservancy_2","Iipumbu ya Tshilongo","Hartmann's zebra","Grazer","Arid_Grazer",13959,13660,15121,13166,14598,13165,14580,12521,13881,0,-300,1162,-794,638,-795,620,-1438,-79,0,-2.14650161490898,8.3245100209558,-5.68584651009458,4.57326642467558,-5.69299378410304,4.44376077020316,-10.3046070879542,-0.563256735580064
"Conservancy_2","Iipumbu ya Tshilongo","Hippopotamus","Grazer","Wetland_Grazer",1362,1320,1524,1270,1470,1272,1470,1208,1398,0,-42,162,-93,108,-90,108,-155,36,0,-3.1004562621598,11.8966690551761,-6.79447394727066,7.8995314559773,-6.60293275056763,7.89331614414678,-11.3453348532971,2.60702074395903
"Conservancy_2","Iipumbu ya Tshilongo","Impala","Mixed","Mixed_Open",78981,77475,83019,74818,80225,74662,80027,71145,76280,0,-1505,4038,-4163,1244,-4319,1046,-7835,-2701,0,-1.90613956411656,5.11249302701936,-5.27118073487324,1.57510649962044,-5.46845434523995,1.32421386265383,-9.9205936522232,-3.41974812459507
"Conservancy_2","Iipumbu ya Tshilongo","Klipspringer","Browser","Rocky_Browser",137623,137747,114306,134488,111384,132677,110078,127789,105852,0,124,-23317,-3135,-26239,-4946,-27545,-9834,-31771,0,0.0900068642110785,-16.9425963492606,-2.27782702936764,-19.0659404133721,-3.59420800442685,-20.0150084211925,-7.14543278803659,-23.0857946126575
"Conservancy_2","Iipumbu ya Tshilongo","Kudu","Browser","Woodland_Browser",8557,8571,6981,8381,6806,8255,6716,7963,6468,0,14,-1576,-176,-1751,-302,-1842,-594,-2090,0,0.159985109083162,-18.4206529258582,-2.06031343651127,-20.4670452698777,-3.53005409480874,-21.5192956884092,-6.94351017606187,-24.42071247134
"Conservancy_2","Iipumbu ya Tshilongo","Leopard","Carnivore","Carnivore",,,,,,,,,,,,,,,,,,,,,,,,,,,
"Conservancy_2","Iipumbu ya Tshilongo","Ostrich","Mixed","Mixed_Open",39490,38738,41509,37409,40112,37331,40013,35573,38140,0,-753,2019,-2082,622,-2160,523,-3918,-1350,0,-1.90613956411656,5.11249302701936,-5.27118073487324,1.57510649962044,-5.46845434523995,1.32421386265383,-9.9205936522232,-3.41974812459507
"Conservancy_2","Iipumbu ya Tshilongo","Red Hartebeest","Grazer","General_Grazer",29174,28457,32271,27398,31134,27427,31115,26058,29606,0,-717,3097,-1777,1959,-1747,1941,-3116,431,0,-2.4579104650551,10.6139014018619,-6.08981771086083,6.71608992538389,-5.98774145194738,6.65367990788446,-10.6810576028596,1.47852066079717
"Conservancy_2","Iipumbu ya Tshilongo","Red Lechwe","Grazer","Wetland_Grazer",23840,23101,26676,22220,25723,22266,25722,21135,24462,0,-739,2836,-1620,1883,-1574,1882,-2705,622,0,-3.10045626215982,11.8966690551761,-6.79447394727068,7.89953145597728,-6.60293275056765,7.89331614414676,-11.3453348532971,2.60702074395902
"Conservancy_2","Iipumbu ya Tshilongo","Reedbuck","Grazer","Wetland_Grazer",42382,41068,47425,39503,45730,39584,45728,37574,43487,0,-1314,5042,-2880,3348,-2798,3345,-4808,1105,0,-3.10045626215981,11.8966690551761,-6.79447394727068,7.89953145597729,-6.60293275056763,7.89331614414677,-11.3453348532971,2.60702074395902
"Conservancy_2","Iipumbu ya Tshilongo","Roan","Grazer","General_Grazer",18234,17786,20169,17124,19459,17142,19447,16286,18504,0,-448,1935,-1110,1225,-1092,1213,-1948,270,0,-2.4579104650551,10.6139014018619,-6.08981771086083,6.71608992538388,-5.98774145194739,6.65367990788446,-10.6810576028596,1.47852066079717
"Conservancy_2","Iipumbu ya Tshilongo","Sable","Grazer","General_Grazer",21881,21343,24203,20548,23350,20571,23337,19544,22204,0,-538,2322,-1332,1470,-1310,1456,-2337,324,0,-2.4579104650551,10.6139014018619,-6.08981771086084,6.71608992538388,-5.98774145194738,6.65367990788447,-10.6810576028596,1.47852066079716
"Conservancy_2","Iipumbu ya Tshilongo","Spotted Hyaena","Carnivore","Carnivore",,,,,,,,,,,,,,,,,,,,,,,,,,,
"Conservancy_2","Iipumbu ya Tshilongo","Springbok","Grazer","Arid_Grazer",102858,100650,111420,97009,107562,97002,107428,92259,102278,0,-2208,8562,-5848,4704,-5856,4571,-10599,-579,0,-2.14650161490897,8.3245100209558,-5.68584651009458,4.57326642467559,-5.69299378410304,4.44376077020317,-10.3046070879542,-0.563256735580057
"Conservancy_2","Iipumbu ya Tshilongo","Steenbok","Browser","Shrub_Browser",200734,200937,166915,196289,162705,193541,160723,186512,154624,0,203,-33819,-4445,-38029,-7193,-40011,-14222,-46110,0,0.100952899409561,-16.8475913257745,-2.21425637102795,-18.9449105052529,-3.58347607152015,-19.9324286900982,-7.08484666590591,-22.9706058422412
"Conservancy_2","Iipumbu ya Tshilongo","Vervet monkey","Omnivore","Omnivore",399556,392519,395753,380213,383106,378214,381344,361479,364226,0,-7036,-3803,-19342,-16450,-21342,-18212,-38077,-35330,0,-1.76106963196779,-0.951695042116633,-4.84093274758589,-4.11696698012392,-5.34137982312065,-4.55801962201139,-9.52985771718368,-8.84223411289099
"Conservancy_2","Iipumbu ya Tshilongo","Warthog","Grazer","General_Grazer",62516,60980,69152,58709,66715,58773,66676,55839,63441,0,-1537,6635,-3807,4199,-3743,4160,-6677,924,0,-2.45791046505511,10.6139014018619,-6.08981771086084,6.71608992538388,-5.98774145194739,6.65367990788446,-10.6810576028596,1.47852066079716
"Conservancy_3","Otjitanda","Baboon","Omnivore","Omnivore",56389,56912,60248,54094,57191,55541,58824,52240,55237,0,523,3859,-2296,801,-849,2435,-4149,-1153,0,0.927376620478152,6.84340454883123,-4.07105280078194,1.42130994353254,-1.50511212509443,4.31819996654016,-7.35741445959696,-2.04383776612836
"Conservancy_3","Otjitanda","Black rhinoceros","Browser","Shrub_Browser",2595,2676,1605,2552,1528,2612,1566,2465,1476,0,81,-991,-43,-1067,17,-1029,-131,-1119,0,3.12212329724489,-38.177142161225,-1.66489991461065,-41.1175203164471,0.641689780468191,-39.6588581867775,-5.03673965949135,-43.131398827735
"Conservancy_3","Otjitanda","Black-backed Jackal","Carnivore","Carnivore",,,,,,,,,,,,,,,,,,,,,,,,,,,
"Conservancy_3","Otjitanda","Black-faced Impala","Mixed","Mixed_Open",36762,36311,55381,34397,52499,35434,54079,33220,50706,0,-451,18618,-2365,15736,-1328,17317,-3543,13944,0,-1.22733972889989,50.6449258191911,-6.43412872654155,42.8057735188926,-3.61193867715142,47.1049431853793,-9.6364136023888,37.9288286616458
"Conservancy_3","Otjitanda","Blue wildebeest","Grazer","General_Grazer",5106,4757,13455,4464,12737,4642,13141,4311,12302,0,-349,8349,-643,7630,-464,8035,-795,7195,0,-6.83657017462964,163.500087168321,-12.58814834068,149.425819461122,-9.09409012598407,157.346869515027,-15.5710976657185,140.911883930306
"Conservancy_3","Otjitanda","Buffalo","Grazer","General_Grazer",2247,2093,5920,1964,5604,2042,5782,1897,5413,0,-154,3673,-283,3357,-204,3535,-350,3166,0,-6.83657017462965,163.500087168321,-12.58814834068,149.425819461122,-9.09409012598407,157.346869515027,-15.5710976657185,140.911883930306
"Conservancy_3","Otjitanda","Burchell's zebra","Grazer","General_Grazer",3511,3271,9250,3069,8756,3191,9034,2964,8457,0,-240,5740,-442,5246,-319,5524,-547,4947,0,-6.83657017462963,163.500087168321,-12.58814834068,149.425819461122,-9.09409012598406,157.346869515027,-15.5710976657185,140.911883930306
"Conservancy_3","Otjitanda","Bushpig","Omnivore","Omnivore",22556,22765,24099,21637,22876,22216,23530,20896,22095,0,209,1544,-918,321,-339,974,-1660,-461,0,0.927376620478152,6.84340454883123,-4.07105280078193,1.42130994353254,-1.50511212509443,4.31819996654018,-7.35741445959694,-2.04383776612836
"Conservancy_3","Otjitanda","Cheetah","Carnivore","Carnivore",,,,,,,,,,,,,,,,,,,,,,,,,,,
"Conservancy_3","Otjitanda","Damara dik dik","Browser","Shrub_Browser",519093,535300,320918,510451,305655,522424,313227,492948,295201,0,16207,-198175,-8642,-213438,3331,-205866,-26145,-223892,0,3.12212329724489,-38.177142161225,-1.66489991461064,-41.1175203164471,0.641689780468192,-39.6588581867775,-5.03673965949135,-43.131398827735
"Conservancy_3","Otjitanda","Duiker","Browser","Woodland_Browser",125116,129276,74642,123317,71128,126162,72848,119087,68695,0,4161,-50474,-1799,-53987,1046,-52268,-6029,-56421,0,3.32534950222149,-40.3417206346102,-1.43802205313346,-43.149989852853,0.836348629591178,-41.7755621785393,-4.81857134826233,-45.0949776699017
"Conservancy_3","Otjitanda","Eland","Mixed","Mixed_Open",3676,3631,5538,3440,5250,3543,5408,3322,5071,0,-45,1862,-237,1574,-133,1732,-354,1394,0,-1.22733972889988,50.6449258191911,-6.43412872654155,42.8057735188926,-3.61193867715143,47.1049431853793,-9.63641360238882,37.9288286616458
"Conservancy_3","Otjitanda","Elephant","Mixed","Large_Mixed",583,587,639,558,606,573,624,539,586,0,4,56,-25,23,-10,41,-44,3,0,0.750920599976787,9.56702664625564,-4.2663280302605,3.98907755516826,-1.67586801090427,6.9797203754294,-7.54546209108535,0.436528070176629
"Conservancy_3","Otjitanda","Gemsbok","Mixed","Arid_Mixed",8821,8723,12634,8264,11976,8513,12337,7981,11567,0,-98,3813,-557,3155,-307,3517,-839,2746,0,-1.10641763787617,43.2321411290066,-6.31159047929046,35.7701388851863,-3.48349945556126,39.8696234862007,-9.51662942184775,31.1343309234272
"Conservancy_3","Otjitanda","Giraffe","Browser","Woodland_Browser",2576,2662,1537,2539,1464,2597,1500,2452,1414,0,86,-1039,-37,-1112,22,-1076,-124,-1162,0,3.32534950222147,-40.3417206346102,-1.43802205313347,-43.149989852853,0.836348629591165,-41.7755621785393,-4.81857134826233,-45.0949776699017
"Conservancy_3","Otjitanda","Hartmann's zebra","Grazer","Arid_Grazer",4905,4714,9633,4445,9122,4601,9408,4293,8811,0,-192,4728,-461,4217,-305,4503,-612,3905,0,-3.90473930996238,96.3794602786842,-9.38810944623568,85.9606143395806,-6.21192892461223,91.7899655602493,-12.4824764311252,79.6134456917389
"Conservancy_3","Otjitanda","Hippopotamus","Grazer","Wetland_Grazer",252,224,905,208,856,218,884,201,827,0,-28,652,-44,604,-34,631,-51,575,0,-11.2457980204255,258.620998762755,-17.4125813360891,239.33310880602,-13.4166260493522,250.25770743967,-20.225659327451,227.750816568467
"Conservancy_3","Otjitanda","Impala","Mixed","Mixed_Open",36762,36311,55381,34397,52499,35434,54079,33220,50706,0,-451,18618,-2365,15736,-1328,17317,-3543,13944,0,-1.22733972889989,50.6449258191911,-6.43412872654155,42.8057735188926,-3.61193867715142,47.1049431853793,-9.6364136023888,37.9288286616458
"Conservancy_3","Otjitanda","Klipspringer","Browser","Rocky_Browser",180191,185267,111042,176564,105689,180833,108393,170515,102077,0,5076,-69149,-3626,-74502,642,-71798,-9676,-78114,0,2.81700795588502,-38.3755845912693,-2.01253802013716,-41.3462270597122,0.356539184686725,-39.8453029006991,-5.36993453278699,-43.3508539598065
"Conservancy_3","Otjitanda","Kudu","Browser","Woodland_Browser",11524,11907,6875,11358,6551,11620,6710,10969,6327,0,383,-4649,-166,-4973,96,-4814,-555,-5197,0,3.32534950222148,-40.3417206346102,-1.43802205313347,-43.149989852853,0.836348629591168,-41.7755621785393,-4.81857134826233,-45.0949776699017
"Conservancy_3","Otjitanda","Leopard","Carnivore","Carnivore",,,,,,,,,,,,,,,,,,,,,,,,,,,
"Conservancy_3","Otjitanda","Ostrich","Mixed","Mixed_Open",18381,18156,27690,17198,26249,17717,27040,16610,25353,0,-226,9309,-1183,7868,-664,8658,-1771,6972,0,-1.22733972889989,50.6449258191911,-6.43412872654155,42.8057735188926,-3.61193867715142,47.1049431853793,-9.6364136023888,37.9288286616458
"Conservancy_3","Otjitanda","Red Hartebeest","Grazer","General_Grazer",7489,6977,19734,6547,18680,6808,19273,6323,18043,0,-512,12245,-943,11191,-681,11784,-1166,10553,0,-6.83657017462963,163.500087168321,-12.58814834068,149.425819461122,-9.09409012598406,157.346869515027,-15.5710976657185,140.911883930306
"Conservancy_3","Otjitanda","Red Lechwe","Grazer","Wetland_Grazer",4415,3918,15832,3646,14980,3822,15462,3522,14469,0,-496,11417,-769,10566,-592,11048,-893,10054,0,-11.2457980204255,258.620998762755,-17.4125813360891,239.33310880602,-13.4166260493522,250.25770743967,-20.225659327451,227.750816568467
"Conservancy_3","Otjitanda","Reedbuck","Grazer","Wetland_Grazer",7848,6966,28145,6482,26631,6795,27489,6261,25722,0,-883,20297,-1367,18783,-1053,19641,-1587,17874,0,-11.2457980204255,258.620998762755,-17.4125813360892,239.33310880602,-13.4166260493522,250.25770743967,-20.225659327451,227.750816568467
"Conservancy_3","Otjitanda","Roan","Grazer","General_Grazer",4681,4361,12334,4092,11675,4255,12046,3952,11277,0,-320,7653,-589,6994,-426,7365,-729,6596,0,-6.83657017462963,163.500087168321,-12.58814834068,149.425819461122,-9.09409012598406,157.346869515027,-15.5710976657185,140.911883930306
"Conservancy_3","Otjitanda","Sable","Grazer","General_Grazer",5617,5233,14801,4910,14010,5106,14455,4742,13532,0,-384,9184,-707,8393,-511,8838,-875,7915,0,-6.83657017462963,163.500087168321,-12.5881483406799,149.425819461122,-9.09409012598405,157.346869515027,-15.5710976657185,140.911883930306
"Conservancy_3","Otjitanda","Spotted Hyaena","Carnivore","Carnivore",,,,,,,,,,,,,,,,,,,,,,,,,,,
"Conservancy_3","Otjitanda","Springbok","Grazer","Arid_Grazer",36145,34734,70982,32752,67216,33900,69323,31634,64922,0,-1411,34837,-3393,31071,-2245,33178,-4512,28777,0,-3.9047393099624,96.3794602786842,-9.3881094462357,85.9606143395806,-6.21192892461223,91.7899655602492,-12.4824764311252,79.6134456917389
"Conservancy_3","Otjitanda","Steenbok","Browser","Shrub_Browser",259547,267650,160459,255225,152827,261212,156613,246474,147600,0,8103,-99087,-4321,-106719,1665,-102933,-13073,-111946,0,3.12212329724489,-38.177142161225,-1.66489991461064,-41.1175203164471,0.641689780468192,-39.6588581867775,-5.03673965949135,-43.131398827735
"Conservancy_3","Otjitanda","Vervet monkey","Omnivore","Omnivore",270668,273178,289191,259649,274515,266595,282356,250754,265136,0,2510,18523,-11019,3847,-4074,11688,-19914,-5532,0,0.927376620478152,6.84340454883124,-4.07105280078194,1.42130994353254,-1.50511212509443,4.31819996654017,-7.35741445959695,-2.04383776612837
"Conservancy_3","Otjitanda","Warthog","Grazer","General_Grazer",16048,14951,42288,14028,40029,14589,41300,13550,38663,0,-1097,26239,-2020,23981,-1459,25252,-2499,22614,0,-6.83657017462964,163.500087168321,-12.58814834068,149.425819461122,-9.09409012598406,157.346869515027,-15.5710976657185,140.911883930306
"Conservancy_4","Orupupa","Baboon","Omnivore","Omnivore",66422,65136,65554,62397,62823,62800,63204,58918,59320,0,-1286,-868,-4025,-3600,-3622,-3218,-7504,-7102,0,-1.93640923552373,-1.30636791313825,-6.0601989390975,-5.41916242237818,-5.45353391438057,-4.84486765933837,-11.2975555801955,-10.6921212948194
"Conservancy_4","Orupupa","Black rhinoceros","Browser","Shrub_Browser",3090,3081,2327,2960,2233,2971,2243,2795,2108,0,-9,-763,-130,-857,-119,-847,-296,-982,0,-0.281892351577756,-24.7028756253758,-4.22261911397862,-27.7448153175967,-3.86152433631455,-27.4045061655596,-9.56312754131859,-31.7734683373987
"Conservancy_4","Orupupa","Black-backed Jackal","Carnivore","Carnivore",,,,,,,,,,,,,,,,,,,,,,,,,,,
"Conservancy_4","Orupupa","Black-faced Impala","Mixed","Mixed_Open",42812,41275,52226,39432,50008,39796,50354,37234,47221,0,-1537,9414,-3380,7196,-3016,7542,-5579,4408,0,-3.58975808530888,21.9880356336738,-7.89606200027166,16.8083647601931,-7.04439647959283,17.6163447200544,-13.0303592369576,10.2965743463756
"Conservancy_4","Orupupa","Blue wildebeest","Grazer","General_Grazer",5755,5291,10639,5015,10175,5102,10258,4735,9607,0,-464,4883,-741,4419,-654,4502,-1020,3852,0,-8.06986596606092,84.8480032024902,-12.8694511600412,76.7872365662464,-11.3551136576287,78.228024509319,-17.7245462647836,66.9325932097277
"Conservancy_4","Orupupa","Buffalo","Grazer","General_Grazer",2532,2328,4681,2206,4477,2245,4513,2083,4227,0,-204,2149,-326,1945,-288,1981,-449,1695,0,-8.06986596606091,84.8480032024902,-12.8694511600412,76.7872365662464,-11.3551136576287,78.228024509319,-17.7245462647836,66.9325932097277
"Conservancy_4","Orupupa","Burchell's zebra","Grazer","General_Grazer",3957,3637,7314,3448,6995,3507,7052,3255,6605,0,-319,3357,-509,3038,-449,3095,-701,2648,0,-8.06986596606091,84.8480032024902,-12.8694511600412,76.7872365662464,-11.3551136576287,78.228024509319,-17.7245462647836,66.9325932097277
"Conservancy_4","Orupupa","Bushpig","Omnivore","Omnivore",26569,26054,26222,24959,25129,25120,25282,23567,23728,0,-514,-347,-1610,-1440,-1449,-1287,-3002,-2841,0,-1.93640923552373,-1.30636791313825,-6.0601989390975,-5.41916242237818,-5.45353391438056,-4.84486765933836,-11.2975555801955,-10.6921212948194
"Conservancy_4","Orupupa","Cheetah","Carnivore","Carnivore",,,,,,,,,,,,,,,,,,,,,,,,,,,
"Conservancy_4","Orupupa","Damara dik dik","Browser","Shrub_Browser",618018,616276,465350,591922,446550,594153,448653,558916,421652,0,-1742,-152668,-26097,-171468,-23865,-169365,-59102,-196366,0,-0.281892351577747,-24.7028756253758,-4.22261911397861,-27.7448153175967,-3.86152433631455,-27.4045061655596,-9.56312754131859,-31.7734683373987
"Conservancy_4","Orupupa","Duiker","Browser","Woodland_Browser",149691,149432,111038,143548,106567,144067,107054,135543,100625,0,-259,-38653,-6143,-43124,-5624,-42637,-14147,-49066,0,-0.173106232222207,-25.8215910975279,-4.10385317675504,-28.8089205815221,-3.75696142524606,-28.4833331992368,-9.45104803399989,-32.778292553279
"Conservancy_4","Orupupa","Eland","Mixed","Mixed_Open",4281,4128,5223,3943,5001,3980,5035,3723,4722,0,-154,941,-338,720,-302,754,-558,441,0,-3.58975808530888,21.9880356336738,-7.89606200027166,16.8083647601931,-7.04439647959284,17.6163447200545,-13.0303592369576,10.2965743463757
"Conservancy_4","Orupupa","Elephant","Mixed","Large_Mixed",685,671,686,643,658,647,662,607,621,0,-14,1,-42,-27,-38,-23,-78,-64,0,-2.05501490144138,0.179782448249099,-6.19099123908163,-4.00258400524323,-5.56760710273543,-3.41181761648014,-11.4209970061059,-9.35448304559391
"Conservancy_4","Orupupa","Gemsbok","Mixed","Arid_Mixed",10177,9829,12062,9393,11550,9477,11630,8870,10906,0,-348,1885,-784,1373,-700,1453,-1308,729,0,-3.42037021757649,18.5210260132776,-7.70267953924849,13.4913390724825,-6.88111871360353,14.2736705180833,-12.8477822839508,7.16448778531035
"Conservancy_4","Orupupa","Giraffe","Browser","Woodland_Browser",3082,3077,2286,2955,2194,2966,2204,2791,2072,0,-5,-796,-126,-888,-116,-878,-291,-1010,0,-0.173106232222215,-25.8215910975279,-4.10385317675505,-28.8089205815221,-3.75696142524608,-28.4833331992368,-9.45104803399991,-32.778292553279
"Conservancy_4","Orupupa","Hartmann's zebra","Grazer","Arid_Grazer",5532,5222,8209,4972,7855,5035,7915,4695,7417,0,-310,2677,-560,2323,-497,2383,-837,1885,0,-5.60163713296109,48.3945427309101,-10.1205283646579,41.9896599516771,-8.97971546048517,43.0789358331209,-15.1298608819222,34.0745337542865
"Conservancy_4","Orupupa","Hippopotamus","Grazer","Wetland_Grazer",281,248,670,233,640,239,646,220,604,0,-33,389,-48,359,-42,365,-61,324,0,-11.7960649059102,138.585200611824,-17.0130551408309,128.073374414917,-14.9408197152451,130.042781236708,-21.6355994388662,115.360266091878
"Conservancy_4","Orupupa","Impala","Mixed","Mixed_Open",42812,41275,52226,39432,50008,39796,50354,37234,47221,0,-1537,9414,-3380,7196,-3016,7542,-5579,4408,0,-3.58975808530888,21.9880356336738,-7.89606200027166,16.8083647601931,-7.04439647959283,17.6163447200544,-13.0303592369576,10.2965743463756
"Conservancy_4","Orupupa","Klipspringer","Browser","Rocky_Browser",211500,210707,159112,202365,152661,203145,153404,191082,144150,0,-792,-52388,-9134,-58838,-8355,-58096,-20418,-67350,0,-0.374631374283054,-24.7695588961487,-4.31886458603911,-27.8196346846462,-3.95038763710729,-27.4683875808397,-9.65390609937689,-31.8440317437478
"Conservancy_4","Orupupa","Kudu","Browser","Woodland_Browser",13787,13763,10227,13222,9815,13269,9860,12484,9268,0,-24,-3560,-566,-3972,-518,-3927,-1303,-4519,0,-0.173106232222209,-25.8215910975279,-4.10385317675505,-28.8089205815221,-3.75696142524606,-28.4833331992368,-9.45104803399989,-32.7782925532789
"Conservancy_4","Orupupa","Leopard","Carnivore","Carnivore",,,,,,,,,,,,,,,,,,,,,,,,,,,
"Conservancy_4","Orupupa","Ostrich","Mixed","Mixed_Open",21406,20638,26113,19716,25004,19898,25177,18617,23610,0,-768,4707,-1690,3598,-1508,3771,-2789,2204,0,-3.58975808530888,21.9880356336738,-7.89606200027166,16.8083647601931,-7.04439647959283,17.6163447200544,-13.0303592369576,10.2965743463756
"Conservancy_4","Orupupa","Red Hartebeest","Grazer","General_Grazer",8441,7760,15603,7355,14923,7483,15044,6945,14091,0,-681,7162,-1086,6482,-958,6603,-1496,5650,0,-8.0698659660609,84.8480032024902,-12.8694511600412,76.7872365662464,-11.3551136576287,78.228024509319,-17.7245462647836,66.9325932097277
"Conservancy_4","Orupupa","Red Lechwe","Grazer","Wetland_Grazer",4912,4332,11718,4076,11202,4178,11299,3849,10578,0,-579,6807,-836,6290,-734,6387,-1063,5666,0,-11.7960649059102,138.585200611824,-17.0130551408309,128.073374414917,-14.9408197152451,130.042781236708,-21.6355994388662,115.360266091878
"Conservancy_4","Orupupa","Reedbuck","Grazer","Wetland_Grazer",8732,7702,20832,7246,19915,7427,20087,6843,18805,0,-1030,12101,-1486,11183,-1305,11355,-1889,10073,0,-11.7960649059102,138.585200611824,-17.0130551408309,128.073374414917,-14.9408197152451,130.042781236708,-21.6355994388662,115.360266091878
"Conservancy_4","Orupupa","Roan","Grazer","General_Grazer",5276,4850,9752,4597,9327,4677,9403,4341,8807,0,-426,4476,-679,4051,-599,4127,-935,3531,0,-8.0698659660609,84.8480032024902,-12.8694511600411,76.7872365662464,-11.3551136576287,78.228024509319,-17.7245462647836,66.9325932097277
"Conservancy_4","Orupupa","Sable","Grazer","General_Grazer",6331,5820,11702,5516,11192,5612,11283,5209,10568,0,-511,5372,-815,4861,-719,4952,-1122,4237,0,-8.06986596606092,84.8480032024902,-12.8694511600412,76.7872365662464,-11.3551136576287,78.228024509319,-17.7245462647836,66.9325932097277
"Conservancy_4","Orupupa","Spotted Hyaena","Carnivore","Carnivore",,,,,,,,,,,,,,,,,,,,,,,,,,,
"Conservancy_4","Orupupa","Springbok","Grazer","Arid_Grazer",40762,38478,60488,36636,57877,37101,58321,34594,54651,0,-2283,19726,-4125,17116,-3660,17560,-6167,13889,0,-5.60163713296107,48.3945427309101,-10.1205283646578,41.9896599516772,-8.97971546048515,43.0789358331209,-15.1298608819222,34.0745337542866
"Conservancy_4","Orupupa","Steenbok","Browser","Shrub_Browser",309009,308138,232675,295961,223275,297077,224327,279458,210826,0,-871,-76334,-13048,-85734,-11932,-84682,-29551,-98183,0,-0.281892351577747,-24.7028756253758,-4.22261911397861,-27.7448153175967,-3.86152433631455,-27.4045061655596,-9.56312754131859,-31.7734683373987
"Conservancy_4","Orupupa","Vervet monkey","Omnivore","Omnivore",318826,312652,314661,299505,301548,301439,303379,282806,284737,0,-6174,-4165,-19321,-17278,-17387,-15447,-36020,-34089,0,-1.93640923552372,-1.30636791313826,-6.06019893909749,-5.41916242237818,-5.45353391438058,-4.84486765933837,-11.2975555801955,-10.6921212948194
"Conservancy_4","Orupupa","Warthog","Grazer","General_Grazer",18088,16628,33435,15760,31977,16034,32238,14882,30195,0,-1460,15347,-2328,13889,-2054,14150,-3206,12107,0,-8.06986596606093,84.8480032024902,-12.8694511600412,76.7872365662464,-11.3551136576287,78.228024509319,-17.7245462647836,66.9325932097277
"Conservancy_5","Omuramba ua Mbinda","Baboon","Omnivore","Omnivore",179865,170993,170993,165567,165567,166151,166151,155010,155010,0,-8871,-8871,-14297,-14297,-13713,-13713,-24855,-24855,0,-4.93226893236694,-4.93226893236694,-7.94887026987967,-7.94887026987967,-7.62427746462181,-7.62427746462181,-13.8185629261918,-13.8185629261918
"Conservancy_5","Omuramba ua Mbinda","Black rhinoceros","Browser","Shrub_Browser",8624,8208,3827,7947,3705,7975,3718,7440,3469,0,-416,-4797,-676,-4918,-648,-4905,-1183,-5154,0,-4.8238377090164,-55.6263378303788,-7.84387968584717,-57.0325675144843,-7.51891666038346,-56.8809688050258,-13.7202671264806,-59.7687252487339
"Conservancy_5","Omuramba ua Mbinda","Black-backed Jackal","Carnivore","Carnivore",,,,,,,,,,,,,,,,,,,,,,,,,,,
"Conservancy_5","Omuramba ua Mbinda","Black-faced Impala","Mixed","Mixed_Open",112359,106700,167158,103314,161852,103678,162423,96726,151527,0,-5659,54799,-9045,49493,-8681,50064,-15633,39168,0,-5.03668814402203,48.7715141606956,-8.04997614766214,44.0489335411143,-7.72573986426981,44.5567911456175,-13.913221730157,34.859668276109
"Conservancy_5","Omuramba ua Mbinda","Blue wildebeest","Grazer","General_Grazer",13799,13058,43128,12643,41758,12688,41905,11837,39093,0,-741,29329,-1155,27959,-1111,28106,-1962,25294,0,-5.37019807790381,212.548116038556,-8.37290345270315,202.622931390277,-8.04980588298166,203.689678571367,-14.2155573918746,183.31020094072
"Conservancy_5","Omuramba ua Mbinda","Buffalo","Grazer","General_Grazer",6071,5745,18976,5563,18374,5583,18438,5208,17201,0,-326,12905,-508,12302,-489,12367,-863,11130,0,-5.37019807790382,212.548116038556,-8.37290345270316,202.622931390277,-8.04980588298165,203.689678571367,-14.2155573918746,183.31020094072
"Conservancy_5","Omuramba ua Mbinda","Burchell's zebra","Grazer","General_Grazer",9487,8977,29650,8692,28709,8723,28810,8138,26876,0,-509,20164,-794,19222,-764,19323,-1349,17390,0,-5.37019807790382,212.548116038556,-8.37290345270316,202.622931390277,-8.04980588298166,203.689678571366,-14.2155573918746,183.31020094072
"Conservancy_5","Omuramba ua Mbinda","Bushpig","Omnivore","Omnivore",71946,68397,68397,66227,66227,66461,66461,62004,62004,0,-3549,-3549,-5719,-5719,-5485,-5485,-9942,-9942,0,-4.93226893236694,-4.93226893236694,-7.94887026987967,-7.94887026987967,-7.62427746462181,-7.62427746462181,-13.8185629261918,-13.8185629261918
"Conservancy_5","Omuramba ua Mbinda","Cheetah","Carnivore","Carnivore",,,,,,,,,,,,,,,,,,,,,,,,,,,
"Conservancy_5","Omuramba ua Mbinda","Damara dik dik","Browser","Shrub_Browser",1724734,1641535,765328,1589448,741074,1595052,743688,1488096,693882,0,-83198,-959406,-135286,-983660,-129681,-981045,-236638,-1030851,0,-4.82383770901639,-55.6263378303788,-7.84387968584717,-57.0325675144843,-7.51891666038346,-56.8809688050258,-13.7202671264806,-59.7687252487339
"Conservancy_5","Omuramba ua Mbinda","Duiker","Browser","Woodland_Browser",418843,398659,175851,386009,170279,387370,170880,361395,159438,0,-20185,-242992,-32834,-248564,-31473,-247963,-57448,-259406,0,-4.81910999867337,-58.0149582881013,-7.83930199083725,-59.3453099439364,-7.51432282340037,-59.2018624300791,-13.7159813307973,-61.9338207359767
"Conservancy_5","Omuramba ua Mbinda","Eland","Mixed","Mixed_Open",11236,10670,16716,10331,16185,10368,16242,9673,15153,0,-566,5480,-904,4949,-868,5006,-1563,3917,0,-5.03668814402203,48.7715141606956,-8.04997614766214,44.0489335411142,-7.7257398642698,44.5567911456175,-13.913221730157,34.859668276109
"Conservancy_5","Omuramba ua Mbinda","Elephant","Mixed","Large_Mixed",1850,1759,1821,1703,1764,1709,1770,1594,1651,0,-91,-29,-147,-86,-141,-80,-256,-199,0,-4.93361864356307,-1.55069184470615,-7.95017715328816,-4.6747137438381,-7.62558895639254,-4.33858125701229,-13.8197864754362,-10.7534302399031
"Conservancy_5","Omuramba ua Mbinda","Gemsbok","Mixed","Arid_Mixed",26747,25405,37713,24599,36516,24685,36645,23030,34187,0,-1343,10966,-2149,9769,-2062,9898,-3717,7439,0,-5.01996180685942,40.998054252153,-8.03378055516432,36.5224090223669,-7.7094871625022,37.0037396053036,-13.8980588588287,27.8136419492099
"Conservancy_5","Omuramba ua Mbinda","Giraffe","Browser","Woodland_Browser",8623,8208,3620,7947,3506,7975,3518,7440,3283,0,-416,-5003,-676,-5117,-648,-5105,-1183,-5341,0,-4.81910999867337,-58.0149582881013,-7.83930199083725,-59.3453099439364,-7.51432282340037,-59.2018624300791,-13.7159813307973,-61.9338207359767
"Conservancy_5","Omuramba ua Mbinda","Hartmann's zebra","Grazer","Arid_Grazer",13910,13191,29933,12772,28982,12817,29085,11958,27133,0,-719,16023,-1138,15072,-1093,15174,-1952,13223,0,-5.17071576104373,115.186084388663,-8.17975092426964,108.35374755464,-7.85597225567155,109.08824566194,-14.0347213443036,95.0592220282126
"Conservancy_5","Omuramba ua Mbinda","Hippopotamus","Grazer","Wetland_Grazer",622,586,2965,568,2870,570,2881,531,2687,0,-35,2343,-54,2249,-52,2259,-90,2065,0,-5.70572900883243,376.815723275449,-8.69778762638146,361.672337056842,-8.37583567068584,363.299649374215,-14.5197251413875,332.205791010314
"Conservancy_5","Omuramba ua Mbinda","Impala","Mixed","Mixed_Open",112359,106700,167158,103314,161852,103678,162423,96726,151527,0,-5659,54799,-9045,49493,-8681,50064,-15633,39168,0,-5.03668814402203,48.7715141606956,-8.04997614766214,44.0489335411143,-7.72573986426981,44.5567911456175,-13.913221730157,34.859668276109
"Conservancy_5","Omuramba ua Mbinda","Klipspringer","Browser","Rocky_Browser",587973,559614,260907,541857,252639,543768,253530,507305,236551,0,-28359,-327066,-46116,-335335,-44206,-334443,-80668,-351423,0,-4.8232027211034,-55.6260417820989,-7.84326484678349,-57.0322808481634,-7.51829965326016,-56.880681127282,-13.7196914929796,-59.7684568372685
"Conservancy_5","Omuramba ua Mbinda","Kudu","Browser","Woodland_Browser",38578,36719,16197,35553,15684,35679,15739,33286,14685,0,-1859,-22381,-3024,-22894,-2899,-22839,-5291,-23893,0,-4.81910999867336,-58.0149582881013,-7.83930199083724,-59.3453099439364,-7.51432282340037,-59.2018624300791,-13.7159813307973,-61.9338207359767
"Conservancy_5","Omuramba ua Mbinda","Leopard","Carnivore","Carnivore",,,,,,,,,,,,,,,,,,,,,,,,,,,
"Conservancy_5","Omuramba ua Mbinda","Ostrich","Mixed","Mixed_Open",56179,53350,83579,51657,80926,51839,81211,48363,75763,0,-2830,27400,-4522,24746,-4340,25032,-7816,19584,0,-5.03668814402203,48.7715141606956,-8.04997614766214,44.0489335411143,-7.72573986426981,44.5567911456175,-13.913221730157,34.859668276109
"Conservancy_5","Omuramba ua Mbinda","Red Hartebeest","Grazer","General_Grazer",20238,19151,63254,18544,61245,18609,61461,17361,57337,0,-1087,43016,-1695,41007,-1629,41223,-2877,37098,0,-5.37019807790382,212.548116038556,-8.37290345270316,202.622931390277,-8.04980588298166,203.689678571367,-14.2155573918746,183.31020094072
"Conservancy_5","Omuramba ua Mbinda","Red Lechwe","Grazer","Wetland_Grazer",10880,10260,51879,9934,50232,9969,50409,9301,47026,0,-621,40999,-946,39351,-911,39528,-1580,36145,0,-5.70572900883244,376.815723275449,-8.69778762638147,361.672337056842,-8.37583567068585,363.299649374215,-14.5197251413875,332.205791010314
"Conservancy_5","Omuramba ua Mbinda","Reedbuck","Grazer","Wetland_Grazer",19343,18239,92230,17661,89301,17723,89616,16534,83601,0,-1104,72887,-1682,69958,-1620,70273,-2809,64258,0,-5.70572900883244,376.815723275449,-8.69778762638147,361.672337056842,-8.37583567068584,363.299649374215,-14.5197251413875,332.205791010314
"Conservancy_5","Omuramba ua Mbinda","Roan","Grazer","General_Grazer",12649,11970,39534,11590,38278,11631,38413,10851,35835,0,-679,26885,-1059,25629,-1018,25764,-1798,23187,0,-5.37019807790382,212.548116038556,-8.37290345270316,202.622931390277,-8.04980588298166,203.689678571367,-14.2155573918746,183.31020094072
"Conservancy_5","Omuramba ua Mbinda","Sable","Grazer","General_Grazer",15179,14363,47440,13908,45934,13957,46096,13021,43002,0,-815,32262,-1271,30755,-1222,30917,-2158,27824,0,-5.37019807790382,212.548116038556,-8.37290345270317,202.622931390277,-8.04980588298166,203.689678571366,-14.2155573918746,183.31020094072
"Conservancy_5","Omuramba ua Mbinda","Spotted Hyaena","Carnivore","Carnivore",,,,,,,,,,,,,,,,,,,,,,,,,,,
"Conservancy_5","Omuramba ua Mbinda","Springbok","Grazer","Arid_Grazer",102496,97196,220557,94112,213554,94444,214307,88111,199928,0,-5300,118061,-8384,111058,-8052,111811,-14385,97432,0,-5.17071576104373,115.186084388663,-8.17975092426964,108.35374755464,-7.85597225567154,109.08824566194,-14.0347213443036,95.0592220282126
"Conservancy_5","Omuramba ua Mbinda","Steenbok","Browser","Shrub_Browser",862367,820768,382664,794724,370537,797526,371844,744048,346941,0,-41599,-479703,-67643,-491830,-64841,-490523,-118319,-515426,0,-4.82383770901639,-55.6263378303788,-7.84387968584717,-57.0325675144843,-7.51891666038346,-56.8809688050258,-13.7202671264806,-59.7687252487339
"Conservancy_5","Omuramba ua Mbinda","Vervet monkey","Omnivore","Omnivore",863350,820768,820768,794724,794724,797526,797526,744048,744048,0,-42583,-42583,-68627,-68627,-65824,-65824,-119303,-119303,0,-4.93226893236694,-4.93226893236694,-7.94887026987968,-7.94887026987968,-7.62427746462181,-7.62427746462181,-13.8185629261918,-13.8185629261918
"Conservancy_5","Omuramba ua Mbinda","Warthog","Grazer","General_Grazer",43367,41038,135544,39736,131239,39876,131702,37202,122864,0,-2329,92176,-3631,87872,-3491,88335,-6165,79497,0,-5.37019807790382,212.548116038556,-8.37290345270316,202.622931390277,-8.04980588298166,203.689678571366,-14.2155573918746,183.31020094072
"Conservancy_6","Otjombinde","Baboon","Omnivore","Omnivore",329137,311991,311991,302066,302066,304053,304053,282580,282580,0,-17147,-17147,-27071,-27071,-25084,-25084,-46558,-46558,0,-5.20956419805224,-5.20956419805224,-8.22493095093703,-8.22493095093703,-7.6211744259808,-7.6211744259808,-14.1453280459824,-14.1453280459824
"Conservancy_6","Otjombinde","Black rhinoceros","Browser","Shrub_Browser",15718,14965,6966,14496,6747,14584,6789,13561,6312,0,-753,-8752,-1222,-8971,-1134,-8929,-2158,-9406,0,-4.79376448951377,-55.6825748735722,-7.77759934039349,-57.0726865523805,-7.2157942008402,-56.8093426885885,-13.7268335408341,-59.8420887259954
"Conservancy_6","Otjombinde","Black-backed Jackal","Carnivore","Carnivore",,,,,,,,,,,,,,,,,,,,,,,,,,,
"Conservancy_6","Otjombinde","Black-faced Impala","Mixed","Mixed_Open",206492,194833,305216,188538,295464,189875,297449,176375,276404,0,-11660,98724,-17954,88972,-16617,90957,-30117,69912,0,-5.6464743696224,47.8098370626586,-8.69495970764708,43.087220190017,-8.04713605864323,44.0485634278491,-14.5850565264351,33.8568587856455
"Conservancy_6","Otjombinde","Blue wildebeest","Grazer","General_Grazer",25687,23900,78800,23091,76272,23291,76795,21601,71352,0,-1787,53114,-2596,50586,-2395,51108,-4085,45666,0,-6.95688902980784,206.776234249339,-10.1046591452815,196.934823063492,-9.32471284993495,198.968307418874,-15.9038800532497,177.780300165414
"Conservancy_6","Otjombinde","Buffalo","Grazer","General_Grazer",11302,10516,34672,10160,33560,10248,33790,9505,31395,0,-786,23370,-1142,22258,-1054,22488,-1797,20093,0,-6.95688902980783,206.776234249339,-10.1046591452815,196.934823063492,-9.32471284993493,198.968307418874,-15.9038800532497,177.780300165414
"Conservancy_6","Otjombinde","Burchell's zebra","Grazer","General_Grazer",17660,16431,54175,15875,52437,16013,52796,14851,49055,0,-1229,36516,-1784,34778,-1647,35137,-2809,31395,0,-6.95688902980783,206.776234249339,-10.1046591452815,196.934823063492,-9.32471284993493,198.968307418874,-15.9038800532497,177.780300165414
"Conservancy_6","Otjombinde","Bushpig","Omnivore","Omnivore",131655,124796,124796,120826,120826,121621,121621,113032,113032,0,-6859,-6859,-10829,-10829,-10034,-10034,-18623,-18623,0,-5.20956419805226,-5.20956419805226,-8.22493095093704,-8.22493095093704,-7.62117442598081,-7.62117442598081,-14.1453280459824,-14.1453280459824
"Conservancy_6","Otjombinde","Cheetah","Carnivore","Carnivore",,,,,,,,,,,,,,,,,,,,,,,,,,,
"Conservancy_6","Otjombinde","Damara dik dik","Browser","Shrub_Browser",3143627,2992929,1393175,2899129,1349475,2916790,1357753,2712107,1262415,0,-150698,-1750453,-244499,-1794153,-226838,-1785874,-431520,-1881212,0,-4.79376448951376,-55.6825748735722,-7.77759934039348,-57.0726865523805,-7.2157942008402,-56.8093426885885,-13.7268335408341,-59.8420887259954
"Conservancy_6","Otjombinde","Duiker","Browser","Woodland_Browser",763264,726829,320035,704066,310011,708339,311898,658647,290011,0,-36434,-443229,-59197,-453252,-54925,-451365,-104617,-473252,0,-4.77347729497292,-58.070236494554,-7.7558396067435,-59.383464089053,-7.19601561540116,-59.1362239177017,-13.7064765690122,-62.0038062271783
"Conservancy_6","Otjombinde","Eland","Mixed","Mixed_Open",20649,19483,30522,18854,29546,18988,29745,17638,27640,0,-1166,9872,-1795,8897,-1662,9096,-3012,6991,0,-5.6464743696224,47.8098370626586,-8.69495970764706,43.087220190017,-8.04713605864323,44.0485634278491,-14.5850565264351,33.8568587856455
"Conservancy_6","Otjombinde","Elephant","Mixed","Large_Mixed",3387,3209,3323,3107,3218,3128,3239,2907,3010,0,-177,-63,-280,-169,-259,-148,-480,-376,0,-5.23742114981416,-1.86326518067466,-8.25486946114112,-4.98638447376789,-7.64833320314668,-4.36005889691206,-14.1733365660481,-11.1156886788783
"Conservancy_6","Otjombinde","Gemsbok","Mixed","Arid_Mixed",49127,46384,68856,44888,66657,45203,67104,41993,62357,0,-2744,19729,-4239,17530,-3924,17977,-7135,13230,0,-5.58510997662417,40.15875699606,-8.62876394957069,35.6825079157742,-7.98730875777942,36.5922494516926,-14.5231279869162,26.9297981609158
"Conservancy_6","Otjombinde","Giraffe","Browser","Woodland_Browser",15714,14964,6589,14495,6383,14583,6421,13560,5971,0,-750,-9125,-1219,-9332,-1131,-9293,-2154,-9743,0,-4.77347729497292,-58.070236494554,-7.75583960674349,-59.383464089053,-7.19601561540115,-59.1362239177017,-13.7064765690122,-62.0038062271783
"Conservancy_6","Otjombinde","Hartmann's zebra","Grazer","Arid_Grazer",25699,24110,54676,23316,52925,23496,53285,21812,49511,0,-1589,28977,-2383,27226,-2203,27586,-3887,23812,0,-6.1848170117347,112.756811258516,-9.273774296737,105.942869489349,-8.57198717186916,107.342245531049,-15.1265578539056,92.6579137897754
"Conservancy_6","Otjombinde","Hippopotamus","Grazer","Wetland_Grazer",1172,1076,5418,1038,5244,1048,5280,971,4906,0,-97,4246,-135,4072,-124,4108,-202,3733,0,-8.23560512111084,362.216564267401,-11.480539168261,347.369900841182,-10.5713864094388,350.451743946856,-17.1910644392947,318.511346293407
"Conservancy_6","Otjombinde","Impala","Mixed","Mixed_Open",206492,194833,305216,188538,295464,189875,297449,176375,276404,0,-11660,98724,-17954,88972,-16617,90957,-30117,69912,0,-5.6464743696224,47.8098370626586,-8.69495970764708,43.087220190017,-8.04713605864323,44.0485634278491,-14.5850565264351,33.8568587856455
"Conservancy_6","Otjombinde","Klipspringer","Browser","Rocky_Browser",1071714,1020317,474946,988339,460048,994360,462870,924582,430369,0,-51397,-596768,-83375,-611666,-77354,-608844,-147132,-641345,0,-4.79579730650963,-55.6835211268772,-7.77956844737954,-57.0736031244085,-7.21777530333294,-56.8102648834613,-13.7286756214302,-59.8429461665203
"Conservancy_6","Otjombinde","Kudu","Browser","Woodland_Browser",70301,66945,29477,64848,28554,65242,28727,60665,26712,0,-3356,-40824,-5452,-41747,-5059,-41573,-9636,-43589,0,-4.77347729497291,-58.070236494554,-7.75583960674348,-59.383464089053,-7.19601561540115,-59.1362239177017,-13.7064765690122,-62.0038062271783
"Conservancy_6","Otjombinde","Leopard","Carnivore","Carnivore",,,,,,,,,,,,,,,,,,,,,,,,,,,
"Conservancy_6","Otjombinde","Ostrich","Mixed","Mixed_Open",103246,97416,152608,94269,147732,94938,148724,88188,138202,0,-5830,49362,-8977,44486,-8308,45478,-15058,34956,0,-5.6464743696224,47.8098370626586,-8.69495970764708,43.087220190017,-8.04713605864323,44.0485634278491,-14.5850565264351,33.8568587856455
"Conservancy_6","Otjombinde","Red Hartebeest","Grazer","General_Grazer",37674,35053,115574,33867,111866,34161,112632,31682,104650,0,-2621,77900,-3807,74192,-3513,74959,-5992,66976,0,-6.95688902980783,206.776234249339,-10.1046591452815,196.934823063492,-9.32471284993493,198.968307418874,-15.9038800532497,177.780300165414
"Conservancy_6","Otjombinde","Red Lechwe","Grazer","Wetland_Grazer",20512,18823,94811,18157,91766,18344,92398,16986,85846,0,-1689,74299,-2355,71254,-2168,71886,-3526,65334,0,-8.23560512111083,362.216564267401,-11.480539168261,347.369900841181,-10.5713864094388,350.451743946856,-17.1910644392947,318.511346293407
"Conservancy_6","Otjombinde","Reedbuck","Grazer","Wetland_Grazer",36466,33463,168554,32280,163139,32611,164263,30197,152616,0,-3003,132087,-4187,126673,-3855,127797,-6269,116149,0,-8.23560512111084,362.216564267401,-11.4805391682609,347.369900841181,-10.5713864094388,350.451743946856,-17.1910644392947,318.511346293408
"Conservancy_6","Otjombinde","Roan","Grazer","General_Grazer",23546,21908,72234,21167,69916,21350,70395,19801,65406,0,-1638,48688,-2379,46370,-2196,46849,-3745,41860,0,-6.95688902980783,206.776234249339,-10.1046591452815,196.934823063492,-9.32471284993492,198.968307418874,-15.9038800532497,177.780300165414
"Conservancy_6","Otjombinde","Sable","Grazer","General_Grazer",28255,26290,86680,25400,83900,25620,84474,23762,78487,0,-1966,58425,-2855,55644,-2635,56219,-4494,50232,0,-6.95688902980784,206.776234249339,-10.1046591452815,196.934823063492,-9.32471284993493,198.968307418874,-15.9038800532497,177.780300165414
"Conservancy_6","Otjombinde","Spotted Hyaena","Carnivore","Carnivore",,,,,,,,,,,,,,,,,,,,,,,,,,,
"Conservancy_6","Otjombinde","Springbok","Grazer","Arid_Grazer",189361,177649,402878,171800,389975,173129,392625,160717,364818,0,-11712,213517,-17561,200614,-16232,203264,-28644,175458,0,-6.1848170117347,112.756811258516,-9.27377429673698,105.942869489349,-8.57198717186915,107.342245531049,-15.1265578539056,92.6579137897755
"Conservancy_6","Otjombinde","Steenbok","Browser","Shrub_Browser",1571814,1496465,696587,1449564,674737,1458395,678877,1356053,631208,0,-75349,-875226,-122249,-897076,-113419,-892937,-215760,-940606,0,-4.79376448951376,-55.6825748735722,-7.77759934039348,-57.0726865523805,-7.2157942008402,-56.8093426885885,-13.7268335408341,-59.8420887259954
"Conservancy_6","Otjombinde","Vervet monkey","Omnivore","Omnivore",1579859,1497555,1497555,1449916,1449916,1459455,1459455,1356382,1356382,0,-82304,-82304,-129942,-129942,-120404,-120404,-223476,-223476,0,-5.20956419805225,-5.20956419805225,-8.22493095093704,-8.22493095093704,-7.6211744259808,-7.6211744259808,-14.1453280459824,-14.1453280459824
"Conservancy_6","Otjombinde","Warthog","Grazer","General_Grazer",80729,75113,247658,72572,239713,73201,241355,67890,224250,0,-5616,166929,-8157,158984,-7528,160625,-12839,143521,0,-6.95688902980785,206.776234249339,-10.1046591452815,196.934823063492,-9.32471284993493,198.968307418874,-15.9038800532497,177.780300165414
"Conservancy_7","Bamunu","Baboon","Omnivore","Omnivore",30934,29229,29213,28982,28973,29352,29307,27473,27431,0,-1706,-1721,-1952,-1961,-1583,-1627,-3461,-3503,0,-5.51398192058035,-5.56306190372447,-6.31150087727417,-6.34010839926041,-5.11572293943531,-5.26110656590407,-11.1892860915795,-11.3251964727855
"Conservancy_7","Bamunu","Black rhinoceros","Browser","Shrub_Browser",943,917,836,912,829,921,832,864,780,0,-25,-107,-31,-113,-21,-110,-78,-162,0,-2.67067151989642,-11.3326341474274,-3.2516556683132,-12.0292110798293,-2.25317476841128,-11.70671820286,-8.29874250790978,-17.2289045846326
"Conservancy_7","Bamunu","Black-backed Jackal","Carnivore","Carnivore",,,,,,,,,,,,,,,,,,,,,,,,,,,
"Conservancy_7","Bamunu","Black-faced Impala","Mixed","Mixed_Open",20074,18429,19469,18165,19257,18506,19481,17219,18142,0,-1646,-605,-1909,-818,-1568,-594,-2856,-1932,0,-8.19794740904297,-3.01398919603112,-9.5104135596899,-4.07266551345263,-7.81202781440275,-2.95663474887823,-14.22537012095,-9.62634321425114
"Conservancy_7","Bamunu","Blue wildebeest","Grazer","General_Grazer",4322,3884,4413,3820,4370,3900,4420,3621,4114,0,-438,92,-502,48,-422,98,-701,-208,0,-10.1362936286543,2.11817240553776,-11.610866752688,1.11375940553662,-9.76361510388758,2.27815970817025,-16.2089640097238,-4.81319307126072
"Conservancy_7","Bamunu","Buffalo","Grazer","General_Grazer",1902,1709,1942,1681,1923,1716,1945,1593,1810,0,-193,40,-221,21,-186,43,-308,-92,0,-10.1362936286543,2.11817240553777,-11.610866752688,1.11375940553663,-9.76361510388758,2.27815970817024,-16.2089640097238,-4.81319307126072
"Conservancy_7","Bamunu","Burchell's zebra","Grazer","General_Grazer",2971,2670,3034,2626,3004,2681,3039,2490,2828,0,-301,63,-345,33,-290,68,-482,-143,0,-10.1362936286543,2.11817240553777,-11.610866752688,1.11375940553662,-9.76361510388757,2.27815970817025,-16.2089640097238,-4.81319307126072
"Conservancy_7","Bamunu","Bushpig","Omnivore","Omnivore",12374,11691,11685,11593,11589,11741,11723,10989,10972,0,-682,-688,-781,-785,-633,-651,-1385,-1401,0,-5.51398192058035,-5.56306190372446,-6.31150087727417,-6.34010839926041,-5.11572293943531,-5.26110656590407,-11.1892860915795,-11.3251964727855
"Conservancy_7","Bamunu","Cheetah","Carnivore","Carnivore",,,,,,,,,,,,,,,,,,,,,,,,,,,
"Conservancy_7","Bamunu","Damara dik dik","Browser","Shrub_Browser",188521,183486,167156,182391,165843,184273,166451,172876,156041,0,-5035,-21364,-6130,-22678,-4248,-22070,-15645,-32480,0,-2.6706715198964,-11.3326341474274,-3.25165566831321,-12.0292110798293,-2.25317476841128,-11.70671820286,-8.29874250790977,-17.2289045846326
"Conservancy_7","Bamunu","Duiker","Browser","Woodland_Browser",52480,50372,46494,50023,45976,50586,46869,47415,43896,0,-2109,-5986,-2457,-6504,-1894,-5611,-5065,-8584,0,-4.0180115918187,-11.4060272822752,-4.68163102032409,-12.3939095498769,-3.60911247635887,-10.6915379770783,-9.65160771803107,-16.3571387780685
"Conservancy_7","Bamunu","Eland","Mixed","Mixed_Open",2007,1843,1947,1817,1926,1851,1948,1722,1814,0,-165,-61,-191,-82,-157,-59,-286,-193,0,-8.19794740904299,-3.01398919603111,-9.51041355968992,-4.07266551345263,-7.81202781440275,-2.95663474887824,-14.22537012095,-9.62634321425114
"Conservancy_7","Bamunu","Elephant","Mixed","Large_Mixed",286,268,269,265,266,269,269,252,251,0,-17,-17,-20,-19,-16,-17,-34,-34,0,-6.12344793628817,-5.88281254862809,-7.10800554480576,-6.79200250627911,-5.7266040894269,-5.77756507341274,-11.9483741945939,-11.991649403974
"Conservancy_7","Bamunu","Gemsbok","Mixed","Arid_Mixed",3926,3588,3789,3527,3743,3603,3769,3343,3502,0,-338,-137,-398,-182,-323,-156,-583,-424,0,-8.61570674548613,-3.49206237099438,-10.1503434610466,-4.64857899756571,-8.22918028734774,-3.98344207072747,-14.8381376349561,-10.8065770079254
"Conservancy_7","Bamunu","Giraffe","Browser","Woodland_Browser",1080,1037,957,1030,947,1041,965,976,904,0,-43,-123,-51,-134,-39,-116,-104,-177,0,-4.01801159181871,-11.4060272822752,-4.68163102032409,-12.393909549877,-3.60911247635887,-10.6915379770783,-9.65160771803108,-16.3571387780685
"Conservancy_7","Bamunu","Hartmann's zebra","Grazer","Arid_Grazer",2634,2349,2637,2301,2603,2358,2628,2181,2436,0,-286,2,-334,-32,-276,-7,-454,-199,0,-10.8487782818984,0.0839335004710487,-12.6716694508861,-1.20094682639168,-10.4751895101265,-0.247489791560192,-17.2252066481897,-7.53731400479099
"Conservancy_7","Bamunu","Hippopotamus","Grazer","Wetland_Grazer",569,540,583,539,582,542,585,511,551,0,-29,13,-31,13,-27,16,-59,-18,0,-5.07861799077366,2.36198854896575,-5.38502988331754,2.30421539556705,-4.68734898134986,2.78418091356526,-10.2887573630117,-3.2208095761292
"Conservancy_7","Bamunu","Impala","Mixed","Mixed_Open",20074,18429,19469,18165,19257,18506,19481,17219,18142,0,-1646,-605,-1909,-818,-1568,-594,-2856,-1932,0,-8.19794740904297,-3.01398919603112,-9.5104135596899,-4.07266551345263,-7.81202781440275,-2.95663474887823,-14.22537012095,-9.62634321425114
"Conservancy_7","Bamunu","Klipspringer","Browser","Rocky_Browser",61116,59590,53968,59221,53548,59846,53607,56131,50239,0,-1526,-7148,-1895,-7568,-1270,-7509,-4985,-10877,0,-2.49738093373896,-11.6964504833746,-3.10035547967187,-12.383299026272,-2.07814648288268,-12.2868786260285,-8.15711058467832,-17.798029959461
"Conservancy_7","Bamunu","Kudu","Browser","Woodland_Browser",4834,4639,4282,4607,4235,4659,4317,4367,4043,0,-194,-551,-226,-599,-174,-517,-467,-791,0,-4.01801159181869,-11.4060272822752,-4.68163102032409,-12.3939095498769,-3.60911247635886,-10.6915379770783,-9.65160771803107,-16.3571387780685
"Conservancy_7","Bamunu","Leopard","Carnivore","Carnivore",,,,,,,,,,,,,,,,,,,,,,,,,,,
"Conservancy_7","Bamunu","Ostrich","Mixed","Mixed_Open",10037,9214,9735,9083,9628,9253,9740,8609,9071,0,-823,-303,-955,-409,-784,-297,-1428,-966,0,-8.19794740904297,-3.01398919603112,-9.5104135596899,-4.07266551345263,-7.81202781440275,-2.95663474887823,-14.22537012095,-9.62634321425114
"Conservancy_7","Bamunu","Red Hartebeest","Grazer","General_Grazer",6339,5696,6473,5603,6409,5720,6483,5311,6034,0,-643,134,-736,71,-619,144,-1027,-305,0,-10.1362936286543,2.11817240553777,-11.610866752688,1.11375940553662,-9.76361510388759,2.27815970817024,-16.2089640097238,-4.81319307126073
"Conservancy_7","Bamunu","Red Lechwe","Grazer","Wetland_Grazer",9960,9454,10195,9424,10190,9493,10238,8935,9639,0,-506,235,-536,230,-467,277,-1025,-321,0,-5.07861799077366,2.36198854896575,-5.38502988331756,2.30421539556704,-4.68734898134987,2.78418091356527,-10.2887573630117,-3.22080957612921
"Conservancy_7","Bamunu","Reedbuck","Grazer","Wetland_Grazer",17707,16808,18125,16754,18115,16877,18200,15885,17137,0,-899,418,-954,408,-830,493,-1822,-570,0,-5.07861799077366,2.36198854896574,-5.38502988331756,2.30421539556705,-4.68734898134987,2.78418091356527,-10.2887573630117,-3.2208095761292
"Conservancy_7","Bamunu","Roan","Grazer","General_Grazer",3962,3560,4046,3502,4006,3575,4052,3320,3771,0,-402,84,-460,44,-387,90,-642,-191,0,-10.1362936286543,2.11817240553776,-11.610866752688,1.11375940553662,-9.76361510388758,2.27815970817023,-16.2089640097238,-4.81319307126072
"Conservancy_7","Bamunu","Sable","Grazer","General_Grazer",4754,4272,4855,4202,4807,4290,4862,3983,4525,0,-482,101,-552,53,-464,108,-771,-229,0,-10.1362936286543,2.11817240553777,-11.610866752688,1.11375940553663,-9.76361510388758,2.27815970817024,-16.2089640097238,-4.81319307126073
"Conservancy_7","Bamunu","Spotted Hyaena","Carnivore","Carnivore",,,,,,,,,,,,,,,,,,,,,,,,,,,
"Conservancy_7","Bamunu","Springbok","Grazer","Arid_Grazer",19412,17306,19428,16952,19178,17378,19364,16068,17948,0,-2106,16,-2460,-233,-2033,-48,-3344,-1463,0,-10.8487782818984,0.0839335004710532,-12.6716694508861,-1.20094682639168,-10.4751895101265,-0.247489791560191,-17.2252066481897,-7.53731400479099
"Conservancy_7","Bamunu","Steenbok","Browser","Shrub_Browser",94260,91743,83578,91195,82922,92136,83226,86438,78020,0,-2517,-10682,-3065,-11339,-2124,-11035,-7822,-16240,0,-2.6706715198964,-11.3326341474274,-3.25165566831321,-12.0292110798293,-2.25317476841128,-11.70671820286,-8.29874250790977,-17.2289045846326
"Conservancy_7","Bamunu","Vervet monkey","Omnivore","Omnivore",148484,140297,140224,139113,139070,140888,140673,131870,131668,0,-8187,-8260,-9372,-9414,-7596,-7812,-16614,-16816,0,-5.51398192058037,-5.56306190372447,-6.31150087727417,-6.34010839926041,-5.11572293943531,-5.26110656590409,-11.1892860915795,-11.3251964727855
"Conservancy_7","Bamunu","Warthog","Grazer","General_Grazer",13583,12206,13871,12006,13734,12257,13892,11381,12929,0,-1377,288,-1577,151,-1326,309,-2202,-654,0,-10.1362936286543,2.11817240553777,-11.610866752688,1.11375940553664,-9.76361510388757,2.27815970817025,-16.2089640097238,-4.81319307126072
"Conservancy_8","Mashi","Baboon","Omnivore","Omnivore",23579,22075,22075,21844,21844,22112,22094,20689,20671,0,-1504,-1504,-1735,-1735,-1467,-1485,-2891,-2908,0,-6.37802203645516,-6.37802203645516,-7.35823912370008,-7.35823912370008,-6.22084992529394,-6.29868067545546,-12.2588230639243,-12.3315579047198
"Conservancy_8","Mashi","Black rhinoceros","Browser","Shrub_Browser",892,885,819,890,819,886,817,843,772,0,-7,-73,-2,-73,-5,-75,-49,-119,0,-0.768635695949508,-8.14326270539674,-0.198586384558032,-8.13639185892166,-0.599774692257509,-8.36489804165414,-5.48115253805926,-13.3980169943648
"Conservancy_8","Mashi","Black-backed Jackal","Carnivore","Carnivore",,,,,,,,,,,,,,,,,,,,,,,,,,,
"Conservancy_8","Mashi","Black-faced Impala","Mixed","Mixed_Open",14585,13192,14100,12915,13892,13214,14066,12232,13109,0,-1393,-485,-1670,-693,-1370,-519,-2353,-1476,0,-9.54974758893971,-3.32775876589591,-11.4469188878554,-4.74977517093017,-9.39621975598929,-3.55825969541565,-16.1329009072379,-10.1202012384936
"Conservancy_8","Mashi","Blue wildebeest","Grazer","General_Grazer",2286,1873,2324,1776,2262,1876,2314,1682,2132,0,-412,39,-510,-24,-409,29,-604,-154,0,-18.0459418737311,1.70214965687716,-22.3018699836616,-1.04567507928432,-17.9084080282174,1.2572534917107,-26.4125760422939,-6.73397591895981
"Conservancy_8","Mashi","Buffalo","Grazer","General_Grazer",1006,824,1023,781,995,826,1018,740,938,0,-181,17,-224,-11,-180,13,-266,-68,0,-18.0459418737311,1.70214965687714,-22.3018699836617,-1.04567507928434,-17.9084080282174,1.25725349171068,-26.4125760422939,-6.73397591895982
"Conservancy_8","Mashi","Burchell's zebra","Grazer","General_Grazer",1571,1288,1598,1221,1555,1290,1591,1156,1465,0,-284,27,-350,-16,-281,20,-415,-106,0,-18.0459418737311,1.70214965687715,-22.3018699836617,-1.04567507928434,-17.9084080282174,1.25725349171068,-26.4125760422939,-6.73397591895982
"Conservancy_8","Mashi","Bushpig","Omnivore","Omnivore",9432,8830,8830,8738,8738,8845,8838,8275,8269,0,-602,-602,-694,-694,-587,-594,-1156,-1163,0,-6.37802203645515,-6.37802203645515,-7.35823912370009,-7.35823912370009,-6.22084992529395,-6.29868067545547,-12.2588230639243,-12.3315579047198
"Conservancy_8","Mashi","Cheetah","Carnivore","Carnivore",,,,,,,,,,,,,,,,,,,,,,,,,,,
"Conservancy_8","Mashi","Damara dik dik","Browser","Shrub_Browser",178338,176967,163815,177983,163827,177268,163420,168563,154444,0,-1371,-14523,-354,-14510,-1070,-14918,-9775,-23894,0,-0.768635695949504,-8.14326270539673,-0.198586384558029,-8.13639185892166,-0.599774692257521,-8.36489804165414,-5.48115253805927,-13.3980169943648
"Conservancy_8","Mashi","Duiker","Browser","Woodland_Browser",53899,52277,48932,52247,48647,52365,49176,49483,46204,0,-1623,-4967,-1653,-5252,-1534,-4723,-4416,-7695,0,-3.01040595728287,-9.21512316235656,-3.06619340627301,-9.74474652281955,-2.84682716809879,-8.76309904225226,-8.19293834373566,-14.2772763108862
"Conservancy_8","Mashi","Eland","Mixed","Mixed_Open",1458,1319,1410,1292,1389,1321,1407,1223,1311,0,-139,-49,-167,-69,-137,-52,-235,-148,0,-9.54974758893972,-3.32775876589591,-11.4469188878554,-4.74977517093018,-9.39621975598929,-3.55825969541566,-16.1329009072379,-10.1202012384936
"Conservancy_8","Mashi","Elephant","Mixed","Large_Mixed",228,214,215,212,213,215,215,201,201,0,-14,-13,-16,-15,-14,-13,-28,-27,0,-6.18297613298814,-5.77180395251962,-7.12675424780246,-6.68418206335871,-6.0242276882032,-5.84464901115802,-12.0408639070908,-11.8362359858483
"Conservancy_8","Mashi","Gemsbok","Mixed","Arid_Mixed",2973,2723,2907,2675,2874,2727,2888,2533,2700,0,-251,-66,-298,-100,-246,-86,-440,-274,0,-8.427973439523,-2.21433091700348,-10.0355674323784,-3.34740739827644,-8.2703882936531,-2.87610289952225,-14.7993278884548,-9.20200076196022
"Conservancy_8","Mashi","Giraffe","Browser","Woodland_Browser",1110,1076,1007,1076,1002,1078,1012,1019,951,0,-33,-102,-34,-108,-32,-97,-91,-158,0,-3.01040595728287,-9.21512316235654,-3.06619340627301,-9.74474652281954,-2.84682716809879,-8.76309904225224,-8.19293834373565,-14.2772763108862
"Conservancy_8","Mashi","Hartmann's zebra","Grazer","Arid_Grazer",1730,1495,1747,1442,1713,1498,1733,1366,1609,0,-235,16,-288,-17,-232,3,-364,-122,0,-13.5830244864181,0.94044934551919,-16.6410152301743,-1.00842663386377,-13.4341790102189,0.181908496200035,-21.0549777966517,-7.03029118626666
"Conservancy_8","Mashi","Hippopotamus","Grazer","Wetland_Grazer",182,145,180,136,175,145,180,129,165,0,-37,-1,-45,-7,-37,-1,-53,-16,0,-20.3255060758653,-0.666343642541044,-24.9851835275953,-3.82470897278228,-20.2050336290402,-0.819325615215667,-28.9464654234322,-9.07018687593872
"Conservancy_8","Mashi","Impala","Mixed","Mixed_Open",14585,13192,14100,12915,13892,13214,14066,12232,13109,0,-1393,-485,-1670,-693,-1370,-519,-2353,-1476,0,-9.54974758893971,-3.32775876589591,-11.4469188878554,-4.74977517093017,-9.39621975598929,-3.55825969541565,-16.1329009072379,-10.1202012384936
"Conservancy_8","Mashi","Klipspringer","Browser","Rocky_Browser",58311,58166,53682,58581,53755,58265,53478,55479,50604,0,-145,-4629,269,-4557,-46,-4834,-2832,-7708,0,-0.249261789363356,-7.93824932417213,0.461764885705399,-7.81440789807495,-0.0790085936325036,-8.28958221072525,-4.85664077902372,-13.2179306887492
"Conservancy_8","Mashi","Kudu","Browser","Woodland_Browser",4964,4815,4507,4812,4481,4823,4529,4558,4256,0,-149,-457,-152,-484,-141,-435,-407,-709,0,-3.01040595728287,-9.21512316235654,-3.06619340627301,-9.74474652281954,-2.84682716809879,-8.76309904225224,-8.19293834373564,-14.2772763108862
"Conservancy_8","Mashi","Leopard","Carnivore","Carnivore",,,,,,,,,,,,,,,,,,,,,,,,,,,
"Conservancy_8","Mashi","Ostrich","Mixed","Mixed_Open",7292,6596,7050,6458,6946,6607,7033,6116,6554,0,-696,-243,-835,-346,-685,-259,-1176,-738,0,-9.54974758893971,-3.32775876589591,-11.4469188878554,-4.74977517093017,-9.39621975598929,-3.55825969541565,-16.1329009072379,-10.1202012384936
"Conservancy_8","Mashi","Red Hartebeest","Grazer","General_Grazer",3352,2747,3409,2604,3317,2752,3394,2467,3126,0,-605,57,-748,-35,-600,42,-885,-226,0,-18.0459418737311,1.70214965687715,-22.3018699836617,-1.04567507928433,-17.9084080282174,1.25725349171068,-26.4125760422939,-6.73397591895981
"Conservancy_8","Mashi","Red Lechwe","Grazer","Wetland_Grazer",3178,2532,3157,2384,3056,2536,3152,2258,2889,0,-646,-21,-794,-122,-642,-26,-920,-288,0,-20.3255060758653,-0.66634364254104,-24.9851835275953,-3.82470897278227,-20.2050336290402,-0.819325615215659,-28.9464654234322,-9.07018687593873
"Conservancy_8","Mashi","Reedbuck","Grazer","Wetland_Grazer",5649,4501,5612,4238,5433,4508,5603,4014,5137,0,-1148,-38,-1411,-216,-1141,-46,-1635,-512,0,-20.3255060758653,-0.666343642541042,-24.9851835275953,-3.82470897278226,-20.2050336290402,-0.819325615215652,-28.9464654234322,-9.07018687593873
"Conservancy_8","Mashi","Roan","Grazer","General_Grazer",2095,1717,2131,1628,2073,1720,2121,1542,1954,0,-378,36,-467,-22,-375,26,-553,-141,0,-18.0459418737311,1.70214965687714,-22.3018699836617,-1.04567507928435,-17.9084080282174,1.25725349171069,-26.4125760422939,-6.73397591895983
"Conservancy_8","Mashi","Sable","Grazer","General_Grazer",2514,2060,2557,1953,2488,2064,2546,1850,2345,0,-454,43,-561,-26,-450,32,-664,-169,0,-18.0459418737311,1.70214965687714,-22.3018699836617,-1.04567507928434,-17.9084080282174,1.25725349171067,-26.4125760422939,-6.73397591895983
"Conservancy_8","Mashi","Spotted Hyaena","Carnivore","Carnivore",,,,,,,,,,,,,,,,,,,,,,,,,,,
"Conservancy_8","Mashi","Springbok","Grazer","Arid_Grazer",12749,11017,12869,10628,12621,11036,12772,10065,11853,0,-1732,120,-2122,-129,-1713,23,-2684,-896,0,-13.5830244864181,0.940449345519188,-16.6410152301743,-1.00842663386377,-13.4341790102189,0.181908496200038,-21.0549777966517,-7.03029118626665
"Conservancy_8","Mashi","Steenbok","Browser","Shrub_Browser",89169,88483,81908,88992,81914,88634,81710,84281,77222,0,-685,-7261,-177,-7255,-535,-7459,-4887,-11947,0,-0.768635695949504,-8.14326270539673,-0.198586384558029,-8.13639185892166,-0.599774692257521,-8.36489804165414,-5.48115253805927,-13.3980169943648
"Conservancy_8","Mashi","Vervet monkey","Omnivore","Omnivore",113180,105961,105961,104852,104852,106139,106051,99305,99223,0,-7219,-7219,-8328,-8328,-7041,-7129,-13874,-13957,0,-6.37802203645515,-6.37802203645515,-7.35823912370008,-7.35823912370008,-6.22084992529394,-6.29868067545547,-12.2588230639243,-12.3315579047198
"Conservancy_8","Mashi","Warthog","Grazer","General_Grazer",7183,5887,7305,5581,7108,5897,7273,5286,6699,0,-1296,122,-1602,-75,-1286,90,-1897,-484,0,-18.0459418737311,1.70214965687715,-22.3018699836617,-1.04567507928433,-17.9084080282174,1.25725349171069,-26.4125760422939,-6.73397591895982
"Conservancy_9","Ovitoto","Baboon","Omnivore","Omnivore",34970,33966,33966,32528,32528,32407,32407,29786,29786,0,-1005,-1005,-2442,-2442,-2564,-2564,-5185,-5185,0,-2.87309061193313,-2.87309061193313,-6.98419944078384,-6.98419944078384,-7.33102540517926,-7.33102540517926,-14.8259384768319,-14.8259384768319
"Conservancy_9","Ovitoto","Black rhinoceros","Browser","Shrub_Browser",1673,1630,771,1561,738,1556,736,1430,676,0,-43,-902,-112,-935,-118,-938,-244,-997,0,-2.56626350411908,-53.9249335848027,-6.69035946125188,-55.874712530367,-7.03828106029931,-56.0395417523577,-14.5568708093587,-59.594571466868
"Conservancy_9","Ovitoto","Black-backed Jackal","Carnivore","Carnivore",,,,,,,,,,,,,,,,,,,,,,,,,,,
"Conservancy_9","Ovitoto","Black-faced Impala","Mixed","Mixed_Open",21895,21195,33054,20297,31655,20222,31537,18586,28986,0,-700,11160,-1597,9760,-1673,9642,-3308,7092,0,-3.1966919446149,50.9697544338644,-7.29410363943553,44.579155909402,-7.63977407087932,44.0403834484748,-15.1097160621836,32.3901937649696
"Conservancy_9","Ovitoto","Blue wildebeest","Grazer","General_Grazer",2707,2594,8492,2484,8133,2475,8102,2275,7447,0,-113,5785,-223,5426,-232,5396,-432,4740,0,-4.17497439022202,213.742601175031,-8.2309781413061,200.460854410607,-8.57315526945438,199.341806564234,-15.9676069364444,175.129758336052
"Conservancy_9","Ovitoto","Buffalo","Grazer","General_Grazer",1191,1141,3737,1093,3578,1089,3565,1001,3277,0,-50,2546,-98,2387,-102,2374,-190,2086,0,-4.17497439022202,213.742601175031,-8.23097814130612,200.460854410607,-8.57315526945441,199.341806564234,-15.9676069364444,175.129758336052
"Conservancy_9","Ovitoto","Burchell's zebra","Grazer","General_Grazer",1861,1783,5838,1708,5591,1701,5570,1564,5120,0,-78,3978,-153,3730,-160,3710,-297,3259,0,-4.17497439022203,213.742601175031,-8.23097814130612,200.460854410607,-8.57315526945439,199.341806564234,-15.9676069364444,175.129758336052
"Conservancy_9","Ovitoto","Bushpig","Omnivore","Omnivore",13988,13586,13586,13011,13011,12963,12963,11914,11914,0,-402,-402,-977,-977,-1025,-1025,-2074,-2074,0,-2.87309061193313,-2.87309061193313,-6.98419944078384,-6.98419944078384,-7.33102540517925,-7.33102540517925,-14.8259384768319,-14.8259384768319
"Conservancy_9","Ovitoto","Cheetah","Carnivore","Carnivore",,,,,,,,,,,,,,,,,,,,,,,,,,,
"Conservancy_9","Ovitoto","Damara dik dik","Browser","Shrub_Browser",334659,326071,154194,312269,147669,311105,147118,285943,135220,0,-8588,-180465,-22390,-186990,-23554,-187541,-48716,-199439,0,-2.56626350411908,-53.9249335848027,-6.69035946125188,-55.874712530367,-7.03828106029933,-56.0395417523578,-14.5568708093587,-59.594571466868
"Conservancy_9","Ovitoto","Duiker","Browser","Woodland_Browser",81262,79189,35483,75837,33981,75554,33854,69443,31117,0,-2074,-45779,-5425,-47281,-5708,-47408,-11819,-50146,0,-2.55177681476904,-56.3353209692991,-6.67648595270686,-58.1830537989734,-7.02445928159965,-58.3392901352549,-14.5441669132115,-61.7083002158513
"Conservancy_9","Ovitoto","Eland","Mixed","Mixed_Open",2189,2119,3305,2030,3165,2022,3154,1859,2899,0,-70,1116,-160,976,-167,964,-331,709,0,-3.1966919446149,50.9697544338644,-7.29410363943553,44.579155909402,-7.63977407087931,44.0403834484748,-15.1097160621836,32.3901937649696
"Conservancy_9","Ovitoto","Elephant","Mixed","Large_Mixed",360,349,362,335,346,333,345,306,317,0,-10,2,-25,-13,-26,-15,-53,-43,0,-2.89347705757018,0.518935695168323,-7.00372298552993,-3.73577789690959,-7.35047615291456,-4.09469623059266,-14.8438160803289,-11.8513861004197
"Conservancy_9","Ovitoto","Gemsbok","Mixed","Arid_Mixed",5210,5046,7461,4833,7145,4815,7118,4425,6543,0,-164,2250,-378,1935,-396,1908,-785,1332,0,-3.14992687403205,43.1886849676745,-7.24931800272704,37.1275056567387,-7.59515542538682,36.6164722393564,-15.0687060987857,25.566780095321
"Conservancy_9","Ovitoto","Giraffe","Browser","Woodland_Browser",1673,1630,731,1561,700,1556,697,1430,641,0,-43,-943,-112,-973,-118,-976,-243,-1032,0,-2.55177681476903,-56.3353209692991,-6.67648595270685,-58.1830537989734,-7.02445928159966,-58.3392901352549,-14.5441669132115,-61.7083002158513
"Conservancy_9","Ovitoto","Hartmann's zebra","Grazer","Arid_Grazer",2718,2620,5904,2509,5654,2500,5633,2298,5178,0,-98,3186,-209,2936,-218,2915,-420,2460,0,-3.59495463231007,117.235229929235,-7.67550898798649,108.039217455379,-8.01975728171773,107.264212569298,-15.4589668607301,90.5000401409175
"Conservancy_9","Ovitoto","Hippopotamus","Grazer","Wetland_Grazer",123,116,583,112,558,111,556,102,511,0,-6,460,-11,436,-12,433,-21,388,0,-5.14330029336533,374.858815143307,-9.1583175331448,354.756055313465,-9.49703691135206,353.062637877606,-16.8167665624269,316.416580355838
"Conservancy_9","Ovitoto","Impala","Mixed","Mixed_Open",21895,21195,33054,20297,31655,20222,31537,18586,28986,0,-700,11160,-1597,9760,-1673,9642,-3308,7092,0,-3.1966919446149,50.9697544338644,-7.29410363943553,44.579155909402,-7.63977407087932,44.0403834484748,-15.1097160621836,32.3901937649696
"Conservancy_9","Ovitoto","Klipspringer","Browser","Rocky_Browser",114088,111161,52566,106455,50342,106058,50154,97481,46098,0,-2928,-61522,-7633,-63747,-8030,-63935,-16608,-67990,0,-2.56626350411911,-53.9249335848027,-6.69035946125192,-55.874712530367,-7.03828106029934,-56.0395417523578,-14.5568708093587,-59.594571466868
"Conservancy_9","Ovitoto","Kudu","Browser","Woodland_Browser",7485,7294,3268,6985,3130,6959,3118,6396,2866,0,-191,-4217,-500,-4355,-526,-4367,-1089,-4619,0,-2.55177681476903,-56.3353209692991,-6.67648595270684,-58.1830537989734,-7.02445928159966,-58.3392901352549,-14.5441669132115,-61.7083002158513
"Conservancy_9","Ovitoto","Leopard","Carnivore","Carnivore",,,,,,,,,,,,,,,,,,,,,,,,,,,
"Conservancy_9","Ovitoto","Ostrich","Mixed","Mixed_Open",10947,10597,16527,10149,15827,10111,15768,9293,14493,0,-350,5580,-799,4880,-836,4821,-1654,3546,0,-3.1966919446149,50.9697544338644,-7.29410363943553,44.579155909402,-7.63977407087932,44.0403834484748,-15.1097160621836,32.3901937649696
"Conservancy_9","Ovitoto","Red Hartebeest","Grazer","General_Grazer",3970,3804,12455,3643,11928,3630,11884,3336,10922,0,-166,8485,-327,7958,-340,7914,-634,6952,0,-4.17497439022203,213.742601175031,-8.23097814130612,200.460854410607,-8.5731552694544,199.341806564234,-15.9676069364444,175.129758336052
"Conservancy_9","Ovitoto","Red Lechwe","Grazer","Wetland_Grazer",2148,2038,10202,1952,9770,1944,9734,1787,8946,0,-111,8054,-197,7622,-204,7585,-361,6798,0,-5.14330029336534,374.858815143306,-9.1583175331448,354.756055313465,-9.49703691135207,353.062637877606,-16.8167665624269,316.416580355837
"Conservancy_9","Ovitoto","Reedbuck","Grazer","Wetland_Grazer",3819,3623,18137,3470,17369,3457,17305,3177,15905,0,-196,14318,-350,13550,-363,13485,-642,12085,0,-5.14330029336534,374.858815143307,-9.1583175331448,354.756055313465,-9.49703691135206,353.062637877606,-16.8167665624269,316.416580355838
"Conservancy_9","Ovitoto","Roan","Grazer","General_Grazer",2481,2378,7785,2277,7455,2268,7427,2085,6826,0,-104,5303,-204,4974,-213,4946,-396,4345,0,-4.17497439022203,213.742601175031,-8.23097814130613,200.460854410607,-8.57315526945441,199.341806564233,-15.9676069364444,175.129758336052
"Conservancy_9","Ovitoto","Sable","Grazer","General_Grazer",2977,2853,9341,2732,8946,2722,8913,2502,8192,0,-124,6364,-245,5969,-255,5935,-475,5214,0,-4.17497439022202,213.742601175031,-8.23097814130611,200.460854410607,-8.57315526945438,199.341806564234,-15.9676069364444,175.129758336052
"Conservancy_9","Ovitoto","Spotted Hyaena","Carnivore","Carnivore",,,,,,,,,,,,,,,,,,,,,,,,,,,
"Conservancy_9","Ovitoto","Springbok","Grazer","Arid_Grazer",20027,19307,43505,18490,41664,18421,41508,16931,38151,0,-720,23478,-1537,21637,-1606,21482,-3096,18124,0,-3.59495463231008,117.235229929235,-7.67550898798649,108.039217455379,-8.01975728171774,107.264212569298,-15.45896686073,90.5000401409175
"Conservancy_9","Ovitoto","Steenbok","Browser","Shrub_Browser",167330,163035,77097,156135,73835,155552,73559,142972,67610,0,-4294,-90232,-11195,-93495,-11777,-93771,-24358,-99719,0,-2.56626350411908,-53.9249335848027,-6.69035946125188,-55.874712530367,-7.03828106029933,-56.0395417523578,-14.5568708093587,-59.594571466868
"Conservancy_9","Ovitoto","Vervet monkey","Omnivore","Omnivore",167858,163035,163035,156135,156135,155552,155552,142972,142972,0,-4823,-4823,-11724,-11724,-12306,-12306,-24887,-24887,0,-2.87309061193313,-2.87309061193313,-6.98419944078385,-6.98419944078385,-7.33102540517926,-7.33102540517926,-14.8259384768319,-14.8259384768319
"Conservancy_9","Ovitoto","Warthog","Grazer","General_Grazer",8507,8152,26690,7807,25560,7778,25465,7149,23405,0,-355,18183,-700,17053,-729,16958,-1358,14898,0,-4.17497439022202,213.742601175031,-8.23097814130611,200.460854410607,-8.57315526945439,199.341806564234,-15.9676069364444,175.129758336052
"Conservancy_10","Salambala","Baboon","Omnivore","Omnivore",51402,48844,48206,48545,47888,49209,48423,46074,45321,0,-2558,-3196,-2857,-3515,-2194,-2980,-5328,-6082,0,-4.97672269543463,-6.21744939025809,-5.55787459828846,-6.83757926548479,-4.26753506238361,-5.79653766716064,-10.3654804658434,-11.831475774771
"Conservancy_10","Salambala","Black rhinoceros","Browser","Shrub_Browser",1523,1590,1355,1622,1360,1603,1347,1539,1274,0,67,-168,99,-164,79,-177,16,-250,0,4.39546445930837,-11.0607043123229,6.49648459595789,-10.7499418602228,5.20292524871396,-11.5991023446629,1.05130713932814,-16.397122400497
"Conservancy_10","Salambala","Black-backed Jackal","Carnivore","Carnivore",,,,,,,,,,,,,,,,,,,,,,,,,,,
"Conservancy_10","Salambala","Black-faced Impala","Mixed","Mixed_Open",32073,29203,28836,28654,28549,29423,28499,27193,26588,0,-2870,-3237,-3419,-3524,-2650,-3575,-4880,-5485,0,-8.94731840157508,-10.092219174223,-10.6607647527994,-10.9864932466513,-8.26260840647723,-11.145160308254,-15.2145126791755,-17.1007990146555
"Conservancy_10","Salambala","Blue wildebeest","Grazer","General_Grazer",6929,5875,6197,5630,6100,5917,6080,5344,5641,0,-1055,-732,-1299,-829,-1012,-849,-1585,-1288,0,-15.2192020456038,-10.55955831531,-18.7452773137268,-11.970546980862,-14.6030274732471,-12.248748949238,-22.8699921577333,-18.5925931675103
"Conservancy_10","Salambala","Buffalo","Grazer","General_Grazer",3049,2585,2727,2477,2684,2604,2675,2352,2482,0,-464,-322,-572,-365,-445,-373,-697,-567,0,-15.2192020456038,-10.55955831531,-18.7452773137268,-11.970546980862,-14.6030274732471,-12.248748949238,-22.8699921577333,-18.5925931675103
"Conservancy_10","Salambala","Burchell's zebra","Grazer","General_Grazer",4764,4039,4261,3871,4193,4068,4180,3674,3878,0,-725,-503,-893,-570,-696,-583,-1089,-886,0,-15.2192020456039,-10.55955831531,-18.7452773137268,-11.970546980862,-14.6030274732471,-12.248748949238,-22.8699921577333,-18.5925931675103
"Conservancy_10","Salambala","Bushpig","Omnivore","Omnivore",20561,19538,19283,19418,19155,19683,19369,18430,18128,0,-1023,-1278,-1143,-1406,-877,-1192,-2131,-2433,0,-4.97672269543463,-6.21744939025808,-5.55787459828844,-6.83757926548479,-4.26753506238361,-5.79653766716063,-10.3654804658434,-11.831475774771
"Conservancy_10","Salambala","Cheetah","Carnivore","Carnivore",,,,,,,,,,,,,,,,,,,,,,,,,,,
"Conservancy_10","Salambala","Damara dik dik","Browser","Shrub_Browser",304664,318055,270966,324456,271913,320515,269325,307867,254708,0,13391,-33698,19792,-32751,15851,-35338,3203,-49956,0,4.39546445930837,-11.0607043123229,6.4964845959579,-10.7499418602228,5.20292524871398,-11.5991023446628,1.05130713932816,-16.397122400497
"Conservancy_10","Salambala","Duiker","Browser","Woodland_Browser",88725,88368,87951,89047,87606,89045,90271,84501,84638,0,-358,-775,322,-1119,320,1545,-4225,-4087,0,-0.402952824028155,-0.873117148345799,0.362896210913409,-1.26124920241046,0.360620851607238,1.74172367100619,-4.76141053337901,-4.60619383097957
"Conservancy_10","Salambala","Eland","Mixed","Mixed_Open",3207,2920,2884,2865,2855,2942,2850,2719,2659,0,-287,-324,-342,-352,-265,-357,-488,-548,0,-8.94731840157507,-10.092219174223,-10.6607647527994,-10.9864932466513,-8.26260840647722,-11.145160308254,-15.2145126791755,-17.1007990146555
"Conservancy_10","Salambala","Elephant","Mixed","Large_Mixed",465,443,426,440,423,446,425,418,398,0,-22,-39,-24,-41,-19,-40,-47,-67,0,-4.74818005399871,-8.35273008504699,-5.25787102616182,-8.91457218693603,-4.02832143834769,-8.57549592055288,-10.0888687098281,-14.3859794142904
"Conservancy_10","Salambala","Gemsbok","Mixed","Arid_Mixed",6015,5568,5043,5491,5005,5611,4868,5210,4555,0,-447,-972,-524,-1010,-404,-1148,-805,-1460,0,-7.43430503004864,-16.1640586893489,-8.71260361793106,-16.7883153302515,-6.72321062580511,-19.0788019124689,-13.3796202981009,-24.2735177651296
"Conservancy_10","Salambala","Giraffe","Browser","Woodland_Browser",1827,1819,1811,1833,1804,1833,1859,1740,1743,0,-7,-16,7,-23,7,32,-87,-84,0,-0.402952824028156,-0.873117148345803,0.362896210913395,-1.26124920241046,0.360620851607227,1.74172367100619,-4.76141053337902,-4.60619383097958
"Conservancy_10","Salambala","Hartmann's zebra","Grazer","Arid_Grazer",4018,3484,3376,3366,3330,3511,3247,3194,3019,0,-534,-642,-652,-688,-507,-771,-824,-999,0,-13.2795534796604,-15.9745667960559,-16.22805401674,-17.1175211097463,-12.6231585326632,-19.1972732841187,-20.5038585824633,-24.8674719634494
"Conservancy_10","Salambala","Hippopotamus","Grazer","Wetland_Grazer",992,887,931,864,921,893,929,821,867,0,-105,-60,-128,-70,-99,-62,-171,-125,0,-10.6042568989138,-6.07987921889211,-12.8611996990434,-7.10674765490735,-9.98829521062317,-6.28497577224433,-17.2541658668656,-12.5870908301741
"Conservancy_10","Salambala","Impala","Mixed","Mixed_Open",32073,29203,28836,28654,28549,29423,28499,27193,26588,0,-2870,-3237,-3419,-3524,-2650,-3575,-4880,-5485,0,-8.94731840157508,-10.092219174223,-10.6607647527994,-10.9864932466513,-8.26260840647723,-11.145160308254,-15.2145126791755,-17.1007990146555
"Conservancy_10","Salambala","Klipspringer","Browser","Rocky_Browser",97596,103059,84687,105451,85147,103860,83551,100056,79193,0,5463,-12909,7856,-12449,6265,-14044,2460,-18403,0,5.59772291587701,-13.2271957666381,8.04908635113902,-12.7556986718339,6.41900451112067,-14.3903068974122,2.52040800233311,-18.8561394603436
"Conservancy_10","Salambala","Kudu","Browser","Woodland_Browser",8172,8139,8101,8202,8069,8202,8314,7783,7796,0,-33,-71,30,-103,29,142,-389,-376,0,-0.402952824028152,-0.873117148345797,0.3628962109134,-1.26124920241046,0.360620851607221,1.74172367100618,-4.76141053337901,-4.60619383097956
"Conservancy_10","Salambala","Leopard","Carnivore","Carnivore",,,,,,,,,,,,,,,,,,,,,,,,,,,
"Conservancy_10","Salambala","Ostrich","Mixed","Mixed_Open",16037,14602,14418,14327,14275,14712,14249,13597,13294,0,-1435,-1618,-1710,-1762,-1325,-1787,-2440,-2742,0,-8.94731840157508,-10.092219174223,-10.6607647527994,-10.9864932466513,-8.26260840647723,-11.145160308254,-15.2145126791755,-17.1007990146555
"Conservancy_10","Salambala","Red Hartebeest","Grazer","General_Grazer",10163,8616,9089,8258,8946,8679,8918,7838,8273,0,-1547,-1073,-1905,-1217,-1484,-1245,-2324,-1889,0,-15.2192020456039,-10.55955831531,-18.7452773137268,-11.970546980862,-14.6030274732471,-12.248748949238,-22.8699921577333,-18.5925931675103
"Conservancy_10","Salambala","Red Lechwe","Grazer","Wetland_Grazer",17355,15514,16300,15123,16121,15621,16264,14360,15170,0,-1840,-1055,-2232,-1233,-1733,-1091,-2994,-2184,0,-10.6042568989138,-6.0798792188921,-12.8611996990435,-7.10674765490735,-9.98829521062318,-6.28497577224434,-17.2541658668656,-12.5870908301741
"Conservancy_10","Salambala","Reedbuck","Grazer","Wetland_Grazer",30853,27581,28977,26885,28660,27771,28914,25530,26969,0,-3272,-1876,-3968,-2193,-3082,-1939,-5323,-3883,0,-10.6042568989138,-6.0798792188921,-12.8611996990435,-7.10674765490735,-9.98829521062317,-6.28497577224434,-17.2541658668656,-12.5870908301741
"Conservancy_10","Salambala","Roan","Grazer","General_Grazer",6352,5385,5681,5161,5591,5424,5574,4899,5171,0,-967,-671,-1191,-760,-928,-778,-1453,-1181,0,-15.2192020456039,-10.55955831531,-18.7452773137268,-11.970546980862,-14.6030274732471,-12.248748949238,-22.8699921577333,-18.5925931675103
"Conservancy_10","Salambala","Sable","Grazer","General_Grazer",7622,6462,6817,6193,6710,6509,6688,5879,6205,0,-1160,-805,-1429,-912,-1113,-934,-1743,-1417,0,-15.2192020456039,-10.55955831531,-18.7452773137268,-11.970546980862,-14.6030274732471,-12.248748949238,-22.8699921577333,-18.5925931675103
"Conservancy_10","Salambala","Spotted Hyaena","Carnivore","Carnivore",,,,,,,,,,,,,,,,,,,,,,,,,,,
"Conservancy_10","Salambala","Springbok","Grazer","Arid_Grazer",29607,25675,24877,24802,24539,25869,23923,23536,22244,0,-3932,-4730,-4805,-5068,-3737,-5684,-6071,-7362,0,-13.2795534796604,-15.9745667960559,-16.22805401674,-17.1175211097463,-12.6231585326632,-19.1972732841187,-20.5038585824633,-24.8674719634494
"Conservancy_10","Salambala","Steenbok","Browser","Shrub_Browser",152332,159028,135483,162228,135956,160258,134663,153933,127354,0,6696,-16849,9896,-16376,7926,-17669,1601,-24978,0,4.39546445930837,-11.0607043123229,6.4964845959579,-10.7499418602228,5.20292524871398,-11.5991023446628,1.05130713932816,-16.397122400497
"Conservancy_10","Salambala","Vervet monkey","Omnivore","Omnivore",246731,234452,231391,233018,229861,236202,232429,221156,217539,0,-12279,-15340,-13713,-16870,-10529,-14302,-25575,-29192,0,-4.97672269543463,-6.21744939025808,-5.55787459828845,-6.8375792654848,-4.26753506238361,-5.79653766716064,-10.3654804658434,-11.831475774771
"Conservancy_10","Salambala","Warthog","Grazer","General_Grazer",21777,18463,19477,17695,19170,18597,19110,16797,17728,0,-3314,-2300,-4082,-2607,-3180,-2667,-4980,-4049,0,-15.2192020456039,-10.55955831531,-18.7452773137268,-11.970546980862,-14.6030274732471,-12.248748949238,-22.8699921577333,-18.5925931675103
"Conservancy_11","Doro !nawas Area2","Baboon","Omnivore","Omnivore",21468,18561,39955,17476,38134,18003,38764,16197,35330,0,-2907,18486,-3992,16666,-3465,17296,-5271,13862,0,-13.5430519712747,86.1110790941096,-18.5944413701261,77.6301557462136,-16.1404270071071,80.5641867409386,-24.5526793854563,64.5701578328098
"Conservancy_11","Doro !nawas Area2","Black rhinoceros","Browser","Shrub_Browser",788,702,762,664,729,681,739,615,676,0,-85,-26,-124,-58,-107,-49,-172,-112,0,-10.8440609610361,-3.30791853886538,-15.7006890588849,-7.42652650771596,-13.5672859172902,-6.20989551351129,-21.8494825809519,-14.218470769836
"Conservancy_11","Doro !nawas Area2","Black-backed Jackal","Carnivore","Carnivore",,,,,,,,,,,,,,,,,,,,,,,,,,,
"Conservancy_11","Doro !nawas Area2","Black-faced Impala","Mixed","Mixed_Open",16974,14417,41027,13541,39127,13989,39807,12547,36248,0,-2557,24053,-3433,22152,-2985,22833,-4427,19274,0,-15.0636664714866,141.702658917115,-20.2270748918103,130.505625728068,-17.5860276429771,134.512035323606,-26.0801816873592,113.548642713962
"Conservancy_11","Doro !nawas Area2","Blue wildebeest","Grazer","General_Grazer",3512,2923,11114,2737,10592,2837,10784,2535,9812,0,-590,7602,-776,7080,-675,7271,-977,6300,0,-16.785224377774,216.428733854147,-22.0806339744836,201.572373885134,-19.2133647942855,207.029853217676,-27.8197551793059,179.376763055458
"Conservancy_11","Doro !nawas Area2","Buffalo","Grazer","General_Grazer",1545,1286,4890,1204,4660,1248,4745,1115,4317,0,-259,3345,-341,3115,-297,3199,-430,2772,0,-16.785224377774,216.428733854147,-22.0806339744836,201.572373885134,-19.2133647942855,207.029853217676,-27.8197551793059,179.376763055458
"Conservancy_11","Doro !nawas Area2","Burchell's zebra","Grazer","General_Grazer",2415,2009,7641,1881,7282,1951,7414,1743,6746,0,-405,5226,-533,4867,-464,4999,-672,4331,0,-16.785224377774,216.428733854147,-22.0806339744836,201.572373885134,-19.2133647942855,207.029853217676,-27.8197551793059,179.376763055458
"Conservancy_11","Doro !nawas Area2","Bushpig","Omnivore","Omnivore",8587,7424,15982,6990,15254,7201,15505,6479,14132,0,-1163,7395,-1597,6666,-1386,6918,-2108,5545,0,-13.5430519712747,86.1110790941096,-18.5944413701261,77.6301557462136,-16.1404270071071,80.5641867409386,-24.5526793854563,64.5701578328098
"Conservancy_11","Doro !nawas Area2","Cheetah","Carnivore","Carnivore",,,,,,,,,,,,,,,,,,,,,,,,,,,
"Conservancy_11","Doro !nawas Area2","Damara dik dik","Browser","Shrub_Browser",157515,140434,152305,132784,145817,136145,147734,123099,135119,0,-17081,-5210,-24731,-11698,-21371,-9782,-34416,-22396,0,-10.8440609610362,-3.30791853886537,-15.7006890588849,-7.42652650771596,-13.5672859172902,-6.2098955135113,-21.8494825809519,-14.218470769836
"Conservancy_11","Doro !nawas Area2","Duiker","Browser","Woodland_Browser",33819,29716,31964,28049,30619,28803,31002,26007,28374,0,-4103,-1855,-5770,-3200,-5016,-2817,-7812,-5445,0,-12.1321431539989,-5.48561753649429,-17.0620139714368,-9.46297830760995,-14.8306693224832,-8.32839828909142,-23.1006956666334,-16.1009724800187
"Conservancy_11","Doro !nawas Area2","Eland","Mixed","Mixed_Open",1697,1442,4103,1354,3913,1399,3981,1255,3625,0,-256,2405,-343,2215,-299,2283,-443,1927,0,-15.0636664714866,141.702658917115,-20.2270748918103,130.505625728068,-17.5860276429771,134.512035323606,-26.0801816873592,113.548642713962
"Conservancy_11","Doro !nawas Area2","Elephant","Mixed","Large_Mixed",232,202,432,190,413,196,420,176,382,0,-31,200,-42,180,-37,187,-56,150,0,-13.1323016095026,86.1025071943916,-18.1600261165154,77.6113872256152,-15.7381069877193,80.557450459117,-24.1530766989303,64.5515964004169
"Conservancy_11","Doro !nawas Area2","Gemsbok","Mixed","Arid_Mixed",4599,4030,9631,3800,9187,3910,9345,3521,8511,0,-569,5032,-799,4587,-689,4745,-1078,3911,0,-12.3796451742535,109.404283728135,-17.3742509890664,99.7387340362298,-14.9825143311405,103.175597638105,-23.4410578133496,85.0441487888742
"Conservancy_11","Doro !nawas Area2","Giraffe","Browser","Woodland_Browser",696,612,658,577,630,593,638,535,584,0,-84,-38,-119,-66,-103,-58,-161,-112,0,-12.1321431539989,-5.48561753649429,-17.0620139714368,-9.46297830760995,-14.8306693224832,-8.32839828909142,-23.1006956666334,-16.1009724800187
"Conservancy_11","Doro !nawas Area2","Hartmann's zebra","Grazer","Arid_Grazer",3312,2895,7947,2729,7577,2810,7711,2528,7020,0,-417,4636,-583,4266,-502,4400,-784,3708,0,-12.5767951297278,139.979466119838,-17.596191130212,128.803536654334,-15.1515151450353,132.849196829098,-23.6593548833653,111.965009513435
"Conservancy_11","Doro !nawas Area2","Hippopotamus","Grazer","Wetland_Grazer",197,158,760,147,724,153,737,136,671,0,-40,562,-50,526,-44,540,-61,473,0,-20.026733996385,284.908332025601,-25.5389566008948,266.741559817693,-22.3344076361265,273.479373561502,-31.0325875478379,239.746822901898
"Conservancy_11","Doro !nawas Area2","Impala","Mixed","Mixed_Open",16974,14417,41027,13541,39127,13989,39807,12547,36248,0,-2557,24053,-3433,22152,-2985,22833,-4427,19274,0,-15.0636664714866,141.702658917115,-20.2270748918103,130.505625728068,-17.5860276429771,134.512035323606,-26.0801816873592,113.548642713962
"Conservancy_11","Doro !nawas Area2","Klipspringer","Browser","Rocky_Browser",71700,66241,62973,62895,60275,64236,61088,58293,55848,0,-5459,-8727,-8805,-11425,-7464,-10612,-13407,-15851,0,-7.61349576044434,-12.1718721943006,-12.280133876843,-15.9346712074202,-10.4099609875169,-14.8002434581296,-18.6989697469941,-22.1081163346883
"Conservancy_11","Doro !nawas Area2","Kudu","Browser","Woodland_Browser",3115,2737,2944,2583,2820,2653,2855,2395,2613,0,-378,-171,-531,-295,-462,-259,-720,-502,0,-12.1321431539989,-5.4856175364943,-17.0620139714368,-9.46297830760996,-14.8306693224831,-8.32839828909144,-23.1006956666334,-16.1009724800187
"Conservancy_11","Doro !nawas Area2","Leopard","Carnivore","Carnivore",,,,,,,,,,,,,,,,,,,,,,,,,,,
"Conservancy_11","Doro !nawas Area2","Ostrich","Mixed","Mixed_Open",8487,7209,20514,6770,19563,6995,19903,6274,18124,0,-1278,12027,-1717,11076,-1493,11416,-2213,9637,0,-15.0636664714866,141.702658917115,-20.2270748918103,130.505625728068,-17.5860276429771,134.512035323606,-26.0801816873592,113.548642713962
"Conservancy_11","Doro !nawas Area2","Red Hartebeest","Grazer","General_Grazer",5151,4287,16300,4014,15535,4162,15816,3718,14392,0,-865,11149,-1137,10384,-990,10665,-1433,9240,0,-16.785224377774,216.428733854147,-22.0806339744836,201.572373885134,-19.2133647942855,207.029853217676,-27.8197551793059,179.376763055458
"Conservancy_11","Doro !nawas Area2","Red Lechwe","Grazer","Wetland_Grazer",3454,2762,13295,2572,12668,2683,12900,2382,11735,0,-692,9841,-882,9214,-771,9446,-1072,8281,0,-20.026733996385,284.908332025601,-25.5389566008948,266.741559817693,-22.3344076361265,273.479373561502,-31.0325875478379,239.746822901898
"Conservancy_11","Doro !nawas Area2","Reedbuck","Grazer","Wetland_Grazer",6141,4911,23636,4572,22520,4769,22934,4235,20863,0,-1230,17495,-1568,16380,-1371,16793,-1906,14722,0,-20.026733996385,284.908332025601,-25.5389566008948,266.741559817693,-22.3344076361265,273.479373561502,-31.0325875478379,239.746822901898
"Conservancy_11","Doro !nawas Area2","Roan","Grazer","General_Grazer",3220,2679,10188,2509,9709,2601,9885,2324,8995,0,-540,6968,-711,6490,-619,6665,-896,5775,0,-16.785224377774,216.428733854147,-22.0806339744836,201.572373885134,-19.2133647942855,207.029853217676,-27.8197551793059,179.376763055458
"Conservancy_11","Doro !nawas Area2","Sable","Grazer","General_Grazer",3863,3215,12225,3010,11651,3121,11862,2789,10794,0,-648,8362,-853,7788,-742,7999,-1075,6930,0,-16.785224377774,216.428733854147,-22.0806339744836,201.572373885134,-19.2133647942855,207.029853217676,-27.8197551793059,179.376763055458
"Conservancy_11","Doro !nawas Area2","Spotted Hyaena","Carnivore","Carnivore",,,,,,,,,,,,,,,,,,,,,,,,,,,
"Conservancy_11","Doro !nawas Area2","Springbok","Grazer","Arid_Grazer",24402,21333,58560,20108,55833,20705,56820,18629,51724,0,-3069,34158,-4294,31431,-3697,32418,-5773,27322,0,-12.5767951297278,139.979466119839,-17.596191130212,128.803536654334,-15.1515151450353,132.849196829098,-23.6593548833653,111.965009513435
"Conservancy_11","Doro !nawas Area2","Steenbok","Browser","Shrub_Browser",78758,70217,76152,66392,72909,68072,73867,61550,67560,0,-8541,-2605,-12365,-5849,-10685,-4891,-17208,-11198,0,-10.8440609610362,-3.30791853886537,-15.7006890588849,-7.42652650771596,-13.5672859172902,-6.2098955135113,-21.8494825809519,-14.218470769836
"Conservancy_11","Doro !nawas Area2","Vervet monkey","Omnivore","Omnivore",103047,89091,191782,83886,183042,86415,186066,77746,169585,0,-13956,88735,-19161,79995,-16632,83019,-25301,66538,0,-13.5430519712747,86.1110790941095,-18.5944413701262,77.6301557462136,-16.140427007107,80.5641867409386,-24.5526793854563,64.5701578328098
"Conservancy_11","Doro !nawas Area2","Warthog","Grazer","General_Grazer",11038,9186,34929,8601,33289,8918,33891,7968,30839,0,-1853,23890,-2437,22251,-2121,22853,-3071,19800,0,-16.785224377774,216.428733854147,-22.0806339744836,201.572373885134,-19.2133647942855,207.029853217676,-27.8197551793059,179.376763055458
"Conservancy_12","Doro !nawas/Uibasen Twyfelfontein/Sorris Sorri JMA","Baboon","Omnivore","Omnivore",866,399,3452,358,3282,389,3369,331,3036,0,-467,2586,-508,2416,-477,2503,-535,2170,0,-53.9442936424143,298.546767473898,-58.6438625538162,278.848913606599,-55.0558005458662,288.954546788381,-61.7424563414786,250.472747725763
"Conservancy_12","Doro !nawas/Uibasen Twyfelfontein/Sorris Sorri JMA","Black rhinoceros","Browser","Shrub_Browser",33,19,56,17,53,18,54,16,49,0,-14,22,-16,20,-15,21,-17,16,0,-43.3569656135653,67.3565830055007,-48.1532825160794,59.2011290144798,-44.7225959783628,63.3289675817632,-52.0378792561742,47.2758894260946
"Conservancy_12","Doro !nawas/Uibasen Twyfelfontein/Sorris Sorri JMA","Black-backed Jackal","Carnivore","Carnivore",,,,,,,,,,,,,,,,,,,,,,,,,,,
"Conservancy_12","Doro !nawas/Uibasen Twyfelfontein/Sorris Sorri JMA","Black-faced Impala","Mixed","Mixed_Open",691,290,3698,258,3515,283,3609,239,3252,0,-401,3007,-433,2823,-408,2918,-453,2560,0,-58.0609476638421,434.920749686252,-62.6892348053158,408.4214985995,-59.0736213007429,422.046111279034,-65.4847305257665,370.340697922336
"Conservancy_12","Doro !nawas/Uibasen Twyfelfontein/Sorris Sorri JMA","Blue wildebeest","Grazer","General_Grazer",155,66,1041,59,989,64,1016,54,915,0,-90,885,-97,834,-91,860,-101,760,0,-57.7536400371827,569.680139025557,-62.2822764776867,536.474834346922,-58.7736203329491,553.561985994593,-65.1082634050948,488.803069659889
"Conservancy_12","Doro !nawas/Uibasen Twyfelfontein/Sorris Sorri JMA","Buffalo","Grazer","General_Grazer",68,29,458,26,435,28,447,24,403,0,-39,390,-43,367,-40,379,-45,334,0,-57.7536400371827,569.680139025557,-62.2822764776867,536.474834346922,-58.7736203329491,553.561985994593,-65.1082634050948,488.803069659889
"Conservancy_12","Doro !nawas/Uibasen Twyfelfontein/Sorris Sorri JMA","Burchell's zebra","Grazer","General_Grazer",107,45,716,40,680,44,698,37,629,0,-62,609,-67,573,-63,591,-70,522,0,-57.7536400371827,569.680139025557,-62.2822764776867,536.474834346922,-58.7736203329491,553.561985994593,-65.1082634050948,488.803069659889
"Conservancy_12","Doro !nawas/Uibasen Twyfelfontein/Sorris Sorri JMA","Bushpig","Omnivore","Omnivore",346,160,1381,143,1313,156,1348,133,1214,0,-187,1034,-203,966,-191,1001,-214,868,0,-53.9442936424144,298.546767473898,-58.6438625538162,278.848913606599,-55.0558005458662,288.954546788381,-61.7424563414786,250.472747725763
"Conservancy_12","Doro !nawas/Uibasen Twyfelfontein/Sorris Sorri JMA","Cheetah","Carnivore","Carnivore",,,,,,,,,,,,,,,,,,,,,,,,,,,
"Conservancy_12","Doro !nawas/Uibasen Twyfelfontein/Sorris Sorri JMA","Damara dik dik","Browser","Shrub_Browser",6633,3757,11101,3439,10560,3667,10834,3181,9769,0,-2876,4468,-3194,3927,-2967,4201,-3452,3136,0,-43.3569656135653,67.3565830055008,-48.1532825160794,59.2011290144797,-44.7225959783628,63.3289675817631,-52.0378792561743,47.2758894260946
"Conservancy_12","Doro !nawas/Uibasen Twyfelfontein/Sorris Sorri JMA","Duiker","Browser","Woodland_Browser",997,295,2052,246,1951,288,2003,227,1805,0,-702,1055,-752,954,-709,1006,-770,808,0,-70.4161135217582,105.826802510698,-75.3652394259741,95.6650025221919,-71.1325253042197,100.872995093476,-77.2109900397629,81.0094095166872
"Conservancy_12","Doro !nawas/Uibasen Twyfelfontein/Sorris Sorri JMA","Eland","Mixed","Mixed_Open",69,29,370,26,351,28,361,24,325,0,-40,301,-43,282,-41,292,-45,256,0,-58.060947663842,434.920749686252,-62.6892348053158,408.4214985995,-59.0736213007429,422.046111279034,-65.4847305257665,370.340697922336
"Conservancy_12","Doro !nawas/Uibasen Twyfelfontein/Sorris Sorri JMA","Elephant","Mixed","Large_Mixed",10,5,38,5,36,5,37,5,33,0,-5,28,-5,26,-5,27,-6,23,0,-47.4772920410105,269.087384325172,-52.1550173304497,250.877653769204,-48.7439689119414,260.204280889064,-55.7397855226824,224.59631032741
"Conservancy_12","Doro !nawas/Uibasen Twyfelfontein/Sorris Sorri JMA","Gemsbok","Mixed","Arid_Mixed",264,176,896,164,852,172,874,151,788,0,-88,632,-100,588,-92,611,-112,524,0,-33.317269321838,239.634428358906,-37.9217809014455,222.938557401242,-34.9236861530138,231.460359706769,-42.5729692359033,198.749421965477
"Conservancy_12","Doro !nawas/Uibasen Twyfelfontein/Sorris Sorri JMA","Giraffe","Browser","Woodland_Browser",21,6,42,5,40,6,41,5,37,0,-14,22,-15,20,-15,21,-16,17,0,-70.4161135217582,105.826802510698,-75.3652394259741,95.6650025221919,-71.1325253042197,100.872995093476,-77.2109900397629,81.0094095166872
"Conservancy_12","Doro !nawas/Uibasen Twyfelfontein/Sorris Sorri JMA","Hartmann's zebra","Grazer","Arid_Grazer",210,148,761,138,724,144,743,128,669,0,-63,550,-72,513,-66,532,-83,459,0,-29.7755292876453,261.565678109136,-34.3405094664627,243.7902652146,-31.4669083226069,252.863780474688,-39.2600232806588,218.039281203279
"Conservancy_12","Doro !nawas/Uibasen Twyfelfontein/Sorris Sorri JMA","Hippopotamus","Grazer","Wetland_Grazer",6,0,71,0,67,0,69,0,62,0,-6,65,-6,61,-6,63,-6,56,0,-95.5486563256859,1024.83788766007,-100,968.850966485285,-95.6616396542136,997.76420897023,-100,888.796045993157
"Conservancy_12","Doro !nawas/Uibasen Twyfelfontein/Sorris Sorri JMA","Impala","Mixed","Mixed_Open",691,290,3698,258,3515,283,3609,239,3252,0,-401,3007,-433,2823,-408,2918,-453,2560,0,-58.0609476638421,434.920749686252,-62.6892348053158,408.4214985995,-59.0736213007429,422.046111279034,-65.4847305257665,370.340697922336
"Conservancy_12","Doro !nawas/Uibasen Twyfelfontein/Sorris Sorri JMA","Klipspringer","Browser","Rocky_Browser",5020,4142,5602,3908,5336,4043,5467,3615,4936,0,-878,582,-1112,316,-978,447,-1405,-84,0,-17.4860709765042,11.588706130601,-22.1500404557338,6.29649330016083,-19.4724200013583,8.90360805895837,-27.9829207948983,-1.66697873935376
"Conservancy_12","Doro !nawas/Uibasen Twyfelfontein/Sorris Sorri JMA","Kudu","Browser","Woodland_Browser",92,27,189,23,180,27,184,21,166,0,-65,97,-69,88,-65,93,-71,74,0,-70.4161135217582,105.826802510698,-75.3652394259741,95.6650025221919,-71.1325253042197,100.872995093477,-77.2109900397629,81.0094095166872
"Conservancy_12","Doro !nawas/Uibasen Twyfelfontein/Sorris Sorri JMA","Leopard","Carnivore","Carnivore",,,,,,,,,,,,,,,,,,,,,,,,,,,
"Conservancy_12","Doro !nawas/Uibasen Twyfelfontein/Sorris Sorri JMA","Ostrich","Mixed","Mixed_Open",346,145,1849,129,1757,141,1804,119,1626,0,-201,1503,-217,1412,-204,1459,-226,1280,0,-58.0609476638421,434.920749686252,-62.6892348053158,408.4214985995,-59.0736213007429,422.046111279034,-65.4847305257665,370.340697922336
"Conservancy_12","Doro !nawas/Uibasen Twyfelfontein/Sorris Sorri JMA","Red Hartebeest","Grazer","General_Grazer",228,96,1527,86,1451,94,1490,80,1342,0,-132,1299,-142,1223,-134,1262,-148,1114,0,-57.7536400371827,569.680139025557,-62.2822764776867,536.474834346922,-58.7736203329491,553.561985994593,-65.1082634050948,488.803069659889
"Conservancy_12","Doro !nawas/Uibasen Twyfelfontein/Sorris Sorri JMA","Red Lechwe","Grazer","Wetland_Grazer",110,5,1240,0,1178,5,1210,0,1090,0,-105,1130,-110,1068,-105,1100,-110,980,0,-95.5486563256859,1024.83788766007,-100,968.850966485284,-95.6616396542136,997.76420897023,-100,888.796045993157
"Conservancy_12","Doro !nawas/Uibasen Twyfelfontein/Sorris Sorri JMA","Reedbuck","Grazer","Wetland_Grazer",196,9,2204,0,2094,9,2151,0,1938,0,-187,2008,-196,1898,-187,1955,-196,1742,0,-95.5486563256859,1024.83788766007,-100,968.850966485284,-95.6616396542136,997.76420897023,-100,888.796045993157
"Conservancy_12","Doro !nawas/Uibasen Twyfelfontein/Sorris Sorri JMA","Roan","Grazer","General_Grazer",142,60,954,54,907,59,931,50,839,0,-82,812,-89,764,-84,789,-93,696,0,-57.7536400371827,569.680139025557,-62.2822764776867,536.474834346922,-58.7736203329491,553.561985994593,-65.1082634050948,488.803069659889
"Conservancy_12","Doro !nawas/Uibasen Twyfelfontein/Sorris Sorri JMA","Sable","Grazer","General_Grazer",171,72,1145,64,1088,70,1117,60,1007,0,-99,974,-106,917,-100,946,-111,836,0,-57.7536400371827,569.680139025557,-62.2822764776867,536.474834346922,-58.7736203329491,553.561985994593,-65.1082634050948,488.803069659889
"Conservancy_12","Doro !nawas/Uibasen Twyfelfontein/Sorris Sorri JMA","Spotted Hyaena","Carnivore","Carnivore",,,,,,,,,,,,,,,,,,,,,,,,,,,
"Conservancy_12","Doro !nawas/Uibasen Twyfelfontein/Sorris Sorri JMA","Springbok","Grazer","Arid_Grazer",1551,1089,5607,1018,5331,1063,5472,942,4932,0,-462,4056,-533,3780,-488,3921,-609,3381,0,-29.7755292876453,261.565678109136,-34.3405094664627,243.7902652146,-31.4669083226069,252.863780474688,-39.2600232806588,218.039281203279
"Conservancy_12","Doro !nawas/Uibasen Twyfelfontein/Sorris Sorri JMA","Steenbok","Browser","Shrub_Browser",3317,1879,5551,1720,5280,1833,5417,1591,4885,0,-1438,2234,-1597,1963,-1483,2100,-1726,1568,0,-43.3569656135653,67.3565830055008,-48.1532825160794,59.2011290144797,-44.7225959783628,63.3289675817631,-52.0378792561743,47.2758894260946
"Conservancy_12","Doro !nawas/Uibasen Twyfelfontein/Sorris Sorri JMA","Vervet monkey","Omnivore","Omnivore",4158,1915,16571,1720,15752,1869,16173,1591,14573,0,-2243,12413,-2438,11594,-2289,12015,-2567,10415,0,-53.9442936424143,298.546767473898,-58.6438625538162,278.848913606599,-55.0558005458662,288.954546788381,-61.7424563414786,250.472747725763
"Conservancy_12","Doro !nawas/Uibasen Twyfelfontein/Sorris Sorri JMA","Warthog","Grazer","General_Grazer",488,206,3271,184,3109,201,3192,170,2876,0,-282,2783,-304,2621,-287,2704,-318,2388,0,-57.7536400371827,569.680139025557,-62.2822764776867,536.474834346922,-58.7736203329491,553.561985994593,-65.1082634050948,488.803069659889
"Conservancy_13","Kwandu","Baboon","Omnivore","Omnivore",10471,9779,9661,9683,9651,9815,9636,9176,9006,0,-692,-810,-788,-820,-656,-836,-1295,-1465,0,-6.60912873292043,-7.7339230428017,-7.52652097041309,-7.83089153350616,-6.26418914133639,-7.97963794675966,-12.3678040685928,-13.9933119880245
"Conservancy_13","Kwandu","Black rhinoceros","Browser","Shrub_Browser",355,349,315,354,326,350,304,335,291,0,-6,-40,-1,-29,-5,-51,-20,-64,0,-1.7048157004602,-11.3004163191159,-0.29308563683561,-8.1389495632158,-1.3400967935767,-14.3170655576112,-5.51683269007894,-18.1005079879024
"Conservancy_13","Kwandu","Black-backed Jackal","Carnivore","Carnivore",,,,,,,,,,,,,,,,,,,,,,,,,,,
"Conservancy_13","Kwandu","Black-faced Impala","Mixed","Mixed_Open",7045,6367,6169,6238,6441,6391,6008,5911,5563,0,-678,-875,-807,-604,-654,-1037,-1134,-1482,0,-9.61969257302333,-12.4273105313701,-11.4580607178558,-8.56766497187491,-9.28142076235713,-14.715936481303,-16.0916288658387,-21.0415836169046
"Conservancy_13","Kwandu","Blue wildebeest","Grazer","General_Grazer",1358,1171,1166,1120,1246,1175,1127,1061,1022,0,-188,-193,-239,-112,-183,-231,-297,-336,0,-13.8114612219672,-14.1810719185646,-17.5890588168475,-8.27435284188591,-13.4895332575322,-17.0259938617123,-21.8987259261163,-24.734870019082
"Conservancy_13","Kwandu","Buffalo","Grazer","General_Grazer",598,515,513,493,548,517,496,467,450,0,-83,-85,-105,-49,-81,-102,-131,-148,0,-13.8114612219672,-14.1810719185645,-17.5890588168475,-8.27435284188591,-13.4895332575322,-17.0259938617123,-21.8987259261163,-24.734870019082
"Conservancy_13","Kwandu","Burchell's zebra","Grazer","General_Grazer",934,805,802,770,857,808,775,729,703,0,-129,-132,-164,-77,-126,-159,-205,-231,0,-13.8114612219672,-14.1810719185646,-17.5890588168475,-8.27435284188591,-13.4895332575322,-17.0259938617123,-21.8987259261163,-24.734870019082
"Conservancy_13","Kwandu","Bushpig","Omnivore","Omnivore",4188,3912,3865,3873,3860,3926,3854,3670,3602,0,-277,-324,-315,-328,-262,-334,-518,-586,0,-6.60912873292043,-7.7339230428017,-7.52652097041309,-7.83089153350617,-6.2641891413364,-7.97963794675967,-12.3678040685929,-13.9933119880245
"Conservancy_13","Kwandu","Cheetah","Carnivore","Carnivore",,,,,,,,,,,,,,,,,,,,,,,,,,,
"Conservancy_13","Kwandu","Damara dik dik","Browser","Shrub_Browser",70996,69786,62973,70788,65218,70045,60832,67080,58146,0,-1210,-8023,-208,-5778,-951,-10165,-3917,-12851,0,-1.70481570046023,-11.300416319116,-0.293085636835626,-8.13894956321581,-1.34009679357672,-14.3170655576112,-5.51683269007896,-18.1005079879024
"Conservancy_13","Kwandu","Duiker","Browser","Woodland_Browser",20172,19302,19704,19344,18505,19374,20286,18331,19144,0,-870,-468,-828,-1667,-798,114,-1841,-1028,0,-4.31121761152558,-2.31847206411495,-4.10408175547333,-8.26280295466932,-3.95666930531995,0.565922293064851,-9.12586614877824,-5.09732965567287
"Conservancy_13","Kwandu","Eland","Mixed","Mixed_Open",704,637,617,624,644,639,601,591,556,0,-68,-88,-81,-60,-65,-104,-113,-148,0,-9.61969257302333,-12.4273105313701,-11.4580607178558,-8.56766497187491,-9.28142076235712,-14.715936481303,-16.0916288658387,-21.0415836169046
"Conservancy_13","Kwandu","Elephant","Mixed","Large_Mixed",101,94,91,94,93,95,90,89,84,0,-7,-10,-8,-8,-7,-12,-13,-17,0,-6.86053130406847,-10.0470905882911,-7.66278844715621,-8.26233317834333,-6.51409329307562,-11.4569480598535,-12.4969008296465,-17.1662324044753
"Conservancy_13","Kwandu","Gemsbok","Mixed","Arid_Mixed",1455,1324,1200,1305,1324,1329,1124,1236,1045,0,-132,-255,-151,-132,-127,-331,-219,-410,0,-9.04742909617805,-17.5294453653517,-10.3508899882513,-9.04872878923956,-8.70406450002356,-22.7760794294312,-15.0431602378678,-28.1806347857253
"Conservancy_13","Kwandu","Giraffe","Browser","Woodland_Browser",415,397,406,398,381,399,418,377,394,0,-18,-10,-17,-34,-16,2,-38,-21,0,-4.31121761152559,-2.31847206411495,-4.10408175547333,-8.26280295466932,-3.95666930531994,0.565922293064861,-9.12586614877824,-5.09732965567287
"Conservancy_13","Kwandu","Hartmann's zebra","Grazer","Arid_Grazer",943,825,769,800,856,828,720,758,659,0,-117,-173,-143,-87,-114,-222,-185,-283,0,-12.4581999986336,-18.3983630533934,-15.1643847536426,-9.21725357114575,-12.1262831033298,-23.5711540485145,-19.6022432200632,-30.033894985534
"Conservancy_13","Kwandu","Hippopotamus","Grazer","Wetland_Grazer",130,118,121,113,124,118,120,107,109,0,-12,-9,-17,-6,-12,-10,-23,-21,0,-9.49220007288891,-7.05850423818656,-13.0940793637803,-4.67693316044614,-9.17294289035179,-7.91108234094378,-17.6417475274568,-16.0217219042067
"Conservancy_13","Kwandu","Impala","Mixed","Mixed_Open",7045,6367,6169,6238,6441,6391,6008,5911,5563,0,-678,-875,-807,-604,-654,-1037,-1134,-1482,0,-9.61969257302333,-12.4273105313701,-11.4580607178558,-8.56766497187491,-9.28142076235713,-14.715936481303,-16.0916288658387,-21.0415836169046
"Conservancy_13","Kwandu","Klipspringer","Browser","Rocky_Browser",23311,23014,20263,23404,21389,23100,19306,22178,18513,0,-297,-3048,93,-1922,-211,-4005,-1133,-4798,0,-1.27315496378377,-13.073378643236,0.39852076846683,-8.24486483311044,-0.906188936476527,-17.1820266315787,-4.86186851881152,-20.5824432828532
"Conservancy_13","Kwandu","Kudu","Browser","Woodland_Browser",1858,1778,1815,1782,1704,1784,1868,1688,1763,0,-80,-43,-76,-154,-74,11,-170,-95,0,-4.31121761152558,-2.31847206411494,-4.10408175547332,-8.26280295466932,-3.95666930531993,0.565922293064867,-9.12586614877823,-5.09732965567286
"Conservancy_13","Kwandu","Leopard","Carnivore","Carnivore",,,,,,,,,,,,,,,,,,,,,,,,,,,
"Conservancy_13","Kwandu","Ostrich","Mixed","Mixed_Open",3522,3184,3085,3119,3221,3196,3004,2956,2781,0,-339,-438,-404,-302,-327,-518,-567,-741,0,-9.61969257302333,-12.4273105313701,-11.4580607178558,-8.56766497187491,-9.28142076235713,-14.715936481303,-16.0916288658387,-21.0415836169046
"Conservancy_13","Kwandu","Red Hartebeest","Grazer","General_Grazer",1992,1717,1710,1642,1828,1724,1653,1556,1500,0,-275,-283,-350,-165,-269,-339,-436,-493,0,-13.8114612219672,-14.1810719185646,-17.5890588168475,-8.27435284188591,-13.4895332575322,-17.0259938617123,-21.8987259261163,-24.734870019082
"Conservancy_13","Kwandu","Red Lechwe","Grazer","Wetland_Grazer",2282,2065,2121,1983,2175,2072,2101,1879,1916,0,-217,-161,-299,-107,-209,-181,-403,-366,0,-9.49220007288893,-7.05850423818658,-13.0940793637804,-4.67693316044614,-9.17294289035179,-7.9110823409438,-17.6417475274568,-16.0217219042067
"Conservancy_13","Kwandu","Reedbuck","Grazer","Wetland_Grazer",4056,3671,3770,3525,3867,3684,3735,3341,3406,0,-385,-286,-531,-190,-372,-321,-716,-650,0,-9.49220007288892,-7.05850423818657,-13.0940793637804,-4.67693316044614,-9.17294289035178,-7.91108234094379,-17.6417475274568,-16.0217219042067
"Conservancy_13","Kwandu","Roan","Grazer","General_Grazer",1245,1073,1069,1026,1142,1077,1033,973,937,0,-172,-177,-219,-103,-168,-212,-273,-308,0,-13.8114612219672,-14.1810719185646,-17.5890588168475,-8.27435284188591,-13.4895332575322,-17.0259938617123,-21.8987259261163,-24.734870019082
"Conservancy_13","Kwandu","Sable","Grazer","General_Grazer",1494,1288,1282,1231,1371,1293,1240,1167,1125,0,-206,-212,-263,-124,-202,-254,-327,-370,0,-13.8114612219672,-14.1810719185646,-17.5890588168475,-8.27435284188591,-13.4895332575322,-17.0259938617123,-21.8987259261163,-24.734870019082
"Conservancy_13","Kwandu","Spotted Hyaena","Carnivore","Carnivore",,,,,,,,,,,,,,,,,,,,,,,,,,,
"Conservancy_13","Kwandu","Springbok","Grazer","Arid_Grazer",6945,6080,5668,5892,6305,6103,5308,5584,4859,0,-865,-1278,-1053,-640,-842,-1637,-1361,-2086,0,-12.4581999986336,-18.3983630533934,-15.1643847536426,-9.21725357114574,-12.1262831033298,-23.5711540485145,-19.6022432200632,-30.033894985534
"Conservancy_13","Kwandu","Steenbok","Browser","Shrub_Browser",35498,34893,31487,35394,32609,35022,30416,33540,29073,0,-605,-4011,-104,-2889,-476,-5082,-1958,-6425,0,-1.70481570046023,-11.300416319116,-0.293085636835626,-8.13894956321581,-1.34009679357672,-14.3170655576112,-5.51683269007896,-18.1005079879024
"Conservancy_13","Kwandu","Vervet monkey","Omnivore","Omnivore",50262,46940,46375,46479,46326,47113,46251,44046,43229,0,-3322,-3887,-3783,-3936,-3148,-4011,-6216,-7033,0,-6.60912873292042,-7.73392304280169,-7.52652097041308,-7.83089153350615,-6.26418914133639,-7.97963794675966,-12.3678040685928,-13.9933119880244
"Conservancy_13","Kwandu","Warthog","Grazer","General_Grazer",4269,3680,3664,3519,3916,3694,3543,3335,3213,0,-590,-605,-751,-353,-576,-727,-935,-1056,0,-13.8114612219672,-14.1810719185646,-17.5890588168475,-8.27435284188591,-13.4895332575322,-17.0259938617123,-21.8987259261163,-24.734870019082
"Conservancy_14","Orupembe","Baboon","Omnivore","Omnivore",37788,35053,103660,32579,97637,34225,101415,31445,94096,0,-2735,65872,-5209,59849,-3564,63627,-6343,56308,0,-7.23900876137401,174.31851551914,-13.7837660545373,158.380190433806,-9.43021664693463,168.379115771531,-16.7869745612037,149.010006968687
"Conservancy_14","Orupembe","Black rhinoceros","Browser","Shrub_Browser",1761,1670,1954,1555,1833,1630,1911,1501,1767,0,-91,193,-206,72,-131,150,-260,6,0,-5.19398112010703,10.9803263491894,-11.6846615632199,4.0741861001386,-7.43299641942672,8.52678332198445,-14.7586595008172,0.334876106061416
"Conservancy_14","Orupembe","Black-backed Jackal","Carnivore","Carnivore",,,,,,,,,,,,,,,,,,,,,,,,,,,
"Conservancy_14","Orupembe","Black-faced Impala","Mixed","Mixed_Open",25003,22776,106806,21135,100715,22240,104506,20396,97054,0,-2227,81804,-3868,75712,-2763,79504,-4606,72051,0,-8.90699301198868,327.17853534731,-15.4705895686017,302.816693142845,-11.0506693801476,317.980446684212,-18.423243767387,288.173332731951
"Conservancy_14","Orupembe","Blue wildebeest","Grazer","General_Grazer",3879,3424,29043,3171,27414,3345,28421,3059,26415,0,-455,25164,-708,23534,-534,24541,-820,22536,0,-11.7370251431996,648.628917906202,-18.2526837360918,606.633822537795,-13.7730551889075,632.587892748034,-21.1422800407945,580.891747602522
"Conservancy_14","Orupembe","Buffalo","Grazer","General_Grazer",1707,1507,12779,1395,12062,1472,12505,1346,11623,0,-200,11072,-312,10355,-235,10798,-361,9916,0,-11.7370251431996,648.628917906202,-18.2526837360918,606.633822537795,-13.7730551889076,632.587892748034,-21.1422800407945,580.891747602522
"Conservancy_14","Orupembe","Burchell's zebra","Grazer","General_Grazer",2667,2354,19967,2180,18847,2300,19539,2103,18160,0,-313,17300,-487,16180,-367,16872,-564,15493,0,-11.7370251431996,648.628917906202,-18.2526837360918,606.633822537795,-13.7730551889075,632.587892748034,-21.1422800407945,580.891747602522
"Conservancy_14","Orupembe","Bushpig","Omnivore","Omnivore",15115,14021,41464,13032,39055,13690,40566,12578,37638,0,-1094,26349,-2083,23940,-1425,25451,-2537,22523,0,-7.23900876137402,174.31851551914,-13.7837660545373,158.380190433806,-9.43021664693464,168.379115771531,-16.7869745612037,149.010006968687
"Conservancy_14","Orupembe","Cheetah","Carnivore","Carnivore",,,,,,,,,,,,,,,,,,,,,,,,,,,
"Conservancy_14","Orupembe","Damara dik dik","Browser","Shrub_Browser",352216,333922,390890,311061,366566,326036,382248,300233,353395,0,-18294,38674,-41155,14350,-26180,30033,-51982,1179,0,-5.19398112010702,10.9803263491894,-11.6846615632198,4.0741861001386,-7.43299641942673,8.52678332198445,-14.7586595008172,0.334876106061415
"Conservancy_14","Orupembe","Duiker","Browser","Woodland_Browser",73504,68644,80658,63737,75507,66986,78859,61544,72805,0,-4860,7155,-9767,2004,-6518,5355,-11959,-698,0,-6.61201223571874,9.73365082884813,-13.2875303313232,2.72587450906332,-8.86766719262407,7.286015080347,-16.270553080921,-0.949903651458936
"Conservancy_14","Orupembe","Eland","Mixed","Mixed_Open",2500,2278,10681,2113,10072,2224,10451,2040,9705,0,-223,8180,-387,7571,-276,7950,-461,7205,0,-8.9069930119887,327.17853534731,-15.4705895686017,302.816693142845,-11.0506693801476,317.980446684212,-18.423243767387,288.173332731951
"Conservancy_14","Orupembe","Elephant","Mixed","Large_Mixed",414,387,1125,360,1060,378,1100,347,1021,0,-28,710,-54,645,-37,686,-67,607,0,-6.67384598725511,171.506816518844,-13.149192683825,155.78702566498,-8.85986069221367,165.635073608085,-16.1874494017883,146.506173787659
"Conservancy_14","Orupembe","Gemsbok","Mixed","Arid_Mixed",7996,7573,25270,7074,23835,7401,24727,6823,22968,0,-423,17274,-922,15839,-595,16731,-1173,14972,0,-5.29025099874841,216.025095259769,-11.5295301043748,198.074493657569,-7.44120161278611,209.231295560389,-14.6723937481161,187.23110350754
"Conservancy_14","Orupembe","Giraffe","Browser","Woodland_Browser",1513,1413,1661,1312,1555,1379,1624,1267,1499,0,-100,147,-201,41,-134,110,-246,-14,0,-6.61201223571874,9.73365082884814,-13.2875303313232,2.72587450906332,-8.86766719262408,7.28601508034699,-16.270553080921,-0.949903651458942
"Conservancy_14","Orupembe","Hartmann's zebra","Grazer","Arid_Grazer",5351,5083,20923,4756,19749,4969,20475,4585,19029,0,-268,15573,-595,14398,-381,15124,-765,13679,0,-5.0077293146141,291.049842048846,-11.1139638897041,269.095938490493,-7.12285047146589,282.67255396454,-14.3023082485872,255.648649130796
"Conservancy_14","Orupembe","Hippopotamus","Grazer","Wetland_Grazer",133,101,1980,92,1869,99,1938,89,1801,0,-32,1847,-42,1736,-35,1804,-45,1668,0,-24.0386492312773,1384.65194687665,-31.1968083233464,1301.58943048747,-25.8942906222631,1352.85863855894,-33.5703957606522,1250.51816171776
"Conservancy_14","Orupembe","Impala","Mixed","Mixed_Open",25003,22776,106806,21135,100715,22240,104506,20396,97054,0,-2227,81804,-3868,75712,-2763,79504,-4606,72051,0,-8.90699301198868,327.17853534731,-15.4705895686017,302.816693142845,-11.0506693801476,317.980446684212,-18.423243767387,288.173332731951
"Conservancy_14","Orupembe","Klipspringer","Browser","Rocky_Browser",175356,171478,167440,160737,157414,167599,163788,155023,151724,0,-3878,-7916,-14619,-17942,-7757,-11568,-20333,-23632,0,-2.2115552455706,-4.51404605950324,-8.33679341095885,-10.2316201008507,-4.42345112065665,-6.5966597836309,-11.5955043497265,-13.476759757088
"Conservancy_14","Orupembe","Kudu","Browser","Woodland_Browser",6770,6322,7429,5870,6955,6170,7263,5669,6706,0,-448,659,-900,185,-600,493,-1102,-64,0,-6.61201223571874,9.73365082884814,-13.2875303313232,2.72587450906333,-8.86766719262408,7.28601508034699,-16.270553080921,-0.949903651458939
"Conservancy_14","Orupembe","Leopard","Carnivore","Carnivore",,,,,,,,,,,,,,,,,,,,,,,,,,,
"Conservancy_14","Orupembe","Ostrich","Mixed","Mixed_Open",12501,11388,53403,10567,50358,11120,52253,10198,48527,0,-1113,40902,-1934,37856,-1381,39752,-2303,36026,0,-8.90699301198868,327.17853534731,-15.4705895686017,302.816693142845,-11.0506693801476,317.980446684212,-18.423243767387,288.173332731951
"Conservancy_14","Orupembe","Red Hartebeest","Grazer","General_Grazer",5690,5022,42596,4651,40207,4906,41684,4487,38742,0,-668,36907,-1039,34517,-784,35994,-1203,33052,0,-11.7370251431996,648.628917906202,-18.2526837360918,606.633822537795,-13.7730551889076,632.587892748034,-21.1422800407945,580.891747602522
"Conservancy_14","Orupembe","Red Lechwe","Grazer","Wetland_Grazer",2334,1773,34653,1606,32714,1730,33911,1551,31522,0,-561,32319,-728,30380,-604,31576,-784,29188,0,-24.0386492312773,1384.65194687665,-31.1968083233464,1301.58943048747,-25.8942906222631,1352.85863855894,-33.5703957606522,1250.51816171776
"Conservancy_14","Orupembe","Reedbuck","Grazer","Wetland_Grazer",4149,3152,61605,2855,58158,3075,60285,2756,56039,0,-997,57455,-1294,54009,-1074,56136,-1393,51889,0,-24.0386492312773,1384.65194687665,-31.1968083233464,1301.58943048747,-25.8942906222631,1352.85863855894,-33.5703957606522,1250.51816171776
"Conservancy_14","Orupembe","Roan","Grazer","General_Grazer",3556,3139,26623,2907,25129,3066,26052,2804,24214,0,-417,23067,-649,21573,-490,22496,-752,20658,0,-11.7370251431996,648.628917906202,-18.2526837360918,606.633822537795,-13.7730551889076,632.587892748034,-21.1422800407945,580.891747602523
"Conservancy_14","Orupembe","Sable","Grazer","General_Grazer",4267,3767,31947,3489,30155,3680,31263,3365,29057,0,-501,27680,-779,25888,-588,26995,-902,24789,0,-11.7370251431995,648.628917906202,-18.2526837360918,606.633822537795,-13.7730551889075,632.587892748034,-21.1422800407945,580.891747602522
"Conservancy_14","Orupembe","Spotted Hyaena","Carnivore","Carnivore",,,,,,,,,,,,,,,,,,,,,,,,,,,
"Conservancy_14","Orupembe","Springbok","Grazer","Arid_Grazer",39425,37451,154171,35043,145516,36617,150868,33786,140214,0,-1974,114746,-4382,106091,-2808,111443,-5639,100789,0,-5.00772931461411,291.049842048846,-11.1139638897041,269.095938490493,-7.12285047146589,282.67255396454,-14.3023082485872,255.648649130796
"Conservancy_14","Orupembe","Steenbok","Browser","Shrub_Browser",176108,166961,195445,155530,183283,163018,191124,150117,176698,0,-9147,19337,-20578,7175,-13090,15016,-25991,590,0,-5.19398112010702,10.9803263491894,-11.6846615632198,4.0741861001386,-7.43299641942673,8.52678332198445,-14.7586595008172,0.334876106061415
"Conservancy_14","Orupembe","Vervet monkey","Omnivore","Omnivore",181383,168253,497567,156382,468658,164278,486794,150934,451662,0,-13130,316184,-25001,287275,-17105,305411,-30449,270279,0,-7.23900876137403,174.31851551914,-13.7837660545373,158.380190433806,-9.43021664693463,168.379115771531,-16.7869745612037,149.010006968687
"Conservancy_14","Orupembe","Warthog","Grazer","General_Grazer",12193,10762,91278,9967,86158,10513,89322,9615,83019,0,-1431,79085,-2225,73965,-1679,77130,-2578,70826,0,-11.7370251431995,648.628917906202,-18.2526837360918,606.633822537795,-13.7730551889075,632.587892748034,-21.1422800407945,580.891747602522
"Conservancy_15","Mayuni","Baboon","Omnivore","Omnivore",8329,7801,7769,7729,7729,7818,7786,7317,7288,0,-528,-560,-600,-600,-512,-544,-1012,-1041,0,-6.34062693860096,-6.72537919645968,-7.20436750347585,-7.20436750347585,-6.14426407535909,-6.52881582164561,-12.1503098319047,-12.497081957662
"Conservancy_15","Mayuni","Black rhinoceros","Browser","Shrub_Browser",323,328,291,335,301,329,291,317,279,0,5,-32,12,-22,6,-32,-6,-44,0,1.6266484273251,-9.81178657033189,3.62935675832794,-6.71418648783376,1.84267412549285,-10.0294665021277,-1.8955730123956,-13.5479903080605
"Conservancy_15","Mayuni","Black-backed Jackal","Carnivore","Carnivore",,,,,,,,,,,,,,,,,,,,,,,,,,,
"Conservancy_15","Mayuni","Black-faced Impala","Mixed","Mixed_Open",5463,4918,5246,4792,5253,4929,5276,4536,4892,0,-545,-217,-671,-210,-535,-187,-927,-571,0,-9.97433575535751,-3.96918174205127,-12.2907334955828,-3.85257854056507,-9.7857581673302,-3.42505818140498,-16.9660610232953,-10.4580023630701
"Conservancy_15","Mayuni","Blue wildebeest","Grazer","General_Grazer",920,742,930,689,919,743,942,653,852,0,-178,10,-231,-2,-177,21,-268,-68,0,-19.3945481349167,1.09597547083128,-25.105175858608,-0.191202229875584,-19.2287202247479,2.31012799614045,-29.0959369613928,-7.39302440322828
"Conservancy_15","Mayuni","Buffalo","Grazer","General_Grazer",405,326,409,303,404,327,414,287,375,0,-79,4,-102,-1,-78,9,-118,-30,0,-19.3945481349167,1.09597547083127,-25.105175858608,-0.1912022298756,-19.2287202247479,2.31012799614044,-29.0959369613928,-7.39302440322828
"Conservancy_15","Mayuni","Burchell's zebra","Grazer","General_Grazer",633,510,640,474,632,511,647,449,586,0,-123,7,-159,-1,-122,15,-184,-47,0,-19.3945481349167,1.09597547083127,-25.105175858608,-0.191202229875593,-19.2287202247479,2.31012799614045,-29.0959369613928,-7.39302440322828
"Conservancy_15","Mayuni","Bushpig","Omnivore","Omnivore",3332,3120,3108,3092,3092,3127,3114,2927,2915,0,-211,-224,-240,-240,-205,-218,-405,-416,0,-6.34062693860095,-6.72537919645967,-7.20436750347584,-7.20436750347584,-6.14426407535909,-6.52881582164561,-12.1503098319047,-12.4970819576619
"Conservancy_15","Mayuni","Cheetah","Carnivore","Carnivore",,,,,,,,,,,,,,,,,,,,,,,,,,,
"Conservancy_15","Mayuni","Damara dik dik","Browser","Shrub_Browser",64593,65644,58255,66937,60256,65783,58115,63369,55842,0,1051,-6338,2344,-4337,1190,-6478,-1224,-8751,0,1.6266484273251,-9.8117865703319,3.62935675832795,-6.71418648783376,1.84267412549285,-10.0294665021277,-1.89557301239559,-13.5479903080605
"Conservancy_15","Mayuni","Duiker","Browser","Woodland_Browser",17392,16994,15696,17088,15389,17030,15660,16177,14786,0,-398,-1696,-304,-2003,-362,-1732,-1215,-2606,0,-2.2880134533172,-9.75153924555236,-1.74952197468037,-11.5181441613827,-2.08185504554383,-9.95672015011925,-6.98711697321373,-14.9823477453996
"Conservancy_15","Mayuni","Eland","Mixed","Mixed_Open",546,492,525,479,525,493,528,454,489,0,-54,-22,-67,-21,-53,-19,-93,-57,0,-9.97433575535751,-3.96918174205125,-12.2907334955828,-3.85257854056507,-9.78575816733019,-3.42505818140497,-16.9660610232953,-10.4580023630701
"Conservancy_15","Mayuni","Elephant","Mixed","Large_Mixed",82,78,77,77,77,78,77,73,72,0,-5,-5,-5,-5,-5,-5,-10,-10,0,-5.87395480991367,-6.46007353136254,-6.63783272543585,-6.05885897080812,-5.67594857087109,-6.23715175404401,-11.6145900493286,-12.0676714836791
"Conservancy_15","Mayuni","Gemsbok","Mixed","Arid_Mixed",1183,1092,1136,1073,1167,1094,1142,1016,1068,0,-91,-47,-110,-16,-89,-41,-167,-115,0,-7.72764434489704,-3.99476304525273,-9.29159708171909,-1.35859232564999,-7.53295831770773,-3.46481897534756,-14.1277310468239,-9.73323540726156
"Conservancy_15","Mayuni","Giraffe","Browser","Woodland_Browser",358,350,323,352,317,351,322,333,304,0,-8,-35,-6,-41,-7,-36,-25,-54,0,-2.28801345331719,-9.75153924555236,-1.74952197468036,-11.5181441613827,-2.0818550455438,-9.95672015011924,-6.98711697321373,-14.9823477453996
"Conservancy_15","Mayuni","Hartmann's zebra","Grazer","Arid_Grazer",711,614,705,587,715,615,711,556,654,0,-97,-6,-123,4,-95,1,-155,-56,0,-13.597560722402,-0.862946543936573,-17.3488581965039,0.610794089122964,-13.4166945101198,0.0746831215367973,-21.7550460421964,-7.94544937149874
"Conservancy_15","Mayuni","Hippopotamus","Grazer","Wetland_Grazer",75,59,75,55,73,59,76,52,69,0,-16,0,-20,-2,-16,1,-23,-6,0,-21.0824162095283,0.159261753903717,-26.5634599875055,-2.31547265413014,-20.9254981451394,1.33580429851442,-30.4703401074513,-8.17690023752724
"Conservancy_15","Mayuni","Impala","Mixed","Mixed_Open",5463,4918,5246,4792,5253,4929,5276,4536,4892,0,-545,-217,-671,-210,-535,-187,-927,-571,0,-9.97433575535751,-3.96918174205127,-12.2907334955828,-3.85257854056507,-9.7857581673302,-3.42505818140498,-16.9660610232953,-10.4580023630701
"Conservancy_15","Mayuni","Klipspringer","Browser","Rocky_Browser",21531,22046,19410,22534,20257,22093,19362,21333,18662,0,514,-2121,1003,-1275,561,-2170,-198,-2869,0,2.38819933716057,-9.85120374792601,4.65848132933135,-5.91993326263375,2.60622227845965,-10.0764525499831,-0.921535275194636,-13.3263525202019
"Conservancy_15","Mayuni","Kudu","Browser","Woodland_Browser",1602,1565,1446,1574,1417,1569,1442,1490,1362,0,-37,-156,-28,-185,-33,-159,-112,-240,0,-2.28801345331718,-9.75153924555237,-1.74952197468036,-11.5181441613827,-2.08185504554381,-9.95672015011925,-6.98711697321373,-14.9823477453996
"Conservancy_15","Mayuni","Leopard","Carnivore","Carnivore",,,,,,,,,,,,,,,,,,,,,,,,,,,
"Conservancy_15","Mayuni","Ostrich","Mixed","Mixed_Open",2732,2459,2623,2396,2626,2464,2638,2268,2446,0,-272,-108,-336,-105,-267,-94,-463,-286,0,-9.97433575535751,-3.96918174205127,-12.2907334955828,-3.85257854056507,-9.7857581673302,-3.42505818140498,-16.9660610232953,-10.4580023630701
"Conservancy_15","Mayuni","Red Hartebeest","Grazer","General_Grazer",1350,1088,1365,1011,1347,1090,1381,957,1250,0,-262,15,-339,-3,-260,31,-393,-100,0,-19.3945481349167,1.09597547083127,-25.105175858608,-0.191202229875594,-19.2287202247479,2.31012799614045,-29.0959369613928,-7.39302440322828
"Conservancy_15","Mayuni","Red Lechwe","Grazer","Wetland_Grazer",1309,1033,1311,961,1278,1035,1326,910,1202,0,-276,2,-348,-30,-274,17,-399,-107,0,-21.0824162095282,0.159261753903715,-26.5634599875055,-2.31547265413013,-20.9254981451394,1.33580429851443,-30.4703401074513,-8.17690023752723
"Conservancy_15","Mayuni","Reedbuck","Grazer","Wetland_Grazer",2327,1836,2330,1709,2273,1840,2358,1618,2136,0,-491,4,-618,-54,-487,31,-709,-190,0,-21.0824162095283,0.159261753903713,-26.5634599875055,-2.31547265413015,-20.9254981451394,1.33580429851443,-30.4703401074513,-8.17690023752724
"Conservancy_15","Mayuni","Roan","Grazer","General_Grazer",844,680,853,632,842,681,863,598,781,0,-164,9,-212,-2,-162,19,-245,-62,0,-19.3945481349167,1.09597547083128,-25.105175858608,-0.191202229875584,-19.2287202247479,2.31012799614045,-29.0959369613928,-7.39302440322828
"Conservancy_15","Mayuni","Sable","Grazer","General_Grazer",1012,816,1023,758,1010,818,1036,718,938,0,-196,11,-254,-2,-195,23,-295,-75,0,-19.3945481349167,1.09597547083127,-25.105175858608,-0.191202229875588,-19.2287202247479,2.31012799614044,-29.0959369613928,-7.39302440322828
"Conservancy_15","Mayuni","Spotted Hyaena","Carnivore","Carnivore",,,,,,,,,,,,,,,,,,,,,,,,,,,
"Conservancy_15","Mayuni","Springbok","Grazer","Arid_Grazer",5238,4525,5192,4329,5270,4535,5241,4098,4821,0,-712,-45,-909,32,-703,4,-1139,-416,0,-13.597560722402,-0.862946543936578,-17.3488581965039,0.610794089122957,-13.4166945101198,0.0746831215367823,-21.7550460421964,-7.94544937149876
"Conservancy_15","Mayuni","Steenbok","Browser","Shrub_Browser",32297,32822,29128,33469,30128,32892,29057,31684,27921,0,525,-3169,1172,-2168,595,-3239,-612,-4376,0,1.6266484273251,-9.8117865703319,3.62935675832795,-6.71418648783376,1.84267412549285,-10.0294665021277,-1.89557301239559,-13.5479903080605
"Conservancy_15","Mayuni","Vervet monkey","Omnivore","Omnivore",39981,37446,37292,37100,37100,37524,37371,35123,34984,0,-2535,-2689,-2880,-2880,-2457,-2610,-4858,-4996,0,-6.34062693860097,-6.72537919645969,-7.20436750347585,-7.20436750347585,-6.1442640753591,-6.52881582164561,-12.1503098319047,-12.497081957662
"Conservancy_15","Mayuni","Warthog","Grazer","General_Grazer",2892,2331,2924,2166,2887,2336,2959,2051,2679,0,-561,32,-726,-6,-556,67,-842,-214,0,-19.3945481349167,1.09597547083128,-25.105175858608,-0.191202229875588,-19.2287202247479,2.31012799614045,-29.0959369613928,-7.39302440322827
"Conservancy_16","Uibasen Twyfelfontein","Baboon","Omnivore","Omnivore",2647,1910,7520,1593,7042,1861,7325,1474,6519,0,-737,4874,-1054,4395,-786,4679,-1172,3872,0,-27.8348583744829,184.156378569097,-39.8082876058183,166.082116170742,-29.6870874838327,176.789865638275,-44.3017927904922,146.311219522041
"Conservancy_16","Uibasen Twyfelfontein","Black rhinoceros","Browser","Shrub_Browser",76,52,121,44,112,51,118,41,104,0,-24,45,-32,36,-25,42,-35,28,0,-31.4505218366893,59.2263720852629,-41.7768755987338,48.0528937676668,-33.2177982277021,55.1031038017791,-46.1125697541405,37.0521746305187
"Conservancy_16","Uibasen Twyfelfontein","Black-backed Jackal","Carnivore","Carnivore",,,,,,,,,,,,,,,,,,,,,,,,,,,
"Conservancy_16","Uibasen Twyfelfontein","Black-faced Impala","Mixed","Mixed_Open",2415,1798,8042,1497,7543,1752,7834,1385,6982,0,-617,5627,-918,5128,-663,5419,-1030,4567,0,-25.5293389613808,233.014693283055,-38.0063421284259,212.333075302954,-27.4382482002168,224.379413426057,-42.6377773979639,189.12585163731
"Conservancy_16","Uibasen Twyfelfontein","Blue wildebeest","Grazer","General_Grazer",605,472,2255,396,2118,460,2196,366,1960,0,-134,1649,-210,1512,-146,1591,-240,1355,0,-22.0494468068492,272.370532150323,-34.6761974065475,249.755114765088,-24.0467100978417,262.712554971127,-39.5574664719937,223.768178298691
"Conservancy_16","Uibasen Twyfelfontein","Buffalo","Grazer","General_Grazer",266,208,992,174,932,202,966,161,863,0,-59,726,-92,665,-64,700,-105,596,0,-22.0494468068492,272.370532150323,-34.6761974065475,249.755114765088,-24.0467100978417,262.712554971127,-39.5574664719937,223.768178298691
"Conservancy_16","Uibasen Twyfelfontein","Burchell's zebra","Grazer","General_Grazer",416,324,1550,272,1456,316,1510,252,1348,0,-92,1134,-144,1040,-100,1094,-165,931,0,-22.0494468068492,272.370532150323,-34.6761974065475,249.755114765088,-24.0467100978417,262.712554971127,-39.5574664719937,223.768178298691
"Conservancy_16","Uibasen Twyfelfontein","Bushpig","Omnivore","Omnivore",1059,764,3008,637,2817,744,2930,590,2607,0,-295,1949,-421,1758,-314,1872,-469,1549,0,-27.8348583744829,184.156378569097,-39.8082876058183,166.082116170742,-29.6870874838327,176.789865638275,-44.3017927904922,146.311219522041
"Conservancy_16","Uibasen Twyfelfontein","Cheetah","Carnivore","Carnivore",,,,,,,,,,,,,,,,,,,,,,,,,,,
"Conservancy_16","Uibasen Twyfelfontein","Damara dik dik","Browser","Shrub_Browser",15173,10401,24159,8834,22464,10133,23534,8176,20795,0,-4772,8986,-6339,7291,-5040,8361,-6997,5622,0,-31.4505218366893,59.2263720852629,-41.7768755987338,48.0528937676668,-33.2177982277021,55.1031038017791,-46.1125697541405,37.0521746305188
"Conservancy_16","Uibasen Twyfelfontein","Duiker","Browser","Woodland_Browser",2583,1419,4716,1086,4356,1383,4594,1005,4032,0,-1164,2132,-1497,1772,-1201,2010,-1578,1449,0,-45.0615743041798,82.5341512197096,-57.9478360564758,68.6079193165697,-46.4688237192802,77.8119060869431,-61.0917056283432,56.0741382311885
"Conservancy_16","Uibasen Twyfelfontein","Eland","Mixed","Mixed_Open",241,180,804,150,754,175,783,139,698,0,-62,563,-92,513,-66,542,-103,457,0,-25.5293389613808,233.014693283054,-38.0063421284259,212.333075302954,-27.4382482002168,224.379413426057,-42.6377773979639,189.12585163731
"Conservancy_16","Uibasen Twyfelfontein","Elephant","Mixed","Large_Mixed",30,22,82,19,77,22,80,17,71,0,-8,52,-11,47,-8,50,-13,41,0,-25.5825885591049,173.42960149602,-37.0104953160762,156.210718207687,-27.4949524796145,166.340465879326,-41.7095354725827,137.17434288913
"Conservancy_16","Uibasen Twyfelfontein","Gemsbok","Mixed","Arid_Mixed",722,586,1905,512,1790,571,1856,474,1657,0,-136,1184,-209,1068,-151,1134,-248,935,0,-18.8265761163654,164.028397102684,-29.0223162110061,148.049692611315,-20.9174671636727,157.180318109791,-34.3103077741432,129.622536483853
"Conservancy_16","Uibasen Twyfelfontein","Giraffe","Browser","Woodland_Browser",53,29,97,22,90,28,95,21,83,0,-24,44,-31,36,-25,41,-32,30,0,-45.0615743041797,82.5341512197096,-57.9478360564758,68.6079193165697,-46.4688237192802,77.8119060869432,-61.0917056283432,56.0741382311885
"Conservancy_16","Uibasen Twyfelfontein","Hartmann's zebra","Grazer","Arid_Grazer",584,489,1611,431,1515,477,1569,399,1403,0,-95,1027,-153,931,-107,985,-185,818,0,-16.2352346419214,175.714555458943,-26.2297620156393,159.321446840773,-18.3933554987753,168.562135207722,-31.7251336228769,140.057643310774
"Conservancy_16","Uibasen Twyfelfontein","Hippopotamus","Grazer","Wetland_Grazer",35,26,155,21,145,25,151,19,135,0,-9,120,-14,111,-9,116,-15,100,0,-25.3851199821181,345.143961358669,-39.829408717411,317.950564929697,-27.2886861070482,333.599075466846,-44.337385352631,286.894178058052
"Conservancy_16","Uibasen Twyfelfontein","Impala","Mixed","Mixed_Open",2415,1798,8042,1497,7543,1752,7834,1385,6982,0,-617,5627,-918,5128,-663,5419,-1030,4567,0,-25.5293389613808,233.014693283055,-38.0063421284259,212.333075302954,-27.4382482002168,224.379413426057,-42.6377773979639,189.12585163731
"Conservancy_16","Uibasen Twyfelfontein","Klipspringer","Browser","Rocky_Browser",9740,8260,11032,7583,10367,8046,10746,7020,9597,0,-1480,1292,-2157,626,-1695,1005,-2720,-143,0,-15.199026805561,13.2599863720714,-22.1469798469436,6.42895762544853,-17.3976507598985,10.3225149945981,-27.9276675322779,-1.47185193595603
"Conservancy_16","Uibasen Twyfelfontein","Kudu","Browser","Woodland_Browser",238,131,434,100,401,127,423,93,371,0,-107,196,-138,163,-111,185,-145,133,0,-45.0615743041797,82.5341512197096,-57.9478360564758,68.6079193165697,-46.4688237192802,77.8119060869431,-61.0917056283432,56.0741382311885
"Conservancy_16","Uibasen Twyfelfontein","Leopard","Carnivore","Carnivore",,,,,,,,,,,,,,,,,,,,,,,,,,,
"Conservancy_16","Uibasen Twyfelfontein","Ostrich","Mixed","Mixed_Open",1207,899,4021,749,3771,876,3917,693,3491,0,-308,2814,-459,2564,-331,2709,-515,2284,0,-25.5293389613808,233.014693283055,-38.0063421284259,212.333075302954,-27.4382482002168,224.379413426057,-42.6377773979639,189.12585163731
"Conservancy_16","Uibasen Twyfelfontein","Red Hartebeest","Grazer","General_Grazer",888,692,3307,580,3106,675,3221,537,2875,0,-196,2419,-308,2218,-214,2333,-351,1987,0,-22.0494468068492,272.370532150323,-34.6761974065475,249.755114765088,-24.0467100978417,262.712554971127,-39.5574664719937,223.768178298691
"Conservancy_16","Uibasen Twyfelfontein","Red Lechwe","Grazer","Wetland_Grazer",609,454,2711,366,2545,443,2641,339,2356,0,-155,2102,-243,1936,-166,2032,-270,1747,0,-25.3851199821181,345.143961358669,-39.829408717411,317.950564929697,-27.2886861070482,333.599075466846,-44.337385352631,286.894178058052
"Conservancy_16","Uibasen Twyfelfontein","Reedbuck","Grazer","Wetland_Grazer",1083,808,4819,651,4525,787,4694,603,4189,0,-275,3737,-431,3442,-295,3612,-480,3106,0,-25.3851199821181,345.143961358669,-39.829408717411,317.950564929697,-27.2886861070482,333.599075466846,-44.337385352631,286.894178058052
"Conservancy_16","Uibasen Twyfelfontein","Roan","Grazer","General_Grazer",555,433,2067,363,1941,422,2013,335,1797,0,-122,1512,-192,1386,-133,1458,-220,1242,0,-22.0494468068492,272.370532150323,-34.6761974065475,249.755114765088,-24.0467100978417,262.712554971127,-39.5574664719937,223.768178298691
"Conservancy_16","Uibasen Twyfelfontein","Sable","Grazer","General_Grazer",666,519,2480,435,2330,506,2416,403,2156,0,-147,1814,-231,1663,-160,1750,-263,1490,0,-22.0494468068492,272.370532150323,-34.6761974065475,249.755114765088,-24.0467100978417,262.712554971127,-39.5574664719937,223.768178298691
"Conservancy_16","Uibasen Twyfelfontein","Spotted Hyaena","Carnivore","Carnivore",,,,,,,,,,,,,,,,,,,,,,,,,,,
"Conservancy_16","Uibasen Twyfelfontein","Springbok","Grazer","Arid_Grazer",4305,3606,11870,3176,11164,3513,11562,2939,10335,0,-699,7565,-1129,6859,-792,7257,-1366,6030,0,-16.2352346419214,175.714555458943,-26.2297620156393,159.321446840773,-18.3933554987753,168.562135207722,-31.7251336228769,140.057643310774
"Conservancy_16","Uibasen Twyfelfontein","Steenbok","Browser","Shrub_Browser",7586,5200,12080,4417,11232,5066,11767,4088,10397,0,-2386,4493,-3169,3646,-2520,4180,-3498,2811,0,-31.4505218366893,59.2263720852629,-41.7768755987338,48.0528937676668,-33.2177982277021,55.1031038017791,-46.1125697541405,37.0521746305188
"Conservancy_16","Uibasen Twyfelfontein","Vervet monkey","Omnivore","Omnivore",12703,9167,36097,7646,33801,8932,35161,7075,31289,0,-3536,23394,-5057,21098,-3771,22458,-5628,18586,0,-27.8348583744829,184.156378569097,-39.8082876058183,166.082116170742,-29.6870874838327,176.789865638275,-44.3017927904922,146.311219522041
"Conservancy_16","Uibasen Twyfelfontein","Warthog","Grazer","General_Grazer",1903,1483,7086,1243,6656,1445,6902,1150,6161,0,-420,5183,-660,4753,-458,4999,-753,4258,0,-22.0494468068492,272.370532150323,-34.6761974065475,249.755114765088,-24.0467100978417,262.712554971127,-39.5574664719937,223.768178298691
"Conservancy_17","Oskop","Baboon","Omnivore","Omnivore",5351,5067,5067,4910,4910,4921,4921,4482,4482,0,-285,-285,-441,-441,-430,-430,-869,-869,0,-5.32025254661833,-5.32025254661833,-8.24504539440648,-8.24504539440648,-8.03609420146531,-8.03609420146531,-16.2458303811884,-16.2458303811884
"Conservancy_17","Oskop","Black rhinoceros","Browser","Shrub_Browser",75,69,69,67,67,67,67,61,61,0,-5,-5,-7,-7,-7,-7,-13,-13,0,-7.14023406016674,-7.14023406016674,-10.0088050753338,-10.0088050753338,-9.80387044684926,-9.80387044684926,-17.8557949669504,-17.8557949669504
"Conservancy_17","Oskop","Black-backed Jackal","Carnivore","Carnivore",,,,,,,,,,,,,,,,,,,,,,,,,,,
"Conservancy_17","Oskop","Black-faced Impala","Mixed","Mixed_Open",5851,5559,5559,5387,5387,5399,5399,4917,4917,0,-293,-293,-464,-464,-452,-452,-934,-934,0,-4.99906672680111,-4.99906672680111,-7.93378146405223,-7.93378146405223,-7.72412143778594,-7.72412143778594,-15.9617078274672,-15.9617078274672
"Conservancy_17","Oskop","Blue wildebeest","Grazer","General_Grazer",1658,1579,1579,1530,1530,1534,1534,1397,1397,0,-79,-79,-128,-128,-124,-124,-261,-261,0,-4.75650892559337,-4.75650892559337,-7.69871662032724,-7.69871662032724,-7.48852128695165,-7.48852128695165,-15.7471400051912,-15.7471400051912
"Conservancy_17","Oskop","Buffalo","Grazer","General_Grazer",730,695,695,673,673,675,675,615,615,0,-35,-35,-56,-56,-55,-55,-115,-115,0,-4.75650892559336,-4.75650892559336,-7.69871662032723,-7.69871662032723,-7.48852128695165,-7.48852128695165,-15.7471400051912,-15.7471400051912
"Conservancy_17","Oskop","Burchell's zebra","Grazer","General_Grazer",1140,1086,1086,1052,1052,1055,1055,960,960,0,-54,-54,-88,-88,-85,-85,-180,-180,0,-4.75650892559338,-4.75650892559338,-7.69871662032724,-7.69871662032724,-7.48852128695165,-7.48852128695165,-15.7471400051912,-15.7471400051912
"Conservancy_17","Oskop","Bushpig","Omnivore","Omnivore",2140,2027,2027,1964,1964,1968,1968,1793,1793,0,-114,-114,-176,-176,-172,-172,-348,-348,0,-5.32025254661832,-5.32025254661832,-8.24504539440646,-8.24504539440646,-8.03609420146529,-8.03609420146529,-16.2458303811884,-16.2458303811884
"Conservancy_17","Oskop","Cheetah","Carnivore","Carnivore",,,,,,,,,,,,,,,,,,,,,,,,,,,
"Conservancy_17","Oskop","Damara dik dik","Browser","Shrub_Browser",14965,13897,13897,13467,13467,13498,13498,12293,12293,0,-1069,-1069,-1498,-1498,-1467,-1467,-2672,-2672,0,-7.14023406016674,-7.14023406016674,-10.0088050753338,-10.0088050753338,-9.80387044684927,-9.80387044684927,-17.8557949669504,-17.8557949669504
"Conservancy_17","Oskop","Duiker","Browser","Woodland_Browser",3218,2978,2978,2886,2886,2892,2892,2634,2634,0,-240,-240,-332,-332,-326,-326,-584,-584,0,-7.47224217322854,-7.47224217322854,-10.3305569828119,-10.3305569828119,-10.1263550716524,-10.1263550716524,-18.1494909744296,-18.1494909744296
"Conservancy_17","Oskop","Eland","Mixed","Mixed_Open",585,556,556,539,539,540,540,492,492,0,-29,-29,-46,-46,-45,-45,-93,-93,0,-4.99906672680111,-4.99906672680111,-7.93378146405223,-7.93378146405223,-7.72412143778594,-7.72412143778594,-15.9617078274672,-15.9617078274672
"Conservancy_17","Oskop","Elephant","Mixed","Large_Mixed",58,55,55,53,53,53,53,48,48,0,-3,-3,-5,-5,-5,-5,-9,-9,0,-5.28650139610209,-5.28650139610209,-8.21233686521412,-8.21233686521412,-8.00331118598254,-8.00331118598254,-16.2159739476722,-16.2159739476722
"Conservancy_17","Oskop","Gemsbok","Mixed","Arid_Mixed",1306,1241,1241,1202,1202,1205,1205,1098,1098,0,-66,-66,-104,-104,-101,-101,-209,-209,0,-5.02739360216297,-5.02739360216297,-7.96123328170969,-7.96123328170969,-7.75163577076011,-7.75163577076011,-15.9867659205404,-15.9867659205404
"Conservancy_17","Oskop","Giraffe","Browser","Woodland_Browser",66,61,61,59,59,60,60,54,54,0,-5,-5,-7,-7,-7,-7,-12,-12,0,-7.47224217322855,-7.47224217322855,-10.3305569828119,-10.3305569828119,-10.1263550716525,-10.1263550716525,-18.1494909744296,-18.1494909744296
"Conservancy_17","Oskop","Hartmann's zebra","Grazer","Arid_Grazer",1108,1055,1055,1022,1022,1024,1024,933,933,0,-54,-54,-86,-86,-84,-84,-175,-175,0,-4.85074820004403,-4.85074820004403,-7.79004470877131,-7.79004470877131,-7.58005735449734,-7.58005735449734,-15.8305045302284,-15.8305045302284
"Conservancy_17","Oskop","Hippopotamus","Grazer","Wetland_Grazer",117,112,112,108,108,108,108,99,99,0,-5,-5,-9,-9,-9,-9,-18,-18,0,-4.68927743638576,-4.68927743638576,-7.6335620080027,-7.6335620080027,-7.42321829970796,-7.42321829970796,-15.6876666996293,-15.6876666996293
"Conservancy_17","Oskop","Impala","Mixed","Mixed_Open",5851,5559,5559,5387,5387,5399,5399,4917,4917,0,-293,-293,-464,-464,-452,-452,-934,-934,0,-4.99906672680111,-4.99906672680111,-7.93378146405223,-7.93378146405223,-7.72412143778594,-7.72412143778594,-15.9617078274672,-15.9617078274672
"Conservancy_17","Oskop","Klipspringer","Browser","Rocky_Browser",5102,4738,4738,4591,4591,4602,4602,4191,4191,0,-364,-364,-511,-511,-500,-500,-911,-911,0,-7.14023406016674,-7.14023406016674,-10.0088050753338,-10.0088050753338,-9.80387044684925,-9.80387044684925,-17.8557949669504,-17.8557949669504
"Conservancy_17","Oskop","Kudu","Browser","Woodland_Browser",296,274,274,266,266,266,266,243,243,0,-22,-22,-31,-31,-30,-30,-54,-54,0,-7.47224217322853,-7.47224217322853,-10.3305569828119,-10.3305569828119,-10.1263550716524,-10.1263550716524,-18.1494909744296,-18.1494909744296
"Conservancy_17","Oskop","Leopard","Carnivore","Carnivore",,,,,,,,,,,,,,,,,,,,,,,,,,,
"Conservancy_17","Oskop","Ostrich","Mixed","Mixed_Open",2926,2779,2779,2693,2693,2700,2700,2459,2459,0,-146,-146,-232,-232,-226,-226,-467,-467,0,-4.99906672680111,-4.99906672680111,-7.93378146405223,-7.93378146405223,-7.72412143778594,-7.72412143778594,-15.9617078274672,-15.9617078274672
"Conservancy_17","Oskop","Red Hartebeest","Grazer","General_Grazer",2432,2316,2316,2245,2245,2250,2250,2049,2049,0,-116,-116,-187,-187,-182,-182,-383,-383,0,-4.75650892559336,-4.75650892559336,-7.69871662032724,-7.69871662032724,-7.48852128695164,-7.48852128695164,-15.7471400051912,-15.7471400051912
"Conservancy_17","Oskop","Red Lechwe","Grazer","Wetland_Grazer",2050,1954,1954,1894,1894,1898,1898,1729,1729,0,-96,-96,-157,-157,-152,-152,-322,-322,0,-4.68927743638577,-4.68927743638577,-7.6335620080027,-7.6335620080027,-7.42321829970796,-7.42321829970796,-15.6876666996293,-15.6876666996293
"Conservancy_17","Oskop","Reedbuck","Grazer","Wetland_Grazer",3645,3474,3474,3367,3367,3375,3375,3073,3073,0,-171,-171,-278,-278,-271,-271,-572,-572,0,-4.68927743638577,-4.68927743638577,-7.63356200800271,-7.63356200800271,-7.42321829970797,-7.42321829970797,-15.6876666996293,-15.6876666996293
"Conservancy_17","Oskop","Roan","Grazer","General_Grazer",1520,1448,1448,1403,1403,1406,1406,1281,1281,0,-72,-72,-117,-117,-114,-114,-239,-239,0,-4.75650892559337,-4.75650892559337,-7.69871662032724,-7.69871662032724,-7.48852128695166,-7.48852128695166,-15.7471400051912,-15.7471400051912
"Conservancy_17","Oskop","Sable","Grazer","General_Grazer",1824,1737,1737,1683,1683,1687,1687,1537,1537,0,-87,-87,-140,-140,-137,-137,-287,-287,0,-4.75650892559337,-4.75650892559337,-7.69871662032724,-7.69871662032724,-7.48852128695165,-7.48852128695165,-15.7471400051912,-15.7471400051912
"Conservancy_17","Oskop","Spotted Hyaena","Carnivore","Carnivore",,,,,,,,,,,,,,,,,,,,,,,,,,,
"Conservancy_17","Oskop","Springbok","Grazer","Arid_Grazer",8167,7771,7771,7531,7531,7548,7548,6874,6874,0,-396,-396,-636,-636,-619,-619,-1293,-1293,0,-4.85074820004402,-4.85074820004402,-7.7900447087713,-7.7900447087713,-7.58005735449733,-7.58005735449733,-15.8305045302284,-15.8305045302284
"Conservancy_17","Oskop","Steenbok","Browser","Shrub_Browser",7483,6948,6948,6734,6734,6749,6749,6147,6147,0,-534,-534,-749,-749,-734,-734,-1336,-1336,0,-7.14023406016674,-7.14023406016674,-10.0088050753338,-10.0088050753338,-9.80387044684927,-9.80387044684927,-17.8557949669504,-17.8557949669504
"Conservancy_17","Oskop","Vervet monkey","Omnivore","Omnivore",25686,24319,24319,23568,23568,23622,23622,21513,21513,0,-1367,-1367,-2118,-2118,-2064,-2064,-4173,-4173,0,-5.32025254661833,-5.32025254661833,-8.24504539440646,-8.24504539440646,-8.03609420146528,-8.03609420146528,-16.2458303811884,-16.2458303811884
"Conservancy_17","Oskop","Warthog","Grazer","General_Grazer",5211,4963,4963,4810,4810,4821,4821,4390,4390,0,-248,-248,-401,-401,-390,-390,-821,-821,0,-4.75650892559336,-4.75650892559336,-7.69871662032723,-7.69871662032723,-7.48852128695164,-7.48852128695164,-15.7471400051912,-15.7471400051912
"Conservancy_18","//Huab","Baboon","Omnivore","Omnivore",83290,81963,87998,78950,84520,79338,85192,73267,78431,0,-1327,4708,-4340,1230,-3951,1903,-10022,-4859,0,-1.59329161578554,5.65309861568034,-5.21056389514885,1.47729814991991,-4.74398940016312,2.2842426973976,-12.0330705020178,-5.83368884366526
"Conservancy_18","//Huab","Black rhinoceros","Browser","Shrub_Browser",3726,3778,2294,3657,2210,3657,2220,3393,2051,0,52,-1432,-69,-1516,-69,-1506,-333,-1675,0,1.39651396243396,-38.4436693143775,-1.8629848179153,-40.6765220860724,-1.84994956811025,-40.4099150530633,-8.92501342433604,-44.9477525337225
"Conservancy_18","//Huab","Black-backed Jackal","Carnivore","Carnivore",,,,,,,,,,,,,,,,,,,,,,,,,,,
"Conservancy_18","//Huab","Black-faced Impala","Mixed","Mixed_Open",55804,53369,81592,51164,78263,51660,78993,47480,72623,0,-2435,25789,-4640,22459,-4144,23189,-8324,16819,0,-4.36356903484409,46.2127645980289,-8.31523435639185,40.2463279929614,-7.42527983754715,41.5539647935916,-14.9157177852176,30.1395841252949
"Conservancy_18","//Huab","Blue wildebeest","Grazer","General_Grazer",8298,7394,20008,7000,19165,7157,19371,6495,17783,0,-905,11710,-1299,10866,-1141,11073,-1803,9485,0,-10.9015287349399,141.111110917867,-15.650329485723,130.945273754079,-13.7525305934952,133.434643990526,-21.7265869089654,114.29771810116
"Conservancy_18","//Huab","Buffalo","Grazer","General_Grazer",3651,3253,8804,3080,8432,3149,8523,2858,7825,0,-398,5152,-571,4781,-502,4872,-793,4173,0,-10.9015287349399,141.111110917867,-15.650329485723,130.945273754079,-13.7525305934952,133.434643990526,-21.7265869089654,114.29771810116
"Conservancy_18","//Huab","Burchell's zebra","Grazer","General_Grazer",5705,5083,13756,4812,13176,4920,13318,4466,12226,0,-622,8051,-893,7471,-785,7613,-1240,6521,0,-10.9015287349399,141.111110917867,-15.650329485723,130.945273754079,-13.7525305934952,133.434643990526,-21.7265869089654,114.29771810116
"Conservancy_18","//Huab","Bushpig","Omnivore","Omnivore",33316,32785,35199,31580,33808,31735,34077,29307,31372,0,-531,1883,-1736,492,-1581,761,-4009,-1944,0,-1.59329161578555,5.65309861568035,-5.21056389514885,1.4772981499199,-4.74398940016313,2.2842426973976,-12.0330705020178,-5.83368884366528
"Conservancy_18","//Huab","Cheetah","Carnivore","Carnivore",,,,,,,,,,,,,,,,,,,,,,,,,,,
"Conservancy_18","//Huab","Damara dik dik","Browser","Shrub_Browser",745204,755610,458720,731321,442081,731418,444067,678694,410251,0,10407,-286484,-13883,-303123,-13786,-301136,-66510,-334952,0,1.39651396243397,-38.4436693143775,-1.86298481791529,-40.6765220860724,-1.84994956811024,-40.4099150530633,-8.92501342433604,-44.9477525337225
"Conservancy_18","//Huab","Duiker","Browser","Woodland_Browser",179002,181962,106250,176211,102461,176134,102854,163532,95085,0,2961,-72752,-2791,-76541,-2868,-76148,-15470,-83917,0,1.654070547,-40.6429840479401,-1.55916677544582,-42.7600316664868,-1.60199423285861,-42.5401286916794,-8.64230044109656,-46.8805843880168
"Conservancy_18","//Huab","Eland","Mixed","Mixed_Open",5580,5337,8159,5116,7826,5166,7899,4748,7262,0,-244,2579,-464,2246,-414,2319,-832,1682,0,-4.36356903484409,46.2127645980289,-8.31523435639186,40.2463279929614,-7.42527983754715,41.5539647935916,-14.9157177852176,30.1395841252949
"Conservancy_18","//Huab","Elephant","Mixed","Large_Mixed",863,848,934,816,897,821,904,757,833,0,-16,71,-47,34,-43,41,-106,-31,0,-1.81315909624979,8.20512137435164,-5.4634110138019,3.90871245174104,-4.95623061131156,4.75546060152092,-12.2680997685201,-3.57779369881194
"Conservancy_18","//Huab","Gemsbok","Mixed","Arid_Mixed",13392,12838,18636,12308,17873,12428,18043,11422,16585,0,-554,5244,-1084,4481,-965,4650,-1971,3192,0,-4.13655567903568,39.1555383604082,-8.09686337272746,33.4562185314253,-7.20240373279281,34.7231914092829,-14.7144402006414,23.8381110098418
"Conservancy_18","//Huab","Giraffe","Browser","Woodland_Browser",3685,3746,2188,3628,2109,3626,2118,3367,1958,0,61,-1498,-57,-1576,-59,-1568,-318,-1728,0,1.65407054699998,-40.6429840479401,-1.55916677544583,-42.7600316664868,-1.60199423285862,-42.5401286916794,-8.64230044109656,-46.8805843880168
"Conservancy_18","//Huab","Hartmann's zebra","Grazer","Arid_Grazer",7718,7142,14304,6803,13704,6914,13849,6313,12717,0,-576,6586,-915,5986,-805,6130,-1405,4998,0,-7.46678243739169,85.3264784728501,-11.854048442007,77.5579975781729,-10.4234707769335,79.427119889716,-18.2039625401707,64.7588651938959
"Conservancy_18","//Huab","Hippopotamus","Grazer","Wetland_Grazer",430,363,1348,341,1291,352,1305,316,1198,0,-67,918,-90,860,-79,875,-114,767,0,-15.5747680593374,213.25247629232,-20.8517454779254,199.946018855444,-18.2787997085471,203.279652842527,-26.5545639899503,178.323618360285
"Conservancy_18","//Huab","Impala","Mixed","Mixed_Open",55804,53369,81592,51164,78263,51660,78993,47480,72623,0,-2435,25789,-4640,22459,-4144,23189,-8324,16819,0,-4.36356903484409,46.2127645980289,-8.31523435639185,40.2463279929614,-7.42527983754715,41.5539647935916,-14.9157177852176,30.1395841252949
"Conservancy_18","//Huab","Klipspringer","Browser","Rocky_Browser",260333,263098,159821,254379,153870,254685,154723,236068,142788,0,2764,-100512,-5954,-106463,-5648,-105610,-24265,-117545,0,1.06174596226583,-38.6090475081971,-2.28707749265834,-40.8949177268704,-2.16968267785278,-40.5673091753936,-9.32078268773822,-45.1517829875568
"Conservancy_18","//Huab","Kudu","Browser","Woodland_Browser",16487,16760,9786,16230,9437,16223,9473,15062,8758,0,273,-6701,-257,-7050,-264,-7014,-1425,-7729,0,1.65407054699999,-40.6429840479401,-1.55916677544582,-42.7600316664868,-1.60199423285862,-42.5401286916794,-8.64230044109655,-46.8805843880168
"Conservancy_18","//Huab","Leopard","Carnivore","Carnivore",,,,,,,,,,,,,,,,,,,,,,,,,,,
"Conservancy_18","//Huab","Ostrich","Mixed","Mixed_Open",27902,26684,40796,25582,39131,25830,39496,23740,36311,0,-1218,12894,-2320,11230,-2072,11594,-4162,8410,0,-4.36356903484409,46.2127645980289,-8.31523435639185,40.2463279929614,-7.42527983754715,41.5539647935916,-14.9157177852176,30.1395841252949
"Conservancy_18","//Huab","Red Hartebeest","Grazer","General_Grazer",12171,10844,29345,10266,28108,10497,28411,9527,26082,0,-1327,17174,-1905,15937,-1674,16240,-2644,13911,0,-10.9015287349399,141.111110917867,-15.650329485723,130.945273754079,-13.7525305934952,133.434643990526,-21.7265869089654,114.29771810116
"Conservancy_18","//Huab","Red Lechwe","Grazer","Wetland_Grazer",7531,6358,23591,5961,22589,6154,22840,5531,20960,0,-1173,16060,-1570,15058,-1377,15309,-2000,13429,0,-15.5747680593374,213.25247629232,-20.8517454779254,199.946018855444,-18.2787997085471,203.279652842527,-26.5545639899503,178.323618360285
"Conservancy_18","//Huab","Reedbuck","Grazer","Wetland_Grazer",13388,11303,41939,10597,40158,10941,40604,9833,37263,0,-2085,28551,-2792,26769,-2447,27216,-3555,23875,0,-15.5747680593374,213.25247629232,-20.8517454779254,199.946018855444,-18.2787997085471,203.279652842527,-26.5545639899503,178.323618360285
"Conservancy_18","//Huab","Roan","Grazer","General_Grazer",7607,6778,18341,6416,17567,6561,17757,5954,16301,0,-829,10734,-1190,9961,-1046,10150,-1653,8694,0,-10.9015287349399,141.111110917867,-15.650329485723,130.945273754079,-13.7525305934952,133.434643990526,-21.7265869089654,114.29771810116
"Conservancy_18","//Huab","Sable","Grazer","General_Grazer",9128,8133,22009,7700,21081,7873,21308,7145,19561,0,-995,12881,-1429,11953,-1255,12180,-1983,10433,0,-10.9015287349399,141.111110917867,-15.650329485723,130.945273754079,-13.7525305934952,133.434643990526,-21.7265869089654,114.29771810116
"Conservancy_18","//Huab","Spotted Hyaena","Carnivore","Carnivore",,,,,,,,,,,,,,,,,,,,,,,,,,,
"Conservancy_18","//Huab","Springbok","Grazer","Arid_Grazer",56871,52625,105398,50130,100980,50943,102043,46518,93701,0,-4246,48526,-6742,44108,-5928,45171,-10353,36829,0,-7.46678243739169,85.3264784728501,-11.854048442007,77.5579975781729,-10.4234707769335,79.427119889716,-18.2039625401707,64.7588651938959
"Conservancy_18","//Huab","Steenbok","Browser","Shrub_Browser",372602,377805,229360,365660,221040,365709,222034,339347,205126,0,5203,-143242,-6942,-151561,-6893,-150568,-33255,-167476,0,1.39651396243397,-38.4436693143775,-1.86298481791529,-40.6765220860724,-1.84994956811024,-40.4099150530633,-8.92501342433604,-44.9477525337225
"Conservancy_18","//Huab","Vervet monkey","Omnivore","Omnivore",399791,393421,422391,378959,405697,380825,408923,351684,376468,0,-6370,22601,-20831,5906,-18966,9132,-48107,-23323,0,-1.59329161578554,5.65309861568033,-5.21056389514885,1.47729814991991,-4.74398940016313,2.2842426973976,-12.0330705020178,-5.83368884366527
"Conservancy_18","//Huab","Warthog","Grazer","General_Grazer",26080,23237,62883,21999,60231,22494,60881,20414,55890,0,-2843,36802,-4082,34151,-3587,34800,-5666,29809,0,-10.9015287349399,141.111110917867,-15.650329485723,130.945273754079,-13.7525305934952,133.434643990526,-21.7265869089653,114.29771810116
"Conservancy_19","Omatendeka","Baboon","Omnivore","Omnivore",81651,80509,85706,77335,82175,77863,82899,72673,77222,0,-1142,4055,-4316,524,-3788,1248,-8978,-4430,0,-1.39897459639912,4.96583472617428,-5.28642044048836,0.641861229819004,-4.63941386048149,1.52835136761428,-10.9956822745102,-5.42505717176342
"Conservancy_19","Omatendeka","Black rhinoceros","Browser","Shrub_Browser",3491,3541,2762,3423,2665,3424,2671,3218,2506,0,51,-728,-68,-825,-67,-820,-273,-985,0,1.44870218108493,-20.8679870883713,-1.94789750111352,-23.6393104150671,-1.90769682933203,-23.4785605291575,-7.82406462157497,-28.2186459040627
"Conservancy_19","Omatendeka","Black-backed Jackal","Carnivore","Carnivore",,,,,,,,,,,,,,,,,,,,,,,,,,,
"Conservancy_19","Omatendeka","Black-faced Impala","Mixed","Mixed_Open",56925,54786,72199,52332,68987,52996,69844,49161,64817,0,-2139,15274,-4593,12062,-3929,12919,-7764,7892,0,-3.75819661333574,26.8315003853213,-8.06818562163281,21.1896159354732,-6.90187509921469,22.6943258466828,-13.6387963176282,13.8638708950898
"Conservancy_19","Omatendeka","Blue wildebeest","Grazer","General_Grazer",9251,8446,15882,7966,15108,8174,15366,7478,14192,0,-805,6630,-1285,5857,-1077,6115,-1774,4940,0,-8.70462160760169,71.6658443831141,-13.8949470997,63.3078104954929,-11.6453809347776,66.0946756043606,-19.1740728698016,53.4016182676981
"Conservancy_19","Omatendeka","Buffalo","Grazer","General_Grazer",4071,3716,6988,3505,6648,3597,6761,3290,6244,0,-354,2917,-566,2577,-474,2690,-781,2174,0,-8.7046216076017,71.6658443831141,-13.8949470997,63.3078104954929,-11.6453809347776,66.0946756043606,-19.1740728698016,53.4016182676981
"Conservancy_19","Omatendeka","Burchell's zebra","Grazer","General_Grazer",6360,5807,10919,5477,10387,5620,10564,5141,9757,0,-554,4558,-884,4027,-741,4204,-1220,3397,0,-8.70462160760169,71.6658443831142,-13.8949470997,63.3078104954929,-11.6453809347776,66.0946756043606,-19.1740728698016,53.4016182676981
"Conservancy_19","Omatendeka","Bushpig","Omnivore","Omnivore",32660,32204,34282,30934,32870,31145,33160,29069,30889,0,-457,1622,-1727,210,-1515,499,-3591,-1772,0,-1.39897459639912,4.96583472617429,-5.28642044048836,0.641861229819007,-4.63941386048149,1.52835136761428,-10.9956822745102,-5.42505717176341
"Conservancy_19","Omatendeka","Cheetah","Carnivore","Carnivore",,,,,,,,,,,,,,,,,,,,,,,,,,,
"Conservancy_19","Omatendeka","Damara dik dik","Browser","Shrub_Browser",698131,708245,552445,684532,533098,684813,534220,643509,501128,0,10114,-145686,-13599,-165033,-13318,-163911,-54622,-197003,0,1.44870218108491,-20.8679870883714,-1.94789750111353,-23.6393104150671,-1.90769682933205,-23.4785605291575,-7.82406462157498,-28.2186459040627
"Conservancy_19","Omatendeka","Duiker","Browser","Woodland_Browser",166986,169757,129953,164186,125504,164136,125661,154350,117980,0,2771,-37033,-2800,-41482,-2850,-41325,-12636,-49006,0,1.6596496476259,-22.1775890531615,-1.67688889451539,-24.8416997425535,-1.7068136403333,-24.7476858907818,-7.56737821329093,-29.3472126983484
"Conservancy_19","Omatendeka","Eland","Mixed","Mixed_Open",5693,5479,7220,5233,6899,5300,6984,4916,6482,0,-214,1527,-459,1206,-393,1292,-776,789,0,-3.75819661333574,26.8315003853214,-8.06818562163282,21.1896159354732,-6.90187509921468,22.6943258466828,-13.6387963176282,13.8638708950898
"Conservancy_19","Omatendeka","Elephant","Mixed","Large_Mixed",849,836,903,802,866,808,874,754,813,0,-13,54,-47,17,-41,25,-95,-36,0,-1.55790334854295,6.37410002003723,-5.48692528956712,1.95423397950063,-4.79110097160356,2.89211404382565,-11.1860548045468,-4.19313045997732
"Conservancy_19","Omatendeka","Gemsbok","Mixed","Arid_Mixed",13630,13152,16742,12565,15997,12722,16196,11804,15030,0,-479,3111,-1066,2367,-908,2565,-1827,1400,0,-3.51180671748129,22.8246160793427,-7.81952850958542,17.3619863781449,-6.66276186667053,18.8188010338355,-13.4004511082664,10.270355810512
"Conservancy_19","Omatendeka","Giraffe","Browser","Woodland_Browser",3438,3495,2675,3380,2584,3379,2587,3178,2429,0,57,-762,-58,-854,-59,-851,-260,-1009,0,1.65964964762589,-22.1775890531615,-1.6768888945154,-24.8416997425535,-1.70681364033332,-24.7476858907818,-7.56737821329093,-29.3472126983484
"Conservancy_19","Omatendeka","Hartmann's zebra","Grazer","Arid_Grazer",8233,7728,11987,7334,11421,7478,11598,6887,10730,0,-505,3754,-900,3188,-755,3365,-1346,2497,0,-6.13219167172044,45.6014250540261,-10.925489407093,38.7267831425012,-9.17428856523941,40.8687298648969,-16.3498854287515,30.325994168515
"Conservancy_19","Omatendeka","Hippopotamus","Grazer","Wetland_Grazer",508,448,1025,419,974,434,992,393,915,0,-60,517,-89,465,-74,484,-115,406,0,-11.817772561449,101.652236483505,-17.5215267345102,91.5402577417933,-14.6335984121361,95.118813230219,-22.6213493623466,79.9047425133132
"Conservancy_19","Omatendeka","Impala","Mixed","Mixed_Open",56925,54786,72199,52332,68987,52996,69844,49161,64817,0,-2139,15274,-4593,12062,-3929,12919,-7764,7892,0,-3.75819661333574,26.8315003853213,-8.06818562163281,21.1896159354732,-6.90187509921469,22.6943258466828,-13.6387963176282,13.8638708950898
"Conservancy_19","Omatendeka","Klipspringer","Browser","Rocky_Browser",245527,248436,193545,239841,186561,240231,187171,225467,175373,0,2908,-51982,-5686,-58966,-5296,-58357,-20060,-70155,0,1.18453615591394,-21.1716376740629,-2.31580788830904,-24.0162397534084,-2.15706831054526,-23.7678786304953,-8.17036723264602,-28.5730608265512
"Conservancy_19","Omatendeka","Kudu","Browser","Woodland_Browser",15380,15636,11969,15122,11560,15118,11574,14216,10867,0,255,-3411,-258,-3821,-263,-3806,-1164,-4514,0,1.65964964762589,-22.1775890531615,-1.6768888945154,-24.8416997425535,-1.70681364033332,-24.7476858907818,-7.56737821329093,-29.3472126983484
"Conservancy_19","Omatendeka","Leopard","Carnivore","Carnivore",,,,,,,,,,,,,,,,,,,,,,,,,,,
"Conservancy_19","Omatendeka","Ostrich","Mixed","Mixed_Open",28463,27393,36099,26166,34494,26498,34922,24581,32409,0,-1070,7637,-2296,6031,-1964,6459,-3882,3946,0,-3.75819661333574,26.8315003853213,-8.06818562163281,21.1896159354732,-6.90187509921469,22.6943258466828,-13.6387963176282,13.8638708950898
"Conservancy_19","Omatendeka","Red Hartebeest","Grazer","General_Grazer",13569,12388,23293,11683,22159,11989,22537,10967,20815,0,-1181,9724,-1885,8590,-1580,8968,-2602,7246,0,-8.70462160760169,71.6658443831141,-13.8949470997,63.3078104954929,-11.6453809347776,66.0946756043606,-19.1740728698016,53.4016182676981
"Conservancy_19","Omatendeka","Red Lechwe","Grazer","Wetland_Grazer",8898,7846,17942,7339,17042,7596,17361,6885,16007,0,-1051,9045,-1559,8145,-1302,8463,-2013,7110,0,-11.817772561449,101.652236483505,-17.5215267345102,91.5402577417932,-14.6335984121361,95.118813230219,-22.6213493623466,79.9047425133132
"Conservancy_19","Omatendeka","Reedbuck","Grazer","Wetland_Grazer",15818,13949,31897,13046,30298,13503,30864,12240,28457,0,-1869,16079,-2772,14480,-2315,15046,-3578,12639,0,-11.817772561449,101.652236483505,-17.5215267345102,91.5402577417932,-14.6335984121361,95.118813230219,-22.6213493623466,79.9047425133132
"Conservancy_19","Omatendeka","Roan","Grazer","General_Grazer",8481,7742,14558,7302,13849,7493,14086,6854,13009,0,-738,6078,-1178,5369,-988,5605,-1626,4529,0,-8.7046216076017,71.6658443831141,-13.8949470997,63.3078104954929,-11.6453809347776,66.0946756043606,-19.1740728698016,53.4016182676981
"Conservancy_19","Omatendeka","Sable","Grazer","General_Grazer",10177,9291,17470,8763,16619,8992,16903,8225,15611,0,-886,7293,-1414,6443,-1185,6726,-1951,5434,0,-8.70462160760168,71.6658443831141,-13.8949470997,63.3078104954929,-11.6453809347776,66.0946756043606,-19.1740728698016,53.4016182676981
"Conservancy_19","Omatendeka","Spotted Hyaena","Carnivore","Carnivore",,,,,,,,,,,,,,,,,,,,,,,,,,,
"Conservancy_19","Omatendeka","Springbok","Grazer","Arid_Grazer",60665,56945,88329,54037,84158,55099,85458,50746,79062,0,-3720,27664,-6628,23493,-5566,24793,-9919,18397,0,-6.13219167172043,45.6014250540261,-10.925489407093,38.7267831425012,-9.17428856523941,40.8687298648969,-16.3498854287515,30.3259941685151
"Conservancy_19","Omatendeka","Steenbok","Browser","Shrub_Browser",349066,354122,276223,342266,266549,342406,267110,321754,250564,0,5057,-72843,-6799,-82517,-6659,-81956,-27311,-98502,0,1.44870218108491,-20.8679870883714,-1.94789750111353,-23.6393104150671,-1.90769682933205,-23.4785605291575,-7.82406462157498,-28.2186459040627
"Conservancy_19","Omatendeka","Vervet monkey","Omnivore","Omnivore",391926,386443,411388,371207,394442,373743,397916,348831,370664,0,-5483,19462,-20719,2516,-18183,5990,-43095,-21262,0,-1.39897459639912,4.96583472617428,-5.28642044048835,0.641861229818995,-4.6394138604815,1.52835136761428,-10.9956822745102,-5.42505717176342
"Conservancy_19","Omatendeka","Warthog","Grazer","General_Grazer",29076,26545,49914,25036,47484,25690,48294,23501,44603,0,-2531,20838,-4040,18407,-3386,19218,-5575,15527,0,-8.70462160760169,71.6658443831142,-13.8949470997,63.3078104954929,-11.6453809347776,66.0946756043606,-19.1740728698016,53.4016182676981
"Conservancy_20","//Gamaseb","Baboon","Omnivore","Omnivore",9719,6740,27228,6167,25990,6502,26238,5563,23404,0,-2978,17509,-3551,16272,-3217,16519,-4156,13686,0,-30.6437065815688,180.15909320602,-36.541197457371,167.428781223354,-33.100351268013,169.976094990865,-42.7639162111469,140.821616704416
"Conservancy_20","//Gamaseb","Black rhinoceros","Browser","Shrub_Browser",305,228,477,215,455,220,459,194,410,0,-77,172,-90,150,-85,154,-112,105,0,-25.2027549612024,56.3047432197327,-29.5846277780764,49.2816346302783,-27.9005895161126,50.6180311773965,-36.562486734938,34.4204080423087
"Conservancy_20","//Gamaseb","Black-backed Jackal","Carnivore","Carnivore",,,,,,,,,,,,,,,,,,,,,,,,,,,
"Conservancy_20","//Gamaseb","Black-faced Impala","Mixed","Mixed_Open",8665,5881,28717,5317,27413,5674,27673,4798,24685,0,-2784,20051,-3348,18747,-2991,19008,-3867,16020,0,-32.1302024790163,231.391851740285,-38.6380546680114,216.342034711951,-34.5161673461617,219.347974661403,-44.6276628370264,184.870883513546
"Conservancy_20","//Gamaseb","Blue wildebeest","Grazer","General_Grazer",2192,1496,8023,1345,7661,1443,7732,1214,6899,0,-697,5831,-847,5468,-749,5539,-978,4706,0,-31.7734003017455,265.980972471608,-38.6583348502596,249.444164002778,-34.1635691307939,252.678892597218,-44.6323500121924,214.679151529486
"Conservancy_20","//Gamaseb","Buffalo","Grazer","General_Grazer",965,658,3530,592,3371,635,3402,534,3035,0,-306,2566,-373,2406,-330,2437,-431,2071,0,-31.7734003017455,265.980972471608,-38.6583348502596,249.444164002778,-34.1635691307938,252.678892597218,-44.6323500121924,214.679151529487
"Conservancy_20","//Gamaseb","Burchell's zebra","Grazer","General_Grazer",1507,1028,5516,925,5267,992,5315,834,4743,0,-479,4009,-583,3760,-515,3808,-673,3236,0,-31.7734003017455,265.980972471608,-38.6583348502596,249.444164002778,-34.1635691307939,252.678892597218,-44.6323500121924,214.679151529487
"Conservancy_20","//Gamaseb","Bushpig","Omnivore","Omnivore",3887,2696,10891,2467,10396,2601,10495,2225,9362,0,-1191,7004,-1421,6509,-1287,6608,-1662,5474,0,-30.6437065815688,180.15909320602,-36.541197457371,167.428781223354,-33.100351268013,169.976094990865,-42.7639162111469,140.821616704416
"Conservancy_20","//Gamaseb","Cheetah","Carnivore","Carnivore",,,,,,,,,,,,,,,,,,,,,,,,,,,
"Conservancy_20","//Gamaseb","Damara dik dik","Browser","Shrub_Browser",61008,45632,95358,42959,91073,43986,91889,38702,82007,0,-15376,34350,-18049,30066,-17022,30881,-22306,20999,0,-25.2027549612024,56.3047432197327,-29.5846277780764,49.2816346302783,-27.9005895161126,50.6180311773965,-36.562486734938,34.4204080423087
"Conservancy_20","//Gamaseb","Duiker","Browser","Woodland_Browser",7984,4711,16618,4284,15805,4545,16015,3865,14234,0,-3273,8633,-3700,7821,-3439,8030,-4120,6249,0,-40.9963406275522,108.126543307093,-46.3420008244896,97.948661647607,-43.0778029012774,100.576583700161,-51.5973670436137,78.2700101490804
"Conservancy_20","//Gamaseb","Eland","Mixed","Mixed_Open",867,588,2872,532,2741,567,2767,480,2469,0,-278,2005,-335,1875,-299,1901,-387,1602,0,-32.1302024790163,231.391851740284,-38.6380546680114,216.342034711951,-34.5161673461618,219.347974661403,-44.6276628370264,184.870883513546
"Conservancy_20","//Gamaseb","Elephant","Mixed","Large_Mixed",116,84,302,77,288,81,291,69,259,0,-32,186,-39,172,-35,175,-46,144,0,-27.8538446170642,160.542465660764,-33.4634814585446,148.826250573187,-30.4222354665008,151.069019929434,-40.006533403449,124.065503383924
"Conservancy_20","//Gamaseb","Gemsbok","Mixed","Arid_Mixed",3111,2423,7248,2263,6931,2336,6984,2039,6241,0,-688,4137,-849,3820,-775,3873,-1072,3130,0,-22.1227552041254,132.9511575461,-27.2822400143074,122.765019434817,-24.9172609554213,124.473278329905,-34.4640404098827,100.588166102516
"Conservancy_20","//Gamaseb","Giraffe","Browser","Woodland_Browser",164,97,342,88,325,94,330,80,293,0,-67,178,-76,161,-71,165,-85,129,0,-40.9963406275522,108.126543307093,-46.3420008244896,97.948661647607,-43.0778029012774,100.576583700161,-51.5973670436137,78.2700101490804
"Conservancy_20","//Gamaseb","Hartmann's zebra","Grazer","Arid_Grazer",2581,2038,6143,1904,5876,1965,5920,1716,5291,0,-543,3562,-677,3295,-616,3339,-865,2710,0,-21.030307849547,138.026794078037,-26.2186561949046,127.682561740719,-23.8651208138249,129.362873079428,-33.5065369451648,105.014750385027
"Conservancy_20","//Gamaseb","Hippopotamus","Grazer","Wetland_Grazer",107,62,534,53,510,60,515,48,459,0,-45,427,-55,402,-47,408,-60,352,0,-42.1732426381843,397.793672875315,-50.7888412556755,374.916210253987,-44.1308226352052,379.71266007216,-55.4789016161257,327.684302431327
"Conservancy_20","//Gamaseb","Impala","Mixed","Mixed_Open",8665,5881,28717,5317,27413,5674,27673,4798,24685,0,-2784,20051,-3348,18747,-2991,19008,-3867,16020,0,-32.1302024790163,231.391851740285,-38.6380546680114,216.342034711951,-34.5161673461617,219.347974661403,-44.6276628370264,184.870883513546
"Conservancy_20","//Gamaseb","Klipspringer","Browser","Rocky_Browser",50882,44107,54054,42314,51939,42497,52079,38095,46757,0,-6775,3172,-8568,1056,-8385,1197,-12787,-4125,0,-13.314786755628,6.23418169258895,-16.8392720022787,2.07633284158078,-16.4797917395113,2.35206984259863,-25.1316144118018,-8.10705785630011
"Conservancy_20","//Gamaseb","Kudu","Browser","Woodland_Browser",735,434,1531,395,1456,419,1475,356,1311,0,-301,795,-341,720,-317,740,-379,576,0,-40.9963406275522,108.126543307093,-46.3420008244896,97.948661647607,-43.0778029012774,100.576583700161,-51.5973670436137,78.2700101490804
"Conservancy_20","//Gamaseb","Leopard","Carnivore","Carnivore",,,,,,,,,,,,,,,,,,,,,,,,,,,
"Conservancy_20","//Gamaseb","Ostrich","Mixed","Mixed_Open",4333,2941,14358,2659,13706,2837,13837,2399,12343,0,-1392,10026,-1674,9374,-1495,9504,-1934,8010,0,-32.1302024790163,231.391851740285,-38.6380546680114,216.342034711951,-34.5161673461617,219.347974661403,-44.6276628370264,184.870883513546
"Conservancy_20","//Gamaseb","Red Hartebeest","Grazer","General_Grazer",3215,2194,11767,1972,11236,2117,11340,1780,10118,0,-1022,8552,-1243,8020,-1098,8124,-1435,6903,0,-31.7734003017455,265.980972471608,-38.6583348502596,249.444164002778,-34.1635691307938,252.678892597218,-44.6323500121924,214.679151529487
"Conservancy_20","//Gamaseb","Red Lechwe","Grazer","Wetland_Grazer",1878,1086,9351,924,8921,1049,9011,836,8034,0,-792,7472,-954,7042,-829,7133,-1042,6155,0,-42.1732426381843,397.793672875315,-50.7888412556755,374.916210253987,-44.1308226352052,379.712660072159,-55.4789016161257,327.684302431327
"Conservancy_20","//Gamaseb","Reedbuck","Grazer","Wetland_Grazer",3339,1931,16623,1643,15859,1866,16020,1487,14282,0,-1408,13284,-1696,12520,-1474,12680,-1853,10943,0,-42.1732426381843,397.793672875315,-50.7888412556755,374.916210253987,-44.1308226352052,379.71266007216,-55.4789016161257,327.684302431327
"Conservancy_20","//Gamaseb","Roan","Grazer","General_Grazer",2010,1371,7355,1233,7022,1323,7087,1113,6324,0,-639,5345,-777,5013,-687,5078,-897,4314,0,-31.7734003017455,265.980972471608,-38.6583348502596,249.444164002778,-34.1635691307939,252.678892597218,-44.6323500121924,214.679151529487
"Conservancy_20","//Gamaseb","Sable","Grazer","General_Grazer",2411,1645,8825,1479,8427,1588,8505,1335,7588,0,-766,6414,-932,6015,-824,6093,-1076,5177,0,-31.7734003017455,265.980972471608,-38.6583348502596,249.444164002778,-34.1635691307938,252.678892597218,-44.6323500121924,214.679151529486
"Conservancy_20","//Gamaseb","Spotted Hyaena","Carnivore","Carnivore",,,,,,,,,,,,,,,,,,,,,,,,,,,
"Conservancy_20","//Gamaseb","Springbok","Grazer","Arid_Grazer",19017,15018,45267,14031,43299,14479,43619,12645,38989,0,-3999,26249,-4986,24282,-4539,24602,-6372,19971,0,-21.030307849547,138.026794078037,-26.2186561949046,127.682561740719,-23.8651208138249,129.362873079428,-33.5065369451648,105.014750385027
"Conservancy_20","//Gamaseb","Steenbok","Browser","Shrub_Browser",30504,22816,47679,21479,45537,21993,45944,19351,41003,0,-7688,17175,-9024,15033,-8511,15440,-11153,10500,0,-25.2027549612024,56.3047432197327,-29.5846277780764,49.2816346302783,-27.9005895161126,50.6180311773965,-36.562486734938,34.4204080423087
"Conservancy_20","//Gamaseb","Vervet monkey","Omnivore","Omnivore",46649,32354,130692,29603,124754,31208,125942,26700,112342,0,-14295,84043,-17046,78104,-15441,79293,-19949,65692,0,-30.6437065815688,180.15909320602,-36.541197457371,167.428781223354,-33.100351268013,169.976094990865,-42.7639162111469,140.821616704416
"Conservancy_20","//Gamaseb","Warthog","Grazer","General_Grazer",6890,4701,25216,4226,24076,4536,24299,3815,21681,0,-2189,18326,-2664,17186,-2354,17409,-3075,14791,0,-31.7734003017455,265.980972471608,-38.6583348502596,249.444164002778,-34.1635691307939,252.678892597218,-44.6323500121924,214.679151529487
"Conservancy_21","Ehi-Rovipuka","Baboon","Omnivore","Omnivore",117737,116821,117956,112501,113504,112964,114064,105859,106802,0,-916,219,-5236,-4233,-4773,-3673,-11878,-10935,0,-0.778027842118367,0.186417641081154,-4.44720438013964,-3.59544141418126,-4.05435198990265,-3.11992780013403,-10.0885849629075,-9.28744411470665
"Conservancy_21","Ehi-Rovipuka","Black rhinoceros","Browser","Shrub_Browser",4966,5142,3909,4983,3788,4973,3781,4688,3563,0,176,-1057,17,-1179,7,-1185,-278,-1403,0,3.53859635866373,-21.2786804342969,0.341064725127891,-23.7327455589376,0.136922145191317,-23.8665840026571,-5.59862921966162,-28.2451240763305
"Conservancy_21","Ehi-Rovipuka","Black-backed Jackal","Carnivore","Carnivore",,,,,,,,,,,,,,,,,,,,,,,,,,,
"Conservancy_21","Ehi-Rovipuka","Black-faced Impala","Mixed","Mixed_Open",82894,79341,97805,75973,93757,76710,94570,71498,88227,0,-3552,14911,-6921,10863,-6184,11677,-11396,5334,0,-4.28543769721786,17.9885118852762,-8.34919893389332,13.1048930633193,-7.46010223114996,14.0863933700251,-13.7473039599156,6.43457159648917
"Conservancy_21","Ehi-Rovipuka","Blue wildebeest","Grazer","General_Grazer",13702,12135,21050,11469,20078,11728,20352,10797,18895,0,-1568,7348,-2233,6375,-1974,6650,-2905,5193,0,-11.4411862167597,53.62381792707,-16.299476410474,46.526976023361,-14.4078723179626,48.529155482688,-21.2022970796956,37.8988085161213
"Conservancy_21","Ehi-Rovipuka","Buffalo","Grazer","General_Grazer",6029,5339,9262,5046,8834,5160,8955,4751,8314,0,-690,3233,-983,2805,-869,2926,-1278,2285,0,-11.4411862167597,53.62381792707,-16.299476410474,46.526976023361,-14.4078723179626,48.529155482688,-21.2022970796956,37.8988085161213
"Conservancy_21","Ehi-Rovipuka","Burchell's zebra","Grazer","General_Grazer",9420,8343,14472,7885,13803,8063,13992,7423,12991,0,-1078,5052,-1535,4383,-1357,4572,-1997,3570,0,-11.4411862167597,53.62381792707,-16.299476410474,46.526976023361,-14.4078723179626,48.529155482688,-21.2022970796956,37.8988085161213
"Conservancy_21","Ehi-Rovipuka","Bushpig","Omnivore","Omnivore",47095,46728,47183,45000,45402,45185,45625,42344,42721,0,-366,88,-2094,-1693,-1909,-1469,-4751,-4374,0,-0.778027842118373,0.186417641081151,-4.44720438013964,-3.59544141418126,-4.05435198990265,-3.11992780013403,-10.0885849629076,-9.28744411470665
"Conservancy_21","Ehi-Rovipuka","Cheetah","Carnivore","Carnivore",,,,,,,,,,,,,,,,,,,,,,,,,,,
"Conservancy_21","Ehi-Rovipuka","Damara dik dik","Browser","Shrub_Browser",993222,1028368,781877,996609,757503,994582,756174,937615,712685,0,35146,-211344,3388,-235719,1360,-237048,-55607,-280537,0,3.53859635866373,-21.2786804342969,0.341064725127888,-23.7327455589376,0.136922145191329,-23.8665840026571,-5.59862921966162,-28.2451240763305
"Conservancy_21","Ehi-Rovipuka","Duiker","Browser","Woodland_Browser",239127,248336,185616,240781,179944,240179,179516,226526,169296,0,9210,-53510,1654,-59183,1052,-59611,-12600,-69831,0,3.85132684192694,-22.3774096961431,0.691861995714789,-24.7496378240575,0.439979604112796,-24.9287322729653,-5.26937823613648,-29.2024713358267
"Conservancy_21","Ehi-Rovipuka","Eland","Mixed","Mixed_Open",8289,7934,9780,7597,9376,7671,9457,7150,8823,0,-355,1491,-692,1086,-618,1168,-1140,533,0,-4.28543769721787,17.9885118852762,-8.34919893389332,13.1048930633193,-7.46010223114997,14.0863933700251,-13.7473039599157,6.43457159648916
"Conservancy_21","Ehi-Rovipuka","Elephant","Mixed","Large_Mixed",1221,1209,1239,1164,1192,1169,1198,1095,1121,0,-12,18,-58,-30,-52,-23,-126,-100,0,-1.01241925196857,1.43495050400535,-4.71537484636685,-2.4287036331834,-4.28187469514864,-1.9130833272768,-10.3400327861187,-8.18906338319218
"Conservancy_21","Ehi-Rovipuka","Gemsbok","Mixed","Arid_Mixed",19501,18729,22498,17942,21571,18108,21754,16885,20299,0,-772,2996,-1559,2070,-1393,2253,-2616,798,0,-3.96042778817805,15.3650345232225,-7.99612969412585,10.6139996401232,-7.14324629985859,11.5511344751135,-13.4169073138691,4.08964521721966
"Conservancy_21","Ehi-Rovipuka","Giraffe","Browser","Woodland_Browser",4923,5113,3822,4957,3705,4945,3696,4664,3486,0,190,-1102,34,-1218,22,-1227,-259,-1438,0,3.85132684192695,-22.3774096961431,0.69186199571479,-24.7496378240575,0.439979604112799,-24.9287322729653,-5.26937823613648,-29.2024713358267
"Conservancy_21","Ehi-Rovipuka","Hartmann's zebra","Grazer","Arid_Grazer",11786,10856,15846,10328,15144,10494,15321,9721,14252,0,-931,4059,-1458,3358,-1292,3535,-2065,2466,0,-7.89504869843498,34.4410647721804,-12.3713451963179,28.4899468328789,-10.9628509891364,29.9889926662998,-17.5199040201621,20.9184569940283
"Conservancy_21","Ehi-Rovipuka","Hippopotamus","Grazer","Wetland_Grazer",773,653,1355,611,1290,631,1310,576,1214,0,-121,582,-162,517,-143,537,-197,441,0,-15.6013837783774,75.2843952041395,-20.9143903832197,66.8704882293798,-18.4483620562931,69.4644643368265,-25.529078397013,57.0505606976609
"Conservancy_21","Ehi-Rovipuka","Impala","Mixed","Mixed_Open",82894,79341,97805,75973,93757,76710,94570,71498,88227,0,-3552,14911,-6921,10863,-6184,11677,-11396,5334,0,-4.28543769721786,17.9885118852762,-8.34919893389332,13.1048930633193,-7.46010223114996,14.0863933700251,-13.7473039599156,6.43457159648917
"Conservancy_21","Ehi-Rovipuka","Klipspringer","Browser","Rocky_Browser",341021,352185,267766,341142,259286,340618,258966,320948,243945,0,11165,-73254,121,-81735,-403,-82055,-20073,-97076,0,3.27390704862629,-21.4809500158814,0.0355954427327594,-23.9677736584072,-0.118133401201452,-24.0614558687589,-5.88608951495287,-28.4663052039695
"Conservancy_21","Ehi-Rovipuka","Kudu","Browser","Woodland_Browser",22025,22873,17096,22177,16574,22122,16534,20864,15593,0,848,-4929,152,-5451,97,-5491,-1161,-6432,0,3.85132684192693,-22.3774096961431,0.691861995714773,-24.7496378240575,0.439979604112796,-24.9287322729653,-5.26937823613649,-29.2024713358267
"Conservancy_21","Ehi-Rovipuka","Leopard","Carnivore","Carnivore",,,,,,,,,,,,,,,,,,,,,,,,,,,
"Conservancy_21","Ehi-Rovipuka","Ostrich","Mixed","Mixed_Open",41447,39671,48902,37986,46878,38355,47285,35749,44114,0,-1776,7456,-3460,5432,-3092,5838,-5698,2667,0,-4.28543769721786,17.9885118852762,-8.34919893389332,13.1048930633193,-7.46010223114996,14.0863933700251,-13.7473039599156,6.43457159648917
"Conservancy_21","Ehi-Rovipuka","Red Hartebeest","Grazer","General_Grazer",20097,17798,30874,16821,29447,17201,29850,15836,27713,0,-2299,10777,-3276,9350,-2896,9753,-4261,7616,0,-11.4411862167597,53.62381792707,-16.299476410474,46.526976023361,-14.4078723179626,48.529155482688,-21.2022970796956,37.8988085161213
"Conservancy_21","Ehi-Rovipuka","Red Lechwe","Grazer","Wetland_Grazer",13530,11420,23717,10701,22578,11034,22929,10076,21250,0,-2111,10186,-2830,9048,-2496,9399,-3454,7719,0,-15.6013837783774,75.2843952041395,-20.9143903832197,66.8704882293798,-18.4483620562931,69.4644643368265,-25.529078397013,57.0505606976609
"Conservancy_21","Ehi-Rovipuka","Reedbuck","Grazer","Wetland_Grazer",24054,20301,42163,19023,40139,19617,40763,17913,37777,0,-3753,18109,-5031,16085,-4438,16709,-6141,13723,0,-15.6013837783774,75.2843952041395,-20.9143903832197,66.8704882293798,-18.4483620562931,69.4644643368265,-25.529078397013,57.0505606976609
"Conservancy_21","Ehi-Rovipuka","Roan","Grazer","General_Grazer",12561,11123,19296,10513,18405,10751,18656,9897,17321,0,-1437,6735,-2047,5844,-1810,6096,-2663,4760,0,-11.4411862167597,53.62381792707,-16.299476410474,46.526976023361,-14.4078723179626,48.529155482688,-21.2022970796956,37.8988085161213
"Conservancy_21","Ehi-Rovipuka","Sable","Grazer","General_Grazer",15073,13348,23155,12616,22086,12901,22387,11877,20785,0,-1724,8083,-2457,7013,-2172,7315,-3196,5712,0,-11.4411862167597,53.62381792707,-16.299476410474,46.526976023361,-14.4078723179626,48.529155482688,-21.2022970796956,37.8988085161213
"Conservancy_21","Ehi-Rovipuka","Spotted Hyaena","Carnivore","Carnivore",,,,,,,,,,,,,,,,,,,,,,,,,,,
"Conservancy_21","Ehi-Rovipuka","Springbok","Grazer","Arid_Grazer",86848,79991,116759,76103,111590,77327,112892,71632,105015,0,-6857,29911,-10744,24743,-9521,26045,-15216,18167,0,-7.895048698435,34.4410647721804,-12.3713451963179,28.4899468328789,-10.9628509891364,29.9889926662998,-17.5199040201621,20.9184569940282
"Conservancy_21","Ehi-Rovipuka","Steenbok","Browser","Shrub_Browser",496611,514184,390939,498305,378751,497291,378087,468807,356343,0,17573,-105672,1694,-117859,680,-118524,-27803,-140268,0,3.53859635866373,-21.2786804342969,0.341064725127888,-23.7327455589376,0.136922145191329,-23.8665840026571,-5.59862921966162,-28.2451240763305
"Conservancy_21","Ehi-Rovipuka","Vervet monkey","Omnivore","Omnivore",565138,560741,566191,540005,544818,542225,547506,508123,512651,0,-4397,1054,-25133,-20319,-22913,-17632,-57014,-52487,0,-0.778027842118363,0.186417641081166,-4.44720438013963,-3.59544141418126,-4.05435198990264,-3.11992780013402,-10.0885849629075,-9.28744411470664
"Conservancy_21","Ehi-Rovipuka","Warthog","Grazer","General_Grazer",43065,38138,66158,36045,63101,36860,63964,33934,59386,0,-4927,23093,-7019,20037,-6205,20899,-9131,16321,0,-11.4411862167597,53.62381792707,-16.299476410474,46.526976023361,-14.4078723179626,48.529155482688,-21.2022970796956,37.8988085161213
"Conservancy_22","/Audi","Baboon","Omnivore","Omnivore",18729,18047,18047,17290,17290,17366,17366,16023,16023,0,-682,-682,-1439,-1439,-1363,-1363,-2706,-2706,0,-3.64162454546239,-3.64162454546239,-7.68339567694555,-7.68339567694555,-7.27945734029594,-7.27945734029594,-14.4488471310414,-14.4488471310414
"Conservancy_22","/Audi","Black rhinoceros","Browser","Shrub_Browser",895,865,503,829,482,832,484,768,447,0,-30,-392,-66,-413,-63,-411,-127,-448,0,-3.3519801795027,-43.800077600582,-7.40596474205002,-46.1581670583317,-7.00089855415051,-45.9205885720335,-14.1920062456187,-50.1040315208826
"Conservancy_22","/Audi","Black-backed Jackal","Carnivore","Carnivore",,,,,,,,,,,,,,,,,,,,,,,,,,,
"Conservancy_22","/Audi","Black-faced Impala","Mixed","Mixed_Open",11743,11280,16275,10807,15592,10854,15660,10015,14450,0,-463,4532,-937,3849,-889,3917,-1728,2707,0,-3.94623836382743,38.5923049294694,-7.97516484749756,32.779835784069,-7.57241265190971,33.3587318108855,-14.718962113467,23.0490749345663
"Conservancy_22","/Audi","Blue wildebeest","Grazer","General_Grazer",1458,1387,3872,1329,3709,1335,3725,1232,3438,0,-71,2414,-129,2251,-123,2267,-226,1979,0,-4.86175573810641,165.526455277308,-8.85207760987003,154.392150093596,-8.45289036335846,155.496881770191,-15.5307931748122,135.749146568501
"Conservancy_22","/Audi","Buffalo","Grazer","General_Grazer",642,610,1704,585,1632,587,1639,542,1513,0,-31,1062,-57,991,-54,998,-100,871,0,-4.86175573810641,165.526455277308,-8.85207760987003,154.392150093596,-8.45289036335846,155.496881770191,-15.5307931748122,135.749146568501
"Conservancy_22","/Audi","Burchell's zebra","Grazer","General_Grazer",1002,954,2662,914,2550,918,2561,847,2363,0,-49,1659,-89,1548,-85,1559,-156,1361,0,-4.86175573810642,165.526455277308,-8.85207760987002,154.392150093596,-8.45289036335847,155.496881770191,-15.5307931748122,135.749146568501
"Conservancy_22","/Audi","Bushpig","Omnivore","Omnivore",7492,7219,7219,6916,6916,6946,6946,6409,6409,0,-273,-273,-576,-576,-545,-545,-1082,-1082,0,-3.6416245454624,-3.6416245454624,-7.68339567694556,-7.68339567694556,-7.27945734029594,-7.27945734029594,-14.4488471310415,-14.4488471310415
"Conservancy_22","/Audi","Cheetah","Carnivore","Carnivore",,,,,,,,,,,,,,,,,,,,,,,,,,,
"Conservancy_22","/Audi","Damara dik dik","Browser","Shrub_Browser",178985,172985,100589,165729,96369,166454,96794,153583,89306,0,-6000,-78395,-13256,-82616,-12531,-82191,-25401,-89678,0,-3.3519801795027,-43.800077600582,-7.40596474205001,-46.1581670583317,-7.00089855415052,-45.9205885720335,-14.1920062456187,-50.1040315208826
"Conservancy_22","/Audi","Duiker","Browser","Woodland_Browser",43458,42008,23598,40246,22608,40422,22708,37296,20951,0,-1451,-19860,-3213,-20850,-3037,-20750,-6162,-22507,0,-3.33828496199112,-45.698884600323,-7.39284701063741,-47.9773647528281,-6.98772749469149,-47.7476522380574,-14.179862070882,-51.7899110442687
"Conservancy_22","/Audi","Eland","Mixed","Mixed_Open",1174,1128,1627,1081,1559,1085,1566,1001,1445,0,-46,453,-94,385,-89,392,-173,271,0,-3.94623836382744,38.5923049294694,-7.97516484749757,32.779835784069,-7.5724126519097,33.3587318108855,-14.718962113467,23.0490749345663
"Conservancy_22","/Audi","Elephant","Mixed","Large_Mixed",193,186,191,178,183,179,184,165,169,0,-7,-2,-15,-10,-14,-9,-28,-23,0,-3.66084098640664,-0.977313990037365,-7.70180181841794,-5.13078889778768,-7.29793830900297,-4.71581342520353,-14.4658872267134,-12.0833057095357
"Conservancy_22","/Audi","Gemsbok","Mixed","Arid_Mixed",2794,2685,3702,2572,3547,2584,3562,2384,3287,0,-109,908,-222,753,-210,768,-410,493,0,-3.90227203710163,32.4964857963276,-7.93305244842828,26.9395897166221,-7.53012905159372,27.4932332876888,-14.6799751639104,17.6368257400823
"Conservancy_22","/Audi","Giraffe","Browser","Woodland_Browser",895,865,486,829,465,832,468,768,431,0,-30,-409,-66,-429,-63,-427,-127,-463,0,-3.33828496199112,-45.698884600323,-7.3928470106374,-47.9773647528281,-6.98772749469149,-47.7476522380574,-14.179862070882,-51.7899110442687
"Conservancy_22","/Audi","Hartmann's zebra","Grazer","Arid_Grazer",1460,1397,2781,1339,2664,1345,2676,1241,2469,0,-63,1320,-122,1204,-116,1215,-220,1008,0,-4.31991883286064,90.4021494730175,-8.33308833595414,82.4175028869866,-7.93179122126408,83.2110256568493,-15.0503216488534,69.049092860399
"Conservancy_22","/Audi","Hippopotamus","Grazer","Wetland_Grazer",66,63,259,60,248,60,249,56,230,0,-4,193,-6,182,-6,183,-11,164,0,-5.76009729702253,290.079222605148,-9.71253880931317,273.722923151019,-9.31684963067079,275.34362539314,-16.3273936563702,246.334877528897
"Conservancy_22","/Audi","Impala","Mixed","Mixed_Open",11743,11280,16275,10807,15592,10854,15660,10015,14450,0,-463,4532,-937,3849,-889,3917,-1728,2707,0,-3.94623836382743,38.5923049294694,-7.97516484749756,32.779835784069,-7.57241265190971,33.3587318108855,-14.718962113467,23.0490749345663
"Conservancy_22","/Audi","Klipspringer","Browser","Rocky_Browser",61017,58972,34292,56499,32853,56746,32998,52358,30445,0,-2045,-26726,-4519,-28165,-4272,-28020,-8660,-30572,0,-3.35198017950273,-43.800077600582,-7.40596474205004,-46.1581670583318,-7.00089855415053,-45.9205885720335,-14.1920062456187,-50.1040315208826
"Conservancy_22","/Audi","Kudu","Browser","Woodland_Browser",4003,3869,2174,3707,2082,3723,2092,3435,1930,0,-134,-1829,-296,-1920,-280,-1911,-568,-2073,0,-3.33828496199111,-45.698884600323,-7.3928470106374,-47.9773647528281,-6.98772749469148,-47.7476522380574,-14.1798620708819,-51.7899110442687
"Conservancy_22","/Audi","Leopard","Carnivore","Carnivore",,,,,,,,,,,,,,,,,,,,,,,,,,,
"Conservancy_22","/Audi","Ostrich","Mixed","Mixed_Open",5872,5640,8137,5403,7796,5427,7830,5007,7225,0,-232,2266,-468,1925,-445,1959,-864,1353,0,-3.94623836382743,38.5923049294694,-7.97516484749756,32.779835784069,-7.57241265190971,33.3587318108855,-14.718962113467,23.0490749345663
"Conservancy_22","/Audi","Red Hartebeest","Grazer","General_Grazer",2139,2035,5679,1949,5440,1958,5464,1806,5042,0,-104,3540,-189,3302,-181,3325,-332,2903,0,-4.86175573810643,165.526455277307,-8.85207760987004,154.392150093596,-8.45289036335848,155.496881770191,-15.5307931748122,135.749146568501
"Conservancy_22","/Audi","Red Lechwe","Grazer","Wetland_Grazer",1162,1095,4534,1049,4344,1054,4363,973,4026,0,-67,3372,-113,3182,-108,3201,-190,2863,0,-5.76009729702253,290.079222605148,-9.71253880931316,273.722923151019,-9.31684963067077,275.34362539314,-16.3273936563702,246.334877528897
"Conservancy_22","/Audi","Reedbuck","Grazer","Wetland_Grazer",2066,1947,8061,1866,7723,1874,7756,1729,7157,0,-119,5994,-201,5656,-193,5690,-337,5090,0,-5.76009729702254,290.079222605148,-9.71253880931316,273.722923151019,-9.31684963067079,275.34362539314,-16.3273936563702,246.334877528897
"Conservancy_22","/Audi","Roan","Grazer","General_Grazer",1337,1272,3549,1218,3400,1224,3415,1129,3151,0,-65,2212,-118,2064,-113,2078,-208,1814,0,-4.86175573810642,165.526455277308,-8.85207760987002,154.392150093596,-8.45289036335846,155.496881770191,-15.5307931748122,135.749146568501
"Conservancy_22","/Audi","Sable","Grazer","General_Grazer",1604,1526,4259,1462,4080,1468,4098,1355,3781,0,-78,2655,-142,2476,-136,2494,-249,2177,0,-4.86175573810643,165.526455277308,-8.85207760987002,154.392150093596,-8.45289036335846,155.496881770191,-15.5307931748122,135.749146568501
"Conservancy_22","/Audi","Spotted Hyaena","Carnivore","Carnivore",,,,,,,,,,,,,,,,,,,,,,,,,,,
"Conservancy_22","/Audi","Springbok","Grazer","Arid_Grazer",10761,10296,20488,9864,19629,9907,19714,9141,18191,0,-465,9728,-897,8869,-854,8954,-1619,7430,0,-4.31991883286064,90.4021494730175,-8.33308833595414,82.4175028869866,-7.93179122126409,83.2110256568492,-15.0503216488534,69.0490928603989
"Conservancy_22","/Audi","Steenbok","Browser","Shrub_Browser",89492,86493,50295,82865,48184,83227,48397,76792,44653,0,-3000,-39198,-6628,-41308,-6265,-41095,-12701,-44839,0,-3.3519801795027,-43.800077600582,-7.40596474205001,-46.1581670583317,-7.00089855415052,-45.9205885720335,-14.1920062456187,-50.1040315208826
"Conservancy_22","/Audi","Vervet monkey","Omnivore","Omnivore",89899,86625,86625,82992,82992,83355,83355,76910,76910,0,-3274,-3274,-6907,-6907,-6544,-6544,-12989,-12989,0,-3.6416245454624,-3.6416245454624,-7.68339567694557,-7.68339567694557,-7.27945734029595,-7.27945734029595,-14.4488471310415,-14.4488471310415
"Conservancy_22","/Audi","Warthog","Grazer","General_Grazer",4583,4360,12168,4177,11658,4195,11709,3871,10804,0,-223,7586,-406,7075,-387,7126,-712,6221,0,-4.86175573810643,165.526455277308,-8.85207760987003,154.392150093596,-8.45289036335846,155.496881770191,-15.5307931748122,135.749146568501
"Conservancy_23","Uukolonkadhi Ruacana","Baboon","Omnivore","Omnivore",164732,162508,162661,156700,156779,156826,156985,150016,150090,0,-2223,-2071,-8032,-7953,-7906,-7747,-14716,-14642,0,-1.349758078606,-1.25737396860966,-4.87555488446941,-4.82801486410855,-4.79928863075513,-4.70290509042436,-8.93344428599341,-8.88844264345667
"Conservancy_23","Uukolonkadhi Ruacana","Black rhinoceros","Browser","Shrub_Browser",6655,6802,4985,6595,4831,6564,4809,6314,4625,0,147,-1670,-60,-1825,-91,-1847,-341,-2031,0,2.20691710612463,-25.0880600186806,-0.897122946682175,-27.4163765348706,-1.37151130028785,-27.7457912576241,-5.12367508561511,-30.5115529198491
"Conservancy_23","Uukolonkadhi Ruacana","Black-backed Jackal","Carnivore","Carnivore",,,,,,,,,,,,,,,,,,,,,,,,,,,
"Conservancy_23","Uukolonkadhi Ruacana","Black-faced Impala","Mixed","Mixed_Open",112375,113201,139513,109489,134560,109247,134739,104817,128818,0,826,27138,-2886,22185,-3128,22364,-7558,16443,0,0.735224652591802,24.1494715839922,-2.56813110013434,19.7422259351386,-2.78345366005422,19.901598616199,-6.72594541384406,14.6320291051649
"Conservancy_23","Uukolonkadhi Ruacana","Blue wildebeest","Grazer","General_Grazer",18722,18628,31490,17979,30322,17978,30431,17212,29027,0,-94,12768,-742,11600,-743,11710,-1510,10305,0,-0.50322236254854,68.1994915929433,-3.96547003884276,61.9588038052096,-3.97119302093311,62.5446586392206,-8.06596669284029,55.0447522756288
"Conservancy_23","Uukolonkadhi Ruacana","Buffalo","Grazer","General_Grazer",8238,8196,13856,7911,13342,7911,13390,7573,12772,0,-41,5618,-327,5104,-327,5152,-664,4534,0,-0.503222362548547,68.1994915929433,-3.96547003884277,61.9588038052096,-3.97119302093311,62.5446586392206,-8.06596669284029,55.0447522756288
"Conservancy_23","Uukolonkadhi Ruacana","Burchell's zebra","Grazer","General_Grazer",12871,12807,21649,12361,20846,12360,20922,11833,19956,0,-65,8778,-510,7975,-511,8050,-1038,7085,0,-0.503222362548551,68.1994915929433,-3.96547003884277,61.9588038052096,-3.97119302093312,62.5446586392206,-8.0659666928403,55.0447522756288
"Conservancy_23","Uukolonkadhi Ruacana","Bushpig","Omnivore","Omnivore",65893,65003,65064,62680,62711,62730,62794,60006,60036,0,-889,-829,-3213,-3181,-3162,-3099,-5886,-5857,0,-1.34975807860602,-1.25737396860968,-4.87555488446941,-4.82801486410855,-4.79928863075513,-4.70290509042437,-8.93344428599342,-8.88844264345668
"Conservancy_23","Uukolonkadhi Ruacana","Cheetah","Carnivore","Carnivore",,,,,,,,,,,,,,,,,,,,,,,,,,,
"Conservancy_23","Uukolonkadhi Ruacana","Damara dik dik","Browser","Shrub_Browser",1331024,1360399,997096,1319083,966106,1312769,961721,1262827,924908,0,29375,-333928,-11941,-364919,-18255,-369303,-68197,-406116,0,2.20691710612463,-25.0880600186806,-0.897122946682176,-27.4163765348706,-1.37151130028786,-27.7457912576241,-5.1236750856151,-30.5115529198491
"Conservancy_23","Uukolonkadhi Ruacana","Duiker","Browser","Woodland_Browser",321827,328370,236052,318378,228528,316873,227444,304800,218784,0,6543,-85775,-3449,-93299,-4954,-94383,-17027,-103043,0,2.03311811598583,-26.652422122069,-1.07176057668288,-28.9903101571607,-1.53946981839874,-29.3273496676434,-5.29077843133115,-32.0182449397757
"Conservancy_23","Uukolonkadhi Ruacana","Eland","Mixed","Mixed_Open",11237,11320,13951,10949,13456,10925,13474,10482,12882,0,83,2714,-289,2219,-313,2236,-756,1644,0,0.735224652591805,24.1494715839922,-2.56813110013433,19.7422259351385,-2.78345366005422,19.901598616199,-6.72594541384406,14.6320291051649
"Conservancy_23","Uukolonkadhi Ruacana","Elephant","Mixed","Large_Mixed",1642,1667,1705,1615,1647,1609,1646,1546,1577,0,25,63,-27,5,-33,4,-96,-65,0,1.54828502699978,3.83784064945162,-1.63986182371859,0.29520002604114,-2.00228454981841,0.232606035357404,-5.8362444855544,-3.9840489341456
"Conservancy_23","Uukolonkadhi Ruacana","Gemsbok","Mixed","Arid_Mixed",26122,26473,31865,25625,30754,25548,30780,24532,29441,0,351,5743,-496,4632,-574,4659,-1590,3320,0,1.344768053023,21.9859942929107,-1.89944043068189,17.7337769019621,-2.19568218287014,17.8357140614894,-6.08569491545006,12.7094166826666
"Conservancy_23","Uukolonkadhi Ruacana","Giraffe","Browser","Woodland_Browser",6626,6761,4860,6555,4705,6524,4683,6275,4504,0,135,-1766,-71,-1921,-102,-1943,-351,-2121,0,2.03311811598585,-26.652422122069,-1.07176057668287,-28.9903101571607,-1.53946981839874,-29.3273496676433,-5.29077843133114,-32.0182449397757
"Conservancy_23","Uukolonkadhi Ruacana","Hartmann's zebra","Grazer","Arid_Grazer",15796,15918,23124,15393,22292,15362,22345,14736,21341,0,121,7327,-404,6496,-434,6548,-1061,5544,0,0.767847869590119,46.3865462898202,-2.55622119332893,41.1209334958645,-2.74834867552943,41.4527482828385,-6.71573057995016,35.0972772316989
"Conservancy_23","Uukolonkadhi Ruacana","Hippopotamus","Grazer","Wetland_Grazer",1081,1054,2068,1016,1990,1017,1999,972,1905,0,-27,988,-65,909,-63,918,-109,824,0,-2.47727382146826,91.3943447224549,-6.02941294006435,84.134217361108,-5.87210067943803,84.9776446997002,-10.0430993169929,76.2725720265234
"Conservancy_23","Uukolonkadhi Ruacana","Impala","Mixed","Mixed_Open",112375,113201,139513,109489,134560,109247,134739,104817,128818,0,826,27138,-2886,22185,-3128,22364,-7558,16443,0,0.735224652591802,24.1494715839922,-2.56813110013434,19.7422259351386,-2.78345366005422,19.901598616199,-6.72594541384406,14.6320291051649
"Conservancy_23","Uukolonkadhi Ruacana","Klipspringer","Browser","Rocky_Browser",451391,463141,339593,449346,329208,446926,327590,430182,315170,0,11750,-111799,-2046,-122183,-4465,-123802,-21210,-136222,0,2.60304103688824,-24.7675402536816,-0.453199481846316,-27.0681363091184,-0.98925808896059,-27.4266787650688,-4.69873349844579,-30.1781813011969
"Conservancy_23","Uukolonkadhi Ruacana","Kudu","Browser","Woodland_Browser",29642,30245,21742,29324,21049,29186,20949,28074,20151,0,603,-7900,-318,-8593,-456,-8693,-1568,-9491,0,2.03311811598583,-26.652422122069,-1.07176057668288,-28.9903101571607,-1.53946981839874,-29.3273496676434,-5.29077843133116,-32.0182449397757
"Conservancy_23","Uukolonkadhi Ruacana","Leopard","Carnivore","Carnivore",,,,,,,,,,,,,,,,,,,,,,,,,,,
"Conservancy_23","Uukolonkadhi Ruacana","Ostrich","Mixed","Mixed_Open",56187,56601,69756,54744,67280,54623,67370,52408,64409,0,413,13569,-1443,11093,-1564,11182,-3779,8221,0,0.735224652591802,24.1494715839922,-2.56813110013434,19.7422259351386,-2.78345366005422,19.901598616199,-6.72594541384406,14.6320291051649
"Conservancy_23","Uukolonkadhi Ruacana","Red Hartebeest","Grazer","General_Grazer",27459,27321,46186,26370,44472,26368,44633,25244,42573,0,-138,18727,-1089,17013,-1090,17174,-2215,15115,0,-0.503222362548556,68.1994915929433,-3.96547003884277,61.9588038052096,-3.97119302093312,62.5446586392206,-8.0659666928403,55.0447522756288
"Conservancy_23","Uukolonkadhi Ruacana","Red Lechwe","Grazer","Wetland_Grazer",18913,18444,36198,17772,34825,17802,34984,17013,33338,0,-469,17285,-1140,15912,-1111,16072,-1899,14425,0,-2.47727382146826,91.3943447224549,-6.02941294006435,84.134217361108,-5.87210067943803,84.9776446997002,-10.0430993169929,76.2725720265234
"Conservancy_23","Uukolonkadhi Ruacana","Reedbuck","Grazer","Wetland_Grazer",33623,32790,64352,31595,61911,31648,62194,30246,59267,0,-833,30729,-2027,28288,-1974,28572,-3377,25645,0,-2.47727382146827,91.3943447224549,-6.02941294006435,84.134217361108,-5.87210067943803,84.9776446997002,-10.0430993169929,76.2725720265234
"Conservancy_23","Uukolonkadhi Ruacana","Roan","Grazer","General_Grazer",17162,17075,28866,16481,27795,16480,27895,15777,26608,0,-86,11704,-681,10633,-682,10734,-1384,9447,0,-0.503222362548572,68.1994915929433,-3.96547003884279,61.9588038052096,-3.97119302093312,62.5446586392205,-8.06596669284031,55.0447522756288
"Conservancy_23","Uukolonkadhi Ruacana","Sable","Grazer","General_Grazer",20594,20490,34639,19777,33354,19776,33475,18933,31930,0,-104,14045,-817,12760,-818,12880,-1661,11336,0,-0.503222362548547,68.1994915929433,-3.96547003884277,61.9588038052096,-3.97119302093312,62.5446586392206,-8.06596669284029,55.0447522756288
"Conservancy_23","Uukolonkadhi Ruacana","Spotted Hyaena","Carnivore","Carnivore",,,,,,,,,,,,,,,,,,,,,,,,,,,
"Conservancy_23","Uukolonkadhi Ruacana","Springbok","Grazer","Arid_Grazer",116395,117289,170386,113420,164258,113196,164644,108578,157246,0,894,53992,-2975,47863,-3199,48249,-7817,40851,0,0.767847869590124,46.3865462898202,-2.55622119332893,41.1209334958645,-2.74834867552943,41.4527482828385,-6.71573057995015,35.0972772316989
"Conservancy_23","Uukolonkadhi Ruacana","Steenbok","Browser","Shrub_Browser",665512,680199,498548,659542,483053,656385,480861,631413,462454,0,14687,-166964,-5970,-182459,-9128,-184652,-34099,-203058,0,2.20691710612463,-25.0880600186806,-0.897122946682176,-27.4163765348706,-1.37151130028786,-27.7457912576241,-5.1236750856151,-30.5115529198491
"Conservancy_23","Uukolonkadhi Ruacana","Vervet monkey","Omnivore","Omnivore",790713,780041,780771,752162,752538,752765,753527,720075,720431,0,-10673,-9942,-38552,-38176,-37949,-37187,-70638,-70282,0,-1.349758078606,-1.25737396860967,-4.8755548844694,-4.82801486410855,-4.79928863075513,-4.70290509042437,-8.93344428599341,-8.88844264345668
"Conservancy_23","Uukolonkadhi Ruacana","Warthog","Grazer","General_Grazer",58840,58544,98969,56507,95297,56504,95642,54094,91229,0,-296,40129,-2333,36457,-2337,36801,-4746,32388,0,-0.503222362548556,68.1994915929433,-3.96547003884278,61.9588038052096,-3.97119302093311,62.5446586392206,-8.06596669284029,55.0447522756288
"Conservancy_24","Uukwaluudhi","Baboon","Omnivore","Omnivore",80319,78280,78282,75437,75437,75432,75432,71897,71897,0,-2039,-2037,-4883,-4883,-4888,-4887,-8422,-8422,0,-2.53866870186599,-2.53624976369988,-6.07893090889192,-6.07893090889192,-6.08552765602191,-6.08459345000666,-10.4859370835891,-10.4859370835891
"Conservancy_24","Uukwaluudhi","Black rhinoceros","Browser","Shrub_Browser",3730,3693,2618,3569,2528,3559,2523,3402,2410,0,-36,-1112,-161,-1201,-171,-1207,-328,-1320,0,-0.977157014781606,-29.8168815577046,-4.31080845460762,-32.2114243259085,-4.58082295448222,-32.3648093369016,-8.79871882704962,-35.3912495264423
"Conservancy_24","Uukwaluudhi","Black-backed Jackal","Carnivore","Carnivore",,,,,,,,,,,,,,,,,,,,,,,,,,,
"Conservancy_24","Uukwaluudhi","Black-faced Impala","Mixed","Mixed_Open",51696,49704,64563,47789,62150,47895,62203,45545,59233,0,-1992,12866,-3907,10454,-3801,10507,-6151,7537,0,-3.85411403606213,24.8886792919365,-7.55825195276553,20.2214822223759,-7.35315755750148,20.325151735457,-11.8978962709569,14.5794201180799
"Conservancy_24","Uukwaluudhi","Blue wildebeest","Grazer","General_Grazer",6945,6409,13796,6117,13259,6175,13290,5829,12637,0,-537,6851,-828,6314,-770,6345,-1116,5692,0,-7.72552587602293,98.6457423383968,-11.9275875708193,90.9154660460552,-11.0837844688969,91.3608119612047,-16.0677553251587,81.9536314836949
"Conservancy_24","Uukwaluudhi","Buffalo","Grazer","General_Grazer",3056,2820,6070,2691,5834,2717,5848,2565,5560,0,-236,3015,-364,2778,-339,2792,-491,2504,0,-7.72552587602294,98.6457423383968,-11.9275875708193,90.9154660460552,-11.0837844688969,91.3608119612047,-16.0677553251587,81.9536314836949
"Conservancy_24","Uukwaluudhi","Burchell's zebra","Grazer","General_Grazer",4775,4406,9485,4205,9116,4246,9137,4008,8688,0,-369,4710,-570,4341,-529,4362,-767,3913,0,-7.72552587602292,98.6457423383968,-11.9275875708193,90.9154660460552,-11.0837844688969,91.3608119612047,-16.0677553251587,81.953631483695
"Conservancy_24","Uukwaluudhi","Bushpig","Omnivore","Omnivore",32128,31312,31313,30175,30175,30173,30173,28759,28759,0,-816,-815,-1953,-1953,-1955,-1955,-3369,-3369,0,-2.53866870186598,-2.53624976369987,-6.07893090889191,-6.07893090889191,-6.0855276560219,-6.08459345000666,-10.4859370835891,-10.4859370835891
"Conservancy_24","Uukwaluudhi","Cheetah","Carnivore","Carnivore",,,,,,,,,,,,,,,,,,,,,,,,,,,
"Conservancy_24","Uukwaluudhi","Damara dik dik","Browser","Shrub_Browser",745973,738683,523547,713815,505684,711801,504540,680337,481964,0,-7289,-222426,-32157,-240288,-34172,-241433,-65636,-264009,0,-0.977157014781599,-29.8168815577046,-4.31080845460762,-32.2114243259085,-4.58082295448222,-32.3648093369016,-8.79871882704962,-35.3912495264423
"Conservancy_24","Uukwaluudhi","Duiker","Browser","Woodland_Browser",180896,179252,124544,173236,120312,172728,120044,165112,114668,0,-1644,-56352,-7660,-60584,-8168,-60853,-15784,-66228,0,-0.908968599678262,-31.151725148987,-4.23426011466237,-33.491234932164,-4.515113672161,-33.6395206605091,-8.72566215670909,-36.6109606244771
"Conservancy_24","Uukwaluudhi","Eland","Mixed","Mixed_Open",5170,4970,6456,4779,6215,4789,6220,4555,5923,0,-199,1287,-391,1045,-380,1051,-615,754,0,-3.85411403606211,24.8886792919365,-7.55825195276553,20.2214822223759,-7.35315755750147,20.325151735457,-11.8978962709569,14.5794201180799
"Conservancy_24","Uukwaluudhi","Elephant","Mixed","Large_Mixed",827,806,821,777,792,777,791,740,754,0,-21,-5,-50,-35,-50,-35,-86,-72,0,-2.50111897475342,-0.625835915466539,-6.03042105679737,-4.23170361408676,-6.04936703137901,-4.24700447739091,-10.4398362656939,-8.72544942077782
"Conservancy_24","Uukwaluudhi","Gemsbok","Mixed","Arid_Mixed",12249,11804,14829,11354,14277,11374,14287,10821,13607,0,-445,2580,-895,2028,-875,2038,-1428,1358,0,-3.63592981469741,21.0647190063386,-7.31036502302566,16.5588575485472,-7.14291127873453,16.6364838319525,-11.6613520149125,11.088792173055
"Conservancy_24","Uukwaluudhi","Giraffe","Browser","Woodland_Browser",3724,3690,2564,3567,2477,3556,2471,3399,2361,0,-34,-1160,-158,-1247,-168,-1253,-325,-1364,0,-0.908968599678253,-31.151725148987,-4.23426011466236,-33.491234932164,-4.515113672161,-33.6395206605091,-8.72566215670909,-36.6109606244771
"Conservancy_24","Uukwaluudhi","Hartmann's zebra","Grazer","Arid_Grazer",6642,6278,10391,6018,9995,6049,10011,5735,9525,0,-365,3749,-624,3352,-593,3368,-907,2883,0,-5.48935150660048,56.4446414261746,-9.40141277511836,50.470231366457,-8.92893384224166,50.7111522486447,-13.656941434438,43.4076962137819
"Conservancy_24","Uukwaluudhi","Hippopotamus","Grazer","Wetland_Grazer",340,303,887,287,852,292,854,273,812,0,-37,547,-53,512,-48,514,-67,472,0,-11.0061918380095,160.861945414579,-15.6320202900169,150.545469751991,-14.2451447293366,151.288520601634,-19.603044184664,138.783423908883
"Conservancy_24","Uukwaluudhi","Impala","Mixed","Mixed_Open",51696,49704,64563,47789,62150,47895,62203,45545,59233,0,-1992,12866,-3907,10454,-3801,10507,-6151,7537,0,-3.85411403606213,24.8886792919365,-7.55825195276553,20.2214822223759,-7.35315755750148,20.325151735457,-11.8978962709569,14.5794201180799
"Conservancy_24","Uukwaluudhi","Klipspringer","Browser","Rocky_Browser",254273,251815,178477,243346,172392,242651,171994,231933,164306,0,-2458,-75796,-10927,-81881,-11622,-82280,-22340,-89967,0,-0.966693571452157,-29.8089534536186,-4.29741802727805,-32.2019382180035,-4.57074267248638,-32.3587764761354,-8.78595642297674,-35.3822083927041
"Conservancy_24","Uukwaluudhi","Kudu","Browser","Woodland_Browser",16661,16510,11471,15956,11081,15909,11057,15208,10562,0,-151,-5190,-705,-5580,-752,-5605,-1454,-6100,0,-0.90896859967827,-31.151725148987,-4.23426011466237,-33.491234932164,-4.51511367216102,-33.6395206605091,-8.7256621567091,-36.6109606244771
"Conservancy_24","Uukwaluudhi","Leopard","Carnivore","Carnivore",,,,,,,,,,,,,,,,,,,,,,,,,,,
"Conservancy_24","Uukwaluudhi","Ostrich","Mixed","Mixed_Open",25848,24852,32281,23894,31075,23947,31102,22773,29617,0,-996,6433,-1954,5227,-1901,5254,-3075,3768,0,-3.85411403606213,24.8886792919365,-7.55825195276553,20.2214822223759,-7.35315755750148,20.325151735457,-11.8978962709569,14.5794201180799
"Conservancy_24","Uukwaluudhi","Red Hartebeest","Grazer","General_Grazer",10186,9399,20235,8971,19447,9057,19493,8550,18534,0,-787,10048,-1215,9261,-1129,9306,-1637,8348,0,-7.72552587602295,98.6457423383968,-11.9275875708193,90.9154660460552,-11.0837844688969,91.3608119612047,-16.0677553251587,81.9536314836949
"Conservancy_24","Uukwaluudhi","Red Lechwe","Grazer","Wetland_Grazer",5949,5294,15519,5019,14905,5102,14950,4783,14206,0,-655,9570,-930,8956,-847,9000,-1166,8256,0,-11.0061918380095,160.861945414579,-15.6320202900169,150.545469751991,-14.2451447293366,151.288520601634,-19.603044184664,138.783423908883
"Conservancy_24","Uukwaluudhi","Reedbuck","Grazer","Wetland_Grazer",10576,9412,27590,8923,26499,9070,26577,8503,25255,0,-1164,17013,-1653,15922,-1507,16001,-2073,14678,0,-11.0061918380095,160.861945414579,-15.6320202900169,150.545469751991,-14.2451447293366,151.288520601634,-19.603044184664,138.783423908883
"Conservancy_24","Uukwaluudhi","Roan","Grazer","General_Grazer",6366,5875,12647,5607,12155,5661,12183,5344,11584,0,-492,6280,-759,5788,-706,5816,-1023,5218,0,-7.72552587602293,98.6457423383968,-11.9275875708193,90.9154660460552,-11.0837844688969,91.3608119612047,-16.0677553251587,81.9536314836949
"Conservancy_24","Uukwaluudhi","Sable","Grazer","General_Grazer",7640,7050,15176,6729,14585,6793,14619,6412,13901,0,-590,7536,-911,6946,-847,6980,-1228,6261,0,-7.72552587602294,98.6457423383968,-11.9275875708193,90.9154660460552,-11.0837844688969,91.3608119612047,-16.0677553251587,81.9536314836949
"Conservancy_24","Uukwaluudhi","Spotted Hyaena","Carnivore","Carnivore",,,,,,,,,,,,,,,,,,,,,,,,,,,
"Conservancy_24","Uukwaluudhi","Springbok","Grazer","Arid_Grazer",48942,46256,76568,44341,73644,44572,73762,42258,70187,0,-2687,27625,-4601,24701,-4370,24819,-6684,21245,0,-5.48935150660048,56.4446414261747,-9.40141277511835,50.470231366457,-8.92893384224166,50.7111522486446,-13.656941434438,43.4076962137819
"Conservancy_24","Uukwaluudhi","Steenbok","Browser","Shrub_Browser",372986,369342,261773,356908,252842,355900,252270,340168,240982,0,-3645,-111213,-16079,-120144,-17086,-120716,-32818,-132005,0,-0.977157014781599,-29.8168815577046,-4.31080845460762,-32.2114243259085,-4.58082295448222,-32.3648093369016,-8.79871882704962,-35.3912495264423
"Conservancy_24","Uukwaluudhi","Vervet monkey","Omnivore","Omnivore",385533,375746,375755,362097,362097,362072,362075,345107,345107,0,-9787,-9778,-23436,-23436,-23462,-23458,-40427,-40427,0,-2.53866870186599,-2.53624976369988,-6.07893090889192,-6.07893090889192,-6.08552765602191,-6.08459345000667,-10.4859370835891,-10.4859370835891
"Conservancy_24","Uukwaluudhi","Warthog","Grazer","General_Grazer",21828,20142,43360,19224,41673,19408,41770,18321,39717,0,-1686,21532,-2604,19845,-2419,19942,-3507,17889,0,-7.72552587602294,98.6457423383968,-11.9275875708193,90.9154660460552,-11.0837844688969,91.3608119612047,-16.0677553251587,81.9536314836949
"Conservancy_25","Okamatapati","Baboon","Omnivore","Omnivore",173347,165609,165609,159594,159594,160076,160076,150207,150207,0,-7739,-7739,-13753,-13753,-13272,-13272,-23140,-23140,0,-4.46421157509763,-4.46421157509763,-7.93391115727374,-7.93391115727374,-7.65602254235335,-7.65602254235335,-13.3489055253826,-13.3489055253826
"Conservancy_25","Okamatapati","Black rhinoceros","Browser","Shrub_Browser",8296,7945,3701,7660,3568,7679,3577,7209,3358,0,-352,-4595,-636,-4728,-617,-4719,-1087,-4938,0,-4.23704759639279,-55.3914719539504,-7.67171542325861,-56.9894609636118,-7.43635513526399,-56.881598805709,-13.1021102622856,-59.5193803084941
"Conservancy_25","Okamatapati","Black-backed Jackal","Carnivore","Carnivore",,,,,,,,,,,,,,,,,,,,,,,,,,,
"Conservancy_25","Okamatapati","Black-faced Impala","Mixed","Mixed_Open",108446,103404,161969,99599,156061,99949,156557,93741,146882,0,-5042,53523,-8847,47615,-8497,48111,-14705,38436,0,-4.64938008465667,49.3541362962408,-8.15804725568018,43.9064948167968,-7.83510270463192,44.3640386218377,-13.559880848917,35.4426411182102
"Conservancy_25","Okamatapati","Blue wildebeest","Grazer","General_Grazer",13386,12678,41806,12193,40275,12255,40409,11476,37907,0,-708,28420,-1193,26889,-1132,27023,-1910,24520,0,-5.28945163380238,212.30423321523,-8.9132867978001,200.867785227634,-8.4540867645122,201.869319346125,-14.2707668784815,183.172659703542
"Conservancy_25","Okamatapati","Buffalo","Grazer","General_Grazer",5890,5578,18395,5365,17721,5392,17780,5049,16679,0,-312,12505,-525,11831,-498,11890,-841,10789,0,-5.28945163380239,212.30423321523,-8.91328679780011,200.867785227634,-8.45408676451221,201.869319346125,-14.2707668784815,183.172659703542
"Conservancy_25","Okamatapati","Burchell's zebra","Grazer","General_Grazer",9203,8716,28742,8383,27689,8425,27782,7890,26061,0,-487,19539,-820,18486,-778,18578,-1313,16858,0,-5.28945163380239,212.30423321523,-8.91328679780009,200.867785227634,-8.4540867645122,201.869319346125,-14.2707668784815,183.172659703542
"Conservancy_25","Okamatapati","Bushpig","Omnivore","Omnivore",69339,66243,66243,63838,63838,64030,64030,60083,60083,0,-3095,-3095,-5501,-5501,-5309,-5309,-9256,-9256,0,-4.46421157509764,-4.46421157509764,-7.93391115727373,-7.93391115727373,-7.65602254235336,-7.65602254235336,-13.3489055253827,-13.3489055253827
"Conservancy_25","Okamatapati","Cheetah","Carnivore","Carnivore",,,,,,,,,,,,,,,,,,,,,,,,,,,
"Conservancy_25","Okamatapati","Damara dik dik","Browser","Shrub_Browser",1659217,1588915,740152,1531927,713638,1535832,715428,1441825,671661,0,-70302,-919065,-127290,-945579,-123385,-943789,-217392,-987556,0,-4.23704759639278,-55.3914719539503,-7.67171542325861,-56.9894609636118,-7.43635513526399,-56.881598805709,-13.1021102622856,-59.5193803084941
"Conservancy_25","Okamatapati","Duiker","Browser","Woodland_Browser",402902,385869,170041,372037,163958,372978,164360,350156,154314,0,-17033,-232862,-30865,-238944,-29925,-238542,-52747,-248588,0,-4.22763278866751,-57.7960631697924,-7.6606000450791,-59.3056777037847,-7.42725048917475,-59.2058429863587,-13.0916476625684,-61.6993747590974
"Conservancy_25","Okamatapati","Eland","Mixed","Mixed_Open",10845,10340,16197,9960,15606,9995,15656,9374,14688,0,-504,5352,-885,4761,-850,4811,-1471,3844,0,-4.64938008465666,49.3541362962408,-8.15804725568019,43.9064948167968,-7.83510270463192,44.3640386218377,-13.559880848917,35.4426411182102
"Conservancy_25","Okamatapati","Elephant","Mixed","Large_Mixed",1783,1703,1764,1642,1700,1647,1705,1545,1600,0,-79,-19,-141,-83,-136,-78,-238,-183,0,-4.44874103019824,-1.0481046194643,-7.92187976914298,-4.64334182670481,-7.64107503655291,-4.35406129189557,-13.3375831716261,-10.251862618841
"Conservancy_25","Okamatapati","Gemsbok","Mixed","Arid_Mixed",25809,24618,36541,23714,35209,23795,35320,22319,33138,0,-1191,10732,-2096,9399,-2014,9511,-3490,7329,0,-4.61607980103225,41.5811152007082,-8.11935142170119,36.4191520682185,-7.80290079549036,36.8507453443992,-13.5234577693684,28.3956470334663
"Conservancy_25","Okamatapati","Giraffe","Browser","Woodland_Browser",8295,7944,3501,7660,3376,7679,3384,7209,3177,0,-351,-4794,-635,-4919,-616,-4911,-1086,-5118,0,-4.22763278866751,-57.7960631697924,-7.66060004507909,-59.3056777037847,-7.42725048917475,-59.2058429863587,-13.0916476625684,-61.6993747590974
"Conservancy_25","Okamatapati","Hartmann's zebra","Grazer","Arid_Grazer",13453,12793,29011,12315,27950,12366,28041,11591,26306,0,-660,15557,-1138,14497,-1088,14588,-1863,12853,0,-4.90675822445329,115.638512892327,-8.46237910699637,107.754763040395,-8.0840027694418,108.433588397791,-13.8463402322299,95.5358387775575
"Conservancy_25","Okamatapati","Hippopotamus","Grazer","Wetland_Grazer",606,570,2874,548,2769,551,2778,515,2606,0,-36,2268,-59,2162,-55,2172,-91,2000,0,-5.92715012241402,374.075310439962,-9.66523988366912,356.693386766668,-9.07077490173768,358.234976142247,-14.9785592658056,329.833782025677
"Conservancy_25","Okamatapati","Impala","Mixed","Mixed_Open",108446,103404,161969,99599,156061,99949,156557,93741,146882,0,-5042,53523,-8847,47615,-8497,48111,-14705,38436,0,-4.64938008465667,49.3541362962408,-8.15804725568018,43.9064948167968,-7.83510270463192,44.3640386218377,-13.559880848917,35.4426411182102
"Conservancy_25","Okamatapati","Klipspringer","Browser","Rocky_Browser",565636,541676,252325,522248,243286,523579,243896,491531,228975,0,-23960,-313311,-43388,-322350,-42057,-321740,-74105,-336661,0,-4.23601982840253,-55.3909931966014,-7.6707245175576,-56.9889993565481,-7.43536170357808,-56.8811360410237,-13.1011776378494,-59.5189458535812
"Conservancy_25","Okamatapati","Kudu","Browser","Woodland_Browser",37109,35541,15662,34267,15101,34353,15138,32251,14213,0,-1569,-21448,-2843,-22008,-2756,-21971,-4858,-22896,0,-4.2276327886675,-57.7960631697924,-7.6606000450791,-59.3056777037847,-7.42725048917476,-59.2058429863587,-13.0916476625684,-61.6993747590974
"Conservancy_25","Okamatapati","Leopard","Carnivore","Carnivore",,,,,,,,,,,,,,,,,,,,,,,,,,,
"Conservancy_25","Okamatapati","Ostrich","Mixed","Mixed_Open",54223,51702,80984,49799,78030,49975,78279,46870,73441,0,-2521,26761,-4424,23807,-4248,24056,-7353,19218,0,-4.64938008465667,49.3541362962408,-8.15804725568018,43.9064948167968,-7.83510270463192,44.3640386218377,-13.559880848917,35.4426411182102
"Conservancy_25","Okamatapati","Red Hartebeest","Grazer","General_Grazer",19633,18595,61316,17883,59071,17974,59267,16832,55596,0,-1038,41683,-1750,39437,-1660,39634,-2802,35963,0,-5.28945163380238,212.30423321523,-8.91328679780009,200.867785227634,-8.45408676451221,201.869319346125,-14.2707668784815,183.172659703542
"Conservancy_25","Okamatapati","Red Lechwe","Grazer","Wetland_Grazer",10609,9981,50297,9584,48453,9647,48616,9020,45603,0,-629,39687,-1025,37843,-962,38007,-1589,34994,0,-5.92715012241401,374.075310439962,-9.66523988366911,356.693386766668,-9.07077490173767,358.234976142247,-14.9785592658056,329.833782025677
"Conservancy_25","Okamatapati","Reedbuck","Grazer","Wetland_Grazer",18861,17743,89417,17038,86138,17150,86429,16036,81072,0,-1118,70555,-1823,67277,-1711,67568,-2825,62211,0,-5.92715012241401,374.075310439962,-9.6652398836691,356.693386766668,-9.07077490173767,358.234976142247,-14.9785592658056,329.833782025677
"Conservancy_25","Okamatapati","Roan","Grazer","General_Grazer",12271,11622,38322,11177,36919,11233,37042,10520,34748,0,-649,26052,-1094,24648,-1037,24771,-1751,22477,0,-5.28945163380238,212.30423321523,-8.9132867978001,200.867785227634,-8.45408676451222,201.869319346125,-14.2707668784815,183.172659703542
"Conservancy_25","Okamatapati","Sable","Grazer","General_Grazer",14725,13946,45987,13413,44303,13480,44450,12624,41697,0,-779,31262,-1312,29578,-1245,29725,-2101,26972,0,-5.28945163380239,212.30423321523,-8.91328679780011,200.867785227634,-8.45408676451222,201.869319346125,-14.2707668784815,183.172659703542
"Conservancy_25","Okamatapati","Spotted Hyaena","Carnivore","Carnivore",,,,,,,,,,,,,,,,,,,,,,,,,,,
"Conservancy_25","Okamatapati","Springbok","Grazer","Arid_Grazer",99130,94266,213763,90742,205948,91117,206621,85404,193835,0,-4864,114633,-8389,106818,-8014,107491,-13726,94705,0,-4.9067582244533,115.638512892327,-8.46237910699638,107.754763040395,-8.08400276944181,108.433588397791,-13.8463402322299,95.5358387775575
"Conservancy_25","Okamatapati","Steenbok","Browser","Shrub_Browser",829609,794458,370076,765963,356819,767916,357714,720912,335831,0,-35151,-459532,-63645,-472789,-61693,-471895,-108696,-493778,0,-4.23704759639278,-55.3914719539503,-7.67171542325861,-56.9894609636118,-7.43635513526399,-56.881598805709,-13.1021102622856,-59.5193803084941
"Conservancy_25","Okamatapati","Vervet monkey","Omnivore","Omnivore",832067,794922,794922,766052,766052,768364,768364,720995,720995,0,-37145,-37145,-66015,-66015,-63703,-63703,-111072,-111072,0,-4.46421157509762,-4.46421157509762,-7.93391115727373,-7.93391115727373,-7.65602254235335,-7.65602254235335,-13.3489055253827,-13.3489055253827
"Conservancy_25","Okamatapati","Warthog","Grazer","General_Grazer",42072,39846,131391,38322,126580,38515,127001,36068,119135,0,-2225,89320,-3750,84508,-3557,84930,-6004,77064,0,-5.28945163380238,212.30423321523,-8.91328679780011,200.867785227634,-8.45408676451221,201.869319346125,-14.2707668784815,183.172659703542
"Conservancy_26","Otjituuo","Baboon","Omnivore","Omnivore",342797,328897,328897,316960,316960,317505,317505,299446,299446,0,-13900,-13900,-25836,-25836,-25292,-25292,-43350,-43350,0,-4.05492398295103,-4.05492398295103,-7.53690929588264,-7.53690929588264,-7.37803685142029,-7.37803685142029,-12.6460894303661,-12.6460894303661
"Conservancy_26","Otjituuo","Black rhinoceros","Browser","Shrub_Browser",16412,15787,7407,15214,7138,15240,7151,14373,6744,0,-625,-9004,-1197,-9273,-1172,-9261,-2038,-9667,0,-3.80794599341739,-54.8651674142637,-7.29619356808471,-56.5032580596823,-7.13961245116466,-56.4285040980668,-12.4186747939026,-58.9066798617974
"Conservancy_26","Otjituuo","Black-backed Jackal","Carnivore","Carnivore",,,,,,,,,,,,,,,,,,,,,,,,,,,
"Conservancy_26","Otjituuo","Black-faced Impala","Mixed","Mixed_Open",214220,205238,320872,197783,309227,198129,309758,186854,292140,0,-8983,106651,-16437,95007,-16091,95538,-27366,77920,0,-4.19311440710511,49.7858253346624,-7.67294007493534,44.3499686369893,-7.51144164252663,44.5979767337023,-12.7746036344404,36.373649138483
"Conservancy_26","Otjituuo","Blue wildebeest","Grazer","General_Grazer",26382,25119,82631,24204,79632,24249,79769,22867,75232,0,-1263,56249,-2178,53251,-2133,53387,-3515,48850,0,-4.78722721075969,213.211950025158,-8.25416833472309,201.845388101052,-8.08497904881044,202.363955046688,-13.3237152966118,185.166264653657
"Conservancy_26","Otjituuo","Buffalo","Grazer","General_Grazer",11608,11052,36358,10650,35038,10670,35098,10061,33102,0,-556,24750,-958,23430,-939,23490,-1547,21494,0,-4.78722721075969,213.211950025158,-8.25416833472311,201.845388101052,-8.08497904881045,202.363955046688,-13.3237152966118,185.166264653657
"Conservancy_26","Otjituuo","Burchell's zebra","Grazer","General_Grazer",18138,17269,56809,16640,54747,16671,54841,15721,51722,0,-868,38671,-1497,36610,-1466,36704,-2417,33585,0,-4.78722721075969,213.211950025158,-8.2541683347231,201.845388101052,-8.08497904881045,202.363955046688,-13.3237152966118,185.166264653657
"Conservancy_26","Otjituuo","Bushpig","Omnivore","Omnivore",137119,131559,131559,126784,126784,127002,127002,119779,119779,0,-5560,-5560,-10335,-10335,-10117,-10117,-17340,-17340,0,-4.05492398295104,-4.05492398295104,-7.53690929588264,-7.53690929588264,-7.3780368514203,-7.3780368514203,-12.6460894303661,-12.6460894303661
"Conservancy_26","Otjituuo","Cheetah","Carnivore","Carnivore",,,,,,,,,,,,,,,,,,,,,,,,,,,
"Conservancy_26","Otjituuo","Damara dik dik","Browser","Shrub_Browser",3282303,3157315,1481462,3042820,1427695,3047959,1430148,2874684,1348807,0,-124988,-1800841,-239483,-1854608,-234344,-1852154,-407619,-1933496,0,-3.80794599341738,-54.8651674142637,-7.29619356808469,-56.5032580596823,-7.13961245116465,-56.4285040980668,-12.4186747939026,-58.9066798617974
"Conservancy_26","Otjituuo","Duiker","Browser","Woodland_Browser",797131,766775,340630,738971,328267,740218,328831,698138,310129,0,-30356,-456501,-58161,-468864,-56913,-468300,-98993,-487002,0,-3.8081198449099,-57.2680107172099,-7.29623400908756,-58.8189025887956,-7.13978025131076,-58.7481266386088,-12.4187130002801,-61.094367660678
"Conservancy_26","Otjituuo","Eland","Mixed","Mixed_Open",21422,20524,32087,19778,30923,19813,30976,18685,29214,0,-898,10665,-1644,9501,-1609,9554,-2737,7792,0,-4.19311440710509,49.7858253346625,-7.67294007493535,44.3499686369893,-7.51144164252663,44.5979767337024,-12.7746036344404,36.373649138483
"Conservancy_26","Otjituuo","Elephant","Mixed","Large_Mixed",3524,3383,3503,3260,3376,3266,3381,3080,3189,0,-141,-21,-264,-149,-258,-143,-444,-335,0,-4.00413347196644,-0.607366490256213,-7.48814173477015,-4.21446315844833,-7.32900554125514,-4.04988311641178,-12.6000165904937,-9.50723331193224
"Conservancy_26","Otjituuo","Gemsbok","Mixed","Arid_Mixed",50982,48866,72408,47091,69780,47173,69900,44489,65924,0,-2116,21425,-3891,18798,-3809,18917,-6493,14942,0,-4.15126905558746,42.0250023186219,-7.63220059062392,36.8707844967022,-7.47104553171612,37.1059442277009,-12.7361152685195,29.3077460682877
"Conservancy_26","Otjituuo","Giraffe","Browser","Woodland_Browser",16412,15787,7013,15214,6758,15240,6770,14373,6385,0,-625,-9399,-1197,-9653,-1172,-9641,-2038,-10027,0,-3.8081198449099,-57.2680107172099,-7.29623400908756,-58.8189025887956,-7.13978025131075,-58.7481266386088,-12.4187130002801,-61.094367660678
"Conservancy_26","Otjituuo","Hartmann's zebra","Grazer","Arid_Grazer",26547,25374,57395,24451,55312,24495,55407,23100,52255,0,-1173,30848,-2095,28765,-2052,28860,-3446,25709,0,-4.41781334491857,116.203336716073,-7.89300973557624,108.357200223528,-7.7283588327745,108.715165319785,-12.9825130316747,96.8440008146345
"Conservancy_26","Otjituuo","Hippopotamus","Grazer","Wetland_Grazer",1192,1128,5677,1087,5471,1089,5480,1027,5168,0,-64,4484,-106,4278,-103,4288,-166,3976,0,-5.3960235934327,376.137017835366,-8.84952155611146,358.857933977239,-8.67269145385885,359.64623024561,-13.886171425457,333.502688953646
"Conservancy_26","Otjituuo","Impala","Mixed","Mixed_Open",214220,205238,320872,197783,309227,198129,309758,186854,292140,0,-8983,106651,-16437,95007,-16091,95538,-27366,77920,0,-4.19311440710511,49.7858253346624,-7.67294007493534,44.3499686369893,-7.51144164252663,44.5979767337023,-12.7746036344404,36.373649138483
"Conservancy_26","Otjituuo","Klipspringer","Browser","Rocky_Browser",1118881,1076357,505044,1037325,486714,1039077,487551,980006,459821,0,-42523,-613837,-81556,-632166,-79804,-631330,-138875,-659060,0,-3.80052651902276,-54.8616860795721,-7.28904314879894,-56.499903074009,-7.13244995448228,-56.4251433464796,-12.4119194812469,-58.9035102565769
"Conservancy_26","Otjituuo","Kudu","Browser","Woodland_Browser",73420,70624,31374,68063,30235,68178,30287,64302,28565,0,-2796,-42046,-5357,-43185,-5242,-43133,-9118,-44855,0,-3.8081198449099,-57.2680107172099,-7.29623400908756,-58.8189025887956,-7.13978025131074,-58.7481266386088,-12.4187130002801,-61.094367660678
"Conservancy_26","Otjituuo","Leopard","Carnivore","Carnivore",,,,,,,,,,,,,,,,,,,,,,,,,,,
"Conservancy_26","Otjituuo","Ostrich","Mixed","Mixed_Open",107110,102619,160436,98892,154613,99065,154879,93427,146070,0,-4491,53326,-8218,47503,-8046,47769,-13683,38960,0,-4.19311440710511,49.7858253346624,-7.67294007493534,44.3499686369893,-7.51144164252663,44.5979767337023,-12.7746036344404,36.373649138483
"Conservancy_26","Otjituuo","Red Hartebeest","Grazer","General_Grazer",38693,36841,121192,35500,116794,35565,116995,33538,110340,0,-1852,82499,-3194,78101,-3128,78301,-5155,71647,0,-4.78722721075969,213.211950025158,-8.2541683347231,201.845388101052,-8.08497904881045,202.363955046688,-13.3237152966118,185.166264653657
"Conservancy_26","Otjituuo","Red Lechwe","Grazer","Wetland_Grazer",20864,19738,99341,19018,95736,19055,95901,17967,90446,0,-1126,78477,-1846,74872,-1809,75037,-2897,69582,0,-5.39602359343273,376.137017835366,-8.84952155611147,358.857933977239,-8.67269145385888,359.646230245609,-13.886171425457,333.502688953646
"Conservancy_26","Otjituuo","Reedbuck","Grazer","Wetland_Grazer",37092,35090,176607,33809,170197,33875,170490,31941,160793,0,-2001,139515,-3282,133106,-3217,133398,-5151,123701,0,-5.39602359343271,376.137017835366,-8.84952155611145,358.857933977239,-8.67269145385885,359.646230245609,-13.886171425457,333.502688953646
"Conservancy_26","Otjituuo","Roan","Grazer","General_Grazer",24183,23026,75745,22187,72996,22228,73122,20961,68963,0,-1158,51562,-1996,48813,-1955,48938,-3222,44779,0,-4.7872272107597,213.211950025158,-8.25416833472311,201.845388101052,-8.08497904881045,202.363955046688,-13.3237152966118,185.166264653657
"Conservancy_26","Otjituuo","Sable","Grazer","General_Grazer",29020,27631,90894,26625,87596,26674,87746,25153,82755,0,-1389,61874,-2395,58576,-2346,58726,-3867,53735,0,-4.78722721075971,213.211950025158,-8.2541683347231,201.845388101052,-8.08497904881045,202.363955046688,-13.3237152966118,185.166264653657
"Conservancy_26","Otjituuo","Spotted Hyaena","Carnivore","Carnivore",,,,,,,,,,,,,,,,,,,,,,,,,,,
"Conservancy_26","Otjituuo","Springbok","Grazer","Arid_Grazer",195606,186965,422907,180167,407560,180489,408260,170212,385039,0,-8642,227301,-15439,211953,-15117,212654,-25395,189433,0,-4.41781334491857,116.203336716073,-7.89300973557626,108.357200223528,-7.7283588327745,108.715165319785,-12.9825130316747,96.8440008146345
"Conservancy_26","Otjituuo","Steenbok","Browser","Shrub_Browser",1641151,1578657,740731,1521410,713847,1523980,715074,1437342,674404,0,-62494,-900421,-119742,-927304,-117172,-926077,-203809,-966748,0,-3.80794599341738,-54.8651674142637,-7.29619356808469,-56.5032580596823,-7.13961245116465,-56.4285040980668,-12.4186747939026,-58.9066798617974
"Conservancy_26","Otjituuo","Vervet monkey","Omnivore","Omnivore",1645424,1578703,1578703,1521410,1521410,1524024,1524024,1437342,1437342,0,-66721,-66721,-124014,-124014,-121400,-121400,-208082,-208082,0,-4.05492398295103,-4.05492398295103,-7.53690929588264,-7.53690929588264,-7.3780368514203,-7.3780368514203,-12.6460894303661,-12.6460894303661
"Conservancy_26","Otjituuo","Warthog","Grazer","General_Grazer",82914,78945,259698,76070,250273,76211,250703,71867,236444,0,-3969,176783,-6844,167359,-6704,167789,-11047,153529,0,-4.78722721075971,213.211950025158,-8.2541683347231,201.845388101052,-8.08497904881045,202.363955046688,-13.3237152966118,185.166264653657
"Conservancy_27","Ozonahi","Baboon","Omnivore","Omnivore",179087,171509,171509,165136,165136,165785,165785,155574,155574,0,-7578,-7578,-13951,-13951,-13302,-13302,-23512,-23512,0,-4.23147659958479,-4.23147659958479,-7.79002558568755,-7.79002558568755,-7.42767906572308,-7.42767906572308,-13.1289536096938,-13.1289536096938
"Conservancy_27","Ozonahi","Black rhinoceros","Browser","Shrub_Browser",8465,8200,3852,7910,3714,7926,3723,7452,3499,0,-265,-4613,-555,-4751,-539,-4742,-1013,-4966,0,-3.13161699156943,-54.4967061439967,-6.55879510406994,-56.1239385037546,-6.36424640747384,-56.0153506893881,-11.9689548987028,-58.6643136162325
"Conservancy_27","Ozonahi","Black-backed Jackal","Carnivore","Carnivore",,,,,,,,,,,,,,,,,,,,,,,,,,,
"Conservancy_27","Ozonahi","Black-faced Impala","Mixed","Mixed_Open",113538,107472,167474,103278,161177,103885,161885,97298,151845,0,-6065,53936,-10260,47639,-9653,48347,-16240,38307,0,-5.34223553881883,47.505152551808,-9.03672090096877,41.9587784203232,-8.50165537956341,42.5822854917923,-14.3035233638007,33.7393747387077
"Conservancy_27","Ozonahi","Blue wildebeest","Grazer","General_Grazer",14569,13321,43164,12726,41523,12877,41724,11989,39119,0,-1248,28595,-1843,26954,-1693,27154,-2580,24550,0,-8.56546563508673,196.268001455285,-12.6498279637694,185.005823703859,-11.6181412088195,186.380304870963,-17.7075986218532,168.503938843924
"Conservancy_27","Ozonahi","Buffalo","Grazer","General_Grazer",6410,5861,18992,5600,18270,5666,18358,5275,17212,0,-549,12582,-811,11860,-745,11948,-1135,10802,0,-8.56546563508674,196.268001455285,-12.6498279637694,185.005823703859,-11.6181412088195,186.380304870963,-17.7075986218532,168.503938843924
"Conservancy_27","Ozonahi","Burchell's zebra","Grazer","General_Grazer",10016,9158,29675,8749,28547,8853,28685,8243,26894,0,-858,19659,-1267,18531,-1164,18669,-1774,16878,0,-8.56546563508673,196.268001455285,-12.6498279637694,185.005823703859,-11.6181412088195,186.380304870963,-17.7075986218532,168.503938843924
"Conservancy_27","Ozonahi","Bushpig","Omnivore","Omnivore",71635,68603,68603,66054,66054,66314,66314,62230,62230,0,-3031,-3031,-5580,-5580,-5321,-5321,-9405,-9405,0,-4.23147659958481,-4.23147659958481,-7.79002558568756,-7.79002558568756,-7.42767906572309,-7.42767906572309,-13.1289536096938,-13.1289536096938
"Conservancy_27","Ozonahi","Cheetah","Carnivore","Carnivore",,,,,,,,,,,,,,,,,,,,,,,,,,,
"Conservancy_27","Ozonahi","Damara dik dik","Browser","Shrub_Browser",1692963,1639946,770354,1581925,742805,1585218,744644,1490333,699798,0,-53017,-922609,-111038,-950157,-107744,-948319,-202630,-993165,0,-3.13161699156943,-54.4967061439967,-6.55879510406994,-56.1239385037546,-6.36424640747383,-56.0153506893881,-11.9689548987028,-58.6643136162325
"Conservancy_27","Ozonahi","Duiker","Browser","Woodland_Browser",410851,398198,177073,384143,170767,384909,171163,361902,160880,0,-12654,-233778,-26708,-240084,-25942,-239688,-48950,-249972,0,-3.07986633617595,-56.9009650610224,-6.50073181084658,-58.4358208030856,-6.31420950135801,-58.3393695750513,-11.9142507701121,-60.842337005304
"Conservancy_27","Ozonahi","Eland","Mixed","Mixed_Open",11354,10747,16747,10328,16118,10389,16188,9730,15184,0,-607,5394,-1026,4764,-965,4835,-1624,3831,0,-5.34223553881882,47.505152551808,-9.03672090096876,41.9587784203232,-8.50165537956339,42.5822854917923,-14.3035233638007,33.7393747387077
"Conservancy_27","Ozonahi","Elephant","Mixed","Large_Mixed",1844,1765,1827,1699,1759,1706,1766,1600,1657,0,-79,-17,-145,-85,-138,-78,-243,-187,0,-4.29173224394968,-0.922728877198045,-7.8593393244994,-4.60839324920823,-7.48594209075584,-4.22935789614238,-13.1942577834792,-10.1315390512252
"Conservancy_27","Ozonahi","Gemsbok","Mixed","Arid_Mixed",26970,25573,37789,24582,36370,24720,36528,23159,34264,0,-1397,10819,-2388,9399,-2251,9557,-3812,7294,0,-5.18021301794236,40.1130318777583,-8.85538795989808,34.8506819669045,-8.34499905401357,35.4368703575076,-14.1326812943985,27.0428399163092
"Conservancy_27","Ozonahi","Giraffe","Browser","Woodland_Browser",8459,8198,3646,7909,3516,7925,3524,7451,3312,0,-261,-4813,-550,-4943,-534,-4935,-1008,-5146,0,-3.07986633617597,-56.9009650610224,-6.50073181084657,-58.4358208030856,-6.314209501358,-58.3393695750513,-11.9142507701121,-60.842337005304
"Conservancy_27","Ozonahi","Hartmann's zebra","Grazer","Arid_Grazer",14312,13356,29971,12804,28837,12910,28971,12062,27167,0,-956,15659,-1508,14525,-1402,14659,-2250,12855,0,-6.6811684046191,109.41497866687,-10.5379899470278,101.489892661589,-9.79624719403675,102.425925493511,-15.7179384673249,89.8236136389871
"Conservancy_27","Ozonahi","Hippopotamus","Grazer","Wetland_Grazer",685,606,2966,575,2853,586,2867,542,2688,0,-79,2281,-109,2168,-99,2182,-143,2003,0,-11.5335391824039,333.164685770233,-15.9766138900439,316.642626752058,-14.4879200627834,318.708182490956,-20.8419174115355,292.518918305003
"Conservancy_27","Ozonahi","Impala","Mixed","Mixed_Open",113538,107472,167474,103278,161177,103885,161885,97298,151845,0,-6065,53936,-10260,47639,-9653,48347,-16240,38307,0,-5.34223553881883,47.505152551808,-9.03672090096877,41.9587784203232,-8.50165537956341,42.5822854917923,-14.3035233638007,33.7393747387077
"Conservancy_27","Ozonahi","Klipspringer","Browser","Rocky_Browser",577139,559072,262621,539293,253229,540415,253856,508068,238567,0,-18066,-314518,-37846,-323909,-36723,-323283,-69070,-338571,0,-3.1302918550803,-54.4960836697364,-6.55751685056399,-56.1233382896468,-6.36296549258789,-56.0147489898248,-11.9677506548988,-58.6637481538532
"Conservancy_27","Ozonahi","Kudu","Browser","Woodland_Browser",37842,36676,16309,35382,15729,35452,15765,33333,14818,0,-1165,-21532,-2460,-22113,-2389,-22077,-4509,-23024,0,-3.07986633617597,-56.9009650610224,-6.50073181084657,-58.4358208030856,-6.31420950135801,-58.3393695750513,-11.9142507701121,-60.842337005304
"Conservancy_27","Ozonahi","Leopard","Carnivore","Carnivore",,,,,,,,,,,,,,,,,,,,,,,,,,,
"Conservancy_27","Ozonahi","Ostrich","Mixed","Mixed_Open",56769,53736,83737,51639,80589,51943,80942,48649,75922,0,-3033,26968,-5130,23820,-4826,24174,-8120,19153,0,-5.34223553881883,47.505152551808,-9.03672090096877,41.9587784203232,-8.50165537956341,42.5822854917923,-14.3035233638007,33.7393747387077
"Conservancy_27","Ozonahi","Red Hartebeest","Grazer","General_Grazer",21368,19538,63307,18665,60901,18886,61195,17584,57375,0,-1830,41939,-2703,39533,-2483,39826,-3784,36006,0,-8.56546563508674,196.268001455285,-12.6498279637694,185.005823703859,-11.6181412088195,186.380304870963,-17.7075986218532,168.503938843924
"Conservancy_27","Ozonahi","Red Lechwe","Grazer","Wetland_Grazer",11983,10601,51907,10069,49927,10247,50174,9486,47036,0,-1382,39924,-1914,37944,-1736,38191,-2498,35053,0,-11.533539182404,333.164685770233,-15.9766138900439,316.642626752058,-14.4879200627834,318.708182490956,-20.8419174115355,292.518918305003
"Conservancy_27","Ozonahi","Reedbuck","Grazer","Wetland_Grazer",21303,18846,92279,17900,88759,18217,89199,16863,83620,0,-2457,70975,-3404,67455,-3086,67895,-4440,62316,0,-11.533539182404,333.164685770233,-15.9766138900439,316.642626752058,-14.4879200627834,318.708182490956,-20.8419174115355,292.518918305003
"Conservancy_27","Ozonahi","Roan","Grazer","General_Grazer",13355,12211,39567,11666,38063,11804,38247,10990,35859,0,-1144,26212,-1689,24708,-1552,24891,-2365,22504,0,-8.56546563508674,196.268001455285,-12.6498279637694,185.005823703859,-11.6181412088195,186.380304870963,-17.7075986218532,168.503938843924
"Conservancy_27","Ozonahi","Sable","Grazer","General_Grazer",16026,14654,47481,13999,45676,14164,45896,13188,43031,0,-1373,31454,-2027,29649,-1862,29870,-2838,27005,0,-8.56546563508673,196.268001455285,-12.6498279637694,185.005823703859,-11.6181412088195,186.380304870963,-17.7075986218532,168.503938843924
"Conservancy_27","Ozonahi","Spotted Hyaena","Carnivore","Carnivore",,,,,,,,,,,,,,,,,,,,,,,,,,,
"Conservancy_27","Ozonahi","Springbok","Grazer","Arid_Grazer",105455,98410,220839,94342,212481,95125,213469,88880,200179,0,-7046,115384,-11113,107026,-10331,108013,-16575,94724,0,-6.6811684046191,109.41497866687,-10.5379899470278,101.489892661589,-9.79624719403677,102.425925493511,-15.7179384673249,89.8236136389871
"Conservancy_27","Ozonahi","Steenbok","Browser","Shrub_Browser",846481,819973,385177,790962,371403,792609,372322,745166,349899,0,-26509,-461304,-55519,-475079,-53872,-474160,-101315,-496583,0,-3.13161699156943,-54.4967061439967,-6.55879510406994,-56.1239385037546,-6.36424640747383,-56.0153506893881,-11.9689548987028,-58.6643136162325
"Conservancy_27","Ozonahi","Vervet monkey","Omnivore","Omnivore",859616,823242,823242,792652,792652,795766,795766,746757,746757,0,-36374,-36374,-66964,-66964,-63850,-63850,-112859,-112859,0,-4.23147659958481,-4.23147659958481,-7.79002558568756,-7.79002558568756,-7.42767906572308,-7.42767906572308,-13.1289536096938,-13.1289536096938
"Conservancy_27","Ozonahi","Warthog","Grazer","General_Grazer",45789,41867,135659,39997,130502,40469,131131,37681,122946,0,-3922,89870,-5792,84713,-5320,85342,-8108,77157,0,-8.56546563508674,196.268001455285,-12.6498279637694,185.005823703859,-11.6181412088195,186.380304870963,-17.7075986218532,168.503938843924
"Conservancy_28","N#a Jaqna","Baboon","Omnivore","Omnivore",510193,490644,490650,474978,474980,474145,474151,447391,447393,0,-19549,-19543,-35214,-35213,-36047,-36042,-62801,-62800,0,-3.83161358462754,-3.83048500838444,-6.90217555299964,-6.9018115551769,-7.0654664418448,-7.06437618998895,-12.3093413620112,-12.3089993233767
"Conservancy_28","N#a Jaqna","Black rhinoceros","Browser","Shrub_Browser",24206,23496,10961,22770,10615,22706,10592,21448,9999,0,-709,-13245,-1435,-13590,-1499,-13613,-2758,-14207,0,-2.92977857116748,-54.717788173932,-5.93028978773987,-56.1460953869476,-6.19395989548493,-56.2405066609892,-11.3938336174458,-58.6932521488348
"Conservancy_28","N#a Jaqna","Black-backed Jackal","Carnivore","Carnivore",,,,,,,,,,,,,,,,,,,,,,,,,,,
"Conservancy_28","N#a Jaqna","Black-faced Impala","Mixed","Mixed_Open",321619,306784,479818,296704,464458,296468,463683,279472,437482,0,-14835,158199,-24914,142839,-25151,142065,-42147,115863,0,-4.61250440552884,49.1884642310197,-7.7465181615287,44.4124989486583,-7.82007509653345,44.171736994095,-13.1046850617485,36.0250792524165
"Conservancy_28","N#a Jaqna","Blue wildebeest","Grazer","General_Grazer",40694,37800,123853,36443,119876,36529,119688,34327,112913,0,-2894,83159,-4251,79181,-4165,78994,-6367,72219,0,-7.11206177177626,204.352348617853,-10.4452979771109,194.577576398102,-10.235540829539,194.117995958219,-15.6468822465571,177.468838982411
"Conservancy_28","N#a Jaqna","Buffalo","Grazer","General_Grazer",17905,16632,54495,16035,52745,16073,52663,15104,49682,0,-1273,36590,-1870,34840,-1833,34758,-2802,31776,0,-7.11206177177627,204.352348617853,-10.4452979771109,194.577576398102,-10.235540829539,194.117995958219,-15.6468822465571,177.468838982411
"Conservancy_28","N#a Jaqna","Burchell's zebra","Grazer","General_Grazer",27977,25987,85149,25055,82414,25114,82286,23600,77628,0,-1990,57172,-2922,54437,-2864,54309,-4378,49651,0,-7.11206177177627,204.352348617853,-10.4452979771109,194.577576398102,-10.235540829539,194.117995958219,-15.6468822465571,177.468838982411
"Conservancy_28","N#a Jaqna","Bushpig","Omnivore","Omnivore",204077,196258,196260,189991,189992,189658,189660,178957,178957,0,-7819,-7817,-14086,-14085,-14419,-14417,-25121,-25120,0,-3.83161358462754,-3.83048500838445,-6.90217555299963,-6.9018115551769,-7.0654664418448,-7.06437618998895,-12.3093413620112,-12.3089993233767
"Conservancy_28","N#a Jaqna","Cheetah","Carnivore","Carnivore",,,,,,,,,,,,,,,,,,,,,,,,,,,
"Conservancy_28","N#a Jaqna","Damara dik dik","Browser","Shrub_Browser",4841115,4699281,2192164,4554022,2123018,4541258,2118447,4289526,1999707,0,-141834,-2648951,-287092,-2718097,-299857,-2722667,-551589,-2841408,0,-2.9297785711675,-54.717788173932,-5.93028978773988,-56.1460953869476,-6.19395989548493,-56.2405066609892,-11.3938336174458,-58.6932521488348
"Conservancy_28","N#a Jaqna","Duiker","Browser","Woodland_Browser",1175383,1141147,503618,1105922,487750,1102774,486682,1041690,459420,0,-34236,-671766,-69461,-687633,-72610,-688701,-133693,-715963,0,-2.91277167595204,-57.1529095963908,-5.90967804180721,-58.502868282707,-6.17752577464756,-58.5937435795967,-11.3744168850158,-60.9131481763724
"Conservancy_28","N#a Jaqna","Eland","Mixed","Mixed_Open",32162,30678,47982,29670,46446,29647,46368,27947,43748,0,-1483,15820,-2491,14284,-2515,14206,-4215,11586,0,-4.61250440552883,49.1884642310197,-7.74651816152869,44.4124989486583,-7.82007509653345,44.171736994095,-13.1046850617485,36.0250792524165
"Conservancy_28","N#a Jaqna","Elephant","Mixed","Large_Mixed",5246,5046,5226,4885,5059,4877,5050,4601,4765,0,-200,-20,-361,-187,-369,-196,-645,-481,0,-3.80766545227604,-0.386504380547003,-6.87739319205135,-3.56493446801322,-7.04231174636317,-3.73619570754363,-12.2859851451414,-9.1659097629783
"Conservancy_28","N#a Jaqna","Gemsbok","Mixed","Arid_Mixed",76432,73018,108247,70630,104783,70562,104607,66528,98697,0,-3414,31815,-5802,28351,-5870,28175,-9904,22265,0,-4.46731928248619,41.6248596623614,-7.59109488961913,37.093187795457,-7.67977224840819,36.8624717661466,-12.958278140055,29.1308624865982
"Conservancy_28","N#a Jaqna","Giraffe","Browser","Woodland_Browser",24199,23494,10369,22769,10042,22704,10020,21447,9459,0,-705,-13830,-1430,-14157,-1495,-14179,-2753,-14740,0,-2.91277167595203,-57.1529095963908,-5.90967804180722,-58.502868282707,-6.17752577464756,-58.5937435795967,-11.3744168850158,-60.9131481763724
"Conservancy_28","N#a Jaqna","Hartmann's zebra","Grazer","Arid_Grazer",40293,38030,85943,36734,83186,36751,83053,34600,78355,0,-2264,45650,-3559,42893,-3542,42760,-5693,38062,0,-5.61774616614862,113.293791460849,-8.83324761976955,106.453421146278,-8.7914951057475,106.121425458511,-14.1283607808807,94.4627788563214
"Conservancy_28","N#a Jaqna","Hippopotamus","Grazer","Wetland_Grazer",1888,1709,8515,1642,8241,1651,8229,1547,7762,0,-179,6627,-246,6353,-237,6340,-341,5874,0,-9.50184366844033,350.938049917709,-13.0237505492144,336.440160580126,-12.5449265627718,335.774524949935,-18.0757347188636,311.092297239516
"Conservancy_28","N#a Jaqna","Impala","Mixed","Mixed_Open",321619,306784,479818,296704,464458,296468,463683,279472,437482,0,-14835,158199,-24914,142839,-25151,142065,-42147,115863,0,-4.61250440552884,49.1884642310197,-7.7465181615287,44.4124989486583,-7.82007509653345,44.171736994095,-13.1046850617485,36.0250792524165
"Conservancy_28","N#a Jaqna","Klipspringer","Browser","Rocky_Browser",1650140,1601986,747298,1552482,723734,1548116,722169,1462314,681698,0,-48154,-902841,-97658,-926406,-102024,-927971,-187825,-968442,0,-2.91816088246248,-54.7130231191637,-5.91814290238197,-56.1410364900042,-6.1827315974548,-56.2359007921163,-11.3823902744292,-58.6884856419926
"Conservancy_28","N#a Jaqna","Kudu","Browser","Woodland_Browser",108259,105106,46386,101861,44924,101571,44826,95945,42315,0,-3153,-61873,-6398,-63335,-6688,-63433,-12314,-65944,0,-2.91277167595204,-57.1529095963908,-5.90967804180723,-58.502868282707,-6.17752577464756,-58.5937435795967,-11.3744168850158,-60.9131481763724
"Conservancy_28","N#a Jaqna","Leopard","Carnivore","Carnivore",,,,,,,,,,,,,,,,,,,,,,,,,,,
"Conservancy_28","N#a Jaqna","Ostrich","Mixed","Mixed_Open",160809,153392,239909,148352,232229,148234,231842,139736,218741,0,-7417,79100,-12457,71419,-12575,71032,-21074,57932,0,-4.61250440552884,49.1884642310197,-7.7465181615287,44.4124989486583,-7.82007509653345,44.171736994095,-13.1046850617485,36.0250792524165
"Conservancy_28","N#a Jaqna","Red Hartebeest","Grazer","General_Grazer",59685,55440,181651,53450,175817,53576,175543,50346,165606,0,-4245,121967,-6234,116133,-6109,115859,-9339,105922,0,-7.11206177177626,204.352348617853,-10.4452979771109,194.577576398102,-10.235540829539,194.117995958219,-15.6468822465571,177.468838982411
"Conservancy_28","N#a Jaqna","Red Lechwe","Grazer","Wetland_Grazer",33044,29905,149010,28741,144219,28899,143999,27071,135843,0,-3140,115965,-4304,111175,-4145,110955,-5973,102799,0,-9.50184366844032,350.938049917709,-13.0237505492144,336.440160580126,-12.5449265627718,335.774524949935,-18.0757347188636,311.092297239517
"Conservancy_28","N#a Jaqna","Reedbuck","Grazer","Wetland_Grazer",58746,53164,264906,51095,256389,51376,255998,48127,241499,0,-5582,206161,-7651,197644,-7370,197253,-10619,182753,0,-9.50184366844032,350.938049917709,-13.0237505492144,336.440160580126,-12.5449265627718,335.774524949935,-18.0757347188636,311.092297239517
"Conservancy_28","N#a Jaqna","Roan","Grazer","General_Grazer",37303,34650,113532,33406,109886,33485,109714,31466,103504,0,-2653,76229,-3896,72583,-3818,72412,-5837,66201,0,-7.11206177177628,204.352348617853,-10.4452979771109,194.577576398102,-10.235540829539,194.117995958219,-15.6468822465571,177.468838982411
"Conservancy_28","N#a Jaqna","Sable","Grazer","General_Grazer",44763,41580,136239,40088,131863,40182,131657,37759,124205,0,-3184,91475,-4676,87100,-4582,86894,-7004,79441,0,-7.11206177177627,204.352348617853,-10.4452979771109,194.577576398102,-10.235540829539,194.117995958219,-15.6468822465571,177.468838982411
"Conservancy_28","N#a Jaqna","Spotted Hyaena","Carnivore","Carnivore",,,,,,,,,,,,,,,,,,,,,,,,,,,
"Conservancy_28","N#a Jaqna","Springbok","Grazer","Arid_Grazer",296896,280217,633261,270671,612953,270795,611967,254950,577353,0,-16679,336365,-26226,316056,-26102,315071,-41947,280457,0,-5.61774616614861,113.293791460849,-8.83324761976955,106.453421146278,-8.7914951057475,106.121425458511,-14.1283607808807,94.4627788563215
"Conservancy_28","N#a Jaqna","Steenbok","Browser","Shrub_Browser",2420557,2349640,1096082,2277011,1061509,2270629,1059224,2144763,999853,0,-70917,-1324475,-143546,-1359048,-149928,-1361334,-275794,-1420704,0,-2.9297785711675,-54.717788173932,-5.93028978773988,-56.1460953869476,-6.19395989548493,-56.2405066609892,-11.3938336174458,-58.6932521488348
"Conservancy_28","N#a Jaqna","Vervet monkey","Omnivore","Omnivore",2448925,2355092,2355119,2279896,2279905,2275897,2275924,2147479,2147487,0,-93833,-93806,-169029,-169020,-173028,-173001,-301447,-301438,0,-3.83161358462754,-3.83048500838444,-6.90217555299962,-6.9018115551769,-7.0654664418448,-7.06437618998895,-12.3093413620112,-12.3089993233767
"Conservancy_28","N#a Jaqna","Warthog","Grazer","General_Grazer",127896,118800,389253,114536,376752,114805,376164,107884,354870,0,-9096,261358,-13359,248856,-13091,248268,-20012,226975,0,-7.11206177177628,204.352348617853,-10.4452979771109,194.577576398102,-10.235540829539,194.117995958219,-15.6468822465571,177.468838982411
"Conservancy_29","!Han /Awab","Baboon","Omnivore","Omnivore",86385,81684,86477,78570,83277,78366,82966,70622,74841,0,-4701,92,-7815,-3107,-8019,-3418,-15763,-11544,0,-5.44152533618962,0.106795842611666,-9.04642298465331,-3.59711220051778,-9.28274380419497,-3.95729047503499,-18.2472320740765,-13.3634894908634
"Conservancy_29","!Han /Awab","Black rhinoceros","Browser","Shrub_Browser",1442,1209,1251,1148,1194,1160,1200,1032,1073,0,-233,-191,-294,-249,-282,-242,-410,-370,0,-16.1314585725894,-13.2593908161352,-20.3738912691988,-17.2343200252473,-19.5380380838536,-16.7810006899189,-28.4384553785726,-25.625513841659
"Conservancy_29","!Han /Awab","Black-backed Jackal","Carnivore","Carnivore",,,,,,,,,,,,,,,,,,,,,,,,,,,
"Conservancy_29","!Han /Awab","Black-faced Impala","Mixed","Mixed_Open",91309,88469,94043,85306,90717,84875,90225,76678,81527,0,-2840,2733,-6003,-593,-6434,-1085,-14631,-9782,0,-3.11047391410129,2.99339859295298,-6.57482931072259,-0.649354054972862,-7.04643211723789,-1.18781644166826,-16.0238006633337,-10.7131427536319
"Conservancy_29","!Han /Awab","Blue wildebeest","Grazer","General_Grazer",25239,24922,26564,24076,25658,23909,25485,21642,23059,0,-317,1325,-1162,419,-1329,247,-3597,-2180,0,-1.25593194111509,5.25009733566599,-4.60516526277462,1.65975463630987,-5.26720724934289,0.977352553091189,-14.2522510785172,-8.63724213780281
"Conservancy_29","!Han /Awab","Buffalo","Grazer","General_Grazer",11105,10966,11688,10594,11289,10520,11214,9522,10146,0,-139,583,-511,184,-585,109,-1583,-959,0,-1.25593194111509,5.25009733566599,-4.60516526277463,1.65975463630988,-5.2672072493429,0.977352553091186,-14.2522510785172,-8.63724213780282
"Conservancy_29","!Han /Awab","Burchell's zebra","Grazer","General_Grazer",17352,17134,18263,16553,17640,16438,17521,14879,15853,0,-218,911,-799,288,-914,170,-2473,-1499,0,-1.2559319411151,5.25009733566598,-4.60516526277463,1.65975463630987,-5.2672072493429,0.977352553091178,-14.2522510785172,-8.63724213780282
"Conservancy_29","!Han /Awab","Bushpig","Omnivore","Omnivore",34554,32674,34591,31428,33311,31346,33186,28249,29936,0,-1880,37,-3126,-1243,-3208,-1367,-6305,-4618,0,-5.44152533618962,0.106795842611654,-9.04642298465332,-3.59711220051779,-9.28274380419496,-3.957290475035,-18.2472320740765,-13.3634894908634
"Conservancy_29","!Han /Awab","Cheetah","Carnivore","Carnivore",,,,,,,,,,,,,,,,,,,,,,,,,,,
"Conservancy_29","!Han /Awab","Damara dik dik","Browser","Shrub_Browser",288419,241893,250177,229657,238712,232068,240020,206397,214510,0,-46526,-38243,-58762,-49707,-56351,-48400,-82022,-73909,0,-16.1314585725894,-13.2593908161352,-20.3738912691988,-17.2343200252473,-19.5380380838536,-16.7810006899189,-28.4384553785726,-25.625513841659
"Conservancy_29","!Han /Awab","Duiker","Browser","Woodland_Browser",62335,51149,53083,48407,50540,49071,50927,43507,45418,0,-11186,-9252,-13928,-11795,-13264,-11407,-18828,-16917,0,-17.9446052069995,-14.8424156726462,-22.3435259855525,-18.9216566361784,-21.2784105231378,-18.300435613336,-30.2045862387966,-27.138783700186
"Conservancy_29","!Han /Awab","Eland","Mixed","Mixed_Open",9131,8847,9404,8531,9072,8488,9022,7668,8153,0,-284,273,-600,-59,-643,-108,-1463,-978,0,-3.11047391410128,2.99339859295299,-6.57482931072258,-0.649354054972858,-7.04643211723788,-1.18781644166824,-16.0238006633337,-10.7131427536319
"Conservancy_29","!Han /Awab","Elephant","Mixed","Large_Mixed",930,882,933,848,899,846,895,763,808,0,-49,3,-82,-32,-84,-35,-168,-123,0,-5.21726244746585,0.292117843704588,-8.80183399838985,-3.39782750080354,-9.0674671827105,-3.77939799121972,-18.0280038549591,-13.1848462261165
"Conservancy_29","!Han /Awab","Gemsbok","Mixed","Arid_Mixed",20721,20016,21192,19300,20442,19203,20332,17347,18371,0,-705,471,-1421,-279,-1518,-390,-3374,-2350,0,-3.40311571504913,2.27157696119263,-6.85820833207573,-1.34710769516532,-7.32668005379633,-1.87999714959699,-16.2818526077026,-11.3425801217657
"Conservancy_29","!Han /Awab","Giraffe","Browser","Woodland_Browser",1283,1053,1093,997,1041,1010,1048,896,935,0,-230,-190,-287,-243,-273,-235,-388,-348,0,-17.9446052069995,-14.8424156726462,-22.3435259855525,-18.9216566361784,-21.2784105231378,-18.300435613336,-30.2045862387966,-27.138783700186
"Conservancy_29","!Han /Awab","Hartmann's zebra","Grazer","Arid_Grazer",17288,16925,17949,16342,17331,16238,17221,14689,15575,0,-363,662,-945,43,-1050,-67,-2599,-1713,0,-2.09760888413697,3.8279884786418,-5.46906975760236,0.249173087659373,-6.07414760761552,-0.386679940008082,-15.0327184509866,-9.90770598452555
"Conservancy_29","!Han /Awab","Hippopotamus","Grazer","Wetland_Grazer",1761,1749,1869,1690,1805,1678,1793,1520,1623,0,-12,108,-70,45,-83,32,-241,-138,0,-0.674697948349162,6.11575467137569,-3.99974259473759,2.52782347996888,-4.70979894272616,1.80774171456353,-13.7063480304243,-7.8559111907613
"Conservancy_29","!Han /Awab","Impala","Mixed","Mixed_Open",91309,88469,94043,85306,90717,84875,90225,76678,81527,0,-2840,2733,-6003,-593,-6434,-1085,-14631,-9782,0,-3.11047391410129,2.99339859295298,-6.57482931072259,-0.649354054972862,-7.04643211723789,-1.18781644166826,-16.0238006633337,-10.7131427536319
"Conservancy_29","!Han /Awab","Klipspringer","Browser","Rocky_Browser",105515,88956,90141,84656,86134,85346,86484,76066,77389,0,-16558,-15373,-20858,-19381,-20169,-19031,-29449,-28125,0,-15.6928158426616,-14.5696195360687,-19.7681429138549,-18.3679541526302,-19.1146398259876,-18.0362472228632,-27.9096600964905,-26.6555222345378
"Conservancy_29","!Han /Awab","Kudu","Browser","Woodland_Browser",5741,4711,4889,4459,4655,4520,4691,4007,4183,0,-1030,-852,-1283,-1086,-1222,-1051,-1734,-1558,0,-17.9446052069995,-14.8424156726462,-22.3435259855525,-18.9216566361784,-21.2784105231378,-18.3004356133359,-30.2045862387966,-27.138783700186
"Conservancy_29","!Han /Awab","Leopard","Carnivore","Carnivore",,,,,,,,,,,,,,,,,,,,,,,,,,,
"Conservancy_29","!Han /Awab","Ostrich","Mixed","Mixed_Open",45655,44235,47021,42653,45358,42438,45112,38339,40764,0,-1420,1367,-3002,-296,-3217,-542,-7316,-4891,0,-3.11047391410129,2.99339859295298,-6.57482931072259,-0.649354054972862,-7.04643211723789,-1.18781644166826,-16.0238006633337,-10.7131427536319
"Conservancy_29","!Han /Awab","Red Hartebeest","Grazer","General_Grazer",37017,36552,38960,35312,37631,35067,37379,31741,33820,0,-465,1943,-1705,614,-1950,362,-5276,-3197,0,-1.2559319411151,5.25009733566598,-4.60516526277462,1.65975463630987,-5.2672072493429,0.97735255309118,-14.2522510785172,-8.63724213780281
"Conservancy_29","!Han /Awab","Red Lechwe","Grazer","Wetland_Grazer",30816,30608,32701,29583,31595,29365,31373,26592,28395,0,-208,1885,-1233,779,-1451,557,-4224,-2421,0,-0.674697948349171,6.11575467137569,-3.99974259473759,2.52782347996887,-4.70979894272615,1.80774171456353,-13.7063480304244,-7.8559111907613
"Conservancy_29","!Han /Awab","Reedbuck","Grazer","Wetland_Grazer",54784,54414,58134,52593,56169,52204,55774,47275,50480,0,-370,3350,-2191,1385,-2580,990,-7509,-4304,0,-0.674697948349168,6.11575467137569,-3.99974259473759,2.52782347996888,-4.70979894272616,1.80774171456354,-13.7063480304244,-7.85591119076129
"Conservancy_29","!Han /Awab","Roan","Grazer","General_Grazer",23135,22845,24350,22070,23519,21917,23362,19838,21137,0,-291,1215,-1065,384,-1219,226,-3297,-1998,0,-1.25593194111509,5.25009733566599,-4.60516526277462,1.65975463630988,-5.26720724934288,0.977352553091184,-14.2522510785172,-8.63724213780281
"Conservancy_29","!Han /Awab","Sable","Grazer","General_Grazer",27763,27414,29220,26484,28223,26300,28034,23806,25365,0,-349,1458,-1279,461,-1462,271,-3957,-2398,0,-1.2559319411151,5.25009733566598,-4.60516526277463,1.65975463630987,-5.2672072493429,0.977352553091173,-14.2522510785172,-8.63724213780282
"Conservancy_29","!Han /Awab","Spotted Hyaena","Carnivore","Carnivore",,,,,,,,,,,,,,,,,,,,,,,,,,,
"Conservancy_29","!Han /Awab","Springbok","Grazer","Arid_Grazer",127382,124710,132259,120416,127700,119645,126890,108233,114762,0,-2672,4876,-6967,317,-7737,-493,-19149,-12621,0,-2.09760888413697,3.82798847864179,-5.46906975760235,0.249173087659379,-6.07414760761551,-0.386679940008073,-15.0327184509866,-9.90770598452554
"Conservancy_29","!Han /Awab","Steenbok","Browser","Shrub_Browser",144210,120947,125088,114829,119356,116034,120010,103199,107255,0,-23263,-19121,-29381,-24854,-28176,-24200,-41011,-36954,0,-16.1314585725894,-13.2593908161352,-20.3738912691988,-17.2343200252473,-19.5380380838536,-16.7810006899189,-28.4384553785726,-25.625513841659
"Conservancy_29","!Han /Awab","Vervet monkey","Omnivore","Omnivore",414646,392083,415089,377136,399731,376156,398238,338985,359235,0,-22563,443,-37511,-14915,-38491,-16409,-75661,-55411,0,-5.44152533618963,0.106795842611661,-9.04642298465332,-3.59711220051779,-9.28274380419498,-3.957290475035,-18.2472320740765,-13.3634894908635
"Conservancy_29","!Han /Awab","Warthog","Grazer","General_Grazer",79322,78325,83486,75669,80638,75144,80097,68017,72470,0,-996,4164,-3653,1317,-4178,775,-11305,-6851,0,-1.2559319411151,5.25009733566597,-4.60516526277463,1.65975463630986,-5.26720724934289,0.977352553091173,-14.2522510785172,-8.63724213780281
"Conservancy_30","!Khob !naub","Baboon","Omnivore","Omnivore",45415,29346,57468,26015,53721,28439,55684,23724,48989,0,-16070,12052,-19400,8306,-16976,10269,-21692,3573,0,-35.3835386464344,26.5376245771499,-42.7178512145622,18.28903590178,-37.3802247158065,22.6113909384993,-47.762575082311,7.86816079286142
"Conservancy_30","!Khob !naub","Black rhinoceros","Browser","Shrub_Browser",1187,674,986,578,901,653,956,527,821,0,-513,-200,-609,-286,-534,-231,-660,-365,0,-43.2142757517316,-16.8850364241811,-51.3212632035615,-24.0992910338706,-44.976556729387,-19.4670831289756,-55.6100080164588,-30.7863186999657
"Conservancy_30","!Khob !naub","Black-backed Jackal","Carnivore","Carnivore",,,,,,,,,,,,,,,,,,,,,,,,,,,
"Conservancy_30","!Khob !naub","Black-faced Impala","Mixed","Mixed_Open",42511,28947,60690,25985,57050,28054,58808,23697,52024,0,-13564,18179,-16526,14538,-14458,16296,-18814,9513,0,-31.907419121668,42.7624342407812,-38.8747061499795,34.1989682972168,-34.008913456594,38.3338603554488,-44.2572704924428,22.3766451830431
"Conservancy_30","!Khob !naub","Blue wildebeest","Grazer","General_Grazer",10708,7735,16893,7039,15957,7496,16369,6419,14552,0,-2974,6184,-3669,5249,-3212,5660,-4289,3843,0,-27.768944926968,57.7513603760863,-34.2651868908898,49.0176600960803,-29.9962879214908,52.8585643046277,-40.053165341827,35.8900212582909
"Conservancy_30","!Khob !naub","Buffalo","Grazer","General_Grazer",4712,3403,7433,3097,7021,3298,7202,2825,6403,0,-1308,2721,-1614,2310,-1413,2491,-1887,1691,0,-27.768944926968,57.7513603760863,-34.2651868908898,49.0176600960803,-29.9962879214908,52.8585643046277,-40.053165341827,35.8900212582909
"Conservancy_30","!Khob !naub","Burchell's zebra","Grazer","General_Grazer",7362,5318,11614,4839,10971,5154,11254,4413,10004,0,-2044,4252,-2523,3609,-2208,3891,-2949,2642,0,-27.768944926968,57.7513603760863,-34.2651868908898,49.0176600960802,-29.9962879214908,52.8585643046277,-40.053165341827,35.8900212582909
"Conservancy_30","!Khob !naub","Bushpig","Omnivore","Omnivore",18166,11738,22987,10406,21489,11376,22274,9490,19596,0,-6428,4821,-7760,3322,-6791,4108,-8677,1429,0,-35.3835386464344,26.5376245771499,-42.7178512145622,18.28903590178,-37.3802247158065,22.6113909384993,-47.762575082311,7.86816079286141
"Conservancy_30","!Khob !naub","Cheetah","Carnivore","Carnivore",,,,,,,,,,,,,,,,,,,,,,,,,,,
"Conservancy_30","!Khob !naub","Damara dik dik","Browser","Shrub_Browser",237342,134776,197267,115535,180144,130594,191138,105356,164273,0,-102566,-40075,-121807,-57198,-106748,-46204,-131986,-73069,0,-43.2142757517316,-16.8850364241811,-51.3212632035615,-24.0992910338705,-44.976556729387,-19.4670831289756,-55.6100080164588,-30.7863186999657
"Conservancy_30","!Khob !naub","Duiker","Browser","Woodland_Browser",47390,22547,37425,18100,33531,21848,36262,16505,30577,0,-24843,-9966,-29291,-13860,-25542,-11128,-30885,-16814,0,-52.4221831440585,-21.0291620739311,-61.8072601084042,-29.245761604814,-53.8972369983767,-23.4815874806267,-65.1723808682933,-35.4795350318999
"Conservancy_30","!Khob !naub","Eland","Mixed","Mixed_Open",4251,2895,6069,2599,5705,2805,5881,2370,5202,0,-1356,1818,-1653,1454,-1446,1630,-1881,951,0,-31.9074191216681,42.7624342407812,-38.8747061499795,34.1989682972168,-34.0089134565941,38.3338603554488,-44.2572704924428,22.3766451830431
"Conservancy_30","!Khob !naub","Elephant","Mixed","Large_Mixed",498,330,630,295,590,320,610,269,538,0,-168,132,-203,92,-178,112,-229,40,0,-33.7159076579934,26.4827626411054,-40.8124035477035,18.453793953642,-35.7648121242297,22.5579623627418,-46.0249992314991,8.01842197739378
"Conservancy_30","!Khob !naub","Gemsbok","Mixed","Arid_Mixed",11034,8019,14723,7330,13892,7771,14266,6685,12669,0,-3015,3689,-3704,2858,-3263,3232,-4350,1635,0,-27.3271349371548,33.4311062885306,-33.5689279231358,25.904990680072,-29.5743208856368,29.2904027681112,-39.4193548106359,14.8133168067997
"Conservancy_30","!Khob !naub","Giraffe","Browser","Woodland_Browser",976,464,771,373,690,450,747,340,630,0,-511,-205,-603,-285,-526,-229,-636,-346,0,-52.4221831440585,-21.0291620739311,-61.8072601084042,-29.245761604814,-53.8972369983767,-23.4815874806267,-65.1723808682933,-35.4795350318999
"Conservancy_30","!Khob !naub","Hartmann's zebra","Grazer","Arid_Grazer",8795,6666,12411,6151,11753,6460,12026,5609,10718,0,-2129,3616,-2644,2958,-2335,3231,-3186,1923,0,-24.2071424301675,41.114545479003,-30.0653280271277,33.6311215339127,-26.5500996671511,36.7357203737312,-36.2240707926649,21.8588950327444
"Conservancy_30","!Khob !naub","Hippopotamus","Grazer","Wetland_Grazer",678,482,1146,436,1082,467,1110,398,986,0,-197,467,-242,403,-211,432,-281,308,0,-28.9745289353867,68.9056354208244,-35.7302402694056,59.4875626382345,-31.1613739408726,63.6680569802708,-41.388639708023,45.4376338111985
"Conservancy_30","!Khob !naub","Impala","Mixed","Mixed_Open",42511,28947,60690,25985,57050,28054,58808,23697,52024,0,-13564,18179,-16526,14538,-14458,16296,-18814,9513,0,-31.907419121668,42.7624342407812,-38.8747061499795,34.1989682972168,-34.008913456594,38.3338603554488,-44.2572704924428,22.3766451830431
"Conservancy_30","!Khob !naub","Klipspringer","Browser","Rocky_Browser",117938,85409,97097,78480,91032,82754,94078,71566,83012,0,-32528,-20841,-39458,-26906,-35184,-23860,-46372,-34926,0,-27.5810110530486,-17.670784123732,-33.4564397696251,-22.8133671928948,-29.8328823112293,-20.2309987285237,-39.3191054879356,-29.6135160070173
"Conservancy_30","!Khob !naub","Kudu","Browser","Woodland_Browser",4365,2077,3447,1667,3088,2012,3340,1520,2816,0,-2288,-918,-2698,-1277,-2353,-1025,-2845,-1549,0,-52.4221831440585,-21.0291620739311,-61.8072601084042,-29.245761604814,-53.8972369983767,-23.4815874806267,-65.1723808682933,-35.4795350318999
"Conservancy_30","!Khob !naub","Leopard","Carnivore","Carnivore",,,,,,,,,,,,,,,,,,,,,,,,,,,
"Conservancy_30","!Khob !naub","Ostrich","Mixed","Mixed_Open",21256,14474,30345,12993,28525,14027,29404,11848,26012,0,-6782,9089,-8263,7269,-7229,8148,-9407,4756,0,-31.907419121668,42.7624342407812,-38.8747061499795,34.1989682972168,-34.008913456594,38.3338603554488,-44.2572704924428,22.3766451830431
"Conservancy_30","!Khob !naub","Red Hartebeest","Grazer","General_Grazer",15706,11344,24776,10324,23404,10995,24007,9415,21342,0,-4361,9070,-5382,7699,-4711,8302,-6291,5637,0,-27.768944926968,57.7513603760863,-34.2651868908898,49.0176600960803,-29.9962879214908,52.8585643046277,-40.053165341827,35.8900212582909
"Conservancy_30","!Khob !naub","Red Lechwe","Grazer","Wetland_Grazer",11870,8431,20049,7629,18931,8171,19427,6957,17263,0,-3439,8179,-4241,7061,-3699,7557,-4913,5393,0,-28.9745289353867,68.9056354208244,-35.7302402694056,59.4875626382345,-31.1613739408725,63.6680569802709,-41.388639708023,45.4376338111985
"Conservancy_30","!Khob !naub","Reedbuck","Grazer","Wetland_Grazer",21102,14988,35642,13562,33655,14526,34537,12368,30690,0,-6114,14540,-7540,12553,-6576,13435,-8734,9588,0,-28.9745289353867,68.9056354208244,-35.7302402694056,59.4875626382345,-31.1613739408726,63.6680569802708,-41.388639708023,45.4376338111985
"Conservancy_30","!Khob !naub","Roan","Grazer","General_Grazer",9816,7090,15485,6453,14628,6872,15005,5884,13339,0,-2726,5669,-3363,4812,-2944,5189,-3932,3523,0,-27.768944926968,57.7513603760863,-34.2651868908898,49.0176600960803,-29.9962879214908,52.8585643046277,-40.053165341827,35.8900212582909
"Conservancy_30","!Khob !naub","Sable","Grazer","General_Grazer",11779,8508,18582,7743,17553,8246,18006,7061,16007,0,-3271,6803,-4036,5774,-3533,6226,-4718,4228,0,-27.768944926968,57.7513603760863,-34.2651868908898,49.0176600960803,-29.9962879214908,52.8585643046277,-40.053165341827,35.8900212582909
"Conservancy_30","!Khob !naub","Spotted Hyaena","Carnivore","Carnivore",,,,,,,,,,,,,,,,,,,,,,,,,,,
"Conservancy_30","!Khob !naub","Springbok","Grazer","Arid_Grazer",64807,49119,91452,45322,86602,47600,88614,41331,78973,0,-15688,26645,-19484,21795,-17206,23807,-23476,14166,0,-24.2071424301675,41.114545479003,-30.0653280271277,33.6311215339127,-26.5500996671512,36.7357203737312,-36.2240707926649,21.8588950327444
"Conservancy_30","!Khob !naub","Steenbok","Browser","Shrub_Browser",118671,67388,98633,57767,90072,65297,95569,52678,82136,0,-51283,-20038,-60903,-28599,-53374,-23102,-65993,-36534,0,-43.2142757517316,-16.8850364241811,-51.3212632035615,-24.0992910338705,-44.976556729387,-19.4670831289756,-55.6100080164588,-30.7863186999657
"Conservancy_30","!Khob !naub","Vervet monkey","Omnivore","Omnivore",217994,140860,275845,124872,257863,136507,267286,113874,235146,0,-77134,57850,-93122,39869,-81487,49291,-104120,17152,0,-35.3835386464344,26.53762457715,-42.7178512145622,18.2890359017799,-37.3802247158065,22.6113909384993,-47.762575082311,7.86816079286142
"Conservancy_30","!Khob !naub","Warthog","Grazer","General_Grazer",33655,24309,53091,22123,50152,23560,51445,20175,45734,0,-9346,19436,-11532,16497,-10095,17790,-13480,12079,0,-27.768944926968,57.7513603760864,-34.2651868908898,49.0176600960803,-29.9962879214908,52.8585643046277,-40.053165341827,35.8900212582909
"Conservancy_31","Anabeb","Baboon","Omnivore","Omnivore",30126,28361,42435,26800,40174,27420,41065,25114,37680,0,-1765,12309,-3326,10049,-2706,10939,-5012,7554,0,-5.85722254592939,40.8595428990152,-11.0401711900234,33.3553042748369,-8.98071853470238,36.3114960325547,-16.6372456839296,25.0761214618207
"Conservancy_31","Anabeb","Black rhinoceros","Browser","Shrub_Browser",1375,1321,1198,1254,1137,1277,1159,1175,1066,0,-53,-176,-121,-237,-97,-215,-200,-309,0,-3.88863660801661,-12.8112065880056,-8.78057835849775,-17.2783472342374,-7.08770808707061,-15.6714415181324,-14.518899605485,-22.4481930260664
"Conservancy_31","Anabeb","Black-backed Jackal","Carnivore","Carnivore",,,,,,,,,,,,,,,,,,,,,,,,,,,
"Conservancy_31","Anabeb","Black-faced Impala","Mixed","Mixed_Open",20012,18490,38226,17408,36167,17879,37001,16313,33929,0,-1523,18214,-2605,16155,-2134,16988,-3699,13916,0,-7.60921512426406,91.0122581613913,-13.0145044312272,80.7241883973774,-10.6615193120481,84.8893799582408,-18.4852946358362,69.5380517340244
"Conservancy_31","Anabeb","Blue wildebeest","Grazer","General_Grazer",3009,2663,9161,2484,8661,2576,8870,2328,8127,0,-346,6152,-525,5652,-433,5861,-681,5118,0,-11.5127880079423,204.438492241405,-17.451401615497,187.827719392108,-14.3961486273944,194.760753918078,-22.6302268490165,170.074438328993
"Conservancy_31","Anabeb","Buffalo","Grazer","General_Grazer",1324,1172,4031,1093,3811,1133,3903,1024,3576,0,-152,2707,-231,2487,-191,2579,-300,2252,0,-11.5127880079423,204.438492241405,-17.451401615497,187.827719392108,-14.3961486273944,194.760753918078,-22.6302268490165,170.074438328993
"Conservancy_31","Anabeb","Burchell's zebra","Grazer","General_Grazer",2069,1831,6298,1708,5954,1771,6098,1601,5587,0,-238,4229,-361,3886,-298,4029,-468,3518,0,-11.5127880079423,204.438492241405,-17.451401615497,187.827719392108,-14.3961486273944,194.760753918078,-22.6302268490165,170.074438328993
"Conservancy_31","Anabeb","Bushpig","Omnivore","Omnivore",12050,11345,16974,10720,16070,10968,16426,10045,15072,0,-706,4924,-1330,4019,-1082,4376,-2005,3022,0,-5.8572225459294,40.8595428990152,-11.0401711900234,33.3553042748369,-8.98071853470238,36.3114960325547,-16.6372456839296,25.0761214618207
"Conservancy_31","Anabeb","Cheetah","Carnivore","Carnivore",,,,,,,,,,,,,,,,,,,,,,,,,,,
"Conservancy_31","Anabeb","Damara dik dik","Browser","Shrub_Browser",274902,264212,239684,250764,227404,255418,231821,234989,213192,0,-10690,-35218,-24138,-47499,-19484,-43081,-39913,-61711,0,-3.88863660801664,-12.8112065880056,-8.78057835849776,-17.2783472342374,-7.08770808707062,-15.6714415181324,-14.518899605485,-22.4481930260664
"Conservancy_31","Anabeb","Duiker","Browser","Woodland_Browser",62433,59887,53143,56792,50370,57882,51390,53210,47214,0,-2546,-9290,-5641,-12063,-4552,-11044,-9224,-15219,0,-4.07825714154672,-14.8805239069442,-9.03507801491576,-19.3213636030847,-7.29077151521066,-17.688895797347,-14.7734166349199,-24.3765835316191
"Conservancy_31","Anabeb","Eland","Mixed","Mixed_Open",2001,1849,3823,1741,3617,1788,3700,1631,3393,0,-152,1821,-260,1615,-213,1699,-370,1392,0,-7.60921512426406,91.0122581613913,-13.0145044312272,80.7241883973774,-10.6615193120481,84.8893799582408,-18.4852946358362,69.5380517340244
"Conservancy_31","Anabeb","Elephant","Mixed","Large_Mixed",320,301,455,285,431,291,440,267,404,0,-19,135,-35,111,-29,121,-53,84,0,-5.81677087860469,42.3617871679574,-10.9882793178508,34.7974937927575,-8.93343851108857,37.7718927903434,-16.5821076495609,26.4341794459753
"Conservancy_31","Anabeb","Gemsbok","Mixed","Arid_Mixed",5466,5116,9255,4829,8763,4949,8959,4527,8222,0,-350,3789,-637,3297,-518,3493,-939,2755,0,-6.40960735702446,69.3070949848487,-11.6544960114834,60.3130540798723,-9.46783704718764,63.8928490396718,-17.1790061078226,50.4017777496593
"Conservancy_31","Anabeb","Giraffe","Browser","Woodland_Browser",1285,1233,1094,1169,1037,1192,1058,1095,972,0,-52,-191,-116,-248,-94,-227,-190,-313,0,-4.07825714154671,-14.8805239069442,-9.03507801491576,-19.3213636030847,-7.29077151521065,-17.688895797347,-14.7734166349199,-24.3765835316191
"Conservancy_31","Anabeb","Hartmann's zebra","Grazer","Arid_Grazer",3388,3132,7073,2948,6695,3030,6848,2764,6282,0,-257,3685,-440,3306,-358,3460,-624,2894,0,-7.57315736176011,108.753664438186,-12.9915977582272,97.5838638727423,-10.5597659931704,102.116370824166,-18.4115582768393,85.39819269435
"Conservancy_31","Anabeb","Hippopotamus","Grazer","Wetland_Grazer",133,110,594,101,561,106,575,95,526,0,-23,461,-32,428,-26,442,-38,394,0,-17.1090872587963,347.213761406133,-23.8044706610568,322.519934183345,-19.81991576329,333.018333978324,-28.6194357772367,296.472516284399
"Conservancy_31","Anabeb","Impala","Mixed","Mixed_Open",20012,18490,38226,17408,36167,17879,37001,16313,33929,0,-1523,18214,-2605,16155,-2134,16988,-3699,13916,0,-7.60921512426406,91.0122581613913,-13.0145044312272,80.7241883973774,-10.6615193120481,84.8893799582408,-18.4852946358362,69.5380517340244
"Conservancy_31","Anabeb","Klipspringer","Browser","Rocky_Browser",113431,109688,96514,104201,91664,106093,93383,97693,85965,0,-3743,-16917,-9230,-21767,-7338,-20048,-15738,-27466,0,-3.29939033414199,-14.913643144293,-8.13680445750344,-19.1892864945293,-6.46883653662139,-17.673776735566,-13.8745691424206,-24.2138100774522
"Conservancy_31","Anabeb","Kudu","Browser","Woodland_Browser",5750,5516,4895,5231,4639,5331,4733,4901,4349,0,-235,-856,-520,-1111,-419,-1017,-850,-1402,0,-4.07825714154671,-14.8805239069442,-9.03507801491576,-19.3213636030847,-7.29077151521066,-17.688895797347,-14.77341663492,-24.3765835316191
"Conservancy_31","Anabeb","Leopard","Carnivore","Carnivore",,,,,,,,,,,,,,,,,,,,,,,,,,,
"Conservancy_31","Anabeb","Ostrich","Mixed","Mixed_Open",10006,9245,19113,8704,18084,8939,18500,8157,16964,0,-761,9107,-1302,8077,-1067,8494,-1850,6958,0,-7.60921512426406,91.0122581613913,-13.0145044312272,80.7241883973774,-10.6615193120481,84.8893799582408,-18.4852946358362,69.5380517340244
"Conservancy_31","Anabeb","Red Hartebeest","Grazer","General_Grazer",4413,3905,13436,3643,12703,3778,13009,3415,11919,0,-508,9023,-770,8289,-635,8595,-999,7506,0,-11.5127880079423,204.438492241405,-17.451401615497,187.827719392108,-14.3961486273944,194.760753918078,-22.6302268490165,170.074438328993
"Conservancy_31","Anabeb","Red Lechwe","Grazer","Wetland_Grazer",2323,1926,10391,1770,9817,1863,10061,1659,9212,0,-398,8067,-553,7494,-461,7738,-665,6888,0,-17.1090872587963,347.213761406133,-23.8044706610568,322.519934183345,-19.81991576329,333.018333978324,-28.6194357772367,296.472516284399
"Conservancy_31","Anabeb","Reedbuck","Grazer","Wetland_Grazer",4131,3424,18473,3147,17453,3312,17886,2948,16377,0,-707,14342,-983,13322,-819,13756,-1182,12246,0,-17.1090872587963,347.213761406133,-23.8044706610568,322.519934183345,-19.81991576329,333.018333978324,-28.6194357772367,296.472516284399
"Conservancy_31","Anabeb","Roan","Grazer","General_Grazer",2758,2441,8397,2277,7939,2361,8130,2134,7450,0,-318,5639,-481,5181,-397,5372,-624,4691,0,-11.5127880079423,204.438492241405,-17.451401615497,187.827719392108,-14.3961486273944,194.760753918078,-22.6302268490165,170.074438328993
"Conservancy_31","Anabeb","Sable","Grazer","General_Grazer",3310,2929,10077,2732,9527,2833,9757,2561,8939,0,-381,6767,-578,6217,-477,6447,-749,5629,0,-11.5127880079423,204.438492241405,-17.451401615497,187.827719392108,-14.3961486273944,194.760753918078,-22.6302268490165,170.074438328993
"Conservancy_31","Anabeb","Spotted Hyaena","Carnivore","Carnivore",,,,,,,,,,,,,,,,,,,,,,,,,,,
"Conservancy_31","Anabeb","Springbok","Grazer","Arid_Grazer",24966,23075,52118,21723,49329,22330,50460,20369,46287,0,-1891,27151,-3243,24363,-2636,25494,-4597,21321,0,-7.5731573617601,108.753664438186,-12.9915977582272,97.5838638727424,-10.5597659931704,102.116370824166,-18.4115582768393,85.39819269435
"Conservancy_31","Anabeb","Steenbok","Browser","Shrub_Browser",137451,132106,119842,125382,113702,127709,115911,117495,106596,0,-5345,-17609,-12069,-23749,-9742,-21541,-19956,-30855,0,-3.88863660801664,-12.8112065880056,-8.78057835849776,-17.2783472342374,-7.08770808707062,-15.6714415181324,-14.518899605485,-22.4481930260664
"Conservancy_31","Anabeb","Vervet monkey","Omnivore","Omnivore",144604,136134,203688,128639,192837,131617,197112,120546,180865,0,-8470,59084,-15965,48233,-12986,52508,-24058,36261,0,-5.85722254592939,40.8595428990152,-11.0401711900234,33.3553042748369,-8.98071853470238,36.3114960325547,-16.6372456839296,25.0761214618207
"Conservancy_31","Anabeb","Warthog","Grazer","General_Grazer",9457,8368,28791,7807,27220,8096,27876,7317,25541,0,-1089,19334,-1650,17763,-1361,18419,-2140,16084,0,-11.5127880079423,204.438492241405,-17.451401615497,187.827719392108,-14.3961486273944,194.760753918078,-22.6302268490165,170.074438328993
"Conservancy_32","Ozondundu","Baboon","Omnivore","Omnivore",41332,40077,40077,38033,38033,38565,38565,35607,35607,0,-1255,-1255,-3300,-3300,-2767,-2767,-5725,-5725,0,-3.03709970820899,-3.03709970820899,-7.9829933240444,-7.9829933240444,-6.69562328389173,-6.69562328389173,-13.8523906096429,-13.8523906096429
"Conservancy_32","Ozondundu","Black rhinoceros","Browser","Shrub_Browser",1984,1924,1433,1826,1359,1851,1379,1709,1273,0,-60,-551,-158,-625,-133,-605,-275,-711,0,-3.037099708209,-27.779926662593,-7.98299332404442,-31.4925343986,-6.69562328389174,-30.5043551545364,-13.8523906096429,-35.8590891873556
"Conservancy_32","Ozondundu","Black-backed Jackal","Carnivore","Carnivore",,,,,,,,,,,,,,,,,,,,,,,,,,,
"Conservancy_32","Ozondundu","Black-faced Impala","Mixed","Mixed_Open",25792,25008,31782,23732,30169,24065,30583,22219,28244,0,-784,5990,-2060,4377,-1728,4791,-3574,2451,0,-3.04086558520392,23.2234592856997,-7.98697868986053,16.9682224876902,-6.69924713454068,18.5735428246541,-13.8561217648935,9.50382339604885
"Conservancy_32","Ozondundu","Blue wildebeest","Grazer","General_Grazer",3157,3061,6430,2904,6106,2945,6187,2719,5716,0,-97,3272,-253,2948,-212,3030,-438,2558,0,-3.06506700754808,103.648222405385,-8.01259065792045,93.3816625242034,-6.72253582405054,95.9620967505174,-13.8801000478202,81.0325467033442
"Conservancy_32","Ozondundu","Buffalo","Grazer","General_Grazer",1389,1347,2829,1278,2686,1296,2722,1196,2515,0,-43,1440,-111,1297,-93,1333,-193,1126,0,-3.06506700754808,103.648222405385,-8.01259065792043,93.3816625242034,-6.72253582405053,95.9620967505174,-13.8801000478202,81.0325467033442
"Conservancy_32","Ozondundu","Burchell's zebra","Grazer","General_Grazer",2171,2104,4420,1997,4198,2025,4254,1869,3930,0,-67,2250,-174,2027,-146,2083,-301,1759,0,-3.06506700754807,103.648222405385,-8.01259065792044,93.3816625242034,-6.72253582405055,95.9620967505174,-13.8801000478202,81.0325467033442
"Conservancy_32","Ozondundu","Bushpig","Omnivore","Omnivore",16533,16031,16031,15213,15213,15426,15426,14243,14243,0,-502,-502,-1320,-1320,-1107,-1107,-2290,-2290,0,-3.03709970820899,-3.03709970820899,-7.98299332404441,-7.98299332404441,-6.69562328389173,-6.69562328389173,-13.8523906096429,-13.8523906096429
"Conservancy_32","Ozondundu","Cheetah","Carnivore","Carnivore",,,,,,,,,,,,,,,,,,,,,,,,,,,
"Conservancy_32","Ozondundu","Damara dik dik","Browser","Shrub_Browser",396789,384738,286561,365114,271830,370222,275751,341824,254504,0,-12051,-110228,-31676,-124959,-26568,-121038,-54965,-142285,0,-3.03709970820899,-27.779926662593,-7.9829933240444,-31.4925343986,-6.69562328389172,-30.5043551545364,-13.8523906096429,-35.8590891873556
"Conservancy_32","Ozondundu","Duiker","Browser","Woodland_Browser",96344,93435,68470,88670,64950,89909,65887,83014,60810,0,-2909,-27874,-7674,-31394,-6435,-30457,-13329,-35534,0,-3.01981679543053,-28.9321616509953,-7.96470310110753,-32.5854684179829,-6.67899217916572,-31.6130901277637,-13.8352670469652,-36.8821550896882
"Conservancy_32","Ozondundu","Eland","Mixed","Mixed_Open",2579,2501,3178,2373,3017,2406,3058,2222,2824,0,-78,599,-206,438,-173,479,-357,245,0,-3.04086558520393,23.2234592856997,-7.98697868986053,16.9682224876902,-6.69924713454068,18.573542824654,-13.8561217648935,9.50382339604884
"Conservancy_32","Ozondundu","Elephant","Mixed","Large_Mixed",425,412,419,391,398,397,403,366,372,0,-13,-6,-34,-27,-29,-22,-59,-53,0,-3.0452586960933,-1.39589168393292,-7.99162784701261,-6.42447217838637,-6.70347456357482,-5.11637471353706,-13.8604743708824,-12.3934988006473
"Conservancy_32","Ozondundu","Gemsbok","Mixed","Arid_Mixed",6144,5955,7334,5651,6961,5730,7057,5290,6517,0,-190,1189,-494,817,-414,913,-854,372,0,-3.08791153863161,19.3578375373933,-8.03676665022928,13.2901925054414,-6.74451879611877,14.8538548404944,-13.9027339501529,6.06090380141507
"Conservancy_32","Ozondundu","Giraffe","Browser","Woodland_Browser",1984,1924,1410,1826,1337,1851,1356,1709,1252,0,-60,-574,-158,-646,-132,-627,-274,-732,0,-3.01981679543054,-28.9321616509953,-7.96470310110754,-32.5854684179829,-6.67899217916572,-31.6130901277637,-13.8352670469652,-36.8821550896882
"Conservancy_32","Ozondundu","Hartmann's zebra","Grazer","Arid_Grazer",3192,3092,4968,2934,4716,2975,4780,2747,4415,0,-100,1776,-258,1524,-217,1588,-445,1223,0,-3.13490660675428,55.6318579014183,-8.08650075951489,47.7510826569114,-6.7897414914811,49.7584509062552,-13.9492957192746,38.3188818540902
"Conservancy_32","Ozondundu","Hippopotamus","Grazer","Wetland_Grazer",142,137,404,130,384,132,389,122,359,0,-4,262,-11,242,-9,247,-20,217,0,-3.01261355380884,185.085827577473,-7.95708002872283,170.765748853699,-6.67206060071523,174.325258680437,-13.8281302199169,153.469879200964
"Conservancy_32","Ozondundu","Impala","Mixed","Mixed_Open",25792,25008,31782,23732,30169,24065,30583,22219,28244,0,-784,5990,-2060,4377,-1728,4791,-3574,2451,0,-3.04086558520392,23.2234592856997,-7.98697868986053,16.9682224876902,-6.69924713454068,18.5735428246541,-13.8561217648935,9.50382339604885
"Conservancy_32","Ozondundu","Klipspringer","Browser","Rocky_Browser",135358,131170,97700,124471,92669,126220,94015,116531,86763,0,-4188,-37658,-10887,-42689,-9137,-41343,-18827,-48595,0,-3.09418048595164,-27.8207641817174,-8.04340097428869,-31.5375084221057,-6.75055131625805,-30.5436531463314,-13.908945097182,-35.9011966395178
"Conservancy_32","Ozondundu","Kudu","Browser","Woodland_Browser",8874,8606,6306,8167,5982,8281,6069,7646,5601,0,-268,-2567,-707,-2892,-593,-2805,-1228,-3273,0,-3.01981679543054,-28.9321616509953,-7.96470310110753,-32.5854684179829,-6.67899217916574,-31.6130901277637,-13.8352670469652,-36.8821550896882
"Conservancy_32","Ozondundu","Leopard","Carnivore","Carnivore",,,,,,,,,,,,,,,,,,,,,,,,,,,
"Conservancy_32","Ozondundu","Ostrich","Mixed","Mixed_Open",12896,12504,15891,11866,15084,12032,15291,11109,14122,0,-392,2995,-1030,2188,-864,2395,-1787,1226,0,-3.04086558520392,23.2234592856997,-7.98697868986053,16.9682224876902,-6.69924713454068,18.5735428246541,-13.8561217648935,9.50382339604885
"Conservancy_32","Ozondundu","Red Hartebeest","Grazer","General_Grazer",4631,4489,9430,4260,8955,4319,9074,3988,8383,0,-142,4800,-371,4324,-311,4444,-643,3752,0,-3.06506700754808,103.648222405385,-8.01259065792044,93.3816625242034,-6.72253582405055,95.9620967505174,-13.8801000478202,81.0325467033442
"Conservancy_32","Ozondundu","Red Lechwe","Grazer","Wetland_Grazer",2479,2405,7068,2282,6713,2314,6801,2136,6284,0,-75,4589,-197,4234,-165,4322,-343,3805,0,-3.01261355380885,185.085827577473,-7.95708002872282,170.765748853699,-6.67206060071524,174.325258680437,-13.8281302199169,153.469879200964
"Conservancy_32","Ozondundu","Reedbuck","Grazer","Wetland_Grazer",4408,4275,12565,4057,11934,4113,12091,3798,11172,0,-133,8158,-351,7527,-294,7683,-609,6764,0,-3.01261355380885,185.085827577473,-7.95708002872282,170.765748853699,-6.67206060071524,174.325258680437,-13.8281302199169,153.469879200964
"Conservancy_32","Ozondundu","Roan","Grazer","General_Grazer",2894,2805,5894,2662,5597,2700,5672,2492,5239,0,-89,3000,-232,2703,-195,2777,-402,2345,0,-3.06506700754808,103.648222405385,-8.01259065792044,93.3816625242034,-6.72253582405054,95.9620967505174,-13.8801000478202,81.0325467033442
"Conservancy_32","Ozondundu","Sable","Grazer","General_Grazer",3473,3367,7073,3195,6716,3240,6806,2991,6287,0,-106,3600,-278,3243,-233,3333,-482,2814,0,-3.06506700754808,103.648222405385,-8.01259065792043,93.3816625242034,-6.72253582405054,95.9620967505174,-13.8801000478202,81.0325467033442
"Conservancy_32","Ozondundu","Spotted Hyaena","Carnivore","Carnivore",,,,,,,,,,,,,,,,,,,,,,,,,,,
"Conservancy_32","Ozondundu","Springbok","Grazer","Arid_Grazer",23521,22783,36605,21619,34752,21924,35224,20240,32533,0,-737,13085,-1902,11231,-1597,11703,-3281,9013,0,-3.13490660675428,55.6318579014183,-8.08650075951488,47.7510826569114,-6.7897414914811,49.7584509062552,-13.9492957192746,38.3188818540902
"Conservancy_32","Ozondundu","Steenbok","Browser","Shrub_Browser",198395,192369,143281,182557,135915,185111,137876,170912,127252,0,-6025,-55114,-15838,-62479,-13284,-60519,-27482,-71142,0,-3.03709970820899,-27.779926662593,-7.9829933240444,-31.4925343986,-6.69562328389172,-30.5043551545364,-13.8523906096429,-35.8590891873556
"Conservancy_32","Ozondundu","Vervet monkey","Omnivore","Omnivore",198395,192369,192369,182557,182557,185111,185111,170912,170912,0,-6025,-6025,-15838,-15838,-13284,-13284,-27482,-27482,0,-3.03709970820899,-3.03709970820899,-7.9829933240444,-7.9829933240444,-6.69562328389172,-6.69562328389172,-13.8523906096429,-13.8523906096429
"Conservancy_32","Ozondundu","Warthog","Grazer","General_Grazer",9923,9619,20208,9128,19189,9256,19445,8546,17964,0,-304,10285,-795,9266,-667,9522,-1377,8041,0,-3.06506700754807,103.648222405385,-8.01259065792043,93.3816625242034,-6.72253582405055,95.9620967505174,-13.8801000478202,81.0325467033443
"Conservancy_33","Sesfontein","Baboon","Omnivore","Omnivore",12250,11519,43593,10795,41263,11149,42332,10101,38677,0,-731,31343,-1454,29013,-1100,30082,-2148,26427,0,-5.9675006578233,255.871735523714,-11.8732741672562,236.851442182989,-8.98122763195278,245.577076981489,-17.536864735368,215.738574968622
"Conservancy_33","Sesfontein","Black rhinoceros","Browser","Shrub_Browser",586,553,880,518,831,535,854,485,779,0,-33,294,-68,245,-51,268,-101,193,0,-5.62227130122337,50.2668544550704,-11.5497271694487,41.8882868154461,-8.64706282252032,45.7821252095665,-17.2341109499238,32.930660218916
"Conservancy_33","Sesfontein","Black-backed Jackal","Carnivore","Carnivore",,,,,,,,,,,,,,,,,,,,,,,,,,,
"Conservancy_33","Sesfontein","Black-faced Impala","Mixed","Mixed_Open",8204,7740,44344,7261,42004,7494,43073,6796,39377,0,-464,36140,-942,33800,-710,34869,-1408,31173,0,-5.65381836246726,440.53684921128,-11.4871800613386,412.012414891899,-8.64863954439089,425.042063131317,-17.1614349654649,379.987588746885
"Conservancy_33","Sesfontein","Blue wildebeest","Grazer","General_Grazer",1438,1382,12025,1302,11398,1340,11683,1219,10687,0,-56,10588,-136,9961,-98,10246,-218,9249,0,-3.8908656702238,736.492523695762,-9.44920412918404,692.87743564568,-6.82091471201117,712.711348805624,-15.1951816938868,643.378499009651
"Conservancy_33","Sesfontein","Buffalo","Grazer","General_Grazer",633,608,5291,573,5015,589,5141,536,4702,0,-25,4659,-60,4383,-43,4508,-96,4070,0,-3.89086567022379,736.492523695762,-9.44920412918403,692.87743564568,-6.82091471201116,712.711348805624,-15.1951816938868,643.378499009651
"Conservancy_33","Sesfontein","Burchell's zebra","Grazer","General_Grazer",988,950,8267,895,7836,921,8032,838,7347,0,-38,7279,-93,6848,-67,7044,-150,6359,0,-3.89086567022378,736.492523695762,-9.44920412918404,692.87743564568,-6.82091471201115,712.711348805624,-15.1951816938868,643.378499009651
"Conservancy_33","Sesfontein","Bushpig","Omnivore","Omnivore",4900,4607,17437,4318,16505,4460,16933,4041,15471,0,-292,12537,-582,11605,-440,12033,-859,10571,0,-5.96750065782331,255.871735523714,-11.8732741672561,236.851442182989,-8.98122763195277,245.577076981489,-17.536864735368,215.738574968622
"Conservancy_33","Sesfontein","Cheetah","Carnivore","Carnivore",,,,,,,,,,,,,,,,,,,,,,,,,,,
"Conservancy_33","Sesfontein","Damara dik dik","Browser","Shrub_Browser",117166,110578,176061,103633,166244,107034,170807,96973,155749,0,-6587,58895,-13532,49079,-10131,53641,-20192,38583,0,-5.62227130122337,50.2668544550704,-11.5497271694486,41.8882868154461,-8.64706282252031,45.7821252095666,-17.2341109499238,32.9306602189161
"Conservancy_33","Sesfontein","Duiker","Browser","Woodland_Browser",19230,17387,32883,16166,30989,16789,31882,15107,29023,0,-1843,13653,-3064,11759,-2441,12652,-4123,9793,0,-9.58214640943098,70.9995055738832,-15.9345460448948,61.1504933653301,-12.6918115434383,65.7950075259685,-21.4406054037165,50.9276518675126
"Conservancy_33","Sesfontein","Eland","Mixed","Mixed_Open",820,774,4434,726,4200,749,4307,680,3938,0,-46,3614,-94,3380,-71,3487,-141,3117,0,-5.65381836246724,440.53684921128,-11.4871800613386,412.012414891899,-8.64863954439089,425.042063131317,-17.1614349654649,379.987588746885
"Conservancy_33","Sesfontein","Elephant","Mixed","Large_Mixed",145,138,480,130,455,134,467,121,426,0,-7,335,-15,310,-11,321,-24,281,0,-4.86789387238447,230.757619662824,-10.6569535096108,213.146927586323,-7.8584573312142,221.209621699332,-16.3701775192902,193.52970842195
"Conservancy_33","Sesfontein","Gemsbok","Mixed","Arid_Mixed",3559,3486,11214,3292,10627,3382,10894,3084,9963,0,-72,7655,-267,7068,-176,7335,-475,6404,0,-2.030634845017,215.117358543299,-7.50114094004406,198.609722391941,-4.95595944906919,206.110275584442,-13.3408769233593,179.946348265447
"Conservancy_33","Sesfontein","Giraffe","Browser","Woodland_Browser",396,358,677,333,638,346,656,311,598,0,-38,281,-63,242,-50,260,-85,202,0,-9.58214640943098,70.9995055738832,-15.9345460448948,61.1504933653301,-12.6918115434383,65.7950075259685,-21.4406054037165,50.9276518675126
"Conservancy_33","Sesfontein","Hartmann's zebra","Grazer","Arid_Grazer",2687,2664,9327,2521,8842,2586,9062,2362,8290,0,-23,6640,-166,6156,-101,6375,-324,5604,0,-0.849036414254397,247.177305611342,-6.17216340211168,229.141368536775,-3.74256555175923,237.308470215167,-12.0632717242225,208.595669903827
"Conservancy_33","Sesfontein","Hippopotamus","Grazer","Wetland_Grazer",24,20,793,18,751,19,770,17,704,0,-4,769,-5,728,-5,747,-7,681,0,-16.3977119528302,3252.29467039168,-22.7897438203377,3077.50392558936,-19.435975337535,3157.09783711464,-27.9270811063821,2879.17636014848
"Conservancy_33","Sesfontein","Impala","Mixed","Mixed_Open",8204,7740,44344,7261,42004,7494,43073,6796,39377,0,-464,36140,-942,33800,-710,34869,-1408,31173,0,-5.65381836246726,440.53684921128,-11.4871800613386,412.012414891899,-8.64863954439089,425.042063131317,-17.1614349654649,379.987588746885
"Conservancy_33","Sesfontein","Klipspringer","Browser","Rocky_Browser",82904,81627,92984,77102,88029,79200,90278,72239,82505,0,-1277,10080,-5803,5124,-3704,7374,-10665,-399,0,-1.54028536107535,12.1583030083891,-6.99906314319115,6.18115742990244,-4.46795618630635,8.89508520447736,-12.864534019892,-0.48082470106844
"Conservancy_33","Sesfontein","Kudu","Browser","Woodland_Browser",1771,1601,3029,1489,2854,1546,2937,1391,2673,0,-170,1258,-282,1083,-225,1165,-380,902,0,-9.58214640943098,70.9995055738832,-15.9345460448948,61.1504933653301,-12.6918115434383,65.7950075259685,-21.4406054037165,50.9276518675126
"Conservancy_33","Sesfontein","Leopard","Carnivore","Carnivore",,,,,,,,,,,,,,,,,,,,,,,,,,,
"Conservancy_33","Sesfontein","Ostrich","Mixed","Mixed_Open",4102,3870,22172,3631,21002,3747,21536,3398,19688,0,-232,18070,-471,16900,-355,17435,-704,15586,0,-5.65381836246726,440.53684921128,-11.4871800613386,412.012414891899,-8.64863954439089,425.042063131317,-17.1614349654649,379.987588746885
"Conservancy_33","Sesfontein","Red Hartebeest","Grazer","General_Grazer",2108,2026,17637,1909,16718,1965,17136,1788,15674,0,-82,15529,-199,14609,-144,15027,-320,13565,0,-3.89086567022379,736.492523695762,-9.44920412918405,692.87743564568,-6.82091471201117,712.711348805624,-15.1951816938868,643.378499009651
"Conservancy_33","Sesfontein","Red Lechwe","Grazer","Wetland_Grazer",414,346,13872,319,13149,333,13478,298,12328,0,-68,13458,-94,12735,-80,13064,-116,11914,0,-16.3977119528302,3252.29467039168,-22.7897438203377,3077.50392558936,-19.435975337535,3157.09783711464,-27.9270811063821,2879.17636014848
"Conservancy_33","Sesfontein","Reedbuck","Grazer","Wetland_Grazer",736,615,24661,568,23375,593,23961,530,21916,0,-121,23926,-168,22640,-143,23225,-205,21181,0,-16.3977119528302,3252.29467039168,-22.7897438203377,3077.50392558936,-19.435975337535,3157.09783711464,-27.9270811063821,2879.17636014848
"Conservancy_33","Sesfontein","Roan","Grazer","General_Grazer",1318,1267,11023,1193,10448,1228,10710,1118,9796,0,-51,9705,-125,9131,-90,9392,-200,8478,0,-3.8908656702238,736.492523695762,-9.44920412918405,692.87743564568,-6.82091471201115,712.711348805624,-15.1951816938868,643.378499009651
"Conservancy_33","Sesfontein","Sable","Grazer","General_Grazer",1581,1520,13228,1432,12538,1473,12852,1341,11755,0,-62,11647,-149,10957,-108,11270,-240,10174,0,-3.89086567022378,736.492523695762,-9.44920412918404,692.87743564568,-6.82091471201114,712.711348805624,-15.1951816938868,643.378499009651
"Conservancy_33","Sesfontein","Spotted Hyaena","Carnivore","Carnivore",,,,,,,,,,,,,,,,,,,,,,,,,,,
"Conservancy_33","Sesfontein","Springbok","Grazer","Arid_Grazer",19795,19627,68725,18574,65155,19055,66771,17407,61088,0,-168,48930,-1222,45359,-741,46976,-2388,41292,0,-0.84903641425438,247.177305611342,-6.17216340211167,229.141368536775,-3.74256555175921,237.308470215167,-12.0632717242225,208.595669903827
"Conservancy_33","Sesfontein","Steenbok","Browser","Shrub_Browser",58583,55289,88031,51817,83122,53517,85403,48487,77875,0,-3294,29448,-6766,24539,-5066,26820,-10096,19292,0,-5.62227130122337,50.2668544550704,-11.5497271694486,41.8882868154461,-8.64706282252031,45.7821252095666,-17.2341109499238,32.9306602189161
"Conservancy_33","Sesfontein","Vervet monkey","Omnivore","Omnivore",58798,55289,209245,51817,198062,53517,203192,48487,185648,0,-3509,150447,-6981,139264,-5281,144394,-10311,126850,0,-5.9675006578233,255.871735523714,-11.8732741672561,236.851442182989,-8.98122763195277,245.577076981489,-17.536864735368,215.738574968622
"Conservancy_33","Sesfontein","Warthog","Grazer","General_Grazer",4518,4342,37794,4091,35823,4210,36719,3832,33587,0,-176,33276,-427,31305,-308,32201,-687,29069,0,-3.8908656702238,736.492523695762,-9.44920412918405,692.87743564568,-6.82091471201117,712.711348805624,-15.1951816938868,643.378499009651
"Conservancy_34","George Mukoya","Baboon","Omnivore","Omnivore",26892,25858,25841,25376,25376,25397,25394,23921,23918,0,-1033,-1051,-1515,-1515,-1495,-1497,-2971,-2973,0,-3.84296646461402,-3.90698659383269,-5.63522112049535,-5.63522112049535,-5.55764149085274,-5.56835193183412,-11.0465099176842,-11.0565675257451
"Conservancy_34","George Mukoya","Black rhinoceros","Browser","Shrub_Browser",1234,1224,1080,1209,1067,1202,1063,1139,1005,0,-10,-155,-26,-167,-32,-171,-95,-229,0,-0.816614681703569,-12.5327499221622,-2.08164579979287,-13.5288499797916,-2.58532041621689,-13.8558674549704,-7.69663870332839,-18.5334216264656
"Conservancy_34","George Mukoya","Black-backed Jackal","Carnivore","Carnivore",,,,,,,,,,,,,,,,,,,,,,,,,,,
"Conservancy_34","George Mukoya","Black-faced Impala","Mixed","Mixed_Open",16238,15904,17802,15705,17655,15620,17524,14805,16635,0,-334,1564,-533,1417,-618,1285,-1433,397,0,-2.05876800734456,9.62930439330626,-3.28096940185923,8.72620034788735,-3.80532580943169,7.91596836420979,-8.82718537319008,2.44525659951118
"Conservancy_34","George Mukoya","Blue wildebeest","Grazer","General_Grazer",1961,1919,2877,1907,2876,1885,2834,1797,2710,0,-42,916,-54,916,-76,873,-163,749,0,-2.13346511110422,46.70605283645,-2.75523366275609,46.7027042578759,-3.87875733592749,44.5180809521497,-8.33152224830768,38.2093818130597
"Conservancy_34","George Mukoya","Buffalo","Grazer","General_Grazer",863,844,1266,839,1266,829,1247,791,1192,0,-18,403,-24,403,-33,384,-72,330,0,-2.13346511110422,46.70605283645,-2.75523366275609,46.7027042578759,-3.87875733592747,44.5180809521497,-8.33152224830767,38.2093818130597
"Conservancy_34","George Mukoya","Burchell's zebra","Grazer","General_Grazer",1348,1319,1978,1311,1978,1296,1948,1236,1863,0,-29,630,-37,630,-52,600,-112,515,0,-2.13346511110422,46.70605283645,-2.75523366275609,46.7027042578759,-3.87875733592748,44.5180809521497,-8.33152224830767,38.2093818130597
"Conservancy_34","George Mukoya","Bushpig","Omnivore","Omnivore",10757,10343,10336,10150,10150,10159,10158,9568,9567,0,-413,-420,-606,-606,-598,-599,-1188,-1189,0,-3.84296646461403,-3.90698659383269,-5.63522112049536,-5.63522112049536,-5.55764149085276,-5.56835193183413,-11.0465099176842,-11.0565675257451
"Conservancy_34","George Mukoya","Cheetah","Carnivore","Carnivore",,,,,,,,,,,,,,,,,,,,,,,,,,,
"Conservancy_34","George Mukoya","Damara dik dik","Browser","Shrub_Browser",246849,244833,215912,241710,213453,240467,212646,227849,201099,0,-2016,-30937,-5139,-33396,-6382,-34203,-18999,-45749,0,-0.816614681703571,-12.5327499221622,-2.08164579979288,-13.5288499797916,-2.58532041621688,-13.8558674549704,-7.6966387033284,-18.5334216264656
"Conservancy_34","George Mukoya","Duiker","Browser","Woodland_Browser",64769,61337,54295,59749,52564,60243,53221,56323,49570,0,-3432,-10474,-5020,-12205,-4526,-11548,-8446,-15199,0,-5.2990056520398,-16.1718644606137,-7.75048938886308,-18.8443876294792,-6.98764043819913,-17.829751400143,-13.0405658177305,-23.4672120772548
"Conservancy_34","George Mukoya","Eland","Mixed","Mixed_Open",1624,1590,1780,1571,1766,1562,1752,1480,1664,0,-33,156,-53,142,-62,129,-143,40,0,-2.05876800734456,9.62930439330627,-3.28096940185924,8.72620034788735,-3.80532580943169,7.91596836420979,-8.82718537319008,2.44525659951118
"Conservancy_34","George Mukoya","Elephant","Mixed","Large_Mixed",271,264,266,260,262,259,261,245,247,0,-7,-5,-11,-9,-11,-10,-26,-24,0,-2.47101447646448,-1.90851687118105,-3.98473644617943,-3.23915780450274,-4.2101879106879,-3.50967477951109,-9.49063298523044,-8.81632620377193
"Conservancy_34","George Mukoya","Gemsbok","Mixed","Arid_Mixed",3692,3722,4096,3703,4100,3655,4041,3491,3862,0,30,404,12,409,-36,349,-201,170,0,0.819101482953885,10.956873590387,0.315172287997984,11.0680253073846,-0.978860164091176,9.46288677264509,-5.43716504200703,4.60597673490542
"Conservancy_34","George Mukoya","Giraffe","Browser","Woodland_Browser",1333,1263,1118,1230,1082,1240,1096,1160,1021,0,-71,-216,-103,-251,-93,-238,-174,-313,0,-5.29900565203981,-16.1718644606137,-7.75048938886307,-18.8443876294792,-6.98764043819914,-17.829751400143,-13.0405658177305,-23.4672120772548
"Conservancy_34","George Mukoya","Hartmann's zebra","Grazer","Arid_Grazer",1902,1919,2445,1915,2455,1885,2412,1806,2313,0,18,543,14,554,-17,510,-96,411,0,0.92687584536928,28.553538713987,0.723170271006352,29.113698906663,-0.873041149813002,26.8399769768061,-5.05252541980095,21.5992930991828
"Conservancy_34","George Mukoya","Hippopotamus","Grazer","Wetland_Grazer",94,87,163,86,163,86,161,81,154,0,-7,69,-8,69,-8,67,-13,59,0,-7.29473062161548,73.7837540564251,-8.36620865223698,73.1770697277713,-8.94792647703113,70.9386948331073,-13.6208080974454,63.2002026277062
"Conservancy_34","George Mukoya","Impala","Mixed","Mixed_Open",16238,15904,17802,15705,17655,15620,17524,14805,16635,0,-334,1564,-533,1417,-618,1285,-1433,397,0,-2.05876800734456,9.62930439330626,-3.28096940185923,8.72620034788735,-3.80532580943169,7.91596836420979,-8.82718537319008,2.44525659951118
"Conservancy_34","George Mukoya","Klipspringer","Browser","Rocky_Browser",83127,83079,73157,82185,72552,81597,72102,77472,68343,0,-48,-9970,-941,-10575,-1529,-11024,-5654,-14784,0,-0.0574988318525046,-11.9936003117791,-1.13252739304617,-12.7210662429964,-1.83976377936518,-13.2620637733548,-6.80192120759593,-17.7843335793517
"Conservancy_34","George Mukoya","Kudu","Browser","Woodland_Browser",5966,5649,5001,5503,4841,5549,4902,5188,4566,0,-316,-965,-462,-1124,-417,-1064,-778,-1400,0,-5.29900565203982,-16.1718644606137,-7.75048938886308,-18.8443876294792,-6.98764043819915,-17.829751400143,-13.0405658177305,-23.4672120772548
"Conservancy_34","George Mukoya","Leopard","Carnivore","Carnivore",,,,,,,,,,,,,,,,,,,,,,,,,,,
"Conservancy_34","George Mukoya","Ostrich","Mixed","Mixed_Open",8119,7952,8901,7853,8828,7810,8762,7402,8318,0,-167,782,-266,708,-309,643,-717,199,0,-2.05876800734456,9.62930439330626,-3.28096940185923,8.72620034788735,-3.80532580943169,7.91596836420979,-8.82718537319008,2.44525659951118
"Conservancy_34","George Mukoya","Red Hartebeest","Grazer","General_Grazer",2876,2814,4219,2797,4219,2764,4156,2636,3975,0,-61,1343,-79,1343,-112,1280,-240,1099,0,-2.13346511110422,46.70605283645,-2.75523366275609,46.7027042578759,-3.87875733592749,44.5180809521497,-8.33152224830767,38.2093818130597
"Conservancy_34","George Mukoya","Red Lechwe","Grazer","Wetland_Grazer",1646,1526,2861,1508,2851,1499,2814,1422,2686,0,-120,1214,-138,1205,-147,1168,-224,1040,0,-7.29473062161549,73.7837540564251,-8.36620865223699,73.1770697277713,-8.94792647703114,70.9386948331073,-13.6208080974454,63.2002026277062
"Conservancy_34","George Mukoya","Reedbuck","Grazer","Wetland_Grazer",2926,2713,5085,2681,5068,2664,5002,2528,4776,0,-213,2159,-245,2141,-262,2076,-399,1849,0,-7.29473062161549,73.7837540564251,-8.36620865223699,73.1770697277713,-8.94792647703114,70.9386948331073,-13.6208080974454,63.2002026277061
"Conservancy_34","George Mukoya","Roan","Grazer","General_Grazer",1797,1759,2637,1748,2637,1728,2597,1648,2484,0,-38,839,-50,839,-70,800,-150,687,0,-2.13346511110422,46.70605283645,-2.75523366275608,46.7027042578759,-3.87875733592748,44.5180809521497,-8.33152224830767,38.2093818130597
"Conservancy_34","George Mukoya","Sable","Grazer","General_Grazer",2157,2111,3164,2097,3164,2073,3117,1977,2981,0,-46,1007,-59,1007,-84,960,-180,824,0,-2.13346511110423,46.70605283645,-2.75523366275609,46.7027042578759,-3.87875733592748,44.5180809521497,-8.33152224830769,38.2093818130597
"Conservancy_34","George Mukoya","Spotted Hyaena","Carnivore","Carnivore",,,,,,,,,,,,,,,,,,,,,,,,,,,
"Conservancy_34","George Mukoya","Springbok","Grazer","Arid_Grazer",14013,14143,18014,14114,18093,13891,17774,13305,17040,0,130,4001,101,4080,-122,3761,-708,3027,0,0.926875845369269,28.553538713987,0.723170271006342,29.113698906663,-0.873041149813005,26.8399769768062,-5.05252541980095,21.5992930991828
"Conservancy_34","George Mukoya","Steenbok","Browser","Shrub_Browser",123424,122416,107956,120855,106726,120233,106323,113925,100550,0,-1008,-15468,-2569,-16698,-3191,-17102,-9500,-22875,0,-0.816614681703571,-12.5327499221622,-2.08164579979288,-13.5288499797916,-2.58532041621688,-13.8558674549704,-7.6966387033284,-18.5334216264656
"Conservancy_34","George Mukoya","Vervet monkey","Omnivore","Omnivore",129079,124119,124036,121805,121805,121906,121892,114821,114808,0,-4960,-5043,-7274,-7274,-7174,-7188,-14259,-14272,0,-3.84296646461401,-3.90698659383268,-5.63522112049536,-5.63522112049536,-5.55764149085274,-5.56835193183412,-11.0465099176842,-11.0565675257451
"Conservancy_34","George Mukoya","Warthog","Grazer","General_Grazer",6162,6031,9040,5993,9040,5923,8906,5649,8517,0,-131,2878,-170,2878,-239,2743,-513,2355,0,-2.13346511110421,46.70605283645,-2.75523366275609,46.7027042578759,-3.87875733592749,44.5180809521497,-8.33152224830768,38.2093818130597
"Conservancy_35","Muduva Nyangana","Baboon","Omnivore","Omnivore",34227,32662,32548,32040,32040,32125,31832,30167,29890,0,-1565,-1679,-2187,-2187,-2103,-2395,-4060,-4337,0,-4.57218274485037,-4.90491022955557,-6.39024443514729,-6.39024443514729,-6.14289844544994,-6.998010237201,-11.8631119989958,-12.6711929649561
"Conservancy_35","Muduva Nyangana","Black rhinoceros","Browser","Shrub_Browser",1587,1557,1365,1534,1366,1532,1305,1444,1229,0,-30,-222,-53,-220,-55,-282,-143,-358,0,-1.86505529530379,-14.0018846433343,-3.3432750636979,-13.8912980788671,-3.48017887387503,-17.7861669946539,-8.9942675903265,-22.5511605535506
"Conservancy_35","Muduva Nyangana","Black-backed Jackal","Carnivore","Carnivore",,,,,,,,,,,,,,,,,,,,,,,,,,,
"Conservancy_35","Muduva Nyangana","Black-faced Impala","Mixed","Mixed_Open",21405,20387,22399,19997,22307,20051,21524,18828,20228,0,-1019,993,-1408,901,-1354,119,-2578,-1177,0,-4.75890654744831,4.64002061631767,-6.57973541085373,4.21069300156363,-6.32650935615674,0.554999124216472,-12.0415818158499,-5.49995786523463
"Conservancy_35","Muduva Nyangana","Blue wildebeest","Grazer","General_Grazer",2736,2515,3606,2456,3604,2474,3438,2312,3228,0,-221,869,-281,868,-263,702,-424,491,0,-8.09209343284335,31.7750792325022,-10.260526769157,31.7217712181981,-9.60491181504243,25.646860108429,-15.5073009564885,17.9558015705229
"Conservancy_35","Muduva Nyangana","Buffalo","Grazer","General_Grazer",1204,1107,1587,1080,1586,1088,1513,1017,1420,0,-97,383,-124,382,-116,309,-187,216,0,-8.09209343284337,31.7750792325022,-10.2605267691571,31.7217712181981,-9.60491181504245,25.646860108429,-15.5073009564885,17.9558015705229
"Conservancy_35","Muduva Nyangana","Burchell's zebra","Grazer","General_Grazer",1881,1729,2479,1688,2478,1701,2364,1590,2219,0,-152,598,-193,597,-181,482,-292,338,0,-8.09209343284337,31.7750792325022,-10.2605267691571,31.7217712181981,-9.60491181504244,25.646860108429,-15.5073009564885,17.9558015705229
"Conservancy_35","Muduva Nyangana","Bushpig","Omnivore","Omnivore",13691,13065,13019,12816,12816,12850,12733,12067,11956,0,-626,-672,-875,-875,-841,-958,-1624,-1735,0,-4.57218274485036,-4.90491022955556,-6.39024443514729,-6.39024443514729,-6.14289844544994,-6.998010237201,-11.8631119989958,-12.6711929649561
"Conservancy_35","Muduva Nyangana","Cheetah","Carnivore","Carnivore",,,,,,,,,,,,,,,,,,,,,,,,,,,
"Conservancy_35","Muduva Nyangana","Damara dik dik","Browser","Shrub_Browser",317354,311435,272918,306744,273269,306309,260909,288810,245787,0,-5919,-44435,-10610,-44085,-11044,-56445,-28544,-71567,0,-1.86505529530379,-14.0018846433343,-3.3432750636979,-13.8912980788671,-3.48017887387503,-17.7861669946539,-8.9942675903265,-22.5511605535506
"Conservancy_35","Muduva Nyangana","Duiker","Browser","Woodland_Browser",79662,76189,68459,74707,66195,74935,68694,70339,64411,0,-3473,-11204,-4955,-13468,-4727,-10968,-9323,-15251,0,-4.3599373239966,-14.0640664236507,-6.22058769573517,-16.9058018690299,-5.93420762627029,-13.7685186688597,-11.7033126225633,-19.1449590176194
"Conservancy_35","Muduva Nyangana","Eland","Mixed","Mixed_Open",2141,2039,2240,2000,2231,2005,2152,1883,2023,0,-102,99,-141,90,-135,12,-258,-118,0,-4.7589065474483,4.64002061631768,-6.57973541085373,4.21069300156364,-6.32650935615674,0.554999124216489,-12.0415818158499,-5.49995786523462
"Conservancy_35","Muduva Nyangana","Elephant","Mixed","Large_Mixed",349,335,335,329,332,330,324,310,304,0,-14,-15,-20,-17,-19,-25,-39,-45,0,-3.94412332794726,-4.18495193506057,-5.68620978918077,-5.0015281640776,-5.5251308041212,-7.24013052479971,-11.2002515474721,-12.8184779213016
"Conservancy_35","Muduva Nyangana","Gemsbok","Mixed","Arid_Mixed",4987,4832,5161,4753,5223,4752,4845,4475,4565,0,-155,174,-234,236,-235,-142,-512,-423,0,-3.11486082113495,3.48570263671904,-4.70207035247861,4.72693595324727,-4.70939936813644,-2.84027899944765,-10.2737146838128,-8.47366900532929
"Conservancy_35","Muduva Nyangana","Giraffe","Browser","Woodland_Browser",1640,1569,1409,1538,1363,1543,1414,1448,1326,0,-72,-231,-102,-277,-97,-226,-192,-314,0,-4.35993732399659,-14.0640664236507,-6.22058769573518,-16.9058018690299,-5.9342076262703,-13.7685186688597,-11.7033126225633,-19.1449590176194
"Conservancy_35","Muduva Nyangana","Hartmann's zebra","Grazer","Arid_Grazer",2640,2518,3074,2471,3111,2476,2881,2327,2712,0,-122,433,-169,471,-164,241,-313,72,0,-4.63875798507225,16.4175898026965,-6.39249580972532,17.8324842298665,-6.20825130720652,9.12627904741259,-11.8653687547188,2.71241755238056
"Conservancy_35","Muduva Nyangana","Hippopotamus","Grazer","Wetland_Grazer",133,115,204,111,202,113,198,104,185,0,-19,71,-22,69,-21,65,-29,52,0,-13.9909757814058,53.4060662564762,-16.7084701369289,51.5339568985974,-15.4069215530404,48.5584165660322,-21.5783382748185,39.1130239195656
"Conservancy_35","Muduva Nyangana","Impala","Mixed","Mixed_Open",21405,20387,22399,19997,22307,20051,21524,18828,20228,0,-1019,993,-1408,901,-1354,119,-2578,-1177,0,-4.75890654744831,4.64002061631767,-6.57973541085373,4.21069300156363,-6.32650935615674,0.554999124216472,-12.0415818158499,-5.49995786523463
"Conservancy_35","Muduva Nyangana","Klipspringer","Browser","Rocky_Browser",107619,106054,92509,104527,93115,104309,87767,98416,82743,0,-1565,-15110,-3093,-14504,-3311,-19853,-9204,-24876,0,-1.45461563283747,-14.0404471628086,-2.87356792467016,-13.4773869410115,-3.0764621935096,-18.4470681239668,-8.55202855991229,-23.1151853295347
"Conservancy_35","Muduva Nyangana","Kudu","Browser","Woodland_Browser",7337,7017,6305,6881,6097,6902,6327,6479,5933,0,-320,-1032,-456,-1240,-435,-1010,-859,-1405,0,-4.3599373239966,-14.0640664236507,-6.22058769573518,-16.9058018690299,-5.93420762627029,-13.7685186688597,-11.7033126225633,-19.1449590176194
"Conservancy_35","Muduva Nyangana","Leopard","Carnivore","Carnivore",,,,,,,,,,,,,,,,,,,,,,,,,,,
"Conservancy_35","Muduva Nyangana","Ostrich","Mixed","Mixed_Open",10703,10193,11199,9999,11153,10026,10762,9414,10114,0,-509,497,-704,451,-677,59,-1289,-589,0,-4.75890654744831,4.64002061631767,-6.57973541085373,4.21069300156363,-6.32650935615674,0.554999124216472,-12.0415818158499,-5.49995786523463
"Conservancy_35","Muduva Nyangana","Red Hartebeest","Grazer","General_Grazer",4013,3689,5289,3602,5286,3628,5043,3391,4734,0,-325,1275,-412,1273,-385,1029,-622,721,0,-8.09209343284336,31.7750792325022,-10.2605267691571,31.7217712181981,-9.60491181504244,25.646860108429,-15.5073009564885,17.9558015705229
"Conservancy_35","Muduva Nyangana","Red Lechwe","Grazer","Wetland_Grazer",2330,2004,3574,1941,3531,1971,3461,1827,3241,0,-326,1244,-389,1201,-359,1131,-503,911,0,-13.9909757814058,53.4060662564762,-16.7084701369289,51.5339568985974,-15.4069215530404,48.5584165660322,-21.5783382748185,39.1130239195657
"Conservancy_35","Muduva Nyangana","Reedbuck","Grazer","Wetland_Grazer",4142,3563,6354,3450,6277,3504,6154,3248,5762,0,-580,2212,-692,2135,-638,2011,-894,1620,0,-13.9909757814059,53.4060662564762,-16.7084701369289,51.5339568985974,-15.4069215530404,48.5584165660322,-21.5783382748185,39.1130239195656
"Conservancy_35","Muduva Nyangana","Roan","Grazer","General_Grazer",2508,2305,3305,2251,3304,2267,3152,2119,2959,0,-203,797,-257,796,-241,643,-389,450,0,-8.09209343284336,31.7750792325022,-10.2605267691571,31.7217712181981,-9.60491181504244,25.646860108429,-15.5073009564885,17.9558015705229
"Conservancy_35","Muduva Nyangana","Sable","Grazer","General_Grazer",3010,2766,3966,2701,3965,2721,3782,2543,3550,0,-244,956,-309,955,-289,772,-467,540,0,-8.09209343284335,31.7750792325022,-10.260526769157,31.7217712181981,-9.60491181504243,25.6468601084291,-15.5073009564885,17.9558015705229
"Conservancy_35","Muduva Nyangana","Spotted Hyaena","Carnivore","Carnivore",,,,,,,,,,,,,,,,,,,,,,,,,,,
"Conservancy_35","Muduva Nyangana","Springbok","Grazer","Arid_Grazer",19455,18552,22649,18211,22924,18247,21230,17146,19982,0,-902,3194,-1244,3469,-1208,1775,-2308,528,0,-4.63875798507225,16.4175898026965,-6.39249580972529,17.8324842298665,-6.20825130720651,9.1262790474126,-11.8653687547188,2.71241755238056
"Conservancy_35","Muduva Nyangana","Steenbok","Browser","Shrub_Browser",158677,155717,136459,153372,136635,153155,130454,144405,122893,0,-2959,-22218,-5305,-22042,-5522,-28223,-14272,-35783,0,-1.86505529530379,-14.0018846433343,-3.3432750636979,-13.8912980788671,-3.48017887387503,-17.7861669946539,-8.9942675903265,-22.5511605535506
"Conservancy_35","Muduva Nyangana","Vervet monkey","Omnivore","Omnivore",164291,156779,156232,153792,153792,154199,152794,144801,143473,0,-7512,-8058,-10499,-10499,-10092,-11497,-19490,-20818,0,-4.57218274485036,-4.90491022955557,-6.3902444351473,-6.3902444351473,-6.14289844544994,-6.998010237201,-11.8631119989958,-12.6711929649561
"Conservancy_35","Muduva Nyangana","Warthog","Grazer","General_Grazer",8600,7904,11333,7718,11328,7774,10806,7266,10144,0,-696,2733,-882,2728,-826,2206,-1334,1544,0,-8.09209343284337,31.7750792325022,-10.2605267691571,31.7217712181981,-9.60491181504245,25.646860108429,-15.5073009564885,17.9558015705229
"Conservancy_36","Shamungwa","Baboon","Omnivore","Omnivore",2972,2825,2825,2770,2770,2783,2765,2608,2590,0,-147,-147,-202,-202,-189,-207,-364,-381,0,-4.93374807191972,-4.93374807191972,-6.7823033502349,-6.7823033502349,-6.35927504437117,-6.97675951183595,-12.2565149968685,-12.8348623016691
"Conservancy_36","Shamungwa","Black rhinoceros","Browser","Shrub_Browser",139,135,114,133,112,133,108,125,102,0,-4,-25,-6,-27,-6,-31,-14,-37,0,-2.52024959565209,-18.0737518087434,-4.26120650496002,-19.5048944328589,-3.98179028996407,-22.0502110713234,-9.88346962903512,-26.8063090869681
"Conservancy_36","Shamungwa","Black-backed Jackal","Carnivore","Carnivore",,,,,,,,,,,,,,,,,,,,,,,,,,,
"Conservancy_36","Shamungwa","Black-faced Impala","Mixed","Mixed_Open",1825,1760,2058,1729,2021,1734,1976,1627,1854,0,-65,233,-96,196,-91,151,-198,29,0,-3.54941324329817,12.7881319274579,-5.26492089308454,10.7471924354066,-4.99551531185869,8.28119374525044,-10.8282408637581,1.60657436102201
"Conservancy_36","Shamungwa","Blue wildebeest","Grazer","General_Grazer",223,215,363,212,357,212,347,199,326,0,-8,141,-11,134,-11,124,-23,103,0,-3.38351032102326,63.2383587644985,-4.94659809434016,60.3482125276837,-4.83192193559536,55.8437914054539,-10.5286115796027,46.2997680655499
"Conservancy_36","Shamungwa","Buffalo","Grazer","General_Grazer",98,95,160,93,157,93,153,88,143,0,-3,62,-5,59,-5,55,-10,45,0,-3.38351032102326,63.2383587644985,-4.94659809434016,60.3482125276837,-4.83192193559535,55.8437914054539,-10.5286115796027,46.2997680655499
"Conservancy_36","Shamungwa","Burchell's zebra","Grazer","General_Grazer",153,148,250,145,245,146,238,137,224,0,-5,97,-8,92,-7,85,-16,71,0,-3.38351032102325,63.2383587644985,-4.94659809434016,60.3482125276837,-4.83192193559535,55.8437914054539,-10.5286115796027,46.2997680655499
"Conservancy_36","Shamungwa","Bushpig","Omnivore","Omnivore",1189,1130,1130,1108,1108,1113,1106,1043,1036,0,-59,-59,-81,-81,-76,-83,-146,-153,0,-4.93374807191972,-4.93374807191972,-6.78230335023491,-6.78230335023491,-6.35927504437118,-6.97675951183595,-12.2565149968685,-12.8348623016691
"Conservancy_36","Shamungwa","Cheetah","Carnivore","Carnivore",,,,,,,,,,,,,,,,,,,,,,,,,,,
"Conservancy_36","Shamungwa","Damara dik dik","Browser","Shrub_Browser",27779,27079,22759,26596,22361,26673,21654,25034,20333,0,-700,-5021,-1184,-5418,-1106,-6125,-2746,-7447,0,-2.52024959565209,-18.0737518087434,-4.26120650496002,-19.5048944328589,-3.98179028996407,-22.0502110713235,-9.88346962903512,-26.8063090869681
"Conservancy_36","Shamungwa","Duiker","Browser","Woodland_Browser",7073,6601,5502,6459,5382,6502,5558,6080,5196,0,-472,-1571,-614,-1691,-571,-1515,-993,-1877,0,-6.67787720376839,-22.2116942791837,-8.67979861261574,-23.904193516253,-8.07746520207559,-21.4212844596363,-14.0425798008913,-26.5402710843297
"Conservancy_36","Shamungwa","Eland","Mixed","Mixed_Open",182,176,206,173,202,173,198,163,185,0,-6,23,-10,20,-9,15,-20,3,0,-3.54941324329817,12.7881319274579,-5.26492089308453,10.7471924354066,-4.99551531185869,8.28119374525044,-10.8282408637581,1.60657436102201
"Conservancy_36","Shamungwa","Elephant","Mixed","Large_Mixed",30,29,29,28,29,29,28,27,27,0,-1,-1,-2,-1,-2,-2,-3,-4,0,-3.98227389979662,-2.96169539891657,-5.76821251969508,-4.76796318933888,-5.42197544899349,-6.15059405117743,-11.3019766765794,-11.9844389034819
"Conservancy_36","Shamungwa","Gemsbok","Mixed","Arid_Mixed",423,418,479,412,471,412,448,387,421,0,-5,56,-11,48,-11,26,-35,-1,0,-1.07535369831123,13.2813394691788,-2.6411313538031,11.4295870814064,-2.55832802703127,6.04343268976218,-8.35853343302968,-0.302312933474415
"Conservancy_36","Shamungwa","Giraffe","Browser","Woodland_Browser",146,136,113,133,111,134,114,125,107,0,-10,-32,-13,-35,-12,-31,-20,-39,0,-6.6778772037684,-22.2116942791837,-8.67979861261574,-23.904193516253,-8.07746520207559,-21.4212844596363,-14.0425798008913,-26.5402710843297
"Conservancy_36","Shamungwa","Hartmann's zebra","Grazer","Arid_Grazer",219,217,300,214,295,214,281,201,264,0,-2,80,-5,76,-5,62,-18,45,0,-0.951131093878506,36.733903797878,-2.44323004530463,34.4911467639517,-2.4358810391359,28.1021508301424,-8.17225388399106,20.4293180697735
"Conservancy_36","Shamungwa","Hippopotamus","Grazer","Wetland_Grazer",10,10,21,9,21,10,21,9,19,0,-1,11,-1,11,-1,10,-1,9,0,-6.66222218973539,106.558333306526,-8.29955484977011,102.665730740743,-8.06162720711131,100.424092523798,-13.684665862853,87.9223193443809
"Conservancy_36","Shamungwa","Impala","Mixed","Mixed_Open",1825,1760,2058,1729,2021,1734,1976,1627,1854,0,-65,233,-96,196,-91,151,-198,29,0,-3.54941324329817,12.7881319274579,-5.26492089308454,10.7471924354066,-4.99551531185869,8.28119374525044,-10.8282408637581,1.60657436102201
"Conservancy_36","Shamungwa","Klipspringer","Browser","Rocky_Browser",9403,9227,7754,9067,7623,9088,7310,8534,6869,0,-176,-1649,-336,-1780,-314,-2092,-868,-2533,0,-1.87194275358013,-17.5373283103233,-3.57251426145997,-18.9258568993779,-3.34314420231694,-22.2512575688572,-9.23522085534616,-26.9445291243439
"Conservancy_36","Shamungwa","Kudu","Browser","Woodland_Browser",651,608,507,595,496,599,512,560,479,0,-44,-145,-57,-156,-53,-140,-91,-173,0,-6.67787720376839,-22.2116942791837,-8.67979861261572,-23.904193516253,-8.07746520207557,-21.4212844596363,-14.0425798008913,-26.5402710843297
"Conservancy_36","Shamungwa","Leopard","Carnivore","Carnivore",,,,,,,,,,,,,,,,,,,,,,,,,,,
"Conservancy_36","Shamungwa","Ostrich","Mixed","Mixed_Open",912,880,1029,864,1010,867,988,814,927,0,-32,117,-48,98,-46,76,-99,15,0,-3.54941324329817,12.7881319274579,-5.26492089308454,10.7471924354066,-4.99551531185869,8.28119374525044,-10.8282408637581,1.60657436102201
"Conservancy_36","Shamungwa","Red Hartebeest","Grazer","General_Grazer",326,315,533,310,523,311,509,292,478,0,-11,206,-16,197,-16,182,-34,151,0,-3.38351032102325,63.2383587644985,-4.94659809434016,60.3482125276837,-4.83192193559536,55.8437914054539,-10.5286115796027,46.2997680655499
"Conservancy_36","Shamungwa","Red Lechwe","Grazer","Wetland_Grazer",181,169,374,166,367,167,363,156,341,0,-12,193,-15,186,-15,182,-25,159,0,-6.66222218973539,106.558333306526,-8.29955484977012,102.665730740743,-8.06162720711132,100.424092523798,-13.684665862853,87.9223193443809
"Conservancy_36","Shamungwa","Reedbuck","Grazer","Wetland_Grazer",322,301,666,296,653,296,646,278,606,0,-21,343,-27,331,-26,324,-44,283,0,-6.66222218973538,106.558333306526,-8.29955484977011,102.665730740743,-8.06162720711132,100.424092523798,-13.684665862853,87.9223193443809
"Conservancy_36","Shamungwa","Roan","Grazer","General_Grazer",204,197,333,194,327,194,318,183,298,0,-7,129,-10,123,-10,114,-21,94,0,-3.38351032102325,63.2383587644985,-4.94659809434015,60.3482125276837,-4.83192193559534,55.8437914054539,-10.5286115796027,46.2997680655499
"Conservancy_36","Shamungwa","Sable","Grazer","General_Grazer",245,237,400,233,393,233,382,219,358,0,-8,155,-12,148,-12,137,-26,113,0,-3.38351032102325,63.2383587644985,-4.94659809434016,60.3482125276837,-4.83192193559534,55.8437914054539,-10.5286115796027,46.2997680655499
"Conservancy_36","Shamungwa","Spotted Hyaena","Carnivore","Carnivore",,,,,,,,,,,,,,,,,,,,,,,,,,,
"Conservancy_36","Shamungwa","Springbok","Grazer","Arid_Grazer",1614,1599,2207,1575,2171,1575,2068,1482,1944,0,-15,593,-39,557,-39,454,-132,330,0,-0.951131093878499,36.733903797878,-2.44323004530462,34.4911467639517,-2.43588103913589,28.1021508301424,-8.17225388399104,20.4293180697735
"Conservancy_36","Shamungwa","Steenbok","Browser","Shrub_Browser",13890,13540,11379,13298,11181,13337,10827,12517,10166,0,-350,-2510,-592,-2709,-553,-3063,-1373,-3723,0,-2.52024959565209,-18.0737518087434,-4.26120650496002,-19.5048944328589,-3.98179028996407,-22.0502110713235,-9.88346962903512,-26.8063090869681
"Conservancy_36","Shamungwa","Vervet monkey","Omnivore","Omnivore",14265,13562,13562,13298,13298,13358,13270,12517,12434,0,-704,-704,-968,-968,-907,-995,-1748,-1831,0,-4.93374807191972,-4.93374807191972,-6.78230335023489,-6.78230335023489,-6.35927504437118,-6.97675951183594,-12.2565149968685,-12.8348623016691
"Conservancy_36","Shamungwa","Warthog","Grazer","General_Grazer",699,676,1142,665,1122,666,1090,626,1023,0,-24,442,-35,422,-34,391,-74,324,0,-3.38351032102326,63.2383587644985,-4.94659809434016,60.3482125276837,-4.83192193559536,55.8437914054539,-10.5286115796027,46.2997680655499
"Conservancy_37","King Nehale","Baboon","Omnivore","Omnivore",26810,26329,26574,25584,25840,25398,25719,24493,24771,0,-481,-236,-1225,-969,-1412,-1091,-2317,-2039,0,-1.79389990889892,-0.880915507040128,-4.57101089366504,-3.61568223217126,-5.26598541659197,-4.0680029268726,-8.64052307813692,-7.60375748379761
"Conservancy_37","King Nehale","Black rhinoceros","Browser","Shrub_Browser",829,833,666,811,635,804,626,777,602,0,5,-163,-17,-194,-25,-203,-52,-227,0,0.554587056211308,-19.6802233388736,-2.06713147292525,-23.3620285245494,-2.99673286903333,-24.4904462866023,-6.25697678445452,-27.3935438792698
"Conservancy_37","King Nehale","Black-backed Jackal","Carnivore","Carnivore",,,,,,,,,,,,,,,,,,,,,,,,,,,
"Conservancy_37","King Nehale","Black-faced Impala","Mixed","Mixed_Open",22515,22279,24440,21701,24240,21490,24284,20777,23479,0,-236,1926,-814,1726,-1024,1770,-1738,964,0,-1.04879236294302,8.55350279068307,-3.61423877260036,7.66486918055429,-4.54906687411591,7.85978328024197,-7.71775986446173,4.28284895207605
"Conservancy_37","King Nehale","Blue wildebeest","Grazer","General_Grazer",5051,4946,6023,4813,6044,4771,6095,4608,5896,0,-105,971,-239,993,-280,1043,-443,844,0,-2.08246533765628,19.2309624338569,-4.72206641686535,19.6481837096231,-5.54853387992857,20.6501498113852,-8.76993684480191,16.7145932453552
"Conservancy_37","King Nehale","Buffalo","Grazer","General_Grazer",2223,2176,2650,2118,2659,2099,2682,2028,2594,0,-46,427,-105,437,-123,459,-195,372,0,-2.08246533765629,19.2309624338568,-4.72206641686537,19.648183709623,-5.54853387992859,20.6501498113852,-8.76993684480192,16.7145932453552
"Conservancy_37","King Nehale","Burchell's zebra","Grazer","General_Grazer",3473,3401,4141,3309,4155,3280,4190,3168,4053,0,-72,668,-164,682,-193,717,-305,580,0,-2.08246533765629,19.2309624338569,-4.72206641686536,19.6481837096231,-5.54853387992858,20.6501498113852,-8.76993684480191,16.7145932453552
"Conservancy_37","King Nehale","Bushpig","Omnivore","Omnivore",10724,10532,10629,10234,10336,10159,10288,9797,9908,0,-192,-94,-490,-388,-565,-436,-927,-815,0,-1.79389990889891,-0.880915507040138,-4.57101089366504,-3.61568223217125,-5.26598541659199,-4.06800292687261,-8.64052307813692,-7.60375748379763
"Conservancy_37","King Nehale","Cheetah","Carnivore","Carnivore",,,,,,,,,,,,,,,,,,,,,,,,,,,
"Conservancy_37","King Nehale","Damara dik dik","Browser","Shrub_Browser",165715,166634,133102,162289,127001,160749,125131,155346,120320,0,919,-32613,-3426,-38714,-4966,-40584,-10369,-45395,0,0.55458705621131,-19.6802233388736,-2.06713147292524,-23.3620285245494,-2.99673286903332,-24.4904462866023,-6.25697678445451,-27.3935438792698
"Conservancy_37","King Nehale","Duiker","Browser","Woodland_Browser",39417,39478,32861,38397,30336,38083,29326,36753,28131,0,60,-6556,-1021,-9081,-1334,-10091,-2664,-11287,0,0.152992128935927,-16.6332958218412,-2.58917566952883,-23.0374801858253,-3.38389735111009,-25.6003614101773,-6.75778094467666,-28.633841630086
"Conservancy_37","King Nehale","Eland","Mixed","Mixed_Open",2251,2228,2444,2170,2424,2149,2428,2078,2348,0,-24,193,-81,173,-102,177,-174,96,0,-1.04879236294303,8.55350279068306,-3.61423877260036,7.66486918055428,-4.54906687411592,7.85978328024196,-7.71775986446174,4.28284895207604
"Conservancy_37","King Nehale","Elephant","Mixed","Large_Mixed",279,277,279,269,273,267,272,258,263,0,-2,1,-10,-5,-12,-6,-21,-16,0,-0.770054862546835,0.250475889389333,-3.41780590237882,-1.89848162473869,-4.27846098969934,-2.24698737754951,-7.53593291077645,-5.68005393410877
"Conservancy_37","King Nehale","Gemsbok","Mixed","Arid_Mixed",5130,5106,5474,4981,5464,4926,5485,4769,5310,0,-24,344,-149,334,-205,355,-362,180,0,-0.465952023502733,6.71194351664754,-2.91295943708777,6.51415605216101,-3.98660500442098,6.92007560935226,-7.04698137691415,3.50114116418751
"Conservancy_37","King Nehale","Giraffe","Browser","Woodland_Browser",812,813,677,791,625,784,604,757,579,0,1,-135,-21,-187,-27,-208,-55,-232,0,0.152992128935939,-16.6332958218412,-2.58917566952882,-23.0374801858253,-3.38389735111008,-25.6003614101773,-6.75778094467665,-28.6338416300859
"Conservancy_37","King Nehale","Hartmann's zebra","Grazer","Arid_Grazer",3703,3667,4226,3576,4245,3537,4274,3424,4140,0,-37,523,-128,542,-166,570,-280,437,0,-0.989022847149824,14.1212100610824,-3.44504388838872,14.6314450715724,-4.4926931349237,15.403739907673,-7.55088317924868,11.7878019348784
"Conservancy_37","King Nehale","Hippopotamus","Grazer","Wetland_Grazer",349,327,415,314,412,315,420,301,403,0,-22,66,-34,64,-33,71,-48,54,0,-6.24329952394258,18.8856361916149,-9.87233483290162,18.3073615512995,-9.56313882932621,20.3988180480032,-13.6981045127822,15.46416470408
"Conservancy_37","King Nehale","Impala","Mixed","Mixed_Open",22515,22279,24440,21701,24240,21490,24284,20777,23479,0,-236,1926,-814,1726,-1024,1770,-1738,964,0,-1.04879236294302,8.55350279068307,-3.61423877260036,7.66486918055429,-4.54906687411591,7.85978328024197,-7.71775986446173,4.28284895207605
"Conservancy_37","King Nehale","Klipspringer","Browser","Rocky_Browser",56829,57171,45234,55683,43362,55152,42831,53301,41201,0,342,-11595,-1146,-13467,-1677,-13998,-3528,-15628,0,0.601628197014278,-20.4038750013561,-2.01637979829323,-23.696877610605,-2.95139254814194,-24.6322309216315,-6.20788845032463,-27.5007612739426
"Conservancy_37","King Nehale","Kudu","Browser","Woodland_Browser",3631,3636,3027,3537,2794,3508,2701,3385,2591,0,6,-604,-94,-836,-123,-929,-245,-1040,0,0.152992128935936,-16.6332958218412,-2.58917566952883,-23.0374801858253,-3.38389735111008,-25.6003614101773,-6.75778094467666,-28.6338416300859
"Conservancy_37","King Nehale","Leopard","Carnivore","Carnivore",,,,,,,,,,,,,,,,,,,,,,,,,,,
"Conservancy_37","King Nehale","Ostrich","Mixed","Mixed_Open",11257,11139,12220,10850,12120,10745,12142,10389,11739,0,-118,963,-407,863,-512,885,-869,482,0,-1.04879236294302,8.55350279068307,-3.61423877260036,7.66486918055429,-4.54906687411591,7.85978328024197,-7.71775986446173,4.28284895207605
"Conservancy_37","King Nehale","Red Hartebeest","Grazer","General_Grazer",7409,7255,8834,7059,8865,6998,8939,6759,8647,0,-154,1425,-350,1456,-411,1530,-650,1238,0,-2.08246533765629,19.2309624338569,-4.72206641686536,19.6481837096231,-5.54853387992857,20.6501498113852,-8.76993684480191,16.7145932453552
"Conservancy_37","King Nehale","Red Lechwe","Grazer","Wetland_Grazer",6102,5721,7254,5499,7219,5518,7346,5266,7045,0,-381,1152,-602,1117,-584,1245,-836,944,0,-6.24329952394259,18.8856361916149,-9.87233483290163,18.3073615512995,-9.56313882932622,20.3988180480032,-13.6981045127822,15.46416470408
"Conservancy_37","King Nehale","Reedbuck","Grazer","Wetland_Grazer",10847,10170,12896,9776,12833,9810,13060,9361,12525,0,-677,2049,-1071,1986,-1037,2213,-1486,1677,0,-6.24329952394259,18.8856361916149,-9.87233483290164,18.3073615512995,-9.56313882932622,20.3988180480032,-13.6981045127822,15.46416470408
"Conservancy_37","King Nehale","Roan","Grazer","General_Grazer",4631,4534,5521,4412,5540,4374,5587,4224,5404,0,-96,890,-219,910,-257,956,-406,774,0,-2.08246533765629,19.2309624338569,-4.72206641686536,19.6481837096231,-5.54853387992858,20.6501498113852,-8.76993684480192,16.7145932453552
"Conservancy_37","King Nehale","Sable","Grazer","General_Grazer",5557,5441,6625,5294,6648,5248,6704,5069,6485,0,-116,1069,-262,1092,-308,1147,-487,929,0,-2.08246533765629,19.2309624338569,-4.72206641686536,19.648183709623,-5.54853387992858,20.6501498113852,-8.76993684480192,16.7145932453552
"Conservancy_37","King Nehale","Spotted Hyaena","Carnivore","Carnivore",,,,,,,,,,,,,,,,,,,,,,,,,,,
"Conservancy_37","King Nehale","Springbok","Grazer","Arid_Grazer",27288,27018,31141,26348,31280,26062,31491,25227,30504,0,-270,3853,-940,3993,-1226,4203,-2060,3217,0,-0.989022847149825,14.1212100610824,-3.44504388838873,14.6314450715724,-4.4926931349237,15.403739907673,-7.55088317924867,11.7878019348784
"Conservancy_37","King Nehale","Steenbok","Browser","Shrub_Browser",82858,83317,66551,81145,63500,80374,62565,77673,60160,0,460,-16307,-1713,-19357,-2483,-20292,-5184,-22698,0,0.55458705621131,-19.6802233388736,-2.06713147292524,-23.3620285245494,-2.99673286903332,-24.4904462866023,-6.25697678445451,-27.3935438792698
"Conservancy_37","King Nehale","Vervet monkey","Omnivore","Omnivore",128687,126378,127553,122805,124034,121910,123452,117568,118902,0,-2309,-1134,-5882,-4653,-6777,-5235,-11119,-9785,0,-1.79389990889892,-0.880915507040132,-4.57101089366504,-3.61568223217126,-5.26598541659198,-4.06800292687261,-8.64052307813693,-7.60375748379762
"Conservancy_37","King Nehale","Warthog","Grazer","General_Grazer",15876,15545,18929,15126,18995,14995,19155,14484,18530,0,-331,3053,-750,3119,-881,3278,-1392,2654,0,-2.08246533765629,19.2309624338569,-4.72206641686535,19.6481837096231,-5.54853387992857,20.6501498113852,-8.76993684480191,16.7145932453552
"Conservancy_38","Doro !nawas Area1","Baboon","Omnivore","Omnivore",8718,6780,64744,6275,61732,6634,63360,5797,57028,0,-1938,56026,-2443,53014,-2084,54641,-2921,48310,0,-22.2330516539137,642.646308921232,-28.0250821562875,608.094617375402,-23.9054477800713,626.76341429411,-33.5055256564514,554.142391416839
"Conservancy_38","Doro !nawas Area1","Black rhinoceros","Browser","Shrub_Browser",373,320,1024,300,976,313,1002,277,901,0,-53,651,-73,602,-60,629,-96,528,0,-14.3300574242895,174.290413378854,-19.6681977795174,161.402817927313,-16.167963645597,168.421402338004,-25.7853193264887,141.48828494608
"Conservancy_38","Doro !nawas Area1","Black-backed Jackal","Carnivore","Carnivore",,,,,,,,,,,,,,,,,,,,,,,,,,,
"Conservancy_38","Doro !nawas Area1","Black-faced Impala","Mixed","Mixed_Open",6655,4934,69535,4533,66307,4828,68048,4188,61255,0,-1721,62879,-2123,59652,-1828,61392,-2468,54600,0,-25.8624701356596,944.793811510729,-31.8948893221738,896.303547108133,-27.4593241326777,922.450850084858,-37.0804531479538,820.390012299391
"Conservancy_38","Doro !nawas Area1","Blue wildebeest","Grazer","General_Grazer",1519,1125,19589,1033,18682,1101,19170,954,17259,0,-393,18071,-486,17164,-418,17652,-565,15740,0,-25.9104391927053,1189.90381299953,-32.0073652991163,1130.18823424505,-27.5075411305935,1162.320566189,-37.1842078392926,1036.45299245431
"Conservancy_38","Doro !nawas Area1","Buffalo","Grazer","General_Grazer",668,495,8619,454,8220,484,8435,420,7594,0,-173,7951,-214,7552,-184,7767,-248,6926,0,-25.9104391927053,1189.90381299953,-32.0073652991163,1130.18823424505,-27.5075411305935,1162.320566189,-37.1842078392926,1036.45299245431
"Conservancy_38","Doro !nawas Area1","Burchell's zebra","Grazer","General_Grazer",1044,774,13468,710,12844,757,13180,656,11866,0,-271,12424,-334,11800,-287,12136,-388,10821,0,-25.9104391927053,1189.90381299953,-32.0073652991163,1130.18823424505,-27.5075411305935,1162.320566189,-37.1842078392926,1036.45299245431
"Conservancy_38","Doro !nawas Area1","Bushpig","Omnivore","Omnivore",3487,2712,25898,2510,24693,2654,25344,2319,22811,0,-775,22410,-977,21206,-834,21857,-1168,19324,0,-22.2330516539137,642.646308921232,-28.0250821562875,608.094617375402,-23.9054477800713,626.76341429411,-33.5055256564514,554.142391416839
"Conservancy_38","Doro !nawas Area1","Cheetah","Carnivore","Carnivore",,,,,,,,,,,,,,,,,,,,,,,,,,,
"Conservancy_38","Doro !nawas Area1","Damara dik dik","Browser","Shrub_Browser",74652,63955,204764,59970,195144,62583,200383,55403,180277,0,-10698,130112,-14683,120491,-12070,125731,-19249,105624,0,-14.3300574242895,174.290413378854,-19.6681977795174,161.402817927313,-16.167963645597,168.421402338004,-25.7853193264887,141.48828494608
"Conservancy_38","Doro !nawas Area1","Duiker","Browser","Woodland_Browser",7767,4796,38514,4299,36674,4693,37690,3972,33880,0,-2971,30747,-3468,28907,-3074,29923,-3795,26112,0,-38.2507315600622,395.862229149092,-44.6521450964841,372.17249041748,-39.5814801712816,385.25387108371,-48.8665893878911,336.196475838085
"Conservancy_38","Doro !nawas Area1","Eland","Mixed","Mixed_Open",666,493,6953,453,6631,483,6805,419,6126,0,-172,6288,-212,5965,-183,6139,-247,5460,0,-25.8624701356596,944.793811510729,-31.8948893221738,896.303547108133,-27.4593241326777,922.450850084858,-37.0804531479538,820.390012299391
"Conservancy_38","Doro !nawas Area1","Elephant","Mixed","Large_Mixed",112,92,709,86,676,90,694,79,625,0,-20,597,-26,564,-22,582,-32,513,0,-17.5177718211867,534.719613664047,-23.0806970048968,505.240322673852,-19.2898017852502,521.144573721978,-28.9377258876014,459.125677231213
"Conservancy_38","Doro !nawas Area1","Gemsbok","Mixed","Arid_Mixed",3350,3034,16684,2860,15913,2969,16327,2642,14701,0,-316,13334,-490,12564,-381,12977,-707,11351,0,-9.43364341934711,398.062099656821,-14.6140000892411,375.064540334185,-11.3767372783602,387.409489060527,-21.1158578970543,338.869493112722
"Conservancy_38","Doro !nawas Area1","Giraffe","Browser","Woodland_Browser",160,99,793,89,755,97,776,82,698,0,-61,633,-71,595,-63,616,-78,538,0,-38.2507315600622,395.862229149092,-44.6521450964841,372.17249041748,-39.5814801712816,385.25387108371,-48.8665893878911,336.196475838085
"Conservancy_38","Doro !nawas Area1","Hartmann's zebra","Grazer","Arid_Grazer",2773,2555,14168,2413,13515,2500,13865,2230,12485,0,-218,11394,-360,10742,-273,11091,-544,9712,0,-7.86473826467348,410.867404179259,-12.9786447427845,387.327604508684,-9.84123017668625,399.941181147325,-19.6050272529104,350.198200784775
"Conservancy_38","Doro !nawas Area1","Hippopotamus","Grazer","Wetland_Grazer",33,4,1340,1,1278,4,1311,1,1180,0,-29,1307,-32,1245,-29,1278,-32,1148,0,-87.8671435852216,3989.06442724616,-97.3662266741622,3799.44709145838,-88.1623127831404,3901.63101311144,-97.5641859677352,3502.31496860542
"Conservancy_38","Doro !nawas Area1","Impala","Mixed","Mixed_Open",6655,4934,69535,4533,66307,4828,68048,4188,61255,0,-1721,62879,-2123,59652,-1828,61392,-2468,54600,0,-25.8624701356596,944.793811510729,-31.8948893221738,896.303547108133,-27.4593241326777,922.450850084858,-37.0804531479538,820.390012299391
"Conservancy_38","Doro !nawas Area1","Klipspringer","Browser","Rocky_Browser",73223,71558,99742,68062,95182,70026,97607,62879,87932,0,-1665,26519,-5162,21958,-3198,24384,-10344,14709,0,-2.2739852819093,36.216052343072,-7.04902648742931,29.9879146670799,-4.36732653211415,33.3001623106678,-14.1271901897574,20.0875836198835
"Conservancy_38","Doro !nawas Area1","Kudu","Browser","Woodland_Browser",715,442,3547,396,3378,432,3471,366,3120,0,-274,2832,-319,2662,-283,2756,-350,2405,0,-38.2507315600622,395.862229149092,-44.6521450964841,372.172490417481,-39.5814801712816,385.25387108371,-48.8665893878911,336.196475838085
"Conservancy_38","Doro !nawas Area1","Leopard","Carnivore","Carnivore",,,,,,,,,,,,,,,,,,,,,,,,,,,
"Conservancy_38","Doro !nawas Area1","Ostrich","Mixed","Mixed_Open",3328,2467,34767,2266,33154,2414,34024,2094,30628,0,-861,31440,-1061,29826,-914,30696,-1234,27300,0,-25.8624701356596,944.793811510729,-31.8948893221738,896.303547108133,-27.4593241326777,922.450850084858,-37.0804531479538,820.390012299391
"Conservancy_38","Doro !nawas Area1","Red Hartebeest","Grazer","General_Grazer",2227,1650,28731,1514,27401,1615,28117,1399,25313,0,-577,26504,-713,25174,-613,25889,-828,23086,0,-25.9104391927053,1189.90381299953,-32.0073652991163,1130.18823424505,-27.5075411305935,1162.320566189,-37.1842078392926,1036.45299245431
"Conservancy_38","Doro !nawas Area1","Red Lechwe","Grazer","Wetland_Grazer",573,70,23446,15,22359,68,22945,14,20655,0,-504,22873,-558,21786,-506,22372,-559,20082,0,-87.8671435852216,3989.06442724616,-97.3662266741622,3799.44709145838,-88.1623127831404,3901.63101311144,-97.5641859677352,3502.31496860542
"Conservancy_38","Doro !nawas Area1","Reedbuck","Grazer","Wetland_Grazer",1019,124,41683,27,39750,121,40791,25,36721,0,-896,40663,-993,38730,-899,39772,-995,35702,0,-87.8671435852216,3989.06442724616,-97.3662266741622,3799.44709145838,-88.1623127831404,3901.63101311144,-97.5641859677352,3502.31496860542
"Conservancy_38","Doro !nawas Area1","Roan","Grazer","General_Grazer",1392,1031,17957,947,17126,1009,17573,874,15821,0,-361,16565,-446,15733,-383,16181,-518,14429,0,-25.9104391927053,1189.90381299953,-32.0073652991163,1130.18823424505,-27.5075411305935,1162.320566189,-37.1842078392926,1036.45299245431
"Conservancy_38","Doro !nawas Area1","Sable","Grazer","General_Grazer",1671,1238,21548,1136,20551,1211,21088,1049,18985,0,-433,19878,-535,18880,-460,19417,-621,17314,0,-25.9104391927054,1189.90381299953,-32.0073652991163,1130.18823424505,-27.5075411305935,1162.320566189,-37.1842078392926,1036.45299245431
"Conservancy_38","Doro !nawas Area1","Spotted Hyaena","Carnivore","Carnivore",,,,,,,,,,,,,,,,,,,,,,,,,,,
"Conservancy_38","Doro !nawas Area1","Springbok","Grazer","Arid_Grazer",20435,18827,104393,17782,99583,18424,102161,16428,91996,0,-1607,83959,-2652,79149,-2011,81726,-4006,71561,0,-7.86473826467348,410.867404179259,-12.9786447427845,387.327604508684,-9.84123017668625,399.941181147325,-19.6050272529104,350.198200784775
"Conservancy_38","Doro !nawas Area1","Steenbok","Browser","Shrub_Browser",37326,31977,102382,29985,97572,31291,100192,27702,90138,0,-5349,65056,-7341,60246,-6035,62865,-9625,52812,0,-14.3300574242895,174.290413378854,-19.6681977795174,161.402817927313,-16.167963645597,168.421402338004,-25.7853193264887,141.48828494608
"Conservancy_38","Doro !nawas Area1","Vervet monkey","Omnivore","Omnivore",41847,32543,310772,30119,296314,31843,304126,27826,273736,0,-9304,268926,-11728,254467,-10004,262279,-14021,231890,0,-22.2330516539137,642.646308921232,-28.0250821562875,608.094617375402,-23.9054477800713,626.76341429411,-33.5055256564514,554.142391416839
"Conservancy_38","Doro !nawas Area1","Warthog","Grazer","General_Grazer",4773,3536,61567,3245,58716,3460,60250,2998,54242,0,-1237,56794,-1528,53943,-1313,55477,-1775,49469,0,-25.9104391927053,1189.90381299953,-32.0073652991163,1130.18823424505,-27.5075411305935,1162.320566189,-37.1842078392926,1036.45299245431
"Conservancy_39","African Wild Dog","Baboon","Omnivore","Omnivore",213926,204280,204280,196688,196688,197604,197604,184588,184588,0,-9646,-9646,-17238,-17238,-16322,-16322,-29338,-29338,0,-4.50898023320482,-4.50898023320482,-8.05794877653047,-8.05794877653047,-7.62955376842859,-7.62955376842859,-13.7140258507885,-13.7140258507885
"Conservancy_39","African Wild Dog","Black rhinoceros","Browser","Shrub_Browser",10214,9801,4592,9440,4422,9481,4442,8859,4150,0,-413,-5622,-774,-5792,-733,-5772,-1355,-6064,0,-4.04318404297293,-55.0413993639187,-7.5777815904622,-56.7068744923431,-7.17898460184401,-56.5106412777537,-13.2633947978099,-59.3698797820137
"Conservancy_39","African Wild Dog","Black-backed Jackal","Carnivore","Carnivore",,,,,,,,,,,,,,,,,,,,,,,,,,,
"Conservancy_39","African Wild Dog","Black-faced Impala","Mixed","Mixed_Open",134223,127530,199414,122745,191995,123362,192898,115194,180184,0,-6693,65192,-11477,57773,-10860,58675,-19028,45961,0,-4.98641549084028,48.5698325067063,-8.55091163080898,43.0424601526734,-8.09138138775918,43.714714618501,-14.1766655463751,34.2424865468747
"Conservancy_39","African Wild Dog","Blue wildebeest","Grazer","General_Grazer",16704,15629,51382,15026,49468,15118,49703,14101,46425,0,-1075,34678,-1678,32765,-1585,32999,-2602,29721,0,-6.43379014153295,207.6093485897,-10.0441960535798,196.154102878225,-9.49144070252999,197.557032803297,-15.5780948810618,177.934103531697
"Conservancy_39","African Wild Dog","Buffalo","Grazer","General_Grazer",7350,6877,22608,6611,21766,6652,21869,6205,20427,0,-473,15258,-738,14416,-698,14520,-1145,13077,0,-6.43379014153294,207.6093485897,-10.0441960535798,196.154102878225,-9.49144070252998,197.557032803297,-15.5780948810618,177.934103531697
"Conservancy_39","African Wild Dog","Burchell's zebra","Grazer","General_Grazer",11484,10745,35325,10330,34009,10394,34171,9695,31917,0,-739,23841,-1153,22526,-1090,22687,-1789,20433,0,-6.43379014153295,207.6093485897,-10.0441960535798,196.154102878225,-9.49144070252998,197.557032803297,-15.5780948810618,177.934103531697
"Conservancy_39","African Wild Dog","Bushpig","Omnivore","Omnivore",85570,81712,81712,78675,78675,79042,79042,73835,73835,0,-3858,-3858,-6895,-6895,-6529,-6529,-11735,-11735,0,-4.50898023320483,-4.50898023320483,-8.05794877653048,-8.05794877653048,-7.6295537684286,-7.6295537684286,-13.7140258507885,-13.7140258507885
"Conservancy_39","African Wild Dog","Cheetah","Carnivore","Carnivore",,,,,,,,,,,,,,,,,,,,,,,,,,,
"Conservancy_39","African Wild Dog","Damara dik dik","Browser","Shrub_Browser",2042827,1960232,918426,1888026,884404,1896173,888412,1771879,830003,0,-82595,-1124401,-154801,-1158423,-146654,-1154415,-270948,-1212824,0,-4.04318404297294,-55.0413993639187,-7.57778159046219,-56.7068744923431,-7.17898460184402,-56.5106412777537,-13.2633947978099,-59.3698797820137
"Conservancy_39","African Wild Dog","Duiker","Browser","Woodland_Browser",495993,476047,211130,458519,203312,460490,204231,430312,190806,0,-19947,-284863,-37475,-292681,-35504,-291763,-65682,-305187,0,-4.02157607077986,-57.4328284348318,-7.55547759470549,-59.0091679422103,-7.15808300582587,-58.8239216566855,-13.2424627672275,-61.5305271556151
"Conservancy_39","African Wild Dog","Eland","Mixed","Mixed_Open",13422,12753,19941,12275,19200,12336,19290,11519,18018,0,-669,6519,-1148,5777,-1086,5868,-1903,4596,0,-4.98641549084029,48.5698325067063,-8.550911630809,43.0424601526734,-8.09138138775918,43.714714618501,-14.1766655463751,34.2424865468747
"Conservancy_39","African Wild Dog","Elephant","Mixed","Large_Mixed",2201,2101,2176,2023,2095,2033,2105,1899,1966,0,-100,-25,-178,-106,-168,-96,-302,-235,0,-4.5332318988937,-1.15228735689097,-8.08339952209116,-4.82636910534363,-7.6530125661233,-4.38255311304774,-13.7379111014972,-10.6812655350346
"Conservancy_39","African Wild Dog","Gemsbok","Mixed","Arid_Mixed",31932,30362,44997,29225,43323,29370,43527,27427,40658,0,-1570,13065,-2707,11391,-2562,11595,-4505,8726,0,-4.91574282406587,40.9158663154482,-8.47806663184855,35.6737800374424,-8.02301903132288,36.3108697674561,-14.1083014031631,27.3271563926513
"Conservancy_39","African Wild Dog","Giraffe","Browser","Woodland_Browser",10212,9801,4347,9440,4186,9481,4205,8859,3928,0,-411,-5865,-772,-6026,-731,-6007,-1352,-6283,0,-4.02157607077985,-57.4328284348318,-7.55547759470548,-59.0091679422102,-7.15808300582586,-58.8239216566855,-13.2424627672275,-61.5305271556151
"Conservancy_39","African Wild Dog","Hartmann's zebra","Grazer","Arid_Grazer",16707,15775,35681,15176,34353,15260,34515,14243,32239,0,-932,18974,-1530,17646,-1447,17808,-2464,15533,0,-5.57661501950452,113.572393416361,-9.15992547611962,105.622183422668,-8.66228701003536,106.593079093317,-14.7482176674739,92.9720610473522
"Conservancy_39","African Wild Dog","Hippopotamus","Grazer","Wetland_Grazer",763,703,3530,675,3399,680,3415,633,3190,0,-60,2768,-88,2636,-83,2653,-129,2427,0,-7.84885126078399,362.974459078705,-11.504065101312,345.728295858764,-10.860242842427,347.845020037207,-16.9481642850563,318.305908477334
"Conservancy_39","African Wild Dog","Impala","Mixed","Mixed_Open",134223,127530,199414,122745,191995,123362,192898,115194,180184,0,-6693,65192,-11477,57773,-10860,58675,-19028,45961,0,-4.98641549084028,48.5698325067063,-8.55091163080898,43.0424601526734,-8.09138138775918,43.714714618501,-14.1766655463751,34.2424865468747
"Conservancy_39","African Wild Dog","Klipspringer","Browser","Rocky_Browser",696413,668261,313100,643645,301501,646423,302868,604050,282956,0,-28152,-383313,-52768,-394912,-49991,-393545,-92363,-413457,0,-4.04246122146394,-55.0410607007062,-7.57708539429613,-56.706548374787,-7.17828540162828,-56.5103136820162,-13.2627414301129,-59.3695737242885
"Conservancy_39","African Wild Dog","Kudu","Browser","Woodland_Browser",45684,43846,19446,42232,18726,42414,18811,39634,17574,0,-1837,-26237,-3452,-26958,-3270,-26873,-6050,-28109,0,-4.02157607077987,-57.4328284348318,-7.55547759470549,-59.0091679422103,-7.15808300582588,-58.8239216566855,-13.2424627672275,-61.5305271556151
"Conservancy_39","African Wild Dog","Leopard","Carnivore","Carnivore",,,,,,,,,,,,,,,,,,,,,,,,,,,
"Conservancy_39","African Wild Dog","Ostrich","Mixed","Mixed_Open",67111,63765,99707,61373,95998,61681,96449,57597,90092,0,-3346,32596,-5739,28886,-5430,29338,-9514,22981,0,-4.98641549084028,48.5698325067063,-8.55091163080898,43.0424601526734,-8.09138138775918,43.714714618501,-14.1766655463751,34.2424865468747
"Conservancy_39","African Wild Dog","Red Hartebeest","Grazer","General_Grazer",24499,22922,75360,22038,72554,22173,72897,20682,68090,0,-1576,50861,-2461,48055,-2325,48399,-3816,43591,0,-6.43379014153295,207.6093485897,-10.0441960535798,196.154102878225,-9.49144070252999,197.557032803297,-15.5780948810618,177.934103531697
"Conservancy_39","African Wild Dog","Red Lechwe","Grazer","Wetland_Grazer",13345,12297,61783,11810,59482,11896,59764,11083,55822,0,-1047,48438,-1535,46137,-1449,46419,-2262,42477,0,-7.84885126078399,362.974459078705,-11.504065101312,345.728295858764,-10.860242842427,347.845020037207,-16.9481642850563,318.305908477334
"Conservancy_39","African Wild Dog","Reedbuck","Grazer","Wetland_Grazer",23724,21862,109837,20995,105745,21148,106247,19703,99240,0,-1862,86113,-2729,82021,-2577,82523,-4021,75515,0,-7.84885126078398,362.974459078705,-11.504065101312,345.728295858764,-10.860242842427,347.845020037207,-16.9481642850564,318.305908477334
"Conservancy_39","African Wild Dog","Roan","Grazer","General_Grazer",15312,14326,47100,13774,45346,13858,45561,12926,42556,0,-985,31788,-1538,30034,-1453,30249,-2385,27245,0,-6.43379014153293,207.6093485897,-10.0441960535798,196.154102878225,-9.49144070252998,197.557032803297,-15.5780948810618,177.934103531697
"Conservancy_39","African Wild Dog","Sable","Grazer","General_Grazer",18374,17192,56520,16528,54415,16630,54673,15512,51067,0,-1182,38146,-1846,36041,-1744,36299,-2862,32693,0,-6.43379014153293,207.6093485897,-10.0441960535798,196.154102878225,-9.49144070252998,197.557032803297,-15.5780948810618,177.934103531697
"Conservancy_39","African Wild Dog","Spotted Hyaena","Carnivore","Carnivore",,,,,,,,,,,,,,,,,,,,,,,,,,,
"Conservancy_39","African Wild Dog","Springbok","Grazer","Arid_Grazer",123102,116237,262913,111826,253126,112439,254321,104947,237553,0,-6865,139810,-11276,130023,-10663,131219,-18155,114451,0,-5.5766150195045,113.572393416361,-9.15992547611962,105.622183422668,-8.66228701003536,106.593079093317,-14.7482176674739,92.9720610473522
"Conservancy_39","African Wild Dog","Steenbok","Browser","Shrub_Browser",1021414,980116,459213,944013,442202,948086,444206,885939,415002,0,-41298,-562200,-77400,-579212,-73327,-577207,-135474,-606412,0,-4.04318404297294,-55.0413993639187,-7.57778159046219,-56.7068744923431,-7.17898460184402,-56.5106412777537,-13.2633947978099,-59.3698797820137
"Conservancy_39","African Wild Dog","Vervet monkey","Omnivore","Omnivore",1026844,980543,980543,944101,944101,948500,948500,886022,886022,0,-46300,-46300,-82743,-82743,-78344,-78344,-140822,-140822,0,-4.50898023320484,-4.50898023320484,-8.05794877653048,-8.05794877653048,-7.62955376842861,-7.62955376842861,-13.7140258507885,-13.7140258507885
"Conservancy_39","African Wild Dog","Warthog","Grazer","General_Grazer",52497,49119,161486,47224,155472,47514,156208,44319,145907,0,-3378,108989,-5273,102975,-4983,103711,-8178,93410,0,-6.43379014153294,207.6093485897,-10.0441960535798,196.154102878225,-9.49144070252998,197.557032803297,-15.5780948810618,177.934103531697
"Conservancy_40","Torra","Baboon","Omnivore","Omnivore",23910,16369,88230,14662,83510,15939,86068,13582,77388,0,-7540,64321,-9247,59601,-7970,62158,-10327,53478,0,-31.5356275640361,269.017154476112,-38.6769862554151,249.277136586294,-33.3350136263926,259.972273649282,-43.1922223186536,223.669216997663
"Conservancy_40","Torra","Black rhinoceros","Browser","Shrub_Browser",831,654,1450,604,1367,637,1415,559,1267,0,-177,620,-227,537,-194,584,-271,436,0,-21.2866969911493,74.618058464234,-27.3161967008065,64.6349738506721,-23.3209265078668,70.3099689574358,-32.6739262565008,52.5557933217609
"Conservancy_40","Torra","Black-backed Jackal","Carnivore","Carnivore",,,,,,,,,,,,,,,,,,,,,,,,,,,
"Conservancy_40","Torra","Black-faced Impala","Mixed","Mixed_Open",20033,12811,93951,11273,89005,12472,91652,10444,82480,0,-7222,73919,-8760,68972,-7561,71619,-9589,62448,0,-36.0510360668977,368.988675609927,-43.7267511674687,344.296295479206,-37.7430771712997,357.510429196173,-47.8651242370557,311.727172788762
"Conservancy_40","Torra","Blue wildebeest","Grazer","General_Grazer",4672,2860,26275,2482,24911,2785,25632,2300,23085,0,-1812,21602,-2191,20238,-1888,20960,-2373,18413,0,-38.784122754834,462.336695332515,-46.8852864036279,433.148174179743,-40.4022975943773,448.591356188895,-50.7825250794741,394.071347179973
"Conservancy_40","Torra","Buffalo","Grazer","General_Grazer",2056,1259,11561,1092,10961,1225,11278,1012,10157,0,-797,9505,-964,8905,-831,9222,-1044,8102,0,-38.784122754834,462.336695332515,-46.8852864036279,433.148174179743,-40.4022975943773,448.591356188896,-50.7825250794741,394.071347179973
"Conservancy_40","Torra","Burchell's zebra","Grazer","General_Grazer",3212,1966,18064,1706,17126,1914,17622,1581,15871,0,-1246,14852,-1506,13914,-1298,14410,-1631,12659,0,-38.784122754834,462.336695332515,-46.8852864036279,433.148174179743,-40.4022975943773,448.591356188895,-50.7825250794741,394.071347179973
"Conservancy_40","Torra","Bushpig","Omnivore","Omnivore",9564,6548,35292,5865,33404,6376,34427,5433,30955,0,-3016,25728,-3699,23840,-3188,24863,-4131,21391,0,-31.5356275640361,269.017154476112,-38.6769862554151,249.277136586294,-33.3350136263926,259.972273649282,-43.1922223186536,223.669216997663
"Conservancy_40","Torra","Cheetah","Carnivore","Carnivore",,,,,,,,,,,,,,,,,,,,,,,,,,,
"Conservancy_40","Torra","Damara dik dik","Browser","Shrub_Browser",166109,130750,290056,120734,273473,127371,282900,111835,253409,0,-35359,123947,-45375,107364,-38738,116791,-54274,87300,0,-21.2866969911493,74.618058464234,-27.3161967008065,64.6349738506721,-23.3209265078668,70.3099689574358,-32.6739262565008,52.5557933217609
"Conservancy_40","Torra","Duiker","Browser","Woodland_Browser",26980,18170,56091,16364,52723,17679,54701,15151,48852,0,-8810,29110,-10617,25742,-9302,27720,-11830,21872,0,-32.6535335096359,107.894441754817,-39.3497460744702,95.4109299342952,-34.4766790232086,102.742780609866,-43.8454170438328,81.0659150609656
"Conservancy_40","Torra","Eland","Mixed","Mixed_Open",2003,1281,9395,1127,8900,1247,9165,1044,8248,0,-722,7392,-876,6897,-756,7162,-959,6245,0,-36.0510360668977,368.988675609927,-43.7267511674687,344.296295479206,-37.7430771712997,357.510429196173,-47.8651242370557,311.727172788762
"Conservancy_40","Torra","Elephant","Mixed","Large_Mixed",277,198,964,179,913,193,940,166,846,0,-79,687,-98,636,-84,664,-111,569,0,-28.4894532806841,248.26554196688,-35.4153772963799,229.73566725342,-30.3486119906161,239.732952307132,-40.1663292018006,205.561761232968
"Conservancy_40","Torra","Gemsbok","Mixed","Arid_Mixed",6812,5293,22430,4846,21263,5159,21881,4491,19704,0,-1519,15617,-1966,14451,-1654,15069,-2322,12892,0,-22.3009333101768,229.251481762624,-28.8610873317285,212.123875032447,-24.2752568050183,221.199863184397,-34.0817312608283,189.246255024012
"Conservancy_40","Torra","Giraffe","Browser","Woodland_Browser",555,374,1155,337,1085,364,1126,312,1006,0,-181,599,-219,530,-192,571,-244,450,0,-32.6535335096359,107.894441754817,-39.3497460744702,95.4109299342952,-34.4766790232086,102.742780609866,-43.8454170438328,81.0659150609656
"Conservancy_40","Torra","Hartmann's zebra","Grazer","Arid_Grazer",5425,4257,18946,3900,17971,4150,18483,3614,16653,0,-1168,13520,-1525,12545,-1276,13057,-1811,11228,0,-21.527832346414,249.199611135202,-28.1116433340661,231.228419693503,-23.510497491517,240.668146806652,-33.3821076917071,206.953074062609
"Conservancy_40","Torra","Hippopotamus","Grazer","Wetland_Grazer",228,100,1798,78,1704,97,1754,72,1579,0,-128,1570,-150,1476,-131,1526,-155,1351,0,-56.0557294376651,689.118891199881,-65.7173951620727,648.089003213281,-57.3054465193124,669.829594708101,-68.2348512601307,593.257436980166
"Conservancy_40","Torra","Impala","Mixed","Mixed_Open",20033,12811,93951,11273,89005,12472,91652,10444,82480,0,-7222,73919,-8760,68972,-7561,71619,-9589,62448,0,-36.0510360668977,368.988675609927,-43.7267511674687,344.296295479206,-37.7430771712997,357.510429196173,-47.8651242370557,311.727172788762
"Conservancy_40","Torra","Klipspringer","Browser","Rocky_Browser",115258,106202,135940,100222,128751,103564,132607,92865,119312,0,-9057,20681,-15036,13493,-11694,17348,-22393,4054,0,-7.85769755660108,17.9433689901063,-13.0455945967072,11.7066463079785,-10.1460073180638,15.0518046933019,-19.428664105173,3.51734304517319
"Conservancy_40","Torra","Kudu","Browser","Woodland_Browser",2485,1674,5166,1507,4856,1628,5038,1395,4500,0,-811,2681,-978,2371,-857,2553,-1090,2015,0,-32.6535335096359,107.894441754817,-39.3497460744702,95.4109299342952,-34.4766790232086,102.742780609866,-43.8454170438328,81.0659150609656
"Conservancy_40","Torra","Leopard","Carnivore","Carnivore",,,,,,,,,,,,,,,,,,,,,,,,,,,
"Conservancy_40","Torra","Ostrich","Mixed","Mixed_Open",10016,6405,46976,5637,44502,6236,45826,5222,41240,0,-3611,36959,-4380,34486,-3780,35810,-4794,31224,0,-36.0510360668977,368.988675609927,-43.7267511674687,344.296295479206,-37.7430771712997,357.510429196173,-47.8651242370557,311.727172788762
"Conservancy_40","Torra","Red Hartebeest","Grazer","General_Grazer",6853,4195,38536,3640,36536,4084,37594,3373,33858,0,-2658,31683,-3213,29683,-2769,30741,-3480,27005,0,-38.784122754834,462.336695332515,-46.8852864036279,433.148174179743,-40.4022975943773,448.591356188895,-50.7825250794741,394.071347179973
"Conservancy_40","Torra","Red Lechwe","Grazer","Wetland_Grazer",3986,1752,31458,1367,29822,1702,30689,1266,27636,0,-2235,27471,-2620,25836,-2284,26703,-2720,23650,0,-56.0557294376651,689.118891199881,-65.7173951620727,648.089003213281,-57.3054465193124,669.829594708101,-68.2348512601307,593.257436980166
"Conservancy_40","Torra","Reedbuck","Grazer","Wetland_Grazer",7087,3114,55925,2430,53017,3026,54558,2251,49131,0,-3973,48838,-4657,45930,-4061,47471,-4836,42044,0,-56.0557294376651,689.118891199881,-65.7173951620727,648.089003213281,-57.3054465193124,669.829594708101,-68.2348512601307,593.257436980166
"Conservancy_40","Torra","Roan","Grazer","General_Grazer",4283,2622,24085,2275,22835,2553,23496,2108,21161,0,-1661,19802,-2008,18552,-1730,19213,-2175,16878,0,-38.784122754834,462.336695332515,-46.8852864036279,433.148174179743,-40.4022975943773,448.591356188896,-50.7825250794741,394.071347179973
"Conservancy_40","Torra","Sable","Grazer","General_Grazer",5140,3146,28902,2730,27402,3063,28196,2530,25394,0,-1993,23763,-2410,22262,-2077,23056,-2610,20254,0,-38.784122754834,462.336695332515,-46.8852864036279,433.148174179743,-40.4022975943773,448.591356188895,-50.7825250794741,394.071347179973
"Conservancy_40","Torra","Spotted Hyaena","Carnivore","Carnivore",,,,,,,,,,,,,,,,,,,,,,,,,,,
"Conservancy_40","Torra","Springbok","Grazer","Arid_Grazer",39977,31371,139599,28739,132414,30578,136188,26632,122710,0,-8606,99622,-11238,92438,-9399,96211,-13345,82733,0,-21.527832346414,249.199611135202,-28.1116433340661,231.228419693503,-23.510497491517,240.668146806652,-33.3821076917071,206.953074062609
"Conservancy_40","Torra","Steenbok","Browser","Shrub_Browser",83054,65375,145028,60367,136737,63685,141450,55917,126704,0,-17680,61974,-22687,53682,-19369,58396,-27137,43650,0,-21.2866969911493,74.618058464234,-27.3161967008065,64.6349738506721,-23.3209265078668,70.3099689574358,-32.6739262565008,52.5557933217609
"Conservancy_40","Torra","Vervet monkey","Omnivore","Omnivore",114766,78574,423505,70378,400850,76509,413125,65196,371461,0,-36192,308739,-44388,286085,-38257,298359,-49570,256695,0,-31.5356275640361,269.017154476112,-38.6769862554151,249.277136586294,-33.3350136263926,259.972273649282,-43.1922223186536,223.669216997663
"Conservancy_40","Torra","Warthog","Grazer","General_Grazer",14685,8989,82578,7800,78291,8752,80559,7227,72553,0,-5695,67893,-6885,63607,-5933,65874,-7457,57868,0,-38.784122754834,462.336695332515,-46.8852864036279,433.148174179743,-40.4022975943773,448.591356188896,-50.7825250794741,394.071347179973
"Conservancy_41","Ondjou","Baboon","Omnivore","Omnivore",486300,466651,466651,451752,451752,451113,451113,423918,423918,0,-19649,-19649,-34548,-34548,-35187,-35187,-62382,-62382,0,-4.04050327163115,-4.04050327163115,-7.10434416218127,-7.10434416218127,-7.23569374032031,-7.23569374032031,-12.8278608923998,-12.8278608923998
"Conservancy_41","Ondjou","Black rhinoceros","Browser","Shrub_Browser",22882,22294,10447,21630,10114,21552,10099,20297,9491,0,-588,-12435,-1253,-12768,-1330,-12783,-2585,-13391,0,-2.56995977108415,-54.3447011473148,-5.47440519937892,-55.7996101408373,-5.81431608334656,-55.8649366078884,-11.2982675538687,-58.5230204254489
"Conservancy_41","Ondjou","Black-backed Jackal","Carnivore","Carnivore",,,,,,,,,,,,,,,,,,,,,,,,,,,
"Conservancy_41","Ondjou","Black-faced Impala","Mixed","Mixed_Open",308781,292404,455896,282567,441482,282668,440715,265157,414281,0,-16377,147115,-26214,132701,-26113,131934,-43624,105500,0,-5.30368702232775,47.6437352833233,-8.48941486855571,42.9756394769813,-8.45673407500694,42.7275166065314,-14.1276543918571,34.1667236602078
"Conservancy_41","Ondjou","Blue wildebeest","Grazer","General_Grazer",39922,36269,117584,34843,113881,35062,113669,32696,106865,0,-3653,77662,-5079,73959,-4860,73747,-7226,66943,0,-9.149799444054,194.535801965467,-12.722652596651,185.260366962463,-12.1744249005006,184.728359574658,-18.1002639186533,167.685351506551
"Conservancy_41","Ondjou","Buffalo","Grazer","General_Grazer",17566,15958,51737,15331,50108,15427,50014,14386,47021,0,-1607,34171,-2235,32542,-2139,32449,-3179,29455,0,-9.14979944405399,194.535801965467,-12.722652596651,185.260366962463,-12.1744249005006,184.728359574658,-18.1002639186533,167.685351506551
"Conservancy_41","Ondjou","Burchell's zebra","Grazer","General_Grazer",27446,24935,80839,23954,78293,24105,78147,22478,73470,0,-2511,53393,-3492,50847,-3341,50701,-4968,46023,0,-9.14979944405398,194.535801965467,-12.722652596651,185.260366962463,-12.1744249005006,184.728359574658,-18.1002639186533,167.685351506551
"Conservancy_41","Ondjou","Bushpig","Omnivore","Omnivore",194520,186660,186660,180701,180701,180445,180445,169567,169567,0,-7860,-7860,-13819,-13819,-14075,-14075,-24953,-24953,0,-4.04050327163114,-4.04050327163114,-7.10434416218126,-7.10434416218126,-7.23569374032032,-7.23569374032032,-12.8278608923998,-12.8278608923998
"Conservancy_41","Ondjou","Cheetah","Carnivore","Carnivore",,,,,,,,,,,,,,,,,,,,,,,,,,,
"Conservancy_41","Ondjou","Damara dik dik","Browser","Shrub_Browser",4576446,4458834,2089390,4325913,2022807,4310357,2019818,4059387,1898172,0,-117613,-2487056,-250533,-2553639,-266089,-2556629,-517059,-2678275,0,-2.56995977108414,-54.3447011473148,-5.47440519937892,-55.7996101408373,-5.81431608334656,-55.8649366078884,-11.2982675538687,-58.5230204254489
"Conservancy_41","Ondjou","Duiker","Browser","Woodland_Browser",1114259,1083590,481075,1050775,465128,1047509,465057,986035,436469,0,-30669,-633184,-63484,-649131,-66750,-649202,-128224,-677790,0,-2.75238795647208,-56.8256009687313,-5.69741145187796,-58.2567377633442,-5.99053939607696,-58.2630914761109,-11.5075534539624,-60.8287871984268
"Conservancy_41","Ondjou","Eland","Mixed","Mixed_Open",30878,29240,45590,28257,44148,28267,44072,26516,41428,0,-1638,14711,-2621,13270,-2611,13193,-4362,10550,0,-5.30368702232775,47.6437352833233,-8.48941486855572,42.9756394769813,-8.45673407500694,42.7275166065314,-14.1276543918571,34.1667236602078
"Conservancy_41","Ondjou","Elephant","Mixed","Large_Mixed",5003,4800,4969,4647,4812,4640,4804,4361,4515,0,-203,-34,-356,-192,-363,-199,-643,-488,0,-4.0609580815948,-0.678352569984082,-7.12349458407876,-3.83559181367368,-7.25548980780419,-3.98552649469772,-12.8458306849797,-9.76049012891466
"Conservancy_41","Ondjou","Gemsbok","Mixed","Arid_Mixed",73184,69541,102826,67242,99596,67226,99402,63099,93459,0,-3643,29642,-5942,26412,-5958,26218,-10085,20275,0,-4.97753634427755,40.5037475133875,-8.11864788536733,36.0892973461743,-8.14153569341841,35.8252021177342,-13.7797093788898,27.7046579664289
"Conservancy_41","Ondjou","Giraffe","Browser","Woodland_Browser",22941,22309,9904,21634,9576,21566,9575,20301,8986,0,-631,-13036,-1307,-13364,-1374,-13366,-2640,-13955,0,-2.75238795647209,-56.8256009687313,-5.69741145187797,-58.2567377633442,-5.99053939607696,-58.2630914761109,-11.5075534539624,-60.8287871984268
"Conservancy_41","Ondjou","Hartmann's zebra","Grazer","Arid_Grazer",38971,36329,81603,35034,79040,35120,78885,32876,74170,0,-2642,42631,-3937,40069,-3852,39914,-6096,35199,0,-6.77987138794116,109.390515254262,-10.1028174671132,102.815149102998,-9.88369006897893,102.418173416284,-15.6417195287186,90.3195591633006
"Conservancy_41","Ondjou","Hippopotamus","Grazer","Wetland_Grazer",1895,1652,8083,1577,7828,1597,7814,1480,7346,0,-243,6188,-318,5933,-298,5919,-415,5451,0,-12.8324638524311,326.604169532515,-16.785956344934,313.147476168133,-15.7340476855791,312.399201811974,-21.9134066562802,287.693376517811
"Conservancy_41","Ondjou","Impala","Mixed","Mixed_Open",308781,292404,455896,282567,441482,282668,440715,265157,414281,0,-16377,147115,-26214,132701,-26113,131934,-43624,105500,0,-5.30368702232775,47.6437352833233,-8.48941486855571,42.9756394769813,-8.45673407500694,42.7275166065314,-14.1276543918571,34.1667236602078
"Conservancy_41","Ondjou","Klipspringer","Browser","Rocky_Browser",1559345,1519861,712096,1474678,689529,1469250,688384,1383821,647043,0,-39484,-847248,-84666,-869816,-90094,-870960,-175523,-912301,0,-2.53206494848322,-54.3336229286233,-5.42959754999414,-55.78086831142,-5.77770327307306,-55.854247397238,-11.2562172381917,-58.5054300579787
"Conservancy_41","Ondjou","Kudu","Browser","Woodland_Browser",102629,99804,44310,96782,42841,96481,42834,90819,40201,0,-2825,-58320,-5847,-59788,-6148,-59795,-11810,-62428,0,-2.75238795647208,-56.8256009687313,-5.69741145187797,-58.2567377633442,-5.99053939607697,-58.2630914761109,-11.5075534539624,-60.8287871984268
"Conservancy_41","Ondjou","Leopard","Carnivore","Carnivore",,,,,,,,,,,,,,,,,,,,,,,,,,,
"Conservancy_41","Ondjou","Ostrich","Mixed","Mixed_Open",154391,146202,227948,141284,220741,141334,220358,132579,207141,0,-8188,73557,-13107,66350,-13056,65967,-21812,52750,0,-5.30368702232775,47.6437352833233,-8.48941486855571,42.9756394769813,-8.45673407500694,42.7275166065314,-14.1276543918571,34.1667236602078
"Conservancy_41","Ondjou","Red Hartebeest","Grazer","General_Grazer",58552,53195,172457,51103,167026,51424,166714,47954,156735,0,-5357,113905,-7449,108474,-7128,108162,-10598,98183,0,-9.14979944405398,194.535801965467,-12.722652596651,185.260366962463,-12.1744249005006,184.728359574658,-18.1002639186533,167.685351506551
"Conservancy_41","Ondjou","Red Lechwe","Grazer","Wetland_Grazer",33157,28903,141451,27592,136989,27940,136741,25892,128549,0,-4255,108294,-5566,103832,-5217,103584,-7266,95392,0,-12.8324638524311,326.604169532515,-16.785956344934,313.147476168133,-15.7340476855791,312.399201811974,-21.9134066562802,287.693376517811
"Conservancy_41","Ondjou","Reedbuck","Grazer","Wetland_Grazer",58947,51382,251469,49052,243536,49672,243095,46029,228532,0,-7564,192522,-9895,184590,-9275,184149,-12917,169585,0,-12.8324638524311,326.604169532515,-16.785956344934,313.147476168133,-15.7340476855791,312.399201811974,-21.9134066562802,287.693376517811
"Conservancy_41","Ondjou","Roan","Grazer","General_Grazer",36595,33247,107785,31939,104391,32140,104196,29971,97959,0,-3348,71190,-4656,67796,-4455,67601,-6624,61364,0,-9.14979944405398,194.535801965467,-12.722652596651,185.260366962463,-12.1744249005006,184.728359574658,-18.1002639186533,167.685351506551
"Conservancy_41","Ondjou","Sable","Grazer","General_Grazer",43914,39896,129342,38327,125269,38568,125036,35965,117551,0,-4018,85428,-5587,81355,-5346,81122,-7949,73637,0,-9.149799444054,194.535801965467,-12.722652596651,185.260366962463,-12.1744249005006,184.728359574658,-18.1002639186533,167.685351506551
"Conservancy_41","Ondjou","Spotted Hyaena","Carnivore","Carnivore",,,,,,,,,,,,,,,,,,,,,,,,,,,
"Conservancy_41","Ondjou","Springbok","Grazer","Arid_Grazer",287158,267689,601282,258147,582400,258776,581260,242242,546518,0,-19469,314124,-29011,295242,-28382,294102,-44916,259360,0,-6.77987138794114,109.390515254262,-10.1028174671132,102.815149102998,-9.88369006897893,102.418173416284,-15.6417195287186,90.3195591633006
"Conservancy_41","Ondjou","Steenbok","Browser","Shrub_Browser",2288223,2229417,1044695,2162957,1011404,2155179,1009909,2029694,949086,0,-58806,-1243528,-125267,-1276820,-133045,-1278314,-258530,-1339137,0,-2.56995977108414,-54.3447011473148,-5.47440519937892,-55.7996101408373,-5.81431608334656,-55.8649366078884,-11.2982675538687,-58.5230204254489
"Conservancy_41","Ondjou","Vervet monkey","Omnivore","Omnivore",2334241,2239926,2239926,2168408,2168408,2165342,2165342,2034807,2034807,0,-94315,-94315,-165832,-165832,-168898,-168898,-299433,-299433,0,-4.04050327163114,-4.04050327163114,-7.10434416218127,-7.10434416218127,-7.2356937403203,-7.2356937403203,-12.8278608923999,-12.8278608923999
"Conservancy_41","Ondjou","Warthog","Grazer","General_Grazer",125469,113988,369550,109506,357912,110193,357245,102758,335861,0,-11480,244081,-15963,232444,-15275,231776,-22710,210392,0,-9.14979944405398,194.535801965467,-12.722652596651,185.260366962463,-12.1744249005006,184.728359574658,-18.1002639186533,167.685351506551
"Conservancy_42","#Gaingu","Baboon","Omnivore","Omnivore",142,124,676,118,644,121,656,108,585,0,-18,534,-24,501,-22,513,-35,443,0,-12.6592778356125,374.85282976371,-16.8188263216923,352.255495599819,-15.2931334988725,360.553897997995,-24.4010793301557,310.94550970976
"Conservancy_42","#Gaingu","Black rhinoceros","Browser","Shrub_Browser",6,6,13,6,12,6,12,5,11,0,0,6,-1,6,-1,6,-1,5,0,-6.06733997203236,99.6775129703608,-10.540825468035,90.1726983962497,-8.89998278112301,93.6616876675468,-18.6953400683325,72.8145122623332
"Conservancy_42","#Gaingu","Black-backed Jackal","Carnivore","Carnivore",,,,,,,,,,,,,,,,,,,,,,,,,,,
"Conservancy_42","#Gaingu","Black-faced Impala","Mixed","Mixed_Open",108,90,704,85,670,87,683,77,609,0,-18,596,-22,563,-21,575,-30,501,0,-16.9054422864544,553.528566658752,-20.8627697870024,522.430048485675,-19.4112501844929,533.851279482304,-28.0764032972066,465.567783350845
"Conservancy_42","#Gaingu","Blue wildebeest","Grazer","General_Grazer",25,20,196,19,187,20,190,18,170,0,-5,171,-6,161,-6,165,-8,144,0,-19.682220051836,673.521514109901,-23.5073052092484,636.71386755405,-22.1042911583559,650.232290326273,-30.4798801268093,569.40720263044
"Conservancy_42","#Gaingu","Buffalo","Grazer","General_Grazer",11,9,86,9,82,9,84,8,75,0,-2,75,-3,71,-2,72,-3,63,0,-19.682220051836,673.521514109901,-23.5073052092484,636.71386755405,-22.1042911583559,650.232290326273,-30.4798801268093,569.40720263044
"Conservancy_42","#Gaingu","Burchell's zebra","Grazer","General_Grazer",17,14,135,13,128,14,131,12,117,0,-3,117,-4,111,-4,113,-5,99,0,-19.682220051836,673.521514109901,-23.5073052092484,636.71386755405,-22.1042911583559,650.232290326273,-30.4798801268093,569.40720263044
"Conservancy_42","#Gaingu","Bushpig","Omnivore","Omnivore",57,50,270,47,257,48,262,43,234,0,-7,213,-10,201,-9,205,-14,177,0,-12.6592778356126,374.852829763711,-16.8188263216924,352.255495599819,-15.2931334988725,360.553897997995,-24.4010793301557,310.94550970976
"Conservancy_42","#Gaingu","Cheetah","Carnivore","Carnivore",,,,,,,,,,,,,,,,,,,,,,,,,,,
"Conservancy_42","#Gaingu","Damara dik dik","Browser","Shrub_Browser",1271,1193,2537,1137,2416,1157,2460,1033,2196,0,-77,1266,-134,1146,-113,1190,-238,925,0,-6.06733997203236,99.6775129703608,-10.540825468035,90.1726983962497,-8.89998278112301,93.6616876675468,-18.6953400683325,72.8145122623332
"Conservancy_42","#Gaingu","Duiker","Browser","Woodland_Browser",97,85,407,81,388,83,395,74,352,0,-12,310,-16,291,-14,298,-23,255,0,-11.9990497328494,320.167513178935,-16.1900411786078,300.172071301307,-14.6528153016427,307.514709750237,-23.8296101376885,263.621857006545
"Conservancy_42","#Gaingu","Eland","Mixed","Mixed_Open",11,9,70,9,67,9,68,8,61,0,-2,60,-2,56,-2,58,-3,50,0,-16.9054422864544,553.528566658752,-20.8627697870024,522.430048485675,-19.4112501844929,533.851279482304,-28.0764032972066,465.567783350845
"Conservancy_42","#Gaingu","Elephant","Mixed","Large_Mixed",2,2,8,2,7,2,7,1,7,0,0,6,0,5,0,5,0,5,0,-10.7188688149927,296.718548344005,-14.9708280941605,277.83874880964,-13.4112396491987,284.771548305774,-22.7215325622598,243.329739554668
"Conservancy_42","#Gaingu","Gemsbok","Mixed","Arid_Mixed",62,57,187,54,178,55,181,49,162,0,-5,125,-8,116,-7,119,-13,100,0,-8.30826502171245,201.171935369068,-12.6750278325022,186.838126463956,-11.0733302680491,192.100996237514,-20.6350024716153,160.645709265736
"Conservancy_42","#Gaingu","Giraffe","Browser","Woodland_Browser",2,2,8,2,8,2,8,2,7,0,0,6,0,6,0,6,0,5,0,-11.9990497328494,320.167513178935,-16.1900411786078,300.172071301307,-14.6528153016427,307.514709750237,-23.8296101376885,263.621857006545
"Conservancy_42","#Gaingu","Hartmann's zebra","Grazer","Arid_Grazer",52,48,158,46,151,47,154,42,137,0,-4,106,-7,99,-6,101,-11,85,0,-8.3130408099334,202.842796974426,-12.6795761767294,188.429488860822,-11.0779620371168,193.721561018158,-20.6391362184622,162.091644493212
"Conservancy_42","#Gaingu","Hippopotamus","Grazer","Wetland_Grazer",0,0,13,0,12,0,12,0,11,0,0,12,0,12,0,12,0,11,0,-100,4003.13954124748,-100,3807.91258966562,-100,3879.6248585601,-100,3450.78931091069
"Conservancy_42","#Gaingu","Impala","Mixed","Mixed_Open",108,90,704,85,670,87,683,77,609,0,-18,596,-22,563,-21,575,-30,501,0,-16.9054422864544,553.528566658752,-20.8627697870024,522.430048485675,-19.4112501844929,533.851279482304,-28.0764032972066,465.567783350845
"Conservancy_42","#Gaingu","Klipspringer","Browser","Rocky_Browser",1410,1356,1626,1292,1548,1315,1577,1174,1407,0,-54,215,-119,138,-95,166,-236,-3,0,-3.83812282220826,15.2655944662052,-8.41777342185226,9.77699098971984,-6.73799012943906,11.7906578601345,-16.7658115930788,-0.233769612918647
"Conservancy_42","#Gaingu","Kudu","Browser","Woodland_Browser",9,8,37,7,36,8,36,7,32,0,-1,29,-1,27,-1,27,-2,24,0,-11.9990497328494,320.167513178935,-16.1900411786078,300.172071301307,-14.6528153016427,307.514709750237,-23.8296101376885,263.621857006545
"Conservancy_42","#Gaingu","Leopard","Carnivore","Carnivore",,,,,,,,,,,,,,,,,,,,,,,,,,,
"Conservancy_42","#Gaingu","Ostrich","Mixed","Mixed_Open",54,45,352,43,335,43,341,39,305,0,-9,298,-11,281,-10,288,-15,251,0,-16.9054422864544,553.528566658752,-20.8627697870024,522.430048485675,-19.4112501844929,533.851279482304,-28.0764032972066,465.567783350845
"Conservancy_42","#Gaingu","Red Hartebeest","Grazer","General_Grazer",37,30,287,28,274,29,279,26,249,0,-7,250,-9,237,-8,242,-11,212,0,-19.682220051836,673.521514109901,-23.5073052092484,636.71386755405,-22.1042911583559,650.232290326273,-30.4798801268093,569.40720263044
"Conservancy_42","#Gaingu","Red Lechwe","Grazer","Wetland_Grazer",5,0,222,0,212,0,216,0,192,0,-5,217,-5,206,-5,210,-5,187,0,-100,4003.13954124748,-100,3807.91258966562,-100,3879.6248585601,-100,3450.78931091069
"Conservancy_42","#Gaingu","Reedbuck","Grazer","Wetland_Grazer",10,0,395,0,376,0,383,0,342,0,-10,386,-10,367,-10,374,-10,332,0,-100,4003.13954124748,-100,3807.91258966562,-100,3879.6248585601,-100,3450.78931091069
"Conservancy_42","#Gaingu","Roan","Grazer","General_Grazer",23,19,180,18,171,18,174,16,155,0,-5,156,-5,148,-5,151,-7,132,0,-19.682220051836,673.521514109901,-23.5073052092484,636.71386755405,-22.1042911583559,650.232290326273,-30.4798801268093,569.40720263044
"Conservancy_42","#Gaingu","Sable","Grazer","General_Grazer",28,22,216,21,205,22,209,19,186,0,-5,188,-7,177,-6,181,-8,159,0,-19.682220051836,673.521514109901,-23.5073052092484,636.71386755405,-22.1042911583559,650.232290326273,-30.4798801268093,569.40720263044
"Conservancy_42","#Gaingu","Spotted Hyaena","Carnivore","Carnivore",,,,,,,,,,,,,,,,,,,,,,,,,,,
"Conservancy_42","#Gaingu","Springbok","Grazer","Arid_Grazer",385,353,1167,336,1111,343,1132,306,1010,0,-32,782,-49,726,-43,747,-80,625,0,-8.3130408099334,202.842796974426,-12.6795761767294,188.429488860822,-11.0779620371168,193.721561018158,-20.6391362184622,162.091644493212
"Conservancy_42","#Gaingu","Steenbok","Browser","Shrub_Browser",635,597,1268,568,1208,579,1230,516,1098,0,-39,633,-67,573,-57,595,-119,463,0,-6.06733997203236,99.6775129703608,-10.540825468035,90.1726983962497,-8.89998278112301,93.6616876675468,-18.6953400683325,72.8145122623332
"Conservancy_42","#Gaingu","Vervet monkey","Omnivore","Omnivore",683,597,3244,568,3090,579,3147,516,2808,0,-86,2561,-115,2407,-104,2463,-167,2124,0,-12.6592778356125,374.852829763711,-16.8188263216923,352.255495599819,-15.2931334988725,360.553897997995,-24.4010793301557,310.945509709761
"Conservancy_42","#Gaingu","Warthog","Grazer","General_Grazer",80,64,616,61,586,62,597,55,533,0,-16,536,-19,507,-18,518,-24,453,0,-19.682220051836,673.521514109901,-23.5073052092484,636.71386755405,-22.1042911583559,650.232290326273,-30.4798801268093,569.40720263044
"Conservancy_43","#Gaingu","Baboon","Omnivore","Omnivore",45665,40536,136125,37826,129119,39413,132744,34392,117571,0,-5129,90460,-7838,83454,-6251,87079,-11273,71907,0,-11.2314247742304,198.096483524852,-17.1648241228164,182.753763879503,-13.6895081144991,190.692640917747,-24.6862593514101,157.466486213591
"Conservancy_43","#Gaingu","Black rhinoceros","Browser","Shrub_Browser",1771,1658,2651,1570,2518,1612,2584,1428,2291,0,-113,881,-200,747,-158,813,-343,521,0,-6.37213740703591,49.753507744788,-11.3098557250299,42.1956696254723,-8.94029623467987,45.9215428414444,-19.3701318482075,29.4195361561865
"Conservancy_43","#Gaingu","Black-backed Jackal","Carnivore","Carnivore",,,,,,,,,,,,,,,,,,,,,,,,,,,
"Conservancy_43","#Gaingu","Black-faced Impala","Mixed","Mixed_Open",35959,30916,139752,28564,132536,30060,136314,25975,120698,0,-5044,103792,-7396,96577,-5899,100355,-9984,84739,0,-14.0258139193893,288.639649288725,-20.5664647576374,268.573839127801,-16.4047585850796,279.081276369481,-27.7657495882752,235.653536103394
"Conservancy_43","#Gaingu","Blue wildebeest","Grazer","General_Grazer",7879,6569,38165,6004,36193,6390,37234,5462,32964,0,-1310,30286,-1875,28314,-1488,29355,-2417,25085,0,-16.6210653557105,384.392866069798,-23.8026794717662,359.358645714809,-18.8913445026218,372.575374422642,-30.6754976111341,318.376000229232
"Conservancy_43","#Gaingu","Buffalo","Grazer","General_Grazer",3467,2891,16793,2642,15925,2812,16383,2403,14504,0,-576,13326,-825,12458,-655,12916,-1063,11037,0,-16.6210653557105,384.392866069798,-23.8026794717662,359.358645714809,-18.8913445026218,372.575374422642,-30.6754976111341,318.376000229232
"Conservancy_43","#Gaingu","Burchell's zebra","Grazer","General_Grazer",5417,4516,26238,4127,24882,4393,25598,3755,22662,0,-900,20822,-1289,19466,-1023,20182,-1662,17246,0,-16.6210653557105,384.392866069798,-23.8026794717662,359.358645714809,-18.8913445026218,372.575374422642,-30.6754976111341,318.376000229232
"Conservancy_43","#Gaingu","Bushpig","Omnivore","Omnivore",18266,16214,54450,15131,51647,15765,53098,13757,47028,0,-2052,36184,-3135,33382,-2501,34832,-4509,28763,0,-11.2314247742304,198.096483524853,-17.1648241228164,182.753763879503,-13.6895081144991,190.692640917747,-24.6862593514101,157.466486213591
"Conservancy_43","#Gaingu","Cheetah","Carnivore","Carnivore",,,,,,,,,,,,,,,,,,,,,,,,,,,
"Conservancy_43","#Gaingu","Damara dik dik","Browser","Shrub_Browser",354111,331547,530294,314062,503531,322453,516725,285520,458289,0,-22564,176183,-40049,149420,-31659,162613,-68592,104178,0,-6.3721374070359,49.753507744788,-11.3098557250299,42.1956696254724,-8.94029623467985,45.9215428414444,-19.3701318482075,29.4195361561866
"Conservancy_43","#Gaingu","Duiker","Browser","Woodland_Browser",56753,51626,98742,48728,93619,50105,96143,44245,85182,0,-5127,41990,-8024,36866,-6647,39391,-12507,28429,0,-9.03310122506857,73.9870351055654,-14.1394354473097,64.9590762798664,-11.7130189529598,69.4080777002292,-22.0380653851028,50.093097033438
"Conservancy_43","#Gaingu","Eland","Mixed","Mixed_Open",3596,3092,13975,2856,13254,3006,13631,2597,12070,0,-504,10379,-740,9658,-590,10036,-998,8474,0,-14.0258139193893,288.639649288725,-20.5664647576374,268.573839127801,-16.4047585850796,279.081276369481,-27.7657495882752,235.653536103394
"Conservancy_43","#Gaingu","Elephant","Mixed","Large_Mixed",535,480,1500,449,1423,467,1463,408,1296,0,-55,965,-86,888,-68,928,-126,761,0,-10.2424334405127,180.513997762729,-16.0564758922699,166.13434997011,-12.6848741154885,173.566056795508,-23.658072307099,142.340453669588
"Conservancy_43","#Gaingu","Gemsbok","Mixed","Arid_Mixed",13271,12125,35104,11369,33320,11810,34244,10346,30346,0,-1146,21832,-1903,20049,-1462,20972,-2925,17074,0,-8.6335462879456,164.508187011532,-14.3366152164249,151.072196880547,-11.012536715751,158.028730324057,-22.0391439833274,128.655957560468
"Conservancy_43","#Gaingu","Giraffe","Browser","Woodland_Browser",1168,1063,2033,1003,1927,1032,1979,911,1754,0,-106,864,-165,759,-137,811,-258,585,0,-9.03310122506858,73.9870351055654,-14.1394354473097,64.9590762798664,-11.7130189529598,69.4080777002292,-22.0380653851028,50.093097033438
"Conservancy_43","#Gaingu","Hartmann's zebra","Grazer","Arid_Grazer",10436,9521,29309,8915,27822,9277,28595,8116,25339,0,-914,18874,-1521,17386,-1158,18159,-2320,14904,0,-8.76195420664681,180.852796490619,-14.5733819030702,166.59547097766,-11.1005575047458,174.008394515793,-22.2326048703321,142.811366740234
"Conservancy_43","#Gaingu","Hippopotamus","Grazer","Wetland_Grazer",326,236,2530,207,2398,229,2468,188,2184,0,-90,2204,-120,2072,-97,2142,-139,1858,0,-27.5385751841896,675.218068285565,-36.6769149013143,634.811463575583,-29.689582641532,656.314838333945,-42.4384043205702,569.263247205828
"Conservancy_43","#Gaingu","Impala","Mixed","Mixed_Open",35959,30916,139752,28564,132536,30060,136314,25975,120698,0,-5044,103792,-7396,96577,-5899,100355,-9984,84739,0,-14.0258139193893,288.639649288725,-20.5664647576374,268.573839127801,-16.4047585850796,279.081276369481,-27.7657495882752,235.653536103394
"Conservancy_43","#Gaingu","Klipspringer","Browser","Rocky_Browser",251956,244038,279104,232273,265650,237837,272153,211414,241871,0,-7918,27148,-19683,13693,-14120,20197,-40543,-10085,0,-3.14258677107033,10.7747967315443,-7.81220127466233,5.43475256121556,-5.60409348507088,8.01609970683139,-16.0911449488683,-4.00273339011346
"Conservancy_43","#Gaingu","Kudu","Browser","Woodland_Browser",5227,4755,9095,4488,8623,4615,8855,4075,7846,0,-472,3867,-739,3396,-612,3628,-1152,2618,0,-9.03310122506858,73.9870351055654,-14.1394354473097,64.9590762798664,-11.7130189529598,69.4080777002292,-22.0380653851028,50.093097033438
"Conservancy_43","#Gaingu","Leopard","Carnivore","Carnivore",,,,,,,,,,,,,,,,,,,,,,,,,,,
"Conservancy_43","#Gaingu","Ostrich","Mixed","Mixed_Open",17980,15458,69876,14282,66268,15030,68157,12987,60349,0,-2522,51896,-3698,48288,-2950,50178,-4992,42370,0,-14.0258139193893,288.639649288725,-20.5664647576374,268.573839127801,-16.4047585850796,279.081276369481,-27.7657495882752,235.653536103394
"Conservancy_43","#Gaingu","Red Hartebeest","Grazer","General_Grazer",11556,9635,55975,8805,53082,9373,54610,8011,48347,0,-1921,44420,-2751,41527,-2183,43054,-3545,36791,0,-16.6210653557105,384.392866069798,-23.8026794717662,359.358645714809,-18.8913445026218,372.575374422642,-30.6754976111341,318.376000229232
"Conservancy_43","#Gaingu","Red Lechwe","Grazer","Wetland_Grazer",5712,4139,44277,3617,41969,4016,43197,3288,38225,0,-1573,38565,-2095,36257,-1696,37486,-2424,32514,0,-27.5385751841896,675.218068285565,-36.6769149013143,634.811463575583,-29.689582641532,656.314838333945,-42.4384043205702,569.263247205828
"Conservancy_43","#Gaingu","Reedbuck","Grazer","Wetland_Grazer",10154,7358,78714,6430,74611,7139,76795,5845,67956,0,-2796,68560,-3724,64458,-3015,66641,-4309,57802,0,-27.5385751841896,675.218068285565,-36.6769149013143,634.811463575583,-29.689582641532,656.314838333945,-42.4384043205702,569.263247205828
"Conservancy_43","#Gaingu","Roan","Grazer","General_Grazer",7222,6022,34985,5503,33177,5858,34131,5007,30217,0,-1200,27762,-1719,25954,-1364,26909,-2215,22994,0,-16.6210653557105,384.392866069798,-23.8026794717662,359.358645714809,-18.8913445026218,372.575374422642,-30.6754976111341,318.376000229232
"Conservancy_43","#Gaingu","Sable","Grazer","General_Grazer",8667,7226,41981,6604,39812,7030,40957,6008,36260,0,-1441,33315,-2063,31145,-1637,32290,-2659,27593,0,-16.6210653557105,384.392866069798,-23.8026794717662,359.358645714809,-18.8913445026218,372.575374422642,-30.6754976111341,318.376000229232
"Conservancy_43","#Gaingu","Spotted Hyaena","Carnivore","Carnivore",,,,,,,,,,,,,,,,,,,,,,,,,,,
"Conservancy_43","#Gaingu","Springbok","Grazer","Arid_Grazer",76896,70158,215964,65690,205001,68360,210701,59800,186712,0,-6738,139068,-11206,128105,-8536,133805,-17096,109816,0,-8.76195420664681,180.852796490619,-14.5733819030702,166.59547097766,-11.1005575047458,174.008394515793,-22.2326048703321,142.811366740234
"Conservancy_43","#Gaingu","Steenbok","Browser","Shrub_Browser",177056,165773,265147,157031,251766,161226,258362,142760,229145,0,-11282,88091,-20025,74710,-15829,81307,-34296,52089,0,-6.3721374070359,49.753507744788,-11.3098557250299,42.1956696254724,-8.94029623467985,45.9215428414444,-19.3701318482075,29.4195361561866
"Conservancy_43","#Gaingu","Vervet monkey","Omnivore","Omnivore",219190,194572,653399,181567,619769,189184,637170,165080,564342,0,-24618,434208,-37624,400579,-30006,417980,-54110,345151,0,-11.2314247742304,198.096483524853,-17.1648241228164,182.753763879503,-13.6895081144991,190.692640917747,-24.6862593514101,157.466486213591
"Conservancy_43","#Gaingu","Warthog","Grazer","General_Grazer",24762,20647,119947,18868,113748,20084,117021,17166,103600,0,-4116,95185,-5894,88986,-4678,92258,-7596,78837,0,-16.6210653557105,384.392866069798,-23.8026794717662,359.358645714809,-18.8913445026218,372.575374422642,-30.6754976111341,318.376000229232
"Conservancy_44","Sheya Shuushona","Baboon","Omnivore","Omnivore",282513,276074,276082,266348,266438,265841,265953,252793,252835,0,-6439,-6431,-16165,-16075,-16672,-16560,-29720,-29677,0,-2.27930300415022,-2.27629113220032,-5.72195293012806,-5.69013420468628,-5.90123579467136,-5.8617308755696,-10.5197046623076,-10.5048003521277
"Conservancy_44","Sheya Shuushona","Black rhinoceros","Browser","Shrub_Browser",10218,10154,7587,9823,7299,9777,7286,9325,6937,0,-64,-2631,-395,-2919,-440,-2932,-893,-3281,0,-0.630002392704002,-25.7522952440185,-3.86389152040539,-28.5669409501018,-4.31086908538634,-28.6971931207896,-8.7396604151703,-32.1111215903011
"Conservancy_44","Sheya Shuushona","Black-backed Jackal","Carnivore","Carnivore",,,,,,,,,,,,,,,,,,,,,,,,,,,
"Conservancy_44","Sheya Shuushona","Black-faced Impala","Mixed","Mixed_Open",221476,214904,249703,207037,241997,206936,241307,196478,229309,0,-6572,28227,-14439,20521,-14540,19831,-24998,7833,0,-2.96722878087019,12.7450869412378,-6.51935695249044,9.26554136581442,-6.56506500634978,8.9539975067909,-11.2870687987546,3.53657464231522
"Conservancy_44","Sheya Shuushona","Blue wildebeest","Grazer","General_Grazer",44221,42309,59693,40656,58021,40739,57826,38576,54917,0,-1912,15472,-3565,13800,-3482,13604,-5645,10696,0,-4.32427027022039,34.9875339673171,-8.06136421883036,31.2061417455208,-7.87389591564347,30.7647069926303,-12.7663101960939,24.1867977060213
"Conservancy_44","Sheya Shuushona","Buffalo","Grazer","General_Grazer",19457,18616,26265,17889,25529,17925,25443,16973,24163,0,-841,6808,-1569,6072,-1532,5986,-2484,4706,0,-4.32427027022039,34.9875339673171,-8.06136421883036,31.2061417455208,-7.87389591564347,30.7647069926303,-12.7663101960939,24.1867977060213
"Conservancy_44","Sheya Shuushona","Burchell's zebra","Grazer","General_Grazer",30402,29087,41039,27951,39889,28008,39755,26521,37755,0,-1315,10637,-2451,9487,-2394,9353,-3881,7353,0,-4.32427027022039,34.9875339673171,-8.06136421883036,31.2061417455208,-7.87389591564347,30.7647069926303,-12.7663101960939,24.1867977060214
"Conservancy_44","Sheya Shuushona","Bushpig","Omnivore","Omnivore",113005,110429,110433,106539,106575,106336,106381,101117,101134,0,-2576,-2572,-6466,-6430,-6669,-6624,-11888,-11871,0,-2.27930300415021,-2.27629113220031,-5.72195293012805,-5.69013420468629,-5.90123579467134,-5.86173087556959,-10.5197046623076,-10.5048003521277
"Conservancy_44","Sheya Shuushona","Cheetah","Carnivore","Carnivore",,,,,,,,,,,,,,,,,,,,,,,,,,,
"Conservancy_44","Sheya Shuushona","Damara dik dik","Browser","Shrub_Browser",2043576,2030702,1517308,1964615,1459789,1955480,1457127,1864975,1387361,0,-12875,-526268,-78962,-583787,-88096,-586449,-178602,-656215,0,-0.630002392703987,-25.7522952440185,-3.86389152040538,-28.5669409501018,-4.31086908538632,-28.6971931207896,-8.7396604151703,-32.1111215903011
"Conservancy_44","Sheya Shuushona","Duiker","Browser","Woodland_Browser",488748,486075,358338,470343,341968,468070,342179,446494,325821,0,-2673,-130410,-18405,-146780,-20678,-146569,-42254,-162927,0,-0.54693156326507,-26.6824343047798,-3.76570999290867,-30.0317878545048,-4.23073614809999,-29.9886428382549,-8.64542762717918,-33.3355808798844
"Conservancy_44","Sheya Shuushona","Eland","Mixed","Mixed_Open",22148,21490,24970,20704,24200,20694,24131,19648,22931,0,-657,2823,-1444,2052,-1454,1983,-2500,783,0,-2.9672287808702,12.7450869412378,-6.51935695249045,9.2655413658144,-6.56506500634979,8.9539975067909,-11.2870687987546,3.53657464231521
"Conservancy_44","Sheya Shuushona","Elephant","Mixed","Large_Mixed",2945,2883,2917,2782,2819,2776,2812,2640,2674,0,-62,-28,-164,-126,-169,-133,-305,-271,0,-2.11527950588984,-0.961550716609151,-5.55258030392197,-4.29155340558531,-5.74340292420111,-4.51197460894738,-10.359778319369,-9.2128686721687
"Conservancy_44","Sheya Shuushona","Gemsbok","Mixed","Arid_Mixed",51147,49698,56675,47886,55005,47855,54823,45445,52099,0,-1449,5529,-3260,3858,-3292,3676,-5702,953,0,-2.83335220775356,10.8095306392033,-6.37427843087579,7.54379348682185,-6.43598839792831,7.18710021616026,-11.1481289109138,1.86278518554371
"Conservancy_44","Sheya Shuushona","Giraffe","Browser","Woodland_Browser",10062,10007,7378,9684,7041,9637,7045,9193,6708,0,-55,-2685,-379,-3022,-426,-3018,-870,-3354,0,-0.546931563265066,-26.6824343047798,-3.76570999290866,-30.0317878545048,-4.23073614809998,-29.9886428382549,-8.64542762717918,-33.3355808798843
"Conservancy_44","Sheya Shuushona","Hartmann's zebra","Grazer","Arid_Grazer",34372,33115,42730,31859,41530,31887,41385,30231,39313,0,-1256,8358,-2512,7158,-2484,7013,-4140,4941,0,-3.65431122066949,24.3173216190481,-7.30913396382668,20.8261149538721,-7.22778411419038,20.4045350193769,-12.0449204656562,14.3753795924741
"Conservancy_44","Sheya Shuushona","Hippopotamus","Grazer","Wetland_Grazer",2764,2626,4005,2520,3893,2528,3880,2391,3684,0,-138,1241,-244,1129,-236,1116,-373,920,0,-5.01047976609508,44.8876167342141,-8.82424948648391,40.8560478276444,-8.53559448215919,40.3914941506657,-13.4973343260934,33.3021307990529
"Conservancy_44","Sheya Shuushona","Impala","Mixed","Mixed_Open",221476,214904,249703,207037,241997,206936,241307,196478,229309,0,-6572,28227,-14439,20521,-14540,19831,-24998,7833,0,-2.96722878087019,12.7450869412378,-6.51935695249044,9.26554136581442,-6.56506500634978,8.9539975067909,-11.2870687987546,3.53657464231522
"Conservancy_44","Sheya Shuushona","Klipspringer","Browser","Rocky_Browser",696688,692389,516764,669804,497678,666742,496642,635833,472829,0,-4299,-179924,-26884,-199010,-29946,-200046,-60855,-223860,0,-0.617039312683795,-25.8256711017298,-3.85882111655677,-28.5651528523215,-4.29839343500917,-28.7138505187453,-8.73485360075472,-32.1319658052374
"Conservancy_44","Sheya Shuushona","Kudu","Browser","Woodland_Browser",45016,44770,33005,43321,31497,43112,31516,41124,30010,0,-246,-12011,-1695,-13519,-1905,-13500,-3892,-15006,0,-0.546931563265072,-26.6824343047798,-3.76570999290866,-30.0317878545048,-4.23073614809998,-29.9886428382549,-8.64542762717918,-33.3355808798843
"Conservancy_44","Sheya Shuushona","Leopard","Carnivore","Carnivore",,,,,,,,,,,,,,,,,,,,,,,,,,,
"Conservancy_44","Sheya Shuushona","Ostrich","Mixed","Mixed_Open",110738,107452,124852,103519,120999,103468,120654,98239,114654,0,-3286,14114,-7219,10260,-7270,9915,-12499,3916,0,-2.96722878087019,12.7450869412378,-6.51935695249044,9.26554136581442,-6.56506500634978,8.9539975067909,-11.2870687987546,3.53657464231522
"Conservancy_44","Sheya Shuushona","Red Hartebeest","Grazer","General_Grazer",64858,62053,87550,59629,85097,59751,84811,56578,80545,0,-2805,22692,-5228,20240,-5107,19953,-8280,15687,0,-4.32427027022039,34.9875339673171,-8.06136421883036,31.2061417455208,-7.87389591564346,30.7647069926303,-12.7663101960939,24.1867977060213
"Conservancy_44","Sheya Shuushona","Red Lechwe","Grazer","Wetland_Grazer",48370,45947,70082,44102,68132,44241,67908,41841,64478,0,-2424,21712,-4268,19762,-4129,19537,-6529,16108,0,-5.01047976609509,44.8876167342141,-8.82424948648391,40.8560478276444,-8.53559448215918,40.3914941506657,-13.4973343260934,33.3021307990528
"Conservancy_44","Sheya Shuushona","Reedbuck","Grazer","Wetland_Grazer",85991,81683,124591,78403,121124,78652,120725,74385,114628,0,-4309,38600,-7588,35133,-7340,34733,-11607,28637,0,-5.01047976609508,44.8876167342142,-8.8242494864839,40.8560478276444,-8.53559448215918,40.3914941506657,-13.4973343260934,33.3021307990529
"Conservancy_44","Sheya Shuushona","Roan","Grazer","General_Grazer",40536,38783,54719,37268,53186,37344,53007,35361,50340,0,-1753,14183,-3268,12650,-3192,12471,-5175,9804,0,-4.32427027022039,34.9875339673171,-8.06136421883037,31.2061417455208,-7.87389591564347,30.7647069926303,-12.7663101960939,24.1867977060214
"Conservancy_44","Sheya Shuushona","Sable","Grazer","General_Grazer",48643,46540,65662,44722,63823,44813,63608,42433,60408,0,-2103,17019,-3921,15180,-3830,14965,-6210,11765,0,-4.3242702702204,34.9875339673171,-8.06136421883036,31.2061417455208,-7.87389591564347,30.7647069926303,-12.7663101960939,24.1867977060213
"Conservancy_44","Sheya Shuushona","Spotted Hyaena","Carnivore","Carnivore",,,,,,,,,,,,,,,,,,,,,,,,,,,
"Conservancy_44","Sheya Shuushona","Springbok","Grazer","Arid_Grazer",253264,244009,314851,234752,306009,234958,304941,222758,289671,0,-9255,61587,-18511,52745,-18305,51677,-30505,36408,0,-3.65431122066948,24.3173216190481,-7.30913396382667,20.8261149538721,-7.22778411419037,20.4045350193769,-12.0449204656562,14.3753795924741
"Conservancy_44","Sheya Shuushona","Steenbok","Browser","Shrub_Browser",1021788,1015351,758654,982307,729895,977740,728564,932487,693681,0,-6437,-263134,-39481,-291894,-44048,-293225,-89301,-328108,0,-0.630002392703987,-25.7522952440185,-3.86389152040538,-28.5669409501018,-4.31086908538632,-28.6971931207896,-8.7396604151703,-32.1111215903011
"Conservancy_44","Sheya Shuushona","Vervet monkey","Omnivore","Omnivore",1356062,1325153,1325194,1278469,1278900,1276037,1276573,1213408,1213610,0,-30909,-30868,-77593,-77162,-80024,-79489,-142654,-142452,0,-2.27930300415021,-2.27629113220031,-5.72195293012806,-5.69013420468628,-5.90123579467133,-5.86173087556958,-10.5197046623076,-10.5048003521276
"Conservancy_44","Sheya Shuushona","Warthog","Grazer","General_Grazer",138981,132971,187607,127777,182351,128037,181738,121238,172596,0,-6010,48626,-11204,43371,-10943,42757,-17743,33615,0,-4.32427027022039,34.9875339673172,-8.06136421883035,31.2061417455208,-7.87389591564346,30.7647069926303,-12.7663101960939,24.1867977060214
"Conservancy_45","!Khoro !goreb","Baboon","Omnivore","Omnivore",52970,52529,58947,50653,56558,50647,56846,46842,52300,0,-441,5977,-2317,3588,-2323,3876,-6128,-670,0,-0.832143036207536,11.2831526196149,-4.37347062701636,6.77386940477041,-4.38509510947593,7.31826205599779,-11.5682191249817,-1.26464222592624
"Conservancy_45","!Khoro !goreb","Black rhinoceros","Browser","Shrub_Browser",2408,2423,1519,2342,1457,2336,1465,2165,1347,0,15,-889,-66,-951,-72,-943,-243,-1061,0,0.632754891405276,-36.9090773754235,-2.76078341730438,-39.5064867065082,-2.97859505678396,-39.1636614932157,-10.0818155333299,-44.0598249147779
"Conservancy_45","!Khoro !goreb","Black-backed Jackal","Carnivore","Carnivore",,,,,,,,,,,,,,,,,,,,,,,,,,,
"Conservancy_45","!Khoro !goreb","Black-faced Impala","Mixed","Mixed_Open",34988,34204,54907,32914,52695,32980,52953,30439,48728,0,-784,19919,-2074,17707,-2007,17965,-4549,13740,0,-2.24112118008629,56.9322506709203,-5.92834588865867,50.6100290285308,-5.73761461015201,51.3475166576668,-13.0015069380366,39.2703439011991
"Conservancy_45","!Khoro !goreb","Blue wildebeest","Grazer","General_Grazer",5041,4750,13534,4545,12992,4581,13053,4204,12014,0,-291,8494,-495,7951,-460,8013,-837,6973,0,-5.76637153554963,168.498006097134,-9.82645789129982,157.739403412255,-9.12087143260882,158.954999888361,-16.5953286510497,138.331939184819
"Conservancy_45","!Khoro !goreb","Buffalo","Grazer","General_Grazer",2218,2090,5955,2000,5716,2016,5743,1850,5286,0,-128,3737,-218,3499,-202,3526,-368,3068,0,-5.76637153554965,168.498006097134,-9.82645789129983,157.739403412255,-9.12087143260883,158.954999888361,-16.5953286510497,138.331939184819
"Conservancy_45","!Khoro !goreb","Burchell's zebra","Grazer","General_Grazer",3466,3266,9305,3125,8932,3149,8974,2890,8259,0,-200,5839,-341,5466,-316,5509,-575,4794,0,-5.76637153554964,168.498006097134,-9.82645789129983,157.739403412255,-9.12087143260883,158.954999888361,-16.5953286510497,138.331939184819
"Conservancy_45","!Khoro !goreb","Bushpig","Omnivore","Omnivore",21188,21012,23579,20261,22623,20259,22739,18737,20920,0,-176,2391,-927,1435,-929,1551,-2451,-268,0,-0.83214303620755,11.2831526196149,-4.37347062701636,6.77386940477039,-4.38509510947594,7.31826205599778,-11.5682191249818,-1.26464222592625
"Conservancy_45","!Khoro !goreb","Cheetah","Carnivore","Carnivore",,,,,,,,,,,,,,,,,,,,,,,,,,,
"Conservancy_45","!Khoro !goreb","Damara dik dik","Browser","Shrub_Browser",481616,484663,303856,468319,291346,467270,292997,433060,269417,0,3047,-177760,-13296,-190269,-14345,-188618,-48556,-212199,0,0.632754891405279,-36.9090773754235,-2.76078341730439,-39.5064867065082,-2.97859505678396,-39.1636614932157,-10.0818155333299,-44.0598249147779
"Conservancy_45","!Khoro !goreb","Duiker","Browser","Woodland_Browser",115279,116243,70035,112374,67160,112069,67531,103914,62105,0,965,-45243,-2905,-48119,-3210,-47748,-11365,-53174,0,0.83668666934732,-39.2469406697156,-2.51962373394065,-41.7414495323342,-2.78421748280553,-41.4196471412203,-9.85859838455285,-46.126159635449
"Conservancy_45","!Khoro !goreb","Eland","Mixed","Mixed_Open",3499,3420,5491,3291,5270,3298,5295,3044,4873,0,-78,1992,-207,1771,-201,1797,-455,1374,0,-2.24112118008629,56.9322506709203,-5.92834588865866,50.6100290285308,-5.737614610152,51.3475166576667,-13.0015069380366,39.2703439011992
"Conservancy_45","!Khoro !goreb","Elephant","Mixed","Large_Mixed",550,544,627,525,601,525,604,485,556,0,-5,77,-25,52,-25,55,-64,6,0,-0.9743207160032,14.0063156759833,-4.53709156229096,9.38456437194309,-4.52098770916525,9.94525916797806,-11.7194428740964,1.14931155285472
"Conservancy_45","!Khoro !goreb","Gemsbok","Mixed","Arid_Mixed",8507,8312,12582,7994,12072,8015,12134,7393,11163,0,-195,4075,-512,3566,-492,3628,-1114,2657,0,-2.2921703955609,47.9051509697293,-6.02189333573271,41.9172163466592,-5.78333523443343,42.6433473977924,-13.089979309902,31.2313910741288
"Conservancy_45","!Khoro !goreb","Giraffe","Browser","Woodland_Browser",2373,2393,1442,2314,1383,2307,1390,2139,1279,0,20,-931,-60,-991,-66,-983,-234,-1095,0,0.836686669347313,-39.2469406697156,-2.51962373394065,-41.7414495323342,-2.78421748280553,-41.4196471412203,-9.85859838455284,-46.126159635449
"Conservancy_45","!Khoro !goreb","Hartmann's zebra","Grazer","Arid_Grazer",4859,4659,9697,4467,9306,4493,9352,4131,8605,0,-200,4838,-392,4446,-366,4493,-728,3746,0,-4.12487247740755,99.5572459210336,-8.07003414783296,91.5008227384143,-7.54029623574453,92.4644307448259,-14.9795603236166,77.0804548651413
"Conservancy_45","!Khoro !goreb","Hippopotamus","Grazer","Wetland_Grazer",252,231,912,220,875,223,879,204,809,0,-21,660,-32,624,-29,628,-48,558,0,-8.3102519847402,262.25597408291,-12.5932920976099,247.799806541895,-11.5663566031426,249.383199450117,-19.143409412015,221.61098265525
"Conservancy_45","!Khoro !goreb","Impala","Mixed","Mixed_Open",34988,34204,54907,32914,52695,32980,52953,30439,48728,0,-784,19919,-2074,17707,-2007,17965,-4549,13740,0,-2.24112118008629,56.9322506709203,-5.92834588865867,50.6100290285308,-5.73761461015201,51.3475166576668,-13.0015069380366,39.2703439011991
"Conservancy_45","!Khoro !goreb","Klipspringer","Browser","Rocky_Browser",170614,170963,107130,165015,102664,164838,103307,152589,94935,0,350,-63484,-5598,-67949,-5775,-67306,-18025,-75678,0,0.204876870976316,-37.2089971240781,-3.28134419658371,-39.8263216388111,-3.38502941359138,-39.4495124867978,-10.5646242817577,-44.3565866992149
"Conservancy_45","!Khoro !goreb","Kudu","Browser","Woodland_Browser",10618,10707,6451,10350,6186,10322,6220,9571,5720,0,89,-4167,-268,-4432,-296,-4398,-1047,-4898,0,0.836686669347311,-39.2469406697156,-2.51962373394065,-41.7414495323342,-2.78421748280554,-41.4196471412203,-9.85859838455285,-46.126159635449
"Conservancy_45","!Khoro !goreb","Leopard","Carnivore","Carnivore",,,,,,,,,,,,,,,,,,,,,,,,,,,
"Conservancy_45","!Khoro !goreb","Ostrich","Mixed","Mixed_Open",17494,17102,27454,16457,26348,16490,26477,15219,24364,0,-392,9960,-1037,8854,-1004,8983,-2274,6870,0,-2.24112118008629,56.9322506709203,-5.92834588865867,50.6100290285308,-5.73761461015201,51.3475166576668,-13.0015069380366,39.2703439011991
"Conservancy_45","!Khoro !goreb","Red Hartebeest","Grazer","General_Grazer",7393,6967,19850,6667,19055,6719,19145,6166,17620,0,-426,12457,-726,11662,-674,11752,-1227,10227,0,-5.76637153554964,168.498006097134,-9.82645789129984,157.739403412255,-9.12087143260882,158.954999888361,-16.5953286510497,138.331939184819
"Conservancy_45","!Khoro !goreb","Red Lechwe","Grazer","Wetland_Grazer",4404,4038,15955,3850,15319,3895,15388,3561,14165,0,-366,11551,-555,10914,-509,10984,-843,9761,0,-8.31025198474019,262.25597408291,-12.5932920976099,247.799806541895,-11.5663566031426,249.383199450117,-19.143409412015,221.61098265525
"Conservancy_45","!Khoro !goreb","Reedbuck","Grazer","Wetland_Grazer",7830,7179,28365,6844,27233,6924,27357,6331,25183,0,-651,20535,-986,19403,-906,19527,-1499,17352,0,-8.3102519847402,262.25597408291,-12.5932920976099,247.799806541895,-11.5663566031426,249.383199450117,-19.143409412015,221.61098265525
"Conservancy_45","!Khoro !goreb","Roan","Grazer","General_Grazer",4621,4354,12406,4167,11909,4199,11965,3854,11013,0,-266,7786,-454,7289,-421,7345,-767,6392,0,-5.76637153554963,168.498006097134,-9.82645789129983,157.739403412255,-9.12087143260882,158.954999888361,-16.5953286510497,138.331939184819
"Conservancy_45","!Khoro !goreb","Sable","Grazer","General_Grazer",5545,5225,14888,5000,14291,5039,14359,4625,13215,0,-320,9343,-545,8746,-506,8814,-920,7670,0,-5.76637153554962,168.498006097134,-9.82645789129982,157.739403412255,-9.12087143260882,158.954999888361,-16.5953286510497,138.331939184819
"Conservancy_45","!Khoro !goreb","Spotted Hyaena","Carnivore","Carnivore",,,,,,,,,,,,,,,,,,,,,,,,,,,
"Conservancy_45","!Khoro !goreb","Springbok","Grazer","Arid_Grazer",35806,34329,71453,32916,68568,33106,68913,30442,63405,0,-1477,35647,-2890,32762,-2700,33107,-5364,27599,0,-4.12487247740756,99.5572459210336,-8.07003414783296,91.5008227384143,-7.54029623574453,92.4644307448259,-14.9795603236165,77.0804548651413
"Conservancy_45","!Khoro !goreb","Steenbok","Browser","Shrub_Browser",240808,242331,151928,234160,145673,233635,146499,216530,134708,0,1524,-88880,-6648,-95135,-7173,-94309,-24278,-106099,0,0.632754891405279,-36.9090773754235,-2.76078341730439,-39.5064867065082,-2.97859505678396,-39.1636614932157,-10.0818155333299,-44.0598249147779
"Conservancy_45","!Khoro !goreb","Vervet monkey","Omnivore","Omnivore",254255,252140,282943,243136,271478,243106,272862,224843,251040,0,-2116,28688,-11120,17223,-11149,18607,-29413,-3215,0,-0.832143036207538,11.2831526196149,-4.37347062701636,6.7738694047704,-4.38509510947592,7.31826205599779,-11.5682191249817,-1.26464222592623
"Conservancy_45","!Khoro !goreb","Warthog","Grazer","General_Grazer",15842,14929,42536,14286,40832,14397,41025,13213,37757,0,-914,26694,-1557,24990,-1445,25182,-2629,21915,0,-5.76637153554963,168.498006097134,-9.82645789129982,157.739403412255,-9.12087143260881,158.954999888361,-16.5953286510497,138.331939184819
"Conservancy_46","Otjimboyo","Baboon","Omnivore","Omnivore",4472,2575,8158,2068,7485,2504,7936,1908,6906,0,-1897,3686,-2404,3013,-1969,3464,-2564,2434,0,-42.4188037865906,82.4232004579773,-53.7490388607912,67.3622440871563,-44.0169270688093,77.4517018077839,-57.3265225241278,54.4178209182726
"Conservancy_46","Otjimboyo","Black rhinoceros","Browser","Shrub_Browser",103,69,137,61,127,67,134,56,117,0,-34,34,-42,24,-36,30,-47,14,0,-32.9490240007494,32.7788617066983,-40.9341558620843,22.8295478020327,-34.786343351169,29.1654988525219,-45.5017102949665,13.3304069774175
"Conservancy_46","Otjimboyo","Black-backed Jackal","Carnivore","Carnivore",,,,,,,,,,,,,,,,,,,,,,,,,,,
"Conservancy_46","Otjimboyo","Black-faced Impala","Mixed","Mixed_Open",4414,2449,8669,1909,7943,2381,8433,1762,7329,0,-1964,4255,-2505,3529,-2033,4019,-2652,2915,0,-44.5053862231783,96.4116334593439,-56.7440890257809,79.9618309586304,-46.0517413038285,91.0575374985155,-60.0902045585648,66.042661855813
"Conservancy_46","Otjimboyo","Blue wildebeest","Grazer","General_Grazer",1185,654,2432,503,2227,636,2365,464,2055,0,-531,1246,-682,1042,-549,1180,-721,870,0,-44.7863798228811,105.159690565788,-57.5332142887035,87.9319363844536,-46.3278713844822,99.5664827294083,-60.8184287267852,73.3962155248821
"Conservancy_46","Otjimboyo","Buffalo","Grazer","General_Grazer",522,288,1070,221,980,280,1041,204,904,0,-234,548,-300,459,-242,519,-317,383,0,-44.7863798228811,105.159690565788,-57.5332142887035,87.9319363844536,-46.3278713844822,99.5664827294083,-60.8184287267852,73.3962155248821
"Conservancy_46","Otjimboyo","Burchell's zebra","Grazer","General_Grazer",815,450,1672,346,1531,437,1626,319,1413,0,-365,857,-469,717,-378,811,-496,598,0,-44.7863798228811,105.159690565788,-57.5332142887035,87.9319363844536,-46.3278713844822,99.5664827294083,-60.8184287267852,73.3962155248821
"Conservancy_46","Otjimboyo","Bushpig","Omnivore","Omnivore",1789,1030,3263,827,2994,1001,3174,763,2762,0,-759,1474,-961,1205,-787,1386,-1025,973,0,-42.4188037865906,82.4232004579773,-53.7490388607912,67.3622440871563,-44.0169270688093,77.4517018077839,-57.3265225241278,54.4178209182726
"Conservancy_46","Otjimboyo","Cheetah","Carnivore","Carnivore",,,,,,,,,,,,,,,,,,,,,,,,,,,
"Conservancy_46","Otjimboyo","Damara dik dik","Browser","Shrub_Browser",20691,13873,27473,12221,25414,13493,26725,11276,23449,0,-6817,6782,-8470,4724,-7197,6035,-9415,2758,0,-32.9490240007494,32.7788617066983,-40.9341558620843,22.8295478020327,-34.786343351169,29.1654988525219,-45.5017102949665,13.3304069774175
"Conservancy_46","Otjimboyo","Duiker","Browser","Woodland_Browser",3254,1633,4890,1309,4469,1588,4757,1208,4123,0,-1621,1636,-1945,1215,-1666,1503,-2046,869,0,-49.8118396790731,50.2717706029768,-59.7683298681117,37.3244276269993,-51.2014478567498,46.1777875019206,-62.8801203497951,26.7033286502987
"Conservancy_46","Otjimboyo","Eland","Mixed","Mixed_Open",441,245,867,191,794,238,843,176,733,0,-196,426,-250,353,-203,402,-265,291,0,-44.5053862231783,96.4116334593439,-56.7440890257809,79.9618309586304,-46.0517413038285,91.0575374985155,-60.0902045585648,66.042661855813
"Conservancy_46","Otjimboyo","Elephant","Mixed","Large_Mixed",51,31,90,25,83,30,88,23,76,0,-20,39,-26,32,-21,37,-28,26,0,-39.6614641574183,77.4415023340288,-50.5501262444409,63.0533888113243,-41.3321439288406,72.6065649469955,-54.3748424437021,50.4423958322009
"Conservancy_46","Otjimboyo","Gemsbok","Mixed","Arid_Mixed",1261,837,2151,709,1984,814,2093,654,1831,0,-424,890,-552,723,-447,832,-607,570,0,-33.6171999928814,70.5880170837326,-43.7664663841011,57.3247296951803,-35.4481770553006,65.9412945146003,-48.1155106576116,45.1571313186222
"Conservancy_46","Otjimboyo","Giraffe","Browser","Woodland_Browser",67,34,101,27,92,33,98,25,85,0,-33,34,-40,25,-34,31,-42,18,0,-49.8118396790731,50.2717706029768,-59.7683298681117,37.3244276269994,-51.2014478567498,46.1777875019206,-62.8801203497951,26.7033286502987
"Conservancy_46","Otjimboyo","Hartmann's zebra","Grazer","Arid_Grazer",1054,708,1826,600,1685,689,1776,554,1554,0,-346,772,-454,630,-366,722,-501,500,0,-32.830173984434,73.1947207985658,-43.0798222498639,59.7766731203552,-34.6830979548138,68.4768815249007,-47.4819776138467,47.4194325947404
"Conservancy_46","Otjimboyo","Hippopotamus","Grazer","Wetland_Grazer",73,35,163,25,149,34,159,23,138,0,-38,91,-48,77,-39,86,-50,65,0,-51.8714734895776,125.351005918324,-66.1683216132374,105.758122360375,-53.2287978567713,119.204925152163,-68.786237982284,89.843141003611
"Conservancy_46","Otjimboyo","Impala","Mixed","Mixed_Open",4414,2449,8669,1909,7943,2381,8433,1762,7329,0,-1964,4255,-2505,3529,-2033,4019,-2652,2915,0,-44.5053862231783,96.4116334593439,-56.7440890257809,79.9618309586304,-46.0517413038285,91.0575374985155,-60.0902045585648,66.042661855813
"Conservancy_46","Otjimboyo","Klipspringer","Browser","Rocky_Browser",14090,12209,14936,11458,14104,11877,14531,10572,13013,0,-1880,847,-2632,14,-2212,441,-3518,-1077,0,-13.346420819413,6.00925789184237,-18.6782594532206,0.0990030173185742,-15.7022172814377,3.13044860100197,-24.9659845614777,-7.64098547515941
"Conservancy_46","Otjimboyo","Kudu","Browser","Woodland_Browser",300,150,450,121,412,146,438,111,380,0,-149,151,-179,112,-153,138,-188,80,0,-49.8118396790731,50.2717706029768,-59.7683298681117,37.3244276269994,-51.2014478567498,46.1777875019206,-62.8801203497951,26.7033286502987
"Conservancy_46","Otjimboyo","Leopard","Carnivore","Carnivore",,,,,,,,,,,,,,,,,,,,,,,,,,,
"Conservancy_46","Otjimboyo","Ostrich","Mixed","Mixed_Open",2207,1225,4335,955,3972,1191,4216,881,3664,0,-982,2128,-1252,1765,-1016,2010,-1326,1457,0,-44.5053862231783,96.4116334593439,-56.7440890257809,79.9618309586304,-46.0517413038285,91.0575374985155,-60.0902045585648,66.042661855813
"Conservancy_46","Otjimboyo","Red Hartebeest","Grazer","General_Grazer",1738,960,3566,738,3267,933,3469,681,3014,0,-779,1828,-1000,1529,-805,1731,-1057,1276,0,-44.7863798228811,105.159690565788,-57.5332142887035,87.9319363844536,-46.3278713844822,99.5664827294083,-60.8184287267852,73.3962155248821
"Conservancy_46","Otjimboyo","Red Lechwe","Grazer","Wetland_Grazer",1270,611,2861,430,2612,594,2783,396,2410,0,-659,1591,-840,1343,-676,1513,-873,1141,0,-51.8714734895776,125.351005918324,-66.1683216132374,105.758122360375,-53.2287978567713,119.204925152163,-68.786237982284,89.843141003611
"Conservancy_46","Otjimboyo","Reedbuck","Grazer","Wetland_Grazer",2257,1086,5086,764,4644,1056,4947,704,4285,0,-1171,2829,-1493,2387,-1201,2690,-1552,2028,0,-51.8714734895776,125.351005918324,-66.1683216132374,105.758122360375,-53.2287978567713,119.204925152163,-68.786237982284,89.843141003611
"Conservancy_46","Otjimboyo","Roan","Grazer","General_Grazer",1086,600,2229,461,2042,583,2168,426,1884,0,-487,1143,-625,955,-503,1082,-661,797,0,-44.7863798228811,105.159690565788,-57.5332142887035,87.9319363844536,-46.3278713844822,99.5664827294083,-60.8184287267852,73.3962155248821
"Conservancy_46","Otjimboyo","Sable","Grazer","General_Grazer",1304,720,2675,554,2450,700,2602,511,2261,0,-584,1371,-750,1146,-604,1298,-793,957,0,-44.7863798228811,105.159690565788,-57.5332142887035,87.9319363844536,-46.3278713844822,99.5664827294083,-60.8184287267852,73.3962155248821
"Conservancy_46","Otjimboyo","Spotted Hyaena","Carnivore","Carnivore",,,,,,,,,,,,,,,,,,,,,,,,,,,
"Conservancy_46","Otjimboyo","Springbok","Grazer","Arid_Grazer",7768,5218,13455,4422,12412,5074,13088,4080,11452,0,-2550,5686,-3347,4644,-2694,5320,-3689,3684,0,-32.830173984434,73.1947207985658,-43.0798222498639,59.7766731203552,-34.6830979548138,68.4768815249007,-47.4819776138467,47.4194325947403
"Conservancy_46","Otjimboyo","Steenbok","Browser","Shrub_Browser",10345,6937,13736,6111,12707,6747,13363,5638,11724,0,-3409,3391,-4235,2362,-3599,3017,-4707,1379,0,-32.9490240007494,32.7788617066983,-40.9341558620843,22.8295478020327,-34.786343351169,29.1654988525219,-45.5017102949665,13.3304069774175
"Conservancy_46","Otjimboyo","Vervet monkey","Omnivore","Omnivore",21466,12361,39160,9928,35926,12017,38092,9160,33148,0,-9106,17693,-11538,14460,-9449,16626,-12306,11681,0,-42.4188037865906,82.4232004579773,-53.7490388607912,67.3622440871563,-44.0169270688093,77.4517018077839,-57.3265225241278,54.4178209182726
"Conservancy_46","Otjimboyo","Warthog","Grazer","General_Grazer",3725,2057,7642,1582,7000,1999,7434,1460,6459,0,-1668,3917,-2143,3275,-1726,3709,-2265,2734,0,-44.7863798228811,105.159690565788,-57.5332142887035,87.9319363844536,-46.3278713844822,99.5664827294083,-60.8184287267852,73.3962155248821
"Conservancy_47","Tsiseb","Baboon","Omnivore","Omnivore",30059,22577,127182,20384,120507,22108,124643,18727,110742,0,-7482,97123,-9675,90447,-7951,94584,-11332,80683,0,-24.8902652980098,323.105066118622,-32.1877385020159,300.897651010681,-26.4514093621005,314.657531971239,-37.6983862041239,268.41340990488
"Conservancy_47","Tsiseb","Black rhinoceros","Browser","Shrub_Browser",1120,969,2237,906,2122,950,2192,833,1950,0,-150,1117,-214,1002,-170,1072,-287,830,0,-13.4275179343439,99.7624386831615,-19.0734642778781,89.4975899822627,-15.1733483486096,95.7794780459667,-25.631125194952,74.1468949046534
"Conservancy_47","Tsiseb","Black-backed Jackal","Carnivore","Carnivore",,,,,,,,,,,,,,,,,,,,,,,,,,,
"Conservancy_47","Tsiseb","Black-faced Impala","Mixed","Mixed_Open",24976,17461,134065,15435,127017,17091,131388,14178,116725,0,-7515,109089,-9541,102042,-7885,106412,-10798,91749,0,-30.0897182436517,436.77811029756,-38.2010786573395,408.561010007984,-31.5687010777376,426.058751395775,-43.2325509526704,367.351603489724
"Conservancy_47","Tsiseb","Blue wildebeest","Grazer","General_Grazer",6120,4140,37475,3614,35507,4051,36727,3319,32630,0,-1980,31355,-2506,29387,-2069,30607,-2801,26510,0,-32.3559404620832,512.347499825634,-40.9474230816585,480.188906093674,-33.8023538278559,500.118714343073,-45.7619984034187,433.174436558484
"Conservancy_47","Tsiseb","Buffalo","Grazer","General_Grazer",2693,1822,16489,1590,15623,1783,16160,1461,14357,0,-871,13796,-1103,12930,-910,13467,-1232,11664,0,-32.3559404620832,512.347499825634,-40.9474230816585,480.188906093674,-33.8023538278559,500.118714343073,-45.7619984034187,433.174436558484
"Conservancy_47","Tsiseb","Burchell's zebra","Grazer","General_Grazer",4207,2846,25764,2485,24411,2785,25250,2282,22433,0,-1361,21557,-1723,20204,-1422,21042,-1925,18226,0,-32.3559404620832,512.347499825634,-40.9474230816584,480.188906093674,-33.8023538278559,500.118714343073,-45.7619984034187,433.174436558484
"Conservancy_47","Tsiseb","Bushpig","Omnivore","Omnivore",12024,9031,50873,8154,48203,8843,49857,7491,44297,0,-2993,38849,-3870,36179,-3180,37833,-4533,32273,0,-24.8902652980098,323.105066118622,-32.1877385020159,300.897651010681,-26.4514093621005,314.657531971239,-37.6983862041239,268.41340990488
"Conservancy_47","Tsiseb","Cheetah","Carnivore","Carnivore",,,,,,,,,,,,,,,,,,,,,,,,,,,
"Conservancy_47","Tsiseb","Damara dik dik","Browser","Shrub_Browser",223927,193859,447322,181217,424337,189950,438403,166532,389962,0,-30068,223395,-42711,200409,-33977,214476,-57395,166035,0,-13.4275179343439,99.7624386831615,-19.0734642778781,89.4975899822627,-15.1733483486096,95.7794780459667,-25.631125194952,74.1468949046535
"Conservancy_47","Tsiseb","Duiker","Browser","Woodland_Browser",23317,16074,76843,14410,72666,15740,75308,13241,66778,0,-7242,53527,-8906,49349,-7577,51991,-10075,43461,0,-31.0602313136256,229.564379906084,-38.1964008244278,211.648303024174,-32.4950618189568,222.978597969939,-43.2112571741377,186.395211344816
"Conservancy_47","Tsiseb","Eland","Mixed","Mixed_Open",2498,1746,13406,1543,12702,1709,13139,1418,11673,0,-752,10909,-954,10204,-788,10641,-1080,9175,0,-30.0897182436517,436.77811029756,-38.2010786573395,408.561010007984,-31.5687010777376,426.058751395775,-43.2325509526704,367.351603489724
"Conservancy_47","Tsiseb","Elephant","Mixed","Large_Mixed",377,298,1411,272,1338,292,1383,250,1229,0,-79,1034,-105,961,-85,1006,-127,852,0,-20.9855855329903,274.321429321081,-27.8532458406525,254.804017840735,-22.6130581794244,266.850102917079,-33.7120066869406,226.055668595973
"Conservancy_47","Tsiseb","Gemsbok","Mixed","Arid_Mixed",11066,9440,34075,8751,32326,9248,33395,8041,29707,0,-1626,23009,-2315,21260,-1818,22329,-3025,18641,0,-14.689967495886,207.926761398106,-20.9235123131414,192.122346193708,-16.4259078434154,201.784778622635,-27.3397707839471,168.454306214061
"Conservancy_47","Tsiseb","Giraffe","Browser","Woodland_Browser",480,331,1582,297,1496,324,1550,273,1375,0,-149,1102,-183,1016,-156,1070,-207,895,0,-31.0602313136256,229.564379906084,-38.1964008244278,211.648303024174,-32.4950618189568,222.978597969939,-43.2112571741377,186.395211344816
"Conservancy_47","Tsiseb","Hartmann's zebra","Grazer","Arid_Grazer",9247,7943,28906,7368,27425,7782,28329,6770,25203,0,-1303,19659,-1879,18179,-1465,19083,-2477,15957,0,-14.0941505970039,212.607828478444,-20.3200950743015,196.594911115053,-15.8417161698883,206.37288672297,-26.7857602632678,172.564288931352
"Conservancy_47","Tsiseb","Hippopotamus","Grazer","Wetland_Grazer",215,75,2487,48,2355,74,2438,44,2164,0,-139,2273,-167,2140,-141,2223,-171,1950,0,-64.8812922161488,1057.47181653201,-77.7396154737178,995.979959052933,-65.7927302727033,1034.3427755581,-79.610068145748,907.163091486162
"Conservancy_47","Tsiseb","Impala","Mixed","Mixed_Open",24976,17461,134065,15435,127017,17091,131388,14178,116725,0,-7515,109089,-9541,102042,-7885,106412,-10798,91749,0,-30.0897182436517,436.77811029756,-38.2010786573395,408.561010007984,-31.5687010777376,426.058751395775,-43.2325509526704,367.351603489724
"Conservancy_47","Tsiseb","Klipspringer","Browser","Rocky_Browser",217311,208746,259368,198356,246994,204592,254214,182292,226992,0,-8565,42057,-18955,29684,-12719,36904,-35018,9681,0,-3.94115974386191,19.3536012845603,-8.72236974184696,13.6595561328634,-5.85282380091488,16.9819375010636,-16.1143293653292,4.45487313690186
"Conservancy_47","Tsiseb","Kudu","Browser","Woodland_Browser",2148,1481,7078,1327,6693,1450,6936,1220,6151,0,-667,4930,-820,4545,-698,4789,-928,4003,0,-31.0602313136256,229.564379906084,-38.1964008244278,211.648303024174,-32.4950618189568,222.978597969939,-43.2112571741377,186.395211344816
"Conservancy_47","Tsiseb","Leopard","Carnivore","Carnivore",,,,,,,,,,,,,,,,,,,,,,,,,,,
"Conservancy_47","Tsiseb","Ostrich","Mixed","Mixed_Open",12488,8730,67032,7717,63509,8546,65694,7089,58363,0,-3758,54545,-4771,51021,-3942,53206,-5399,45875,0,-30.0897182436517,436.77811029756,-38.2010786573395,408.561010007984,-31.5687010777376,426.058751395775,-43.2325509526704,367.351603489724
"Conservancy_47","Tsiseb","Red Hartebeest","Grazer","General_Grazer",8976,6072,54964,5301,52077,5942,53866,4868,47857,0,-2904,45988,-3675,43102,-3034,44890,-4108,38882,0,-32.3559404620832,512.347499825634,-40.9474230816584,480.188906093674,-33.8023538278559,500.118714343073,-45.7619984034187,433.174436558484
"Conservancy_47","Tsiseb","Red Lechwe","Grazer","Wetland_Grazer",3761,1321,43530,837,41217,1286,42660,767,37877,0,-2440,39769,-2924,37457,-2474,38899,-2994,34116,0,-64.8812922161488,1057.47181653201,-77.7396154737178,995.979959052933,-65.7927302727033,1034.3427755581,-79.610068145748,907.163091486162
"Conservancy_47","Tsiseb","Reedbuck","Grazer","Wetland_Grazer",6686,2348,77387,1488,73275,2287,75840,1363,67337,0,-4338,70701,-5198,66590,-4399,69154,-5323,60651,0,-64.8812922161488,1057.47181653201,-77.7396154737178,995.979959052933,-65.7927302727033,1034.3427755581,-79.610068145748,907.163091486162
"Conservancy_47","Tsiseb","Roan","Grazer","General_Grazer",5610,3795,34352,3313,32548,3714,33666,3043,29911,0,-1815,28743,-2297,26938,-1896,28056,-2567,24301,0,-32.3559404620832,512.347499825634,-40.9474230816584,480.188906093674,-33.8023538278559,500.118714343073,-45.7619984034187,433.174436558484
"Conservancy_47","Tsiseb","Sable","Grazer","General_Grazer",6732,4554,41223,3975,39058,4456,40400,3651,35893,0,-2178,34491,-2757,32326,-2276,33668,-3081,29161,0,-32.3559404620832,512.347499825634,-40.9474230816584,480.188906093674,-33.8023538278559,500.118714343073,-45.7619984034187,433.174436558484
"Conservancy_47","Tsiseb","Spotted Hyaena","Carnivore","Carnivore",,,,,,,,,,,,,,,,,,,,,,,,,,,
"Conservancy_47","Tsiseb","Springbok","Grazer","Arid_Grazer",68134,58531,212991,54289,202081,57340,208743,49884,185708,0,-9603,144857,-13845,133947,-10794,140609,-18250,117574,0,-14.0941505970039,212.607828478444,-20.3200950743015,196.594911115053,-15.8417161698883,206.37288672297,-26.7857602632678,172.564288931352
"Conservancy_47","Tsiseb","Steenbok","Browser","Shrub_Browser",111964,96930,223661,90608,212168,94975,219202,83266,194981,0,-15034,111698,-21355,100205,-16989,107238,-28698,83018,0,-13.4275179343439,99.7624386831615,-19.0734642778781,89.4975899822627,-15.1733483486096,95.7794780459667,-25.631125194952,74.1468949046535
"Conservancy_47","Tsiseb","Vervet monkey","Omnivore","Omnivore",144284,108372,610474,97842,578432,106119,598285,89891,531562,0,-35913,466190,-46442,434148,-38165,454001,-54393,387278,0,-24.8902652980098,323.105066118622,-32.1877385020159,300.897651010681,-26.4514093621005,314.657531971239,-37.6983862041239,268.41340990488
"Conservancy_47","Tsiseb","Warthog","Grazer","General_Grazer",19234,13011,117780,11358,111595,12733,115428,10432,102552,0,-6223,98546,-7876,92360,-6502,96194,-8802,83318,0,-32.3559404620832,512.347499825634,-40.9474230816584,480.188906093674,-33.8023538278559,500.118714343073,-45.7619984034187,433.174436558484
"Conservancy_48","Sorris Sorris","Baboon","Omnivore","Omnivore",37846,34768,70309,32759,67088,33758,68348,30281,61991,0,-3078,32463,-5086,29243,-4088,30502,-7565,24145,0,-8.13203804759632,85.7778608729483,-13.4400257989365,77.2674975933073,-10.8005080759975,80.5951975624503,-19.9885977150743,63.7974811606976
"Conservancy_48","Sorris Sorris","Black rhinoceros","Browser","Shrub_Browser",1203,1155,1317,1102,1257,1121,1280,1019,1162,0,-48,114,-101,54,-82,77,-185,-42,0,-3.9811644693857,9.46217794982855,-8.41486283644069,4.45782627727107,-6.81893914576001,6.3647793831497,-15.3326665614907,-3.46867422241637
"Conservancy_48","Sorris Sorris","Black-backed Jackal","Carnivore","Carnivore",,,,,,,,,,,,,,,,,,,,,,,,,,,
"Conservancy_48","Sorris Sorris","Black-faced Impala","Mixed","Mixed_Open",32456,29169,72504,27305,69181,28331,70488,25238,63922,0,-3287,40048,-5151,36725,-4125,38033,-7218,31466,0,-10.1278322084966,123.390679633765,-15.8695184206893,113.153367691239,-12.7105930845026,117.18199440608,-22.2406444741282,96.9506716270331
"Conservancy_48","Sorris Sorris","Blue wildebeest","Grazer","General_Grazer",7448,6532,19706,6069,18803,6347,19160,5609,17373,0,-916,12258,-1379,11355,-1101,11712,-1839,9925,0,-12.2970120315578,164.583581070402,-18.51650593751,152.456827294652,-14.7793583966942,157.254501380097,-24.6961525137539,133.260374591953
"Conservancy_48","Sorris Sorris","Buffalo","Grazer","General_Grazer",3277,2874,8671,2670,8273,2793,8430,2468,7644,0,-403,5394,-607,4996,-484,5153,-809,4367,0,-12.2970120315578,164.583581070402,-18.51650593751,152.456827294652,-14.7793583966942,157.254501380097,-24.6961525137539,133.260374591953
"Conservancy_48","Sorris Sorris","Burchell's zebra","Grazer","General_Grazer",5120,4491,13548,4172,12927,4364,13173,3856,11944,0,-630,8427,-948,7806,-757,8052,-1265,6824,0,-12.2970120315578,164.583581070402,-18.51650593751,152.456827294652,-14.7793583966942,157.254501380097,-24.6961525137539,133.260374591953
"Conservancy_48","Sorris Sorris","Bushpig","Omnivore","Omnivore",15138,13907,28124,13104,26835,13503,27339,12112,24796,0,-1231,12985,-2035,11697,-1635,12201,-3026,9658,0,-8.13203804759631,85.7778608729483,-13.4400257989365,77.2674975933072,-10.8005080759975,80.5951975624503,-19.9885977150744,63.7974811606976
"Conservancy_48","Sorris Sorris","Cheetah","Carnivore","Carnivore",,,,,,,,,,,,,,,,,,,,,,,,,,,
"Conservancy_48","Sorris Sorris","Damara dik dik","Browser","Shrub_Browser",240676,231095,263450,220424,251405,224265,255995,203774,232328,0,-9582,22773,-20253,10729,-16412,15319,-36902,-8348,0,-3.9811644693857,9.46217794982853,-8.41486283644068,4.45782627727106,-6.81893914576002,6.3647793831497,-15.3326665614906,-3.46867422241637
"Conservancy_48","Sorris Sorris","Duiker","Browser","Woodland_Browser",50438,48289,55236,46063,52705,46841,53663,42589,48708,0,-2149,4798,-4375,2267,-3597,3225,-7849,-1730,0,-4.26146336971884,9.51191191248021,-8.67341212097518,4.49410804360947,-7.1323995740209,6.39391539996048,-15.5609771094517,-3.43029376246186
"Conservancy_48","Sorris Sorris","Eland","Mixed","Mixed_Open",3246,2917,7250,2731,6918,2833,7049,2524,6392,0,-329,4005,-515,3672,-413,3803,-722,3147,0,-10.1278322084966,123.390679633765,-15.8695184206893,113.153367691239,-12.7105930845026,117.18199440608,-22.2406444741282,96.9506716270331
"Conservancy_48","Sorris Sorris","Elephant","Mixed","Large_Mixed",412,379,761,357,726,368,740,330,671,0,-33,349,-55,314,-44,328,-82,259,0,-8.01676818531478,84.7777532364796,-13.3186827708906,76.3161827035384,-10.6786671508968,79.6273361572221,-19.8790203389685,62.917353740524
"Conservancy_48","Sorris Sorris","Gemsbok","Mixed","Arid_Mixed",8589,7857,16985,7387,16208,7633,16513,6827,14975,0,-732,8395,-1202,7618,-956,7924,-1762,6386,0,-8.52772777657433,97.7404610525856,-13.9957559165794,88.6928085141583,-11.1314950204796,92.2521648450267,-20.5157781430044,74.3475368394647
"Conservancy_48","Sorris Sorris","Giraffe","Browser","Woodland_Browser",1038,994,1137,948,1085,964,1105,877,1003,0,-44,99,-90,47,-74,66,-162,-36,0,-4.26146336971883,9.51191191248021,-8.67341212097518,4.49410804360948,-7.1323995740209,6.39391539996049,-15.5609771094517,-3.43029376246186
"Conservancy_48","Sorris Sorris","Hartmann's zebra","Grazer","Arid_Grazer",6507,5893,14045,5523,13402,5727,13656,5104,12383,0,-614,7537,-984,6895,-780,7149,-1403,5876,0,-9.43970661726367,115.831861703708,-15.1220534640925,105.957001925297,-11.9908383129623,109.856037309918,-21.563231931295,90.2955656503534
"Conservancy_48","Sorris Sorris","Hippopotamus","Grazer","Wetland_Grazer",449,384,1350,354,1288,373,1312,327,1190,0,-65,901,-94,839,-75,864,-121,741,0,-14.3834443919559,200.8858501117,-21.0072274188482,187.084723250368,-16.8065932865668,192.553368720822,-26.9972913081323,165.254701885814
"Conservancy_48","Sorris Sorris","Impala","Mixed","Mixed_Open",32456,29169,72504,27305,69181,28331,70488,25238,63922,0,-3287,40048,-5151,36725,-4125,38033,-7218,31466,0,-10.1278322084966,123.390679633765,-15.8695184206893,113.153367691239,-12.7105930845026,117.18199440608,-22.2406444741282,96.9506716270331
"Conservancy_48","Sorris Sorris","Klipspringer","Browser","Rocky_Browser",112911,109690,108567,104810,103633,106536,105526,96870,95762,0,-3221,-4344,-8102,-9278,-6375,-7385,-16041,-17149,0,-2.85306514282342,-3.84705206614159,-7.17521511848986,-8.21685919366489,-5.64622912220343,-6.54072973601379,-14.2070885401909,-15.1884667474317
"Conservancy_48","Sorris Sorris","Kudu","Browser","Woodland_Browser",4646,4448,5087,4243,4854,4314,4943,3923,4486,0,-198,442,-403,209,-331,297,-723,-159,0,-4.26146336971884,9.51191191248022,-8.67341212097518,4.49410804360948,-7.13239957402089,6.3939153999605,-15.5609771094517,-3.43029376246185
"Conservancy_48","Sorris Sorris","Leopard","Carnivore","Carnivore",,,,,,,,,,,,,,,,,,,,,,,,,,,
"Conservancy_48","Sorris Sorris","Ostrich","Mixed","Mixed_Open",16228,14584,36252,13653,34590,14165,35244,12619,31961,0,-1644,20024,-2575,18362,-2063,19016,-3609,15733,0,-10.1278322084966,123.390679633765,-15.8695184206893,113.153367691239,-12.7105930845026,117.18199440608,-22.2406444741282,96.9506716270331
"Conservancy_48","Sorris Sorris","Red Hartebeest","Grazer","General_Grazer",10924,9580,28902,8901,27577,9309,28102,8226,25480,0,-1343,17978,-2023,16654,-1614,17178,-2698,14557,0,-12.2970120315578,164.583581070402,-18.51650593751,152.456827294652,-14.7793583966942,157.254501380097,-24.6961525137539,133.260374591953
"Conservancy_48","Sorris Sorris","Red Lechwe","Grazer","Wetland_Grazer",7850,6721,23618,6201,22535,6530,22964,5730,20821,0,-1129,15769,-1649,14685,-1319,15115,-2119,12972,0,-14.3834443919558,200.8858501117,-21.0072274188482,187.084723250368,-16.8065932865668,192.553368720822,-26.9972913081323,165.254701885814
"Conservancy_48","Sorris Sorris","Reedbuck","Grazer","Wetland_Grazer",13955,11948,41988,11023,40062,11610,40825,10187,37016,0,-2007,28033,-2932,26107,-2345,26871,-3767,23061,0,-14.3834443919558,200.8858501117,-21.0072274188482,187.084723250368,-16.8065932865668,192.553368720822,-26.9972913081323,165.254701885814
"Conservancy_48","Sorris Sorris","Roan","Grazer","General_Grazer",6827,5988,18064,5563,17236,5818,17563,5141,15925,0,-840,11237,-1264,10409,-1009,10736,-1686,9098,0,-12.2970120315578,164.583581070402,-18.51650593751,152.456827294652,-14.7793583966942,157.254501380097,-24.6961525137539,133.260374591953
"Conservancy_48","Sorris Sorris","Sable","Grazer","General_Grazer",8193,7185,21677,6676,20683,6982,21076,6169,19110,0,-1007,13484,-1517,12490,-1211,12883,-2023,10918,0,-12.2970120315578,164.583581070402,-18.51650593751,152.456827294652,-14.7793583966942,157.254501380097,-24.6961525137539,133.260374591953
"Conservancy_48","Sorris Sorris","Spotted Hyaena","Carnivore","Carnivore",,,,,,,,,,,,,,,,,,,,,,,,,,,
"Conservancy_48","Sorris Sorris","Springbok","Grazer","Arid_Grazer",47948,43422,103487,40697,98752,42199,100622,37609,91243,0,-4526,55539,-7251,50804,-5749,52674,-10339,43295,0,-9.43970661726367,115.831861703708,-15.1220534640925,105.957001925297,-11.9908383129622,109.856037309918,-21.563231931295,90.2955656503535
"Conservancy_48","Sorris Sorris","Steenbok","Browser","Shrub_Browser",120338,115547,131725,110212,125703,112132,127997,101887,116164,0,-4791,11387,-10126,5364,-8206,7659,-18451,-4174,0,-3.9811644693857,9.46217794982853,-8.41486283644068,4.45782627727106,-6.81893914576002,6.3647793831497,-15.3326665614906,-3.46867422241637
"Conservancy_48","Sorris Sorris","Vervet monkey","Omnivore","Omnivore",181660,166887,337484,157245,322024,162040,328069,145349,297555,0,-14773,155824,-24415,140364,-19620,146409,-36311,115895,0,-8.1320380475963,85.7778608729483,-13.4400257989364,77.2674975933073,-10.8005080759975,80.5951975624503,-19.9885977150743,63.7974811606976
"Conservancy_48","Sorris Sorris","Warthog","Grazer","General_Grazer",23408,20529,61933,19073,59095,19948,60218,17627,54601,0,-2878,38525,-4334,35687,-3460,36810,-5781,31193,0,-12.2970120315578,164.583581070402,-18.51650593751,152.456827294652,-14.7793583966942,157.254501380097,-24.6961525137539,133.260374591953
"Conservancy_49","Okangundumba","Baboon","Omnivore","Omnivore",62362,60994,61072,58106,58106,58679,58754,54814,54814,0,-1367,-1290,-4255,-4255,-3682,-3607,-7548,-7548,0,-2.19257221945693,-2.0681333276687,-6.82365025944262,-6.82365025944262,-5.90461575673576,-5.78476848867955,-12.1031767117564,-12.1031767117564
"Conservancy_49","Okangundumba","Black rhinoceros","Browser","Shrub_Browser",2969,2924,1669,2789,1590,2813,1606,2631,1500,0,-45,-1300,-180,-1379,-156,-1363,-338,-1469,0,-1.52063076243957,-43.7781066155176,-6.04959172593017,-46.4446916377723,-5.25817502066417,-45.9125991379922,-11.3729776180556,-49.4792559892641
"Conservancy_49","Okangundumba","Black-backed Jackal","Carnivore","Carnivore",,,,,,,,,,,,,,,,,,,,,,,,,,,
"Conservancy_49","Okangundumba","Black-faced Impala","Mixed","Mixed_Open",39240,38119,55530,36258,52807,36672,53423,34204,49815,0,-1121,16290,-2982,13568,-2568,14183,-5036,10575,0,-2.85745953149829,41.514605253672,-7.59824042495559,34.5758757883391,-6.54426851108243,36.14478974988,-12.8338773143072,26.9506167453887
"Conservancy_49","Okangundumba","Blue wildebeest","Grazer","General_Grazer",4928,4687,13328,4437,12668,4509,12823,4186,11950,0,-241,8400,-491,7740,-419,7894,-743,7022,0,-4.90003651883698,170.442969218491,-9.96644898617282,157.04386685736,-8.50931805658615,160.182647133199,-15.0678992522197,142.479466648252
"Conservancy_49","Okangundumba","Buffalo","Grazer","General_Grazer",2168,2062,5865,1952,5574,1984,5642,1842,5258,0,-106,3696,-216,3405,-185,3474,-327,3090,0,-4.90003651883697,170.442969218491,-9.96644898617283,157.04386685736,-8.50931805658614,160.182647133199,-15.0678992522197,142.479466648252
"Conservancy_49","Okangundumba","Burchell's zebra","Grazer","General_Grazer",3388,3222,9163,3051,8709,3100,8816,2878,8216,0,-166,5775,-338,5321,-288,5427,-511,4828,0,-4.90003651883698,170.442969218491,-9.96644898617283,157.04386685736,-8.50931805658614,160.182647133199,-15.0678992522197,142.479466648252
"Conservancy_49","Okangundumba","Bushpig","Omnivore","Omnivore",24945,24398,24429,23243,23243,23472,23502,21926,21926,0,-547,-516,-1702,-1702,-1473,-1443,-3019,-3019,0,-2.19257221945693,-2.0681333276687,-6.82365025944262,-6.82365025944262,-5.90461575673576,-5.78476848867956,-12.1031767117564,-12.1031767117564
"Conservancy_49","Okangundumba","Cheetah","Carnivore","Carnivore",,,,,,,,,,,,,,,,,,,,,,,,,,,
"Conservancy_49","Okangundumba","Damara dik dik","Browser","Shrub_Browser",593739,584711,333811,557820,317979,562519,321138,526213,299961,0,-9029,-259928,-35919,-275760,-31220,-272601,-67526,-293778,0,-1.52063076243957,-43.7781066155176,-6.04959172593017,-46.4446916377723,-5.25817502066417,-45.9125991379922,-11.3729776180556,-49.4792559892641
"Conservancy_49","Okangundumba","Duiker","Browser","Woodland_Browser",144143,141982,78179,135471,74482,136593,75211,127795,70262,0,-2161,-65963,-8672,-69660,-7549,-68932,-16348,-73881,0,-1.49890062653368,-45.762618457074,-6.01622231228178,-48.32729086033,-5.23727706565977,-47.821837698607,-11.3414989707073,-51.2551855265993
"Conservancy_49","Okangundumba","Eland","Mixed","Mixed_Open",3924,3812,5553,3626,5281,3667,5342,3420,4982,0,-112,1629,-298,1357,-257,1418,-504,1058,0,-2.85745953149828,41.514605253672,-7.59824042495559,34.5758757883391,-6.54426851108244,36.14478974988,-12.8338773143072,26.9506167453887
"Conservancy_49","Okangundumba","Elephant","Mixed","Large_Mixed",642,627,646,598,615,604,622,564,580,0,-14,4,-44,-27,-38,-20,-78,-62,0,-2.24294493072263,0.680010100038534,-6.88344235141741,-4.21433729286459,-5.95307325282331,-3.14086592048825,-12.1595808846712,-9.641709643229
"Conservancy_49","Okangundumba","Gemsbok","Mixed","Arid_Mixed",9341,9076,12621,8633,12002,8731,12142,8144,11322,0,-265,3280,-708,2661,-610,2801,-1197,1981,0,-2.84141751263087,35.1146889663456,-7.57963679587931,28.4895491587226,-6.52881499517573,29.9876458707513,-12.8163277976971,21.2091466684772
"Conservancy_49","Okangundumba","Giraffe","Browser","Woodland_Browser",2968,2923,1610,2789,1533,2812,1548,2631,1447,0,-44,-1358,-179,-1434,-155,-1419,-337,-1521,0,-1.49890062653368,-45.762618457074,-6.01622231228177,-48.32729086033,-5.23727706565977,-47.821837698607,-11.3414989707073,-51.2551855265993
"Conservancy_49","Okangundumba","Hartmann's zebra","Grazer","Arid_Grazer",4913,4723,9536,4482,9065,4544,9174,4229,8552,0,-190,4624,-430,4153,-369,4262,-684,3639,0,-3.85844736820609,94.1171615421568,-8.75468685364972,84.5303193618176,-7.50722801076559,86.7520469158899,-13.924797571092,74.0745989513661
"Conservancy_49","Okangundumba","Hippopotamus","Grazer","Wetland_Grazer",227,211,895,199,850,203,861,188,802,0,-15,668,-27,624,-23,634,-39,575,0,-6.73678945301319,294.763641623397,-12.096708111486,275.145823983103,-10.2763866567693,279.787575032694,-17.0774543637602,253.889665706126
"Conservancy_49","Okangundumba","Impala","Mixed","Mixed_Open",39240,38119,55530,36258,52807,36672,53423,34204,49815,0,-1121,16290,-2982,13568,-2568,14183,-5036,10575,0,-2.85745953149829,41.514605253672,-7.59824042495559,34.5758757883391,-6.54426851108243,36.14478974988,-12.8338773143072,26.9506167453887
"Conservancy_49","Okangundumba","Klipspringer","Browser","Rocky_Browser",202719,199378,113817,190166,108402,191811,109496,179391,102260,0,-3341,-88902,-12553,-94317,-10908,-93223,-23328,-100459,0,-1.64822453748947,-43.8546532818503,-6.19218498603897,-46.5259752229721,-5.38090146565544,-45.9862285335103,-11.5074913076429,-49.5559338635166
"Conservancy_49","Okangundumba","Kudu","Browser","Woodland_Browser",13276,13077,7201,12478,6860,12581,6927,11771,6472,0,-199,-6076,-799,-6416,-695,-6349,-1506,-6805,0,-1.49890062653368,-45.762618457074,-6.01622231228178,-48.32729086033,-5.23727706565977,-47.821837698607,-11.3414989707073,-51.2551855265993
"Conservancy_49","Okangundumba","Leopard","Carnivore","Carnivore",,,,,,,,,,,,,,,,,,,,,,,,,,,
"Conservancy_49","Okangundumba","Ostrich","Mixed","Mixed_Open",19620,19059,27765,18129,26404,18336,26712,17102,24908,0,-561,8145,-1491,6784,-1284,7092,-2518,5288,0,-2.85745953149829,41.514605253672,-7.59824042495559,34.5758757883391,-6.54426851108243,36.14478974988,-12.8338773143072,26.9506167453887
"Conservancy_49","Okangundumba","Red Hartebeest","Grazer","General_Grazer",7228,6874,19548,6508,18580,6613,18807,6139,17527,0,-354,12320,-720,11352,-615,11578,-1089,10299,0,-4.90003651883696,170.442969218491,-9.96644898617282,157.04386685736,-8.50931805658614,160.182647133199,-15.0678992522197,142.479466648252
"Conservancy_49","Okangundumba","Red Lechwe","Grazer","Wetland_Grazer",3966,3699,15657,3486,14879,3559,15063,3289,14036,0,-267,11691,-480,10913,-408,11097,-677,10070,0,-6.7367894530132,294.763641623397,-12.096708111486,275.145823983103,-10.2763866567693,279.787575032694,-17.0774543637602,253.889665706126
"Conservancy_49","Okangundumba","Reedbuck","Grazer","Wetland_Grazer",7051,6576,27835,6198,26451,6326,26779,5847,24953,0,-475,20784,-853,19400,-725,19728,-1204,17902,0,-6.73678945301321,294.763641623397,-12.096708111486,275.145823983103,-10.2763866567693,279.787575032694,-17.0774543637602,253.889665706126
"Conservancy_49","Okangundumba","Roan","Grazer","General_Grazer",4518,4296,12218,4067,11612,4133,11754,3837,10954,0,-221,7700,-450,7095,-384,7237,-681,6437,0,-4.90003651883697,170.442969218491,-9.96644898617282,157.04386685736,-8.50931805658615,160.182647133199,-15.0678992522197,142.479466648252
"Conservancy_49","Okangundumba","Sable","Grazer","General_Grazer",5421,5156,14661,4881,13935,4960,14105,4604,13145,0,-266,9240,-540,8514,-461,8684,-817,7724,0,-4.90003651883696,170.442969218491,-9.96644898617282,157.04386685736,-8.50931805658614,160.182647133199,-15.0678992522197,142.479466648252
"Conservancy_49","Okangundumba","Spotted Hyaena","Carnivore","Carnivore",,,,,,,,,,,,,,,,,,,,,,,,,,,
"Conservancy_49","Okangundumba","Springbok","Grazer","Arid_Grazer",36198,34801,70266,33029,66796,33480,67600,31157,63011,0,-1397,34068,-3169,30598,-2717,31402,-5040,26813,0,-3.85844736820611,94.1171615421568,-8.75468685364974,84.5303193618176,-7.5072280107656,86.7520469158898,-13.9247975710921,74.0745989513661
"Conservancy_49","Okangundumba","Steenbok","Browser","Shrub_Browser",296870,292355,166906,278910,158989,281260,160569,263107,149981,0,-4514,-129964,-17959,-137880,-15610,-136301,-33763,-146889,0,-1.52063076243957,-43.7781066155176,-6.04959172593017,-46.4446916377723,-5.25817502066417,-45.9125991379922,-11.3729776180556,-49.4792559892641
"Conservancy_49","Okangundumba","Vervet monkey","Omnivore","Omnivore",299336,292773,293145,278910,278910,281661,282020,263107,263107,0,-6563,-6191,-20426,-20426,-17675,-17316,-36229,-36229,0,-2.19257221945693,-2.0681333276687,-6.82365025944263,-6.82365025944263,-5.90461575673575,-5.78476848867955,-12.1031767117564,-12.1031767117564
"Conservancy_49","Okangundumba","Warthog","Grazer","General_Grazer",15489,14730,41890,13946,39814,14171,40300,13155,37558,0,-759,26400,-1544,24325,-1318,24811,-2334,22069,0,-4.90003651883697,170.442969218491,-9.96644898617282,157.04386685736,-8.50931805658614,160.182647133199,-15.0678992522197,142.479466648252
"Conservancy_50","Sanitatas","Baboon","Omnivore","Omnivore",19214,18891,43918,17915,41578,18388,42814,17203,39841,0,-322,24704,-1298,22365,-825,23601,-2010,20628,0,-1.67641806730509,128.578494027674,-6.7575139268254,116.400311073667,-4.2942722752703,122.833975621224,-10.461999035909,107.361150741699
"Conservancy_50","Sanitatas","Black rhinoceros","Browser","Shrub_Browser",845,868,861,832,823,845,839,799,789,0,24,17,-12,-22,1,-5,-45,-56,0,2.81528974939412,1.9570813898169,-1.44652927296065,-2.58273612830102,0.0772142327510718,-0.645117576268249,-5.36013569306753,-6.59973268419208
"Conservancy_50","Sanitatas","Black-backed Jackal","Carnivore","Carnivore",,,,,,,,,,,,,,,,,,,,,,,,,,,
"Conservancy_50","Sanitatas","Black-faced Impala","Mixed","Mixed_Open",13325,12590,44777,11816,42287,12256,43656,11346,40514,0,-735,31452,-1509,28962,-1069,30331,-1979,27190,0,-5.5143093164829,236.037979236845,-11.3215897105921,217.353542439522,-8.02408519440267,227.629093434168,-14.8534126699918,204.049979094581
"Conservancy_50","Sanitatas","Blue wildebeest","Grazer","General_Grazer",2241,1954,12062,1791,11368,1902,11761,1719,10889,0,-287,9821,-449,9127,-338,9521,-522,8649,0,-12.804139236724,438.318441950384,-20.0563437726367,407.326590304095,-15.0951996116788,424.900283016109,-23.2752949823481,385.990072640448
"Conservancy_50","Sanitatas","Buffalo","Grazer","General_Grazer",986,860,5307,788,5002,837,5175,756,4791,0,-126,4321,-198,4016,-149,4189,-229,3805,0,-12.804139236724,438.318441950384,-20.0563437726367,407.326590304095,-15.0951996116788,424.900283016109,-23.2752949823481,385.990072640448
"Conservancy_50","Sanitatas","Burchell's zebra","Grazer","General_Grazer",1540,1343,8293,1232,7815,1308,8086,1182,7487,0,-197,6752,-309,6275,-233,6545,-359,5946,0,-12.804139236724,438.318441950384,-20.0563437726367,407.326590304095,-15.0951996116788,424.900283016109,-23.2752949823481,385.990072640448
"Conservancy_50","Sanitatas","Bushpig","Omnivore","Omnivore",7685,7557,17567,7166,16631,7355,17126,6881,15937,0,-129,9882,-519,8946,-330,9440,-804,8251,0,-1.67641806730509,128.578494027674,-6.7575139268254,116.400311073667,-4.2942722752703,122.833975621224,-10.461999035909,107.361150741699
"Conservancy_50","Sanitatas","Cheetah","Carnivore","Carnivore",,,,,,,,,,,,,,,,,,,,,,,,,,,
"Conservancy_50","Sanitatas","Damara dik dik","Browser","Shrub_Browser",168934,173690,172241,166491,164571,169065,167845,159879,157785,0,4756,3306,-2444,-4363,130,-1090,-9055,-11149,0,2.81528974939413,1.95708138981689,-1.44652927296064,-2.58273612830101,0.0772142327510879,-0.645117576268241,-5.36013569306753,-6.59973268419209
"Conservancy_50","Sanitatas","Duiker","Browser","Woodland_Browser",36305,37417,36147,35946,34606,36409,35218,34535,33187,0,1112,-158,-359,-1700,103,-1087,-1770,-3118,0,3.06327910738629,-0.435567987337172,-0.988697723814008,-4.68117248797548,0.28486355628796,-2.99359793291848,-4.87597724220584,-8.58907825144091
"Conservancy_50","Sanitatas","Eland","Mixed","Mixed_Open",1332,1259,4478,1182,4229,1226,4366,1135,4051,0,-73,3145,-151,2896,-107,3033,-198,2719,0,-5.51430931648291,236.037979236845,-11.3215897105921,217.353542439522,-8.02408519440268,227.629093434168,-14.8534126699918,204.049979094581
"Conservancy_50","Sanitatas","Elephant","Mixed","Large_Mixed",208,205,475,194,450,199,464,186,431,0,-4,267,-14,242,-9,255,-22,223,0,-1.72783865586309,128.357601720316,-6.87811335012186,116.138295916215,-4.33207301668211,122.624090119775,-10.593962929308,107.102741252296
"Conservancy_50","Sanitatas","Gemsbok","Mixed","Arid_Mixed",3925,3791,10559,3568,9975,3693,10295,3424,9557,0,-133,6635,-356,6051,-232,6371,-501,5632,0,-3.39502746886659,169.050644870937,-9.07510773471083,154.171040157463,-5.90842594425009,162.328122297175,-12.7652689720543,143.502024581037
"Conservancy_50","Sanitatas","Giraffe","Browser","Woodland_Browser",747,770,744,740,712,750,725,711,683,0,23,-3,-7,-35,2,-22,-36,-64,0,3.0632791073863,-0.435567987337171,-0.988697723813998,-4.68117248797546,0.284863556287977,-2.99359793291847,-4.87597724220584,-8.58907825144091
"Conservancy_50","Sanitatas","Hartmann's zebra","Grazer","Arid_Grazer",2631,2481,8684,2317,8192,2417,8468,2221,7848,0,-150,6053,-314,5562,-214,5837,-409,5217,0,-5.6996727359789,230.09600813861,-11.9405420021187,211.406016605436,-8.12263559105841,221.871518354244,-15.5557142527946,198.303662359733
"Conservancy_50","Sanitatas","Hippopotamus","Grazer","Wetland_Grazer",99,76,822,67,774,74,801,64,741,0,-23,723,-31,675,-25,703,-34,643,0,-23.0230691994442,733.871455932724,-31.8713713903811,685.294378259177,-25.09545047153,713.093917462242,-34.5529412166207,652.25848003279
"Conservancy_50","Sanitatas","Impala","Mixed","Mixed_Open",13325,12590,44777,11816,42287,12256,43656,11346,40514,0,-735,31452,-1509,28962,-1069,30331,-1979,27190,0,-5.5143093164829,236.037979236845,-11.3215897105921,217.353542439522,-8.02408519440267,227.629093434168,-14.8534126699918,204.049979094581
"Conservancy_50","Sanitatas","Klipspringer","Browser","Rocky_Browser",78678,80915,71863,77288,68543,78816,70049,74144,65690,0,2237,-6815,-1390,-10135,139,-8629,-4534,-12988,0,2.84272686394123,-8.66178054269719,-1.76654192863371,-12.8819325325782,0.176079334582173,-10.9678911311251,-5.76251676896092,-16.5081412252967
"Conservancy_50","Sanitatas","Kudu","Browser","Woodland_Browser",3344,3446,3329,3311,3187,3353,3244,3181,3057,0,102,-15,-33,-157,10,-100,-163,-287,0,3.0632791073863,-0.435567987337165,-0.988697723813994,-4.68117248797547,0.284863556287981,-2.99359793291847,-4.87597724220583,-8.5890782514409
"Conservancy_50","Sanitatas","Leopard","Carnivore","Carnivore",,,,,,,,,,,,,,,,,,,,,,,,,,,
"Conservancy_50","Sanitatas","Ostrich","Mixed","Mixed_Open",6662,6295,22388,5908,21144,6128,21828,5673,20257,0,-367,15726,-754,14481,-535,15166,-990,13595,0,-5.5143093164829,236.037979236845,-11.3215897105921,217.353542439522,-8.02408519440267,227.629093434168,-14.8534126699918,204.049979094581
"Conservancy_50","Sanitatas","Red Hartebeest","Grazer","General_Grazer",3286,2866,17691,2627,16672,2790,17250,2521,15971,0,-421,14405,-659,13386,-496,13964,-765,12685,0,-12.804139236724,438.318441950384,-20.0563437726367,407.326590304095,-15.0951996116788,424.900283016109,-23.2752949823481,385.990072640448
"Conservancy_50","Sanitatas","Red Lechwe","Grazer","Wetland_Grazer",1724,1327,14377,1175,13539,1291,14019,1128,12970,0,-397,12653,-550,11815,-433,12295,-596,11246,0,-23.0230691994442,733.871455932724,-31.8713713903811,685.294378259177,-25.09545047153,713.093917462242,-34.5529412166207,652.25848003279
"Conservancy_50","Sanitatas","Reedbuck","Grazer","Wetland_Grazer",3065,2359,25559,2088,24070,2296,24922,2006,23058,0,-706,22494,-977,21005,-769,21857,-1059,19992,0,-23.0230691994442,733.871455932724,-31.8713713903811,685.294378259177,-25.09545047153,713.093917462242,-34.5529412166207,652.25848003279
"Conservancy_50","Sanitatas","Roan","Grazer","General_Grazer",2054,1791,11057,1642,10420,1744,10781,1576,9982,0,-263,9003,-412,8366,-310,8727,-478,7928,0,-12.804139236724,438.318441950384,-20.0563437726367,407.326590304095,-15.0951996116788,424.900283016109,-23.2752949823481,385.990072640448
"Conservancy_50","Sanitatas","Sable","Grazer","General_Grazer",2465,2149,13268,1970,12504,2093,12937,1891,11978,0,-316,10803,-494,10040,-372,10473,-574,9514,0,-12.804139236724,438.318441950384,-20.0563437726367,407.326590304095,-15.0951996116788,424.900283016109,-23.2752949823481,385.990072640448
"Conservancy_50","Sanitatas","Spotted Hyaena","Carnivore","Carnivore",,,,,,,,,,,,,,,,,,,,,,,,,,,
"Conservancy_50","Sanitatas","Springbok","Grazer","Arid_Grazer",19384,18279,63987,17070,60364,17810,62392,16369,57824,0,-1105,44602,-2315,40980,-1575,43008,-3015,38440,0,-5.69967273597889,230.09600813861,-11.9405420021187,211.406016605436,-8.12263559105841,221.871518354244,-15.5557142527946,198.303662359733
"Conservancy_50","Sanitatas","Steenbok","Browser","Shrub_Browser",84467,86845,86120,83245,82286,84532,83922,79940,78893,0,2378,1653,-1222,-2182,65,-545,-4528,-5575,0,2.81528974939413,1.95708138981689,-1.44652927296064,-2.58273612830101,0.0772142327510879,-0.645117576268241,-5.36013569306753,-6.59973268419209
"Conservancy_50","Sanitatas","Vervet monkey","Omnivore","Omnivore",92225,90679,210807,85993,199575,88265,205509,82576,191239,0,-1546,118582,-6232,107350,-3960,113284,-9649,99014,0,-1.67641806730508,128.578494027674,-6.7575139268254,116.400311073667,-4.2942722752703,122.833975621224,-10.461999035909,107.361150741699
"Conservancy_50","Sanitatas","Warthog","Grazer","General_Grazer",7042,6140,37909,5630,35727,5979,36964,5403,34224,0,-902,30867,-1412,28684,-1063,29922,-1639,27182,0,-12.804139236724,438.318441950384,-20.0563437726368,407.326590304095,-15.0951996116788,424.900283016109,-23.2752949823481,385.990072640448
"Conservancy_51","Epupa","Baboon","Omnivore","Omnivore",152647,153388,156500,146907,149632,148887,151903,141945,144585,0,741,3853,-5740,-3015,-3760,-744,-10702,-8062,0,0.485420328242277,2.52407988515156,-3.76043390357668,-1.97507249562494,-2.46334754201788,-0.48739215776825,-7.01075952730707,-5.28137267971695
"Conservancy_51","Epupa","Black rhinoceros","Browser","Shrub_Browser",7317,7363,4284,7052,4100,7146,4158,6813,3962,0,45,-3033,-266,-3217,-171,-3159,-504,-3355,0,0.618330687007416,-41.4549853702124,-3.63190834679479,-43.9619360970764,-2.33433348260253,-43.174483840556,-6.88657469988895,-45.8533110825414
"Conservancy_51","Epupa","Black-backed Jackal","Carnivore","Carnivore",,,,,,,,,,,,,,,,,,,,,,,,,,,
"Conservancy_51","Epupa","Black-faced Impala","Mixed","Mixed_Open",95392,95745,142220,91698,135917,92935,138042,88601,131334,0,352,46827,-3694,40525,-2457,42650,-6791,35942,0,0.369519402160737,49.0891950265797,-3.8724258664687,42.4822031792705,-2.57589110947447,44.7097597459673,-7.11889559170101,37.6777694999623
"Conservancy_51","Epupa","Blue wildebeest","Grazer","General_Grazer",11749,11742,34123,11244,32595,11397,33121,10865,31496,0,-7,22375,-505,20846,-351,21372,-884,19747,0,-0.0570982229799536,190.44152562485,-4.2942941543741,177.429517070966,-2.99029148413306,181.90942135355,-7.52604658465226,168.077739527323
"Conservancy_51","Epupa","Buffalo","Grazer","General_Grazer",5169,5167,15014,4947,14342,5015,14573,4780,13858,0,-3,9845,-222,9172,-155,9404,-389,8689,0,-0.0570982229799395,190.44152562485,-4.29429415437409,177.429517070966,-2.99029148413306,181.909421353551,-7.52604658465226,168.077739527323
"Conservancy_51","Epupa","Burchell's zebra","Grazer","General_Grazer",8077,8073,23460,7730,22409,7836,22771,7469,21653,0,-5,15383,-347,14331,-242,14693,-608,13576,0,-0.0570982229799564,190.44152562485,-4.29429415437408,177.429517070966,-2.99029148413306,181.90942135355,-7.52604658465226,168.077739527323
"Conservancy_51","Epupa","Bushpig","Omnivore","Omnivore",61059,61355,62600,58763,59853,59555,60761,56778,57834,0,296,1541,-2296,-1206,-1504,-298,-4281,-3225,0,0.485420328242262,2.52407988515156,-3.76043390357669,-1.97507249562495,-2.46334754201789,-0.487392157768254,-7.01075952730707,-5.28137267971695
"Conservancy_51","Epupa","Cheetah","Carnivore","Carnivore",,,,,,,,,,,,,,,,,,,,,,,,,,,
"Conservancy_51","Epupa","Damara dik dik","Browser","Shrub_Browser",1463456,1472505,856781,1410305,820093,1429295,831617,1362674,792413,0,9049,-606676,-53151,-643364,-34162,-631840,-100782,-671043,0,0.618330687007411,-41.4549853702125,-3.63190834679479,-43.9619360970764,-2.33433348260254,-43.174483840556,-6.88657469988894,-45.8533110825414
"Conservancy_51","Epupa","Duiker","Browser","Woodland_Browser",354811,357070,200388,342014,191833,346592,194503,330462,185357,0,2258,-154424,-12797,-162978,-8219,-160309,-24349,-169454,0,0.636523827475257,-43.5227663554138,-3.60680781866266,-45.9337616827747,-2.31646233603544,-45.1814013356982,-6.86266094412728,-47.7588884168214
"Conservancy_51","Epupa","Eland","Mixed","Mixed_Open",9539,9574,14222,9170,13592,9294,13804,8860,13133,0,35,4683,-369,4052,-246,4265,-679,3594,0,0.369519402160741,49.0891950265797,-3.87242586646871,42.4822031792705,-2.57589110947447,44.7097597459673,-7.11889559170102,37.6777694999623
"Conservancy_51","Epupa","Elephant","Mixed","Large_Mixed",1572,1579,1656,1512,1584,1533,1608,1461,1530,0,7,85,-60,12,-39,36,-111,-41,0,0.46263784953686,5.40325654658087,-3.78652516477425,0.771986415090206,-2.48556326544427,2.30714528866369,-7.03581013045164,-2.62679285948917
"Conservancy_51","Epupa","Gemsbok","Mixed","Arid_Mixed",22830,22891,32380,21918,30944,22219,31429,21178,29900,0,62,9550,-912,8114,-610,8599,-1652,7071,0,0.269960777052369,41.8318931739509,-3.99453073872917,35.5409555430191,-2.67311922992667,37.6653158941119,-7.23596214917578,30.9709808711519
"Conservancy_51","Epupa","Giraffe","Browser","Woodland_Browser",7305,7351,4126,7041,3950,7136,4004,6804,3816,0,46,-3179,-263,-3355,-169,-3300,-501,-3489,0,0.636523827475259,-43.5227663554138,-3.60680781866266,-45.9337616827747,-2.31646233603545,-45.1814013356982,-6.8626609441273,-47.7588884168214
"Conservancy_51","Epupa","Hartmann's zebra","Grazer","Arid_Grazer",11938,11935,24468,11424,23374,11585,23749,11039,22586,0,-3,12530,-514,11436,-353,11811,-900,10648,0,-0.0258811248449646,104.951264703907,-4.30515657858649,95.7896514286979,-2.96086514573632,98.930097272518,-7.53519579754255,89.1898777907023
"Conservancy_51","Epupa","Hippopotamus","Grazer","Wetland_Grazer",526,525,2288,503,2185,509,2221,486,2112,0,-2,1762,-24,1659,-17,1695,-41,1585,0,-0.296035418524631,334.772170302333,-4.49269262827372,315.240814195484,-3.22155622346562,322.00045604849,-7.71876365795815,301.244292771561
"Conservancy_51","Epupa","Impala","Mixed","Mixed_Open",95392,95745,142220,91698,135917,92935,138042,88601,131334,0,352,46827,-3694,40525,-2457,42650,-6791,35942,0,0.369519402160737,49.0891950265797,-3.8724258664687,42.4822031792705,-2.57589110947447,44.7097597459673,-7.11889559170101,37.6777694999623
"Conservancy_51","Epupa","Klipspringer","Browser","Rocky_Browser",502254,504537,293567,483054,280914,489727,284942,466745,271436,0,2283,-208687,-19199,-221340,-12526,-217311,-35508,-230818,0,0.454589131490457,-41.5501263342814,-3.8226657742297,-44.0693908791997,-2.49399297032988,-43.2672467252948,-7.06977823988506,-45.9564827135494
"Conservancy_51","Epupa","Kudu","Browser","Woodland_Browser",32680,32888,18457,31501,17669,31923,17915,30437,17072,0,208,-14223,-1179,-15011,-757,-14765,-2243,-15608,0,0.636523827475257,-43.5227663554138,-3.60680781866265,-45.9337616827747,-2.31646233603544,-45.1814013356982,-6.86266094412729,-47.7588884168214
"Conservancy_51","Epupa","Leopard","Carnivore","Carnivore",,,,,,,,,,,,,,,,,,,,,,,,,,,
"Conservancy_51","Epupa","Ostrich","Mixed","Mixed_Open",47696,47872,71110,45849,67959,46468,69021,44301,65667,0,176,23414,-1847,20262,-1229,21325,-3395,17971,0,0.369519402160737,49.0891950265797,-3.8724258664687,42.4822031792705,-2.57589110947447,44.7097597459673,-7.11889559170101,37.6777694999623
"Conservancy_51","Epupa","Red Hartebeest","Grazer","General_Grazer",17232,17222,50048,16492,47805,16716,48577,15935,46194,0,-10,32816,-740,30574,-515,31346,-1297,28962,0,-0.0570982229799676,190.44152562485,-4.29429415437408,177.429517070966,-2.99029148413308,181.909421353551,-7.52604658465227,168.077739527323
"Conservancy_51","Epupa","Red Lechwe","Grazer","Wetland_Grazer",9210,9183,40044,8797,38245,8914,38868,8499,36956,0,-27,30834,-414,29035,-297,29657,-711,27746,0,-0.296035418524629,334.772170302333,-4.49269262827373,315.240814195484,-3.22155622346562,322.00045604849,-7.71876365795815,301.244292771561
"Conservancy_51","Epupa","Reedbuck","Grazer","Wetland_Grazer",16374,16326,71190,15638,67992,15847,69098,15110,65700,0,-48,54816,-736,51618,-527,52724,-1264,49326,0,-0.296035418524619,334.772170302333,-4.49269262827372,315.240814195484,-3.22155622346562,322.00045604849,-7.71876365795814,301.244292771561
"Conservancy_51","Epupa","Roan","Grazer","General_Grazer",10770,10764,31280,10307,29878,10448,30361,9959,28871,0,-6,20510,-462,19109,-322,19591,-811,18102,0,-0.0570982229799508,190.44152562485,-4.29429415437409,177.429517070966,-2.99029148413305,181.909421353551,-7.52604658465225,168.077739527323
"Conservancy_51","Epupa","Sable","Grazer","General_Grazer",12924,12916,37536,12369,35854,12537,36433,11951,34645,0,-7,24612,-555,22930,-386,23509,-973,21722,0,-0.0570982229799536,190.44152562485,-4.29429415437409,177.429517070966,-2.99029148413306,181.909421353551,-7.52604658465225,168.077739527323
"Conservancy_51","Epupa","Spotted Hyaena","Carnivore","Carnivore",,,,,,,,,,,,,,,,,,,,,,,,,,,
"Conservancy_51","Epupa","Springbok","Grazer","Arid_Grazer",87967,87945,180290,84180,172231,85363,174994,81339,166425,0,-23,92323,-3787,84264,-2605,87026,-6629,78458,0,-0.0258811248449698,104.951264703907,-4.30515657858647,95.7896514286979,-2.96086514573632,98.930097272518,-7.53519579754253,89.1898777907023
"Conservancy_51","Epupa","Steenbok","Browser","Shrub_Browser",731728,736253,428390,705153,410046,714647,415808,681337,396207,0,4525,-303338,-26576,-321682,-17081,-315920,-50391,-335522,0,0.618330687007411,-41.4549853702125,-3.63190834679479,-43.9619360970764,-2.33433348260254,-43.174483840556,-6.88657469988894,-45.8533110825414
"Conservancy_51","Epupa","Vervet monkey","Omnivore","Omnivore",732705,736262,751200,705153,718234,714656,729134,681337,694009,0,3557,18494,-27553,-14471,-18049,-3571,-51368,-38697,0,0.48542032824227,2.52407988515156,-3.76043390357669,-1.97507249562494,-2.46334754201789,-0.487392157768262,-7.01075952730705,-5.28137267971695
"Conservancy_51","Epupa","Warthog","Grazer","General_Grazer",36925,36904,107245,35339,102440,35821,104094,34146,98987,0,-21,70320,-1586,65515,-1104,67170,-2779,62062,0,-0.0570982229799367,190.44152562485,-4.29429415437409,177.429517070966,-2.99029148413306,181.909421353551,-7.52604658465226,168.077739527323
"Conservancy_52","Ongongo","Baboon","Omnivore","Omnivore",20381,19751,22711,18853,21654,19099,21964,17951,20624,0,-630,2330,-1528,1273,-1281,1583,-2429,243,0,-3.09056257398161,11.4334788996831,-7.49522206745888,6.24809837667627,-6.28656992457249,7.76692930542536,-11.9198054606688,1.19228935369175
"Conservancy_52","Ongongo","Black rhinoceros","Browser","Shrub_Browser",967,947,589,905,564,915,570,862,537,0,-20,-378,-62,-403,-51,-397,-105,-430,0,-2.09277070696862,-39.0827547390402,-6.40311489497217,-41.6468080772689,-5.3219037218563,-41.0891224684991,-10.8799347171211,-44.4314066887299
"Conservancy_52","Ongongo","Black-backed Jackal","Carnivore","Carnivore",,,,,,,,,,,,,,,,,,,,,,,,,,,
"Conservancy_52","Ongongo","Black-faced Impala","Mixed","Mixed_Open",12903,12376,21107,11795,20088,11968,20412,11231,19133,0,-527,8204,-1108,7186,-935,7510,-1672,6231,0,-4.08219163472047,63.5823936614654,-8.58696295537584,55.6907106095464,-7.24514389236669,58.2020652401294,-12.9588866870046,48.2905401081184
"Conservancy_52","Ongongo","Blue wildebeest","Grazer","General_Grazer",1663,1547,5191,1467,4932,1496,5021,1397,4698,0,-116,3529,-195,3269,-167,3358,-265,3035,0,-6.95465425796569,212.234024852164,-11.7464516856461,196.626134915335,-10.0214684803945,201.968731787271,-15.9645857079268,182.544203117664
"Conservancy_52","Ongongo","Buffalo","Grazer","General_Grazer",732,681,2284,646,2170,658,2209,615,2067,0,-51,1553,-86,1438,-73,1478,-117,1335,0,-6.95465425796568,212.234024852164,-11.7464516856461,196.626134915335,-10.0214684803945,201.968731787271,-15.9645857079268,182.544203117664
"Conservancy_52","Ongongo","Burchell's zebra","Grazer","General_Grazer",1143,1064,3569,1009,3391,1029,3452,961,3230,0,-79,2426,-134,2248,-115,2309,-182,2087,0,-6.95465425796569,212.234024852164,-11.7464516856461,196.626134915335,-10.0214684803945,201.968731787271,-15.9645857079268,182.544203117664
"Conservancy_52","Ongongo","Bushpig","Omnivore","Omnivore",8152,7900,9084,7541,8662,7640,8785,7181,8249,0,-252,932,-611,509,-512,633,-972,97,0,-3.09056257398161,11.4334788996831,-7.49522206745888,6.24809837667627,-6.2865699245725,7.76692930542536,-11.9198054606688,1.19228935369174
"Conservancy_52","Ongongo","Cheetah","Carnivore","Carnivore",,,,,,,,,,,,,,,,,,,,,,,,,,,
"Conservancy_52","Ongongo","Damara dik dik","Browser","Shrub_Browser",193371,189324,117796,180989,112838,183080,113916,172332,107453,0,-4047,-75575,-12382,-80533,-10291,-79454,-21039,-85917,0,-2.09277070696862,-39.0827547390402,-6.40311489497218,-41.6468080772689,-5.32190372185631,-41.0891224684991,-10.8799347171211,-44.4314066887299
"Conservancy_52","Ongongo","Duiker","Browser","Woodland_Browser",46392,45427,27132,43432,26002,43928,26238,41354,24760,0,-966,-19261,-2960,-20391,-2464,-20155,-5038,-21632,0,-2.0814994598536,-41.5170914638883,-6.38039140505675,-43.9527316324473,-5.3116142548957,-43.4437488669658,-10.8603995205053,-46.6291624132609
"Conservancy_52","Ongongo","Eland","Mixed","Mixed_Open",1290,1238,2111,1179,2009,1197,2041,1123,1913,0,-53,820,-111,719,-93,751,-167,623,0,-4.08219163472047,63.5823936614653,-8.58696295537584,55.6907106095464,-7.24514389236669,58.2020652401294,-12.9588866870046,48.2905401081184
"Conservancy_52","Ongongo","Elephant","Mixed","Large_Mixed",211,204,241,195,230,198,234,186,219,0,-7,31,-16,19,-13,23,-25,8,0,-3.14301034856302,14.4593734661548,-7.55607982753841,9.11596016527256,-6.33700015093345,10.6935143339297,-11.9767895090007,3.92469776191847
"Conservancy_52","Ongongo","Gemsbok","Mixed","Arid_Mixed",3164,3041,4844,2899,4611,2941,4685,2760,4392,0,-123,1680,-265,1447,-223,1521,-404,1228,0,-3.87995113455654,53.1007845887483,-8.37853275968114,45.7470920601358,-7.04809571227947,48.0656743033315,-12.7550893664264,38.8214706801994
"Conservancy_52","Ongongo","Giraffe","Browser","Woodland_Browser",955,935,559,894,535,904,540,851,510,0,-20,-397,-61,-420,-51,-415,-104,-445,0,-2.0814994598536,-41.5170914638883,-6.38039140505675,-43.9527316324473,-5.31161425489569,-43.4437488669658,-10.8603995205053,-46.6291624132609
"Conservancy_52","Ongongo","Hartmann's zebra","Grazer","Arid_Grazer",1720,1632,3729,1552,3546,1578,3606,1478,3377,0,-88,2009,-168,1825,-142,1886,-242,1657,0,-5.12747626330465,116.790207425851,-9.75775424729667,106.126340463691,-8.25281811099726,109.662665634661,-14.06349190525,96.3402302380134
"Conservancy_52","Ongongo","Hippopotamus","Grazer","Wetland_Grazer",75,67,349,64,332,65,338,61,316,0,-7,274,-11,257,-10,263,-14,241,0,-9.9423524525291,367.024555727419,-15.0112727860273,343.39130137043,-12.9116256300862,351.67135807465,-19.0790731313241,322.346357976774
"Conservancy_52","Ongongo","Impala","Mixed","Mixed_Open",12903,12376,21107,11795,20088,11968,20412,11231,19133,0,-527,8204,-1108,7186,-935,7510,-1672,6231,0,-4.08219163472047,63.5823936614654,-8.58696295537584,55.6907106095464,-7.24514389236669,58.2020652401294,-12.9588866870046,48.2905401081184
"Conservancy_52","Ongongo","Klipspringer","Browser","Rocky_Browser",68537,67088,41691,64123,39932,64877,40319,61061,38029,0,-1449,-26845,-4414,-28605,-3660,-28218,-7476,-30508,0,-2.11399915566145,-39.1693799693641,-6.44000962404758,-41.7363484210752,-5.34054879539554,-41.1719759901777,-10.9084644100291,-44.512968107349
"Conservancy_52","Ongongo","Kudu","Browser","Woodland_Browser",4273,4184,2499,4000,2395,4046,2417,3809,2281,0,-89,-1774,-273,-1878,-227,-1856,-464,-1992,0,-2.08149945985361,-41.5170914638883,-6.38039140505674,-43.9527316324473,-5.31161425489569,-43.4437488669658,-10.8603995205053,-46.6291624132609
"Conservancy_52","Ongongo","Leopard","Carnivore","Carnivore",,,,,,,,,,,,,,,,,,,,,,,,,,,
"Conservancy_52","Ongongo","Ostrich","Mixed","Mixed_Open",6451,6188,10553,5897,10044,5984,10206,5615,9567,0,-263,4102,-554,3593,-467,3755,-836,3115,0,-4.08219163472047,63.5823936614654,-8.58696295537584,55.6907106095464,-7.24514389236669,58.2020652401294,-12.9588866870046,48.2905401081184
"Conservancy_52","Ongongo","Red Hartebeest","Grazer","General_Grazer",2439,2269,7614,2152,7233,2194,7364,2049,6890,0,-170,5176,-286,4795,-244,4925,-389,4452,0,-6.95465425796569,212.234024852164,-11.7464516856461,196.626134915335,-10.0214684803945,201.968731787271,-15.9645857079268,182.544203117664
"Conservancy_52","Ongongo","Red Lechwe","Grazer","Wetland_Grazer",1309,1178,6111,1112,5802,1140,5910,1059,5527,0,-130,4803,-196,4494,-169,4602,-250,4218,0,-9.9423524525291,367.024555727419,-15.0112727860273,343.39130137043,-12.9116256300862,351.67135807465,-19.0790731313241,322.346357976774
"Conservancy_52","Ongongo","Reedbuck","Grazer","Wetland_Grazer",2326,2095,10865,1977,10315,2026,10508,1883,9825,0,-231,8538,-349,7989,-300,8181,-444,7499,0,-9.94235245252907,367.024555727419,-15.0112727860273,343.39130137043,-12.9116256300862,351.671358074651,-19.079073131324,322.346357976774
"Conservancy_52","Ongongo","Roan","Grazer","General_Grazer",1524,1418,4759,1345,4521,1371,4602,1281,4306,0,-106,3235,-179,2997,-153,3078,-243,2782,0,-6.95465425796569,212.234024852164,-11.7464516856461,196.626134915335,-10.0214684803945,201.968731787271,-15.9645857079268,182.544203117664
"Conservancy_52","Ongongo","Sable","Grazer","General_Grazer",1829,1702,5711,1614,5425,1646,5523,1537,5168,0,-127,3882,-215,3596,-183,3694,-292,3339,0,-6.95465425796569,212.234024852164,-11.7464516856461,196.626134915335,-10.0214684803945,201.968731787271,-15.9645857079268,182.544203117664
"Conservancy_52","Ongongo","Spotted Hyaena","Carnivore","Carnivore",,,,,,,,,,,,,,,,,,,,,,,,,,,
"Conservancy_52","Ongongo","Springbok","Grazer","Arid_Grazer",12674,12025,27477,11438,26125,11628,26574,10892,24885,0,-650,14802,-1237,13451,-1046,13899,-1782,12211,0,-5.12747626330466,116.790207425851,-9.75775424729668,106.126340463691,-8.25281811099727,109.662665634661,-14.06349190525,96.3402302380134
"Conservancy_52","Ongongo","Steenbok","Browser","Shrub_Browser",96685,94662,58898,90494,56419,91540,56958,86166,53727,0,-2023,-37787,-6191,-40266,-5146,-39727,-10519,-42959,0,-2.09277070696862,-39.0827547390402,-6.40311489497218,-41.6468080772689,-5.32190372185631,-41.0891224684991,-10.8799347171211,-44.4314066887299
"Conservancy_52","Ongongo","Vervet monkey","Omnivore","Omnivore",97827,94803,109012,90494,103939,91677,105425,86166,98993,0,-3023,11185,-7332,6112,-6150,7598,-11661,1166,0,-3.09056257398161,11.4334788996831,-7.49522206745888,6.24809837667626,-6.28656992457249,7.76692930542536,-11.9198054606688,1.19228935369175
"Conservancy_52","Ongongo","Warthog","Grazer","General_Grazer",5226,4862,16316,4612,15500,4702,15780,4391,14764,0,-363,11090,-614,10275,-524,10554,-834,9539,0,-6.95465425796568,212.234024852164,-11.7464516856461,196.626134915335,-10.0214684803945,201.968731787271,-15.9645857079268,182.544203117664
"Conservancy_53","Otjiu-West","Baboon","Omnivore","Omnivore",46160,45900,51525,43908,49180,44383,49828,41774,46801,0,-260,5365,-2252,3020,-1777,3668,-4386,641,0,-0.563417230420228,11.6235692294545,-4.87802678328378,6.54256764111253,-3.84976621353957,7.94598037664536,-9.50144370225249,1.38805977445155
"Conservancy_53","Otjiu-West","Black rhinoceros","Browser","Shrub_Browser",2164,2194,1315,2103,1259,2122,1272,2000,1198,0,30,-849,-62,-905,-42,-892,-164,-966,0,1.39120690368858,-39.2186577102269,-2.8468079772291,-41.8139348039179,-1.95949589944079,-41.2229957448814,-7.56922636752551,-44.6332079400852
"Conservancy_53","Otjiu-West","Black-backed Jackal","Carnivore","Carnivore",,,,,,,,,,,,,,,,,,,,,,,,,,,
"Conservancy_53","Otjiu-West","Black-faced Impala","Mixed","Mixed_Open",29570,28823,48164,27522,45919,27870,46577,26185,43699,0,-747,18594,-2047,16349,-1700,17008,-3385,14129,0,-2.52673223896018,62.8813102652008,-6.92399452509624,55.290975881898,-5.74824935021383,57.5169029908193,-11.4472995593232,47.782520888335
"Conservancy_53","Otjiu-West","Blue wildebeest","Grazer","General_Grazer",3934,3619,11912,3437,11344,3500,11520,3270,10796,0,-315,7978,-498,7410,-435,7586,-664,6861,0,-8.01180812180396,202.774285155605,-12.6455319366089,188.324700556152,-11.0515978907325,192.806540101939,-16.8877044026861,174.393032915362
"Conservancy_53","Otjiu-West","Buffalo","Grazer","General_Grazer",1731,1592,5241,1512,4991,1540,5069,1439,4750,0,-139,3510,-219,3260,-191,3338,-292,3019,0,-8.01180812180395,202.774285155605,-12.6455319366089,188.324700556152,-11.0515978907325,192.806540101939,-16.8877044026861,174.393032915362
"Conservancy_53","Otjiu-West","Burchell's zebra","Grazer","General_Grazer",2705,2488,8190,2363,7799,2406,7920,2248,7422,0,-217,5485,-342,5094,-299,5215,-457,4717,0,-8.01180812180397,202.774285155605,-12.6455319366089,188.324700556152,-11.0515978907325,192.806540101939,-16.8877044026861,174.393032915362
"Conservancy_53","Otjiu-West","Bushpig","Omnivore","Omnivore",18464,18360,20610,17563,19672,17753,19931,16710,18720,0,-104,2146,-901,1208,-711,1467,-1754,256,0,-0.56341723042022,11.6235692294545,-4.87802678328379,6.54256764111254,-3.84976621353956,7.94598037664535,-9.50144370225248,1.38805977445155
"Conservancy_53","Otjiu-West","Cheetah","Carnivore","Carnivore",,,,,,,,,,,,,,,,,,,,,,,,,,,
"Conservancy_53","Otjiu-West","Damara dik dik","Browser","Shrub_Browser",432841,438863,263086,420519,251853,424359,254411,400078,239650,0,6022,-169754,-12322,-180988,-8481,-178430,-32763,-193191,0,1.3912069036886,-39.2186577102269,-2.84680797722909,-41.8139348039179,-1.95949589944079,-41.2229957448814,-7.5692263675255,-44.6332079400851
"Conservancy_53","Otjiu-West","Duiker","Browser","Woodland_Browser",103911,105558,60658,101180,58101,102069,58657,96260,55284,0,1647,-43253,-2731,-45810,-1842,-45254,-7651,-48627,0,1.5849320101362,-41.6250053401586,-2.62842457617675,-44.0860713190917,-1.77310168597145,-43.5506772900562,-7.36338016243196,-46.7966723514926
"Conservancy_53","Otjiu-West","Eland","Mixed","Mixed_Open",2957,2882,4816,2752,4592,2787,4658,2618,4370,0,-75,1859,-205,1635,-170,1701,-338,1413,0,-2.52673223896019,62.8813102652008,-6.92399452509624,55.290975881898,-5.74824935021384,57.5169029908193,-11.4472995593232,47.7825208883349
"Conservancy_53","Otjiu-West","Elephant","Mixed","Large_Mixed",478,474,548,454,523,459,530,432,497,0,-4,70,-24,45,-19,52,-46,20,0,-0.73366614848684,14.6297558123303,-5.06198091322171,9.39424330835975,-4.01397718891828,10.8534711220634,-9.67557529924201,4.1025004933799
"Conservancy_53","Otjiu-West","Gemsbok","Mixed","Arid_Mixed",7211,7032,11018,6713,10503,6800,10655,6387,9996,0,-179,3807,-498,3292,-411,3444,-824,2784,0,-2.48165780295221,52.7919808878326,-6.91263406385635,45.6532431838327,-5.70226934888483,47.760942746121,-11.4317769970227,38.6128539017286
"Conservancy_53","Otjiu-West","Giraffe","Browser","Woodland_Browser",2139,2173,1249,2083,1196,2101,1208,1982,1138,0,34,-891,-56,-943,-38,-932,-158,-1001,0,1.58493201013619,-41.6250053401586,-2.62842457617674,-44.0860713190917,-1.77310168597145,-43.5506772900562,-7.36338016243197,-46.7966723514926
"Conservancy_53","Otjiu-West","Hartmann's zebra","Grazer","Arid_Grazer",3967,3763,8509,3582,8105,3639,8229,3408,7714,0,-204,4543,-385,4138,-328,4262,-559,3747,0,-5.1450995949395,114.514107137547,-9.71286569870114,104.320874550957,-8.27590696415032,107.452923771714,-14.0913502705928,94.4496401465279
"Conservancy_53","Otjiu-West","Hippopotamus","Grazer","Wetland_Grazer",184,160,804,151,765,155,777,144,728,0,-24,620,-32,582,-29,594,-40,545,0,-12.7993497356457,337.864370104768,-17.588123662143,316.853354307822,-15.6839901359748,323.449353735927,-21.5942603590687,296.712042183361
"Conservancy_53","Otjiu-West","Impala","Mixed","Mixed_Open",29570,28823,48164,27522,45919,27870,46577,26185,43699,0,-747,18594,-2047,16349,-1700,17008,-3385,14129,0,-2.52673223896018,62.8813102652008,-6.92399452509624,55.290975881898,-5.74824935021383,57.5169029908193,-11.4472995593232,47.782520888335
"Conservancy_53","Otjiu-West","Klipspringer","Browser","Rocky_Browser",152807,154263,92416,147695,88392,149170,89371,140525,84115,0,1457,-60390,-5112,-64414,-3637,-63435,-12282,-68692,0,0.953369215392748,-39.5207900726895,-3.34535800133423,-42.1540287992919,-2.379896410576,-41.513512481242,-8.03751938327864,-44.9535404967105
"Conservancy_53","Otjiu-West","Kudu","Browser","Woodland_Browser",9571,9722,5587,9319,5351,9401,5403,8866,5092,0,152,-3984,-252,-4219,-170,-4168,-705,-4479,0,1.58493201013619,-41.6250053401586,-2.62842457617676,-44.0860713190917,-1.77310168597144,-43.5506772900562,-7.36338016243196,-46.7966723514926
"Conservancy_53","Otjiu-West","Leopard","Carnivore","Carnivore",,,,,,,,,,,,,,,,,,,,,,,,,,,
"Conservancy_53","Otjiu-West","Ostrich","Mixed","Mixed_Open",14785,14411,24082,13761,22960,13935,23289,13092,21850,0,-374,9297,-1024,8175,-850,8504,-1692,7065,0,-2.52673223896018,62.8813102652008,-6.92399452509624,55.290975881898,-5.74824935021383,57.5169029908193,-11.4472995593232,47.782520888335
"Conservancy_53","Otjiu-West","Red Hartebeest","Grazer","General_Grazer",5771,5308,17472,5041,16638,5133,16896,4796,15834,0,-462,11701,-730,10867,-638,11126,-975,10063,0,-8.01180812180395,202.774285155605,-12.6455319366089,188.324700556152,-11.0515978907325,192.806540101939,-16.8877044026861,174.393032915362
"Conservancy_53","Otjiu-West","Red Lechwe","Grazer","Wetland_Grazer",3213,2802,14069,2648,13394,2709,13606,2519,12747,0,-411,10856,-565,10181,-504,10393,-694,9534,0,-12.7993497356458,337.864370104768,-17.588123662143,316.853354307822,-15.6839901359748,323.449353735927,-21.5942603590687,296.712042183361
"Conservancy_53","Otjiu-West","Reedbuck","Grazer","Wetland_Grazer",5712,4981,25012,4708,23812,4816,24188,4479,22661,0,-731,19300,-1005,18099,-896,18476,-1234,16949,0,-12.7993497356457,337.864370104768,-17.588123662143,316.853354307822,-15.6839901359748,323.449353735927,-21.5942603590687,296.712042183361
"Conservancy_53","Otjiu-West","Roan","Grazer","General_Grazer",3607,3318,10920,3151,10399,3208,10560,2998,9896,0,-289,7313,-456,6792,-399,6954,-609,6290,0,-8.01180812180395,202.774285155605,-12.6455319366089,188.324700556152,-11.0515978907325,192.806540101939,-16.8877044026861,174.393032915362
"Conservancy_53","Otjiu-West","Sable","Grazer","General_Grazer",4328,3981,13104,3781,12478,3850,12672,3597,11875,0,-347,8776,-547,8150,-478,8344,-731,7548,0,-8.01180812180396,202.774285155605,-12.6455319366089,188.324700556152,-11.0515978907325,192.806540101939,-16.8877044026861,174.393032915362
"Conservancy_53","Otjiu-West","Spotted Hyaena","Carnivore","Carnivore",,,,,,,,,,,,,,,,,,,,,,,,,,,
"Conservancy_53","Otjiu-West","Springbok","Grazer","Arid_Grazer",29229,27726,62701,26390,59722,26810,60637,25111,56837,0,-1504,33472,-2839,30492,-2419,31408,-4119,27607,0,-5.14509959493951,114.514107137547,-9.71286569870113,104.320874550957,-8.27590696415032,107.452923771714,-14.0913502705928,94.4496401465279
"Conservancy_53","Otjiu-West","Steenbok","Browser","Shrub_Browser",216420,219431,131543,210259,125927,212180,127205,200039,119825,0,3011,-84877,-6161,-90494,-4241,-89215,-16381,-96595,0,1.3912069036886,-39.2186577102269,-2.84680797722909,-41.8139348039179,-1.95949589944079,-41.2229957448814,-7.5692263675255,-44.6332079400851
"Conservancy_53","Otjiu-West","Vervet monkey","Omnivore","Omnivore",221568,220320,247322,210760,236064,213038,239174,200516,224644,0,-1248,25754,-10808,14496,-8530,17606,-21052,3075,0,-0.563417230420234,11.6235692294545,-4.87802678328378,6.54256764111254,-3.84976621353956,7.94598037664536,-9.50144370225248,1.38805977445155
"Conservancy_53","Otjiu-West","Warthog","Grazer","General_Grazer",12365,11375,37439,10802,35653,10999,36207,10277,33930,0,-991,25074,-1564,23287,-1367,23841,-2088,21564,0,-8.01180812180395,202.774285155605,-12.6455319366089,188.324700556152,-11.0515978907325,192.806540101939,-16.8877044026861,174.393032915362
"Conservancy_54","Marienfluss","Baboon","Omnivore","Omnivore",11491,10551,75283,9790,71093,10359,74003,9501,69073,0,-940,63792,-1701,59601,-1133,62511,-1990,57582,0,-8.18115761548985,555.132325945106,-14.8033586978487,518.667087678288,-9.85542090266953,543.991871268068,-17.3199090916612,501.096316999946
"Conservancy_54","Marienfluss","Black rhinoceros","Browser","Shrub_Browser",550,506,1229,470,1158,497,1208,456,1125,0,-44,679,-80,607,-53,658,-94,574,0,-7.95542960928794,123.369457734437,-14.5939107514708,110.397380776156,-9.63380891561857,119.537649345583,-17.1166478482317,104.395288133412
"Conservancy_54","Marienfluss","Black-backed Jackal","Carnivore","Carnivore",,,,,,,,,,,,,,,,,,,,,,,,,,,
"Conservancy_54","Marienfluss","Black-faced Impala","Mixed","Mixed_Open",7861,7278,80299,6767,75872,7146,78936,6568,73719,0,-583,72438,-1094,68011,-715,71075,-1293,65858,0,-7.41438589133488,921.48757900749,-13.917271409621,865.171190902496,-9.09015964107337,904.150491327098,-16.4484072001587,837.786503867292
"Conservancy_54","Marienfluss","Blue wildebeest","Grazer","General_Grazer",1500,1437,22494,1346,21263,1412,22112,1307,20661,0,-63,20993,-155,19763,-89,20612,-193,19160,0,-4.22365773078928,1399.35364070924,-10.2994896800884,1317.34951403596,-5.91067689367464,1373.94576199919,-12.8938763067849,1277.16926759013
"Conservancy_54","Marienfluss","Buffalo","Grazer","General_Grazer",660,632,9897,592,9356,621,9729,575,9091,0,-28,9237,-68,8696,-39,9069,-85,8431,0,-4.22365773078926,1399.35364070924,-10.2994896800884,1317.34951403596,-5.91067689367463,1373.94576199919,-12.8938763067849,1277.16926759013
"Conservancy_54","Marienfluss","Burchell's zebra","Grazer","General_Grazer",1031,988,15464,925,14619,970,15202,898,14204,0,-44,14433,-106,13587,-61,14171,-133,13173,0,-4.22365773078928,1399.35364070924,-10.2994896800884,1317.34951403596,-5.91067689367464,1373.94576199919,-12.8938763067849,1277.16926759013
"Conservancy_54","Marienfluss","Bushpig","Omnivore","Omnivore",4597,4220,30113,3916,28437,4143,29601,3800,27629,0,-376,25517,-680,23841,-453,25005,-796,23033,0,-8.18115761548985,555.132325945106,-14.8033586978487,518.667087678288,-9.85542090266953,543.991871268069,-17.3199090916612,501.096316999946
"Conservancy_54","Marienfluss","Cheetah","Carnivore","Carnivore",,,,,,,,,,,,,,,,,,,,,,,,,,,
"Conservancy_54","Marienfluss","Damara dik dik","Browser","Shrub_Browser",110045,101291,245808,93986,231533,99444,241591,91209,224928,0,-8755,135762,-16060,121487,-10602,131546,-18836,114882,0,-7.95542960928796,123.369457734437,-14.5939107514708,110.397380776156,-9.63380891561857,119.537649345583,-17.1166478482317,104.395288133412
"Conservancy_54","Marienfluss","Duiker","Browser","Woodland_Browser",15140,12698,47114,11547,44315,12449,46303,11190,43047,0,-2443,31974,-3594,29174,-2691,31162,-3950,27906,0,-16.1331409272614,211.183511904553,-23.7360388322521,192.690634003656,-17.7734065748667,205.8220359409,-26.091875522674,184.315755994572
"Conservancy_54","Marienfluss","Eland","Mixed","Mixed_Open",786,728,8030,677,7587,715,7894,657,7372,0,-58,7244,-109,6801,-71,7108,-129,6586,0,-7.41438589133489,921.487579007489,-13.917271409621,865.171190902496,-9.09015964107338,904.150491327098,-16.4484072001587,837.786503867292
"Conservancy_54","Marienfluss","Elephant","Mixed","Large_Mixed",142,133,823,124,778,131,809,121,755,0,-9,681,-18,635,-11,667,-22,613,0,-6.35182047649422,478.28144001255,-12.7616011380657,446.162481012353,-8.0348466552268,468.451453468429,-15.3156089764531,430.655266594618
"Conservancy_54","Marienfluss","Gemsbok","Mixed","Arid_Mixed",3885,3799,19221,3569,18165,3733,18895,3467,17650,0,-86,15337,-315,14280,-152,15011,-418,13765,0,-2.20372792817874,394.795558576557,-8.12127059781725,367.597727941966,-3.90586964120526,386.400792567881,-10.759825535727,354.337573982854
"Conservancy_54","Marienfluss","Giraffe","Browser","Woodland_Browser",312,261,970,238,912,256,953,230,886,0,-50,658,-74,601,-55,642,-81,575,0,-16.1331409272614,211.183511904554,-23.7360388322521,192.690634003656,-17.7734065748667,205.8220359409,-26.091875522674,184.315755994572
"Conservancy_54","Marienfluss","Hartmann's zebra","Grazer","Arid_Grazer",3066,3045,16257,2870,15368,2993,15982,2788,14933,0,-20,13191,-196,12303,-73,12916,-277,11867,0,-0.656331635423171,430.307500178265,-6.38199378322828,401.322593872962,-2.36501445156354,421.320054705144,-9.05178394749071,387.114819022715
"Conservancy_54","Marienfluss","Hippopotamus","Grazer","Wetland_Grazer",16,11,1538,10,1454,11,1512,10,1412,0,-4,1522,-6,1438,-5,1496,-6,1397,0,-28.1802683551693,9604.07677675201,-36.453822490965,9073.75226706931,-29.7108147176407,9439.67423132544,-38.5361657812999,8813.68381696798
"Conservancy_54","Marienfluss","Impala","Mixed","Mixed_Open",7861,7278,80299,6767,75872,7146,78936,6568,73719,0,-583,72438,-1094,68011,-715,71075,-1293,65858,0,-7.41438589133488,921.48757900749,-13.917271409621,865.171190902496,-9.09015964107337,904.150491327098,-16.4484072001587,837.786503867292
"Conservancy_54","Marienfluss","Klipspringer","Browser","Rocky_Browser",91348,89755,116889,84374,110304,88197,114895,81954,107171,0,-1593,25541,-6974,18956,-3152,23546,-9394,15822,0,-1.74382113292996,27.9596649317159,-7.634993514429,20.7510120298959,-3.45009663076906,25.7761755984571,-10.283960973218,17.3206492296
"Conservancy_54","Marienfluss","Kudu","Browser","Woodland_Browser",1395,1170,4339,1064,4082,1147,4265,1031,3965,0,-225,2945,-331,2687,-248,2870,-364,2570,0,-16.1331409272614,211.183511904553,-23.7360388322521,192.690634003656,-17.7734065748667,205.8220359409,-26.091875522674,184.315755994572
"Conservancy_54","Marienfluss","Leopard","Carnivore","Carnivore",,,,,,,,,,,,,,,,,,,,,,,,,,,
"Conservancy_54","Marienfluss","Ostrich","Mixed","Mixed_Open",3931,3639,40150,3383,37936,3573,39468,3284,36860,0,-291,36219,-547,34006,-357,35538,-647,32929,0,-7.41438589133488,921.48757900749,-13.917271409621,865.171190902496,-9.09015964107337,904.150491327098,-16.4484072001587,837.786503867292
"Conservancy_54","Marienfluss","Red Hartebeest","Grazer","General_Grazer",2200,2107,32991,1974,31186,2070,32432,1917,30302,0,-93,30790,-227,28986,-130,30231,-284,28102,0,-4.22365773078927,1399.35364070924,-10.2994896800884,1317.34951403596,-5.91067689367465,1373.94576199919,-12.8938763067849,1277.16926759013
"Conservancy_54","Marienfluss","Red Lechwe","Grazer","Wetland_Grazer",277,199,26910,176,25439,195,26454,170,24718,0,-78,26633,-101,25162,-82,26177,-107,24441,0,-28.1802683551693,9604.07677675201,-36.453822490965,9073.75226706931,-29.7108147176407,9439.67423132544,-38.5361657812999,8813.68381696798
"Conservancy_54","Marienfluss","Reedbuck","Grazer","Wetland_Grazer",493,354,47840,313,45226,347,47030,303,43944,0,-139,47347,-180,44733,-146,46537,-190,43451,0,-28.1802683551693,9604.07677675201,-36.453822490965,9073.75226706931,-29.7108147176407,9439.67423132544,-38.5361657812999,8813.68381696798
"Conservancy_54","Marienfluss","Roan","Grazer","General_Grazer",1375,1317,20619,1234,19491,1294,20270,1198,18939,0,-58,19244,-142,18116,-81,18895,-177,17564,0,-4.22365773078927,1399.35364070924,-10.2994896800884,1317.34951403596,-5.91067689367464,1373.94576199919,-12.8938763067849,1277.16926759013
"Conservancy_54","Marienfluss","Sable","Grazer","General_Grazer",1650,1581,24743,1480,23390,1553,24324,1437,22727,0,-70,23093,-170,21740,-98,22673,-213,21076,0,-4.22365773078928,1399.35364070924,-10.2994896800884,1317.34951403596,-5.91067689367463,1373.94576199919,-12.8938763067849,1277.16926759013
"Conservancy_54","Marienfluss","Spotted Hyaena","Carnivore","Carnivore",,,,,,,,,,,,,,,,,,,,,,,,,,,
"Conservancy_54","Marienfluss","Springbok","Grazer","Arid_Grazer",22589,22440,119789,21147,113241,22054,117759,20544,110032,0,-148,97200,-1442,90653,-534,95170,-2045,87444,0,-0.656331635423171,430.307500178265,-6.38199378322826,401.322593872962,-2.36501445156353,421.320054705144,-9.05178394749071,387.114819022715
"Conservancy_54","Marienfluss","Steenbok","Browser","Shrub_Browser",55023,50645,122904,46993,115766,49722,120796,45605,112464,0,-4377,67881,-8030,60744,-5301,65773,-9418,57441,0,-7.95542960928796,123.369457734437,-14.5939107514708,110.397380776156,-9.63380891561857,119.537649345583,-17.1166478482317,104.395288133412
"Conservancy_54","Marienfluss","Vervet monkey","Omnivore","Omnivore",55158,50645,361358,46993,341244,49722,355213,45605,331553,0,-4513,306200,-8165,286086,-5436,300055,-9553,276395,0,-8.18115761548985,555.132325945106,-14.8033586978487,518.667087678288,-9.85542090266953,543.991871268068,-17.3199090916612,501.096316999946
"Conservancy_54","Marienfluss","Warthog","Grazer","General_Grazer",4715,4516,70694,4229,66828,4436,69496,4107,64933,0,-199,65979,-486,62113,-279,64781,-608,60218,0,-4.22365773078927,1399.35364070924,-10.2994896800884,1317.34951403596,-5.91067689367464,1373.94576199919,-12.8938763067849,1277.16926759013
"Conservancy_55","Puros","Baboon","Omnivore","Omnivore",10800,9959,87312,9347,82965,9697,85070,8814,78244,0,-841,76512,-1453,72165,-1103,74270,-1987,67443,0,-7.79099123420712,708.428613041132,-13.457593872523,668.180930944444,-10.2109974983224,687.669277979956,-18.3944833043504,624.46493432566
"Conservancy_55","Puros","Black rhinoceros","Browser","Shrub_Browser",516,478,1389,449,1320,465,1353,423,1245,0,-38,873,-67,804,-51,837,-93,728,0,-7.37982372527003,169.104068302323,-13.0716942080419,155.695207949208,-9.81062099517251,162.184223642441,-18.0305976334774,141.141409117052
"Conservancy_55","Puros","Black-backed Jackal","Carnivore","Carnivore",,,,,,,,,,,,,,,,,,,,,,,,,,,
"Conservancy_55","Puros","Black-faced Impala","Mixed","Mixed_Open",7569,7045,93650,6622,88988,6861,91246,6244,83924,0,-525,86080,-947,81419,-709,83676,-1325,76355,0,-6.92973823027573,1137.20087781057,-12.5160865412622,1075.61607698472,-9.36521522046359,1105.4409137245,-17.5052390937843,1008.71593646649
"Conservancy_55","Puros","Blue wildebeest","Grazer","General_Grazer",1572,1516,26353,1432,25041,1476,25677,1350,23616,0,-56,24781,-140,23469,-96,24105,-222,22044,0,-3.58634731503848,1576.3637989313,-8.92835665038837,1492.92535051295,-6.08548122883011,1533.34138788477,-14.11729076937,1402.27995773935
"Conservancy_55","Puros","Buffalo","Grazer","General_Grazer",692,667,11595,630,11018,650,11298,594,10391,0,-25,10904,-62,10326,-42,10606,-98,9699,0,-3.58634731503848,1576.3637989313,-8.92835665038836,1492.92535051295,-6.08548122883011,1533.34138788477,-14.11729076937,1402.27995773935
"Conservancy_55","Puros","Burchell's zebra","Grazer","General_Grazer",1081,1042,18118,984,17216,1015,17653,928,16236,0,-39,17037,-96,16135,-66,16572,-153,15155,0,-3.58634731503848,1576.3637989313,-8.92835665038838,1492.92535051295,-6.08548122883012,1533.34138788477,-14.11729076937,1402.27995773935
"Conservancy_55","Puros","Bushpig","Omnivore","Omnivore",4320,3984,34925,3739,33186,3879,34028,3525,31297,0,-337,30605,-581,28866,-441,29708,-795,26977,0,-7.79099123420712,708.428613041132,-13.457593872523,668.180930944444,-10.2109974983224,687.669277979956,-18.3944833043504,624.46493432566
"Conservancy_55","Puros","Cheetah","Carnivore","Carnivore",,,,,,,,,,,,,,,,,,,,,,,,,,,
"Conservancy_55","Puros","Damara dik dik","Browser","Shrub_Browser",103222,95604,277774,89729,263933,93095,270631,84610,248910,0,-7618,174552,-13493,160711,-10127,167409,-18611,145689,0,-7.37982372527003,169.104068302323,-13.0716942080419,155.695207949208,-9.81062099517252,162.184223642441,-18.0305976334774,141.141409117052
"Conservancy_55","Puros","Duiker","Browser","Woodland_Browser",11239,8978,52514,8253,49899,8733,51163,7781,47059,0,-2261,41275,-2986,38660,-2506,39924,-3458,35820,0,-20.1176125788899,367.256813393935,-26.5643999250953,343.984549330629,-22.2964625051203,355.228908888669,-30.770295337739,318.712753248344
"Conservancy_55","Puros","Eland","Mixed","Mixed_Open",757,704,9365,662,8899,686,9125,624,8392,0,-52,8608,-95,8142,-71,8368,-133,7635,0,-6.92973823027572,1137.20087781057,-12.5160865412622,1075.61607698472,-9.3652152204636,1105.4409137245,-17.5052390937843,1008.71593646649
"Conservancy_55","Puros","Elephant","Mixed","Large_Mixed",140,132,956,124,908,129,931,117,857,0,-8,816,-16,768,-11,791,-23,717,0,-5.61664843997856,582.965592043068,-11.1596288876962,548.961858677416,-8.07994291395386,565.429639336058,-16.2248147880708,512.030454662715
"Conservancy_55","Puros","Gemsbok","Mixed","Arid_Mixed",4207,4150,22446,3927,21328,4042,21870,3703,20115,0,-58,18239,-280,17121,-165,17662,-504,15907,0,-1.3724756706445,433.488932659594,-6.66335616305686,406.924593210266,-3.9196875772036,419.796452490478,-11.9794669784996,378.076830132294
"Conservancy_55","Puros","Giraffe","Browser","Woodland_Browser",231,185,1081,170,1027,180,1053,160,969,0,-47,850,-61,796,-52,822,-71,737,0,-20.11761257889,367.256813393935,-26.5643999250953,343.984549330629,-22.2964625051203,355.228908888669,-30.770295337739,318.712753248344
"Conservancy_55","Puros","Hartmann's zebra","Grazer","Arid_Grazer",3439,3438,19045,3259,18097,3350,18556,3074,17067,0,-1,15606,-179,14658,-89,15117,-365,13628,0,-0.0170829646887053,453.807924967671,-5.21914662286387,426.23273129611,-2.59064929204601,439.596657908101,-10.6157749861094,396.286683104991
"Conservancy_55","Puros","Hippopotamus","Grazer","Wetland_Grazer",9,4,1803,4,1713,4,1756,4,1616,0,-5,1794,-5,1704,-5,1747,-6,1606,0,-51.0568423958705,19607.0487836823,-58.0005459561086,18626.3273260004,-52.5521395075467,19101.2758725933,-60.4391770146221,17560.7215444085
"Conservancy_55","Puros","Impala","Mixed","Mixed_Open",7569,7045,93650,6622,88988,6861,91246,6244,83924,0,-525,86080,-947,81419,-709,83676,-1325,76355,0,-6.92973823027573,1137.20087781057,-12.5160865412622,1075.61607698472,-9.36521522046359,1105.4409137245,-17.5052390937843,1008.71593646649
"Conservancy_55","Puros","Klipspringer","Browser","Rocky_Browser",99526,98669,134324,93408,127623,96123,130875,88088,120359,0,-857,34797,-6119,28097,-3404,31348,-11439,20833,0,-0.861078455238547,34.9627723951559,-6.14782266369994,28.2306715807448,-3.41980722886635,31.4973377353966,-11.4929564214484,20.9319820290563
"Conservancy_55","Puros","Kudu","Browser","Woodland_Browser",1035,827,4837,760,4596,804,4712,717,4334,0,-208,3802,-275,3561,-231,3677,-319,3299,0,-20.11761257889,367.256813393935,-26.5643999250953,343.984549330629,-22.2964625051203,355.228908888669,-30.770295337739,318.712753248344
"Conservancy_55","Puros","Leopard","Carnivore","Carnivore",,,,,,,,,,,,,,,,,,,,,,,,,,,
"Conservancy_55","Puros","Ostrich","Mixed","Mixed_Open",3785,3522,46825,3311,44494,3430,45623,3122,41962,0,-262,43040,-474,40709,-354,41838,-663,38177,0,-6.92973823027573,1137.20087781057,-12.5160865412622,1075.61607698472,-9.36521522046359,1105.4409137245,-17.5052390937843,1008.71593646649
"Conservancy_55","Puros","Red Hartebeest","Grazer","General_Grazer",2306,2223,38651,2100,36727,2165,37659,1980,34637,0,-83,36345,-206,34422,-140,35353,-325,32332,0,-3.58634731503847,1576.3637989313,-8.92835665038837,1492.92535051295,-6.0854812288301,1533.34138788477,-14.11729076937,1402.27995773935
"Conservancy_55","Puros","Red Lechwe","Grazer","Wetland_Grazer",160,78,31547,67,29977,76,30738,63,28272,0,-82,31387,-93,29817,-84,30578,-97,28111,0,-51.0568423958705,19607.0487836823,-58.0005459561086,18626.3273260004,-52.5521395075467,19101.2758725933,-60.4391770146221,17560.7215444085
"Conservancy_55","Puros","Reedbuck","Grazer","Wetland_Grazer",285,139,56084,120,53293,135,54645,113,50261,0,-145,55800,-165,53009,-150,54360,-172,49976,0,-51.0568423958705,19607.0487836823,-58.0005459561086,18626.3273260004,-52.5521395075467,19101.2758725933,-60.4391770146221,17560.7215444085
"Conservancy_55","Puros","Roan","Grazer","General_Grazer",1441,1389,24157,1312,22955,1353,23537,1238,21648,0,-52,22716,-129,21513,-88,22096,-203,20207,0,-3.58634731503848,1576.3637989313,-8.92835665038836,1492.92535051295,-6.08548122883012,1533.34138788477,-14.11729076937,1402.27995773935
"Conservancy_55","Puros","Sable","Grazer","General_Grazer",1729,1667,28988,1575,27545,1624,28244,1485,25978,0,-62,27259,-154,25816,-105,26515,-244,24249,0,-3.58634731503848,1576.3637989313,-8.92835665038836,1492.92535051295,-6.08548122883011,1533.34138788477,-14.11729076937,1402.27995773935
"Conservancy_55","Puros","Spotted Hyaena","Carnivore","Carnivore",,,,,,,,,,,,,,,,,,,,,,,,,,,
"Conservancy_55","Puros","Springbok","Grazer","Arid_Grazer",25339,25335,140330,24017,133343,24683,136729,22649,125755,0,-4,114991,-1322,108004,-656,111390,-2690,100416,0,-0.0170829646887027,453.807924967671,-5.21914662286386,426.23273129611,-2.59064929204601,439.596657908101,-10.6157749861094,396.286683104991
"Conservancy_55","Puros","Steenbok","Browser","Shrub_Browser",51611,47802,138887,44864,131966,46548,135315,42305,124455,0,-3809,87276,-6746,80356,-5063,83705,-9306,72844,0,-7.37982372527003,169.104068302323,-13.0716942080419,155.695207949208,-9.81062099517252,162.184223642441,-18.0305976334774,141.141409117052
"Conservancy_55","Puros","Vervet monkey","Omnivore","Omnivore",51841,47802,419097,44864,398233,46548,408336,42305,375570,0,-4039,367256,-6977,346392,-5293,356495,-9536,323729,0,-7.7909912342071,708.428613041132,-13.457593872523,668.180930944444,-10.2109974983223,687.669277979956,-18.3944833043504,624.46493432566
"Conservancy_55","Puros","Warthog","Grazer","General_Grazer",4941,4763,82824,4500,78701,4640,80698,4243,74223,0,-177,77883,-441,73761,-301,75757,-697,69282,0,-3.58634731503848,1576.3637989313,-8.92835665038837,1492.92535051295,-6.0854812288301,1533.34138788477,-14.11729076937,1402.27995773935
"Conservancy_56","Okondjombo","Baboon","Omnivore","Omnivore",30181,28721,54451,27148,51568,27858,52862,25864,49058,0,-1460,24270,-3033,21386,-2323,22681,-4317,18877,0,-4.83636847856467,80.4132204289903,-10.0481482704066,70.8604777902321,-7.69747260987914,75.1492997663186,-14.3043247597416,62.5467944941899
"Conservancy_56","Okondjombo","Black rhinoceros","Browser","Shrub_Browser",1385,1355,1152,1285,1091,1314,1118,1224,1039,0,-30,-234,-100,-294,-71,-268,-161,-347,0,-2.16677846474318,-16.8629576107149,-7.24240491339259,-21.224856115753,-5.11039363135632,-19.3119049728316,-11.6367749617848,-25.0209500760865
"Conservancy_56","Okondjombo","Black-backed Jackal","Carnivore","Carnivore",,,,,,,,,,,,,,,,,,,,,,,,,,,
"Conservancy_56","Okondjombo","Black-faced Impala","Mixed","Mixed_Open",19974,18513,54310,17446,51427,17957,52730,16621,48917,0,-1461,34336,-2528,31453,-2017,32756,-3353,28943,0,-7.31423709681389,171.90239798793,-12.6566089201887,157.467326209141,-10.0962026769459,163.992101143288,-16.7877525709265,144.903107157552
"Conservancy_56","Okondjombo","Blue wildebeest","Grazer","General_Grazer",2981,2597,14336,2429,13573,2520,13920,2314,12909,0,-384,11354,-552,10591,-461,10938,-667,9927,0,-12.8801712496951,380.821004746406,-18.5278794713563,355.23615519709,-15.4771096602308,366.8707997189,-22.3873707635992,332.960924396719
"Conservancy_56","Okondjombo","Buffalo","Grazer","General_Grazer",1312,1143,6308,1069,5972,1109,6125,1018,5680,0,-169,4996,-243,4660,-203,4813,-294,4368,0,-12.8801712496951,380.821004746406,-18.5278794713563,355.23615519709,-15.4771096602308,366.8707997189,-22.3873707635992,332.96092439672
"Conservancy_56","Okondjombo","Burchell's zebra","Grazer","General_Grazer",2050,1786,9856,1670,9331,1733,9570,1591,8875,0,-264,7806,-380,7282,-317,7520,-459,6825,0,-12.8801712496951,380.821004746406,-18.5278794713563,355.23615519709,-15.4771096602308,366.8707997189,-22.3873707635992,332.960924396719
"Conservancy_56","Okondjombo","Bushpig","Omnivore","Omnivore",12072,11489,21780,10859,20627,11143,21145,10346,19623,0,-584,9708,-1213,8555,-929,9072,-1727,7551,0,-4.83636847856466,80.4132204289903,-10.0481482704066,70.8604777902321,-7.69747260987913,75.1492997663186,-14.3043247597416,62.5467944941899
"Conservancy_56","Okondjombo","Cheetah","Carnivore","Carnivore",,,,,,,,,,,,,,,,,,,,,,,,,,,
"Conservancy_56","Okondjombo","Damara dik dik","Browser","Shrub_Browser",277046,271043,230328,256981,218243,262887,223543,244806,207726,0,-6003,-46718,-20065,-58803,-14158,-53503,-32239,-69319,0,-2.16677846474318,-16.8629576107149,-7.24240491339259,-21.224856115753,-5.11039363135631,-19.3119049728315,-11.6367749617848,-25.0209500760865
"Conservancy_56","Okondjombo","Duiker","Browser","Woodland_Browser",62590,61180,49900,58015,47285,59330,48425,55278,45014,0,-1410,-12690,-4575,-15306,-3260,-14165,-7312,-17577,0,-2.25314930657895,-20.2754523231078,-7.31011198238145,-24.4536643368938,-5.20806273736049,-22.6318483863965,-11.6823071834335,-28.0819805521722
"Conservancy_56","Okondjombo","Eland","Mixed","Mixed_Open",1997,1851,5431,1745,5143,1796,5273,1662,4892,0,-146,3434,-253,3145,-202,3276,-335,2894,0,-7.3142370968139,171.90239798793,-12.6566089201887,157.467326209141,-10.0962026769459,163.992101143288,-16.7877525709265,144.903107157552
"Conservancy_56","Okondjombo","Elephant","Mixed","Large_Mixed",321,305,587,289,556,296,569,275,528,0,-15,266,-32,235,-25,249,-46,208,0,-4.82969568235118,82.8362981285296,-10.0505115561995,73.153609461365,-7.68532879570235,77.5047782917667,-14.3142292361643,64.7236169223497
"Conservancy_56","Okondjombo","Gemsbok","Mixed","Arid_Mixed",5515,5194,12703,4901,12029,5039,12333,4667,11441,0,-321,7188,-614,6514,-476,6818,-848,5926,0,-5.82320337158638,130.330973983858,-11.1344028838383,118.111142150606,-8.62408372499457,123.635727687589,-15.3771680209091,107.459448494084
"Conservancy_56","Okondjombo","Giraffe","Browser","Woodland_Browser",1289,1260,1027,1194,974,1222,997,1138,927,0,-29,-261,-94,-315,-67,-292,-151,-362,0,-2.25314930657894,-20.2754523231078,-7.31011198238143,-24.4536643368938,-5.20806273736048,-22.6318483863965,-11.6823071834335,-28.0819805521722
"Conservancy_56","Okondjombo","Hartmann's zebra","Grazer","Arid_Grazer",3423,3166,10293,2980,9746,3073,9994,2837,9269,0,-257,6869,-443,6322,-351,6571,-586,5846,0,-7.51919268279804,200.658831810109,-12.9468822792516,184.684103955752,-10.2494941945089,191.936501149955,-17.1248699225491,170.754235006987
"Conservancy_56","Okondjombo","Hippopotamus","Grazer","Wetland_Grazer",128,102,975,94,923,99,946,90,878,0,-27,846,-35,794,-30,818,-39,749,0,-20.8919664181166,658.798299975766,-26.8991901757652,618.383429197497,-23.2710067263342,636.790807160795,-30.306264142747,583.218484516093
"Conservancy_56","Okondjombo","Impala","Mixed","Mixed_Open",19974,18513,54310,17446,51427,17957,52730,16621,48917,0,-1461,34336,-2528,31453,-2017,32756,-3353,28943,0,-7.31423709681389,171.90239798793,-12.6566089201887,157.467326209141,-10.0962026769459,163.992101143288,-16.7877525709265,144.903107157552
"Conservancy_56","Okondjombo","Klipspringer","Browser","Rocky_Browser",115548,113705,91027,107807,86251,110324,88361,102644,82072,0,-1843,-24520,-7741,-29296,-5224,-27186,-12904,-33476,0,-1.59469761946256,-21.2209720834728,-6.69913032249236,-25.3543129962558,-4.52088659350656,-23.5282255306442,-11.1676129340145,-28.9713888606259
"Conservancy_56","Okondjombo","Kudu","Browser","Woodland_Browser",5765,5635,4596,5343,4355,5465,4460,5091,4146,0,-130,-1169,-421,-1410,-300,-1305,-673,-1619,0,-2.25314930657894,-20.2754523231078,-7.31011198238145,-24.4536643368938,-5.20806273736049,-22.6318483863965,-11.6823071834335,-28.0819805521722
"Conservancy_56","Okondjombo","Leopard","Carnivore","Carnivore",,,,,,,,,,,,,,,,,,,,,,,,,,,
"Conservancy_56","Okondjombo","Ostrich","Mixed","Mixed_Open",9987,9257,27155,8723,25713,8979,26365,8310,24459,0,-730,17168,-1264,15726,-1008,16378,-1677,14472,0,-7.31423709681389,171.90239798793,-12.6566089201887,157.467326209141,-10.0962026769459,163.992101143288,-16.7877525709265,144.903107157552
"Conservancy_56","Okondjombo","Red Hartebeest","Grazer","General_Grazer",4373,3810,21026,3563,19907,3696,20416,3394,18933,0,-563,16653,-810,15534,-677,16043,-979,14560,0,-12.8801712496951,380.821004746406,-18.5278794713563,355.23615519709,-15.4771096602308,366.8707997189,-22.3873707635992,332.960924396719
"Conservancy_56","Okondjombo","Red Lechwe","Grazer","Wetland_Grazer",2248,1778,17058,1643,16149,1725,16563,1567,15359,0,-470,14810,-605,13901,-523,14315,-681,13111,0,-20.8919664181166,658.798299975766,-26.8991901757652,618.383429197497,-23.2710067263342,636.790807160795,-30.306264142747,583.218484516093
"Conservancy_56","Okondjombo","Reedbuck","Grazer","Wetland_Grazer",3996,3161,30325,2921,28710,3066,29445,2785,27304,0,-835,26328,-1075,24713,-930,25449,-1211,23308,0,-20.8919664181166,658.798299975766,-26.8991901757652,618.383429197497,-23.2710067263342,636.790807160795,-30.306264142747,583.218484516093
"Conservancy_56","Okondjombo","Roan","Grazer","General_Grazer",2733,2381,13141,2227,12442,2310,12760,2121,11833,0,-352,10408,-506,9709,-423,10027,-612,9100,0,-12.8801712496951,380.821004746406,-18.5278794713563,355.23615519709,-15.4771096602308,366.8707997189,-22.3873707635992,332.960924396719
"Conservancy_56","Okondjombo","Sable","Grazer","General_Grazer",3280,2857,15769,2672,14930,2772,15312,2545,14200,0,-422,12490,-608,11650,-508,12032,-734,10920,0,-12.8801712496951,380.821004746406,-18.5278794713563,355.23615519709,-15.4771096602308,366.8707997189,-22.3873707635992,332.96092439672
"Conservancy_56","Okondjombo","Spotted Hyaena","Carnivore","Carnivore",,,,,,,,,,,,,,,,,,,,,,,,,,,
"Conservancy_56","Okondjombo","Springbok","Grazer","Arid_Grazer",25225,23328,75841,21959,71812,22640,73641,20905,68298,0,-1897,50616,-3266,46587,-2585,48416,-4320,43073,0,-7.51919268279803,200.658831810109,-12.9468822792516,184.684103955752,-10.2494941945089,191.936501149955,-17.1248699225491,170.754235006987
"Conservancy_56","Okondjombo","Steenbok","Browser","Shrub_Browser",138523,135521,115164,128490,109122,131444,111771,122403,103863,0,-3001,-23359,-10032,-29401,-7079,-26751,-16120,-34660,0,-2.16677846474318,-16.8629576107149,-7.24240491339259,-21.224856115753,-5.11039363135631,-19.3119049728315,-11.6367749617848,-25.0209500760865
"Conservancy_56","Okondjombo","Vervet monkey","Omnivore","Omnivore",144869,137863,261363,130313,247524,133718,253737,124147,235480,0,-7006,116494,-14557,102655,-11151,108868,-20723,90611,0,-4.83636847856468,80.4132204289903,-10.0481482704066,70.8604777902321,-7.69747260987914,75.1492997663186,-14.3043247597416,62.5467944941899
"Conservancy_56","Okondjombo","Warthog","Grazer","General_Grazer",9370,8163,45055,7634,42657,7920,43748,7273,40570,0,-1207,35684,-1736,33287,-1450,34377,-2098,31200,0,-12.8801712496951,380.821004746406,-18.5278794713563,355.23615519709,-15.4771096602308,366.8707997189,-22.3873707635992,332.960924396719
"Conservancy_57","Otjikongo","Baboon","Omnivore","Omnivore",22124,20738,34932,19372,33021,20073,33814,18356,31263,0,-1385,12808,-2752,10897,-2051,11690,-3768,9139,0,-6.26165771900176,57.8910529819441,-12.4402215053229,49.2561789782669,-9.26881840301015,52.8394241287379,-17.0317789625343,41.309345499212
"Conservancy_57","Otjikongo","Black rhinoceros","Browser","Shrub_Browser",982,950,765,901,728,919,740,854,689,0,-32,-217,-81,-254,-62,-241,-128,-292,0,-3.25779242453123,-22.0967964975901,-8.20357839046715,-25.8513714838938,-6.36191431273193,-24.5922249318873,-13.0161589382429,-29.7787621825456
"Conservancy_57","Otjikongo","Black-backed Jackal","Carnivore","Carnivore",,,,,,,,,,,,,,,,,,,,,,,,,,,
"Conservancy_57","Otjikongo","Black-faced Impala","Mixed","Mixed_Open",15063,13722,34472,12627,32518,13282,33369,11964,30784,0,-1341,19409,-2436,17456,-1781,18306,-3098,15721,0,-8.90045492347578,128.853672655934,-16.1699332622444,115.887108098772,-11.822245225596,121.534345398336,-20.5688353011284,104.373532269823
"Conservancy_57","Otjikongo","Blue wildebeest","Grazer","General_Grazer",2378,2035,9009,1807,8483,1970,8721,1712,8029,0,-343,6631,-570,6105,-408,6343,-665,5652,0,-14.4115231723537,278.916334301353,-23.9806125971627,256.784248724287,-17.1545034686054,266.801779109343,-27.981181105794,237.726005128833
"Conservancy_57","Otjikongo","Buffalo","Grazer","General_Grazer",1046,895,3964,795,3732,867,3837,753,3533,0,-151,2918,-251,2686,-179,2791,-293,2487,0,-14.4115231723537,278.916334301353,-23.9806125971627,256.784248724287,-17.1545034686054,266.801779109343,-27.981181105794,237.726005128833
"Conservancy_57","Otjikongo","Burchell's zebra","Grazer","General_Grazer",1635,1399,6194,1243,5832,1354,5996,1177,5520,0,-236,4559,-392,4197,-280,4361,-457,3886,0,-14.4115231723537,278.916334301353,-23.9806125971627,256.784248724287,-17.1545034686054,266.801779109343,-27.981181105794,237.726005128833
"Conservancy_57","Otjikongo","Bushpig","Omnivore","Omnivore",8850,8295,13973,7749,13208,8029,13526,7342,12505,0,-554,5123,-1101,4359,-820,4676,-1507,3656,0,-6.26165771900177,57.891052981944,-12.4402215053229,49.2561789782669,-9.26881840301016,52.8394241287379,-17.0317789625343,41.309345499212
"Conservancy_57","Otjikongo","Cheetah","Carnivore","Carnivore",,,,,,,,,,,,,,,,,,,,,,,,,,,
"Conservancy_57","Otjikongo","Damara dik dik","Browser","Shrub_Browser",196370,189973,152978,180261,145606,183877,148078,170810,137893,0,-6397,-43391,-16109,-50764,-12493,-48292,-25560,-58477,0,-3.25779242453125,-22.0967964975901,-8.20357839046715,-25.8513714838938,-6.36191431273194,-24.5922249318873,-13.0161589382429,-29.7787621825456
"Conservancy_57","Otjikongo","Duiker","Browser","Woodland_Browser",44898,43424,33505,41218,31914,42030,32432,39062,30227,0,-1475,-11393,-3680,-12984,-2869,-12467,-5836,-14671,0,-3.28495935342923,-25.3757073351617,-8.19611738940782,-28.9184481957308,-6.38931511582197,-27.7668076894407,-12.998037060345,-32.6763360149057
"Conservancy_57","Otjikongo","Eland","Mixed","Mixed_Open",1506,1372,3447,1263,3252,1328,3337,1196,3078,0,-134,1941,-244,1746,-178,1831,-310,1572,0,-8.90045492347579,128.853672655934,-16.1699332622444,115.887108098772,-11.822245225596,121.534345398336,-20.5688353011284,104.373532269823
"Conservancy_57","Otjikongo","Elephant","Mixed","Large_Mixed",234,219,376,205,355,212,364,194,336,0,-15,141,-29,121,-22,129,-40,102,0,-6.29616258966901,60.4087931187041,-12.5071751320603,51.6155989237855,-9.3017657347522,55.2768866125801,-17.0996541984581,43.5403555140379
"Conservancy_57","Otjikongo","Gemsbok","Mixed","Arid_Mixed",4001,3698,8045,3426,7593,3580,7787,3245,7188,0,-303,4044,-575,3592,-421,3786,-756,3187,0,-7.56664660356624,101.061801727491,-14.3770918161764,89.7681692337142,-10.5293466317886,94.6315118403528,-18.8908539777213,79.6420132471413
"Conservancy_57","Otjikongo","Giraffe","Browser","Woodland_Browser",924,894,690,849,657,865,668,804,622,0,-30,-235,-76,-267,-59,-257,-120,-302,0,-3.28495935342923,-25.3757073351617,-8.19611738940783,-28.9184481957308,-6.38931511582198,-27.7668076894407,-12.998037060345,-32.6763360149057
"Conservancy_57","Otjikongo","Hartmann's zebra","Grazer","Arid_Grazer",2502,2263,6472,2071,6101,2191,6265,1961,5775,0,-239,3970,-431,3599,-311,3763,-540,3273,0,-9.5415689522512,158.696992759908,-17.2202351361703,143.872013827468,-12.4391202853956,150.425410911142,-21.5996048478031,130.843680365934
"Conservancy_57","Otjikongo","Hippopotamus","Grazer","Wetland_Grazer",114,90,611,77,575,88,592,73,545,0,-23,498,-37,461,-26,478,-41,431,0,-20.6176905483568,436.88102884525,-32.6503353504607,405.132510310293,-23.1623677731809,419.717505773372,-36.1784686326586,378.145066736178
"Conservancy_57","Otjikongo","Impala","Mixed","Mixed_Open",15063,13722,34472,12627,32518,13282,33369,11964,30784,0,-1341,19409,-2436,17456,-1781,18306,-3098,15721,0,-8.90045492347578,128.853672655934,-16.1699332622444,115.887108098772,-11.822245225596,121.534345398336,-20.5688353011284,104.373532269823
"Conservancy_57","Otjikongo","Klipspringer","Browser","Rocky_Browser",79048,76867,59403,73024,56543,74403,57501,69173,53538,0,-2180,-19645,-6023,-22504,-4644,-21547,-9874,-25509,0,-2.75818824676822,-24.8520074001617,-7.61958707309252,-28.4695202581871,-5.87550919645164,-27.2581814536343,-12.4917574595327,-32.2709403201306
"Conservancy_57","Otjikongo","Kudu","Browser","Woodland_Browser",4135,4000,3086,3796,2939,3871,2987,3598,2784,0,-136,-1049,-339,-1196,-264,-1148,-538,-1351,0,-3.28495935342923,-25.3757073351617,-8.19611738940784,-28.9184481957308,-6.38931511582199,-27.7668076894407,-12.998037060345,-32.6763360149057
"Conservancy_57","Otjikongo","Leopard","Carnivore","Carnivore",,,,,,,,,,,,,,,,,,,,,,,,,,,
"Conservancy_57","Otjikongo","Ostrich","Mixed","Mixed_Open",7531,6861,17236,6314,16259,6641,16685,5982,15392,0,-670,9704,-1218,8728,-890,9153,-1549,7861,0,-8.90045492347578,128.853672655934,-16.1699332622444,115.887108098772,-11.822245225596,121.534345398336,-20.5688353011284,104.373532269823
"Conservancy_57","Otjikongo","Red Hartebeest","Grazer","General_Grazer",3487,2984,13213,2651,12441,2889,12790,2511,11777,0,-503,9726,-836,8954,-598,9303,-976,8290,0,-14.4115231723537,278.916334301353,-23.9806125971627,256.784248724287,-17.1545034686054,266.801779109343,-27.981181105794,237.726005128833
"Conservancy_57","Otjikongo","Red Lechwe","Grazer","Wetland_Grazer",1993,1582,10701,1342,10068,1532,10359,1272,9530,0,-411,8708,-651,8075,-462,8366,-721,7537,0,-20.6176905483568,436.88102884525,-32.6503353504607,405.132510310293,-23.1623677731809,419.717505773372,-36.1784686326586,378.145066736178
"Conservancy_57","Otjikongo","Reedbuck","Grazer","Wetland_Grazer",3544,2813,19024,2387,17899,2723,18416,2262,16943,0,-731,15481,-1157,14356,-821,14873,-1282,13400,0,-20.6176905483568,436.88102884525,-32.6503353504607,405.132510310293,-23.1623677731809,419.717505773372,-36.1784686326586,378.145066736178
"Conservancy_57","Otjikongo","Roan","Grazer","General_Grazer",2179,1865,8258,1657,7776,1806,7994,1570,7360,0,-314,6079,-523,5596,-374,5815,-610,5181,0,-14.4115231723537,278.916334301353,-23.9806125971627,256.784248724287,-17.1545034686054,266.801779109343,-27.981181105794,237.726005128833
"Conservancy_57","Otjikongo","Sable","Grazer","General_Grazer",2615,2238,9910,1988,9331,2167,9593,1883,8832,0,-377,7294,-627,6716,-449,6978,-732,6217,0,-14.4115231723537,278.916334301353,-23.9806125971627,256.784248724287,-17.1545034686054,266.801779109343,-27.981181105794,237.726005128833
"Conservancy_57","Otjikongo","Spotted Hyaena","Carnivore","Carnivore",,,,,,,,,,,,,,,,,,,,,,,,,,,
"Conservancy_57","Otjikongo","Springbok","Grazer","Arid_Grazer",18435,16676,47690,15260,44957,16141,46165,14453,42555,0,-1759,29255,-3174,26522,-2293,27730,-3982,24120,0,-9.54156895225119,158.696992759908,-17.2202351361703,143.872013827468,-12.4391202853956,150.425410911142,-21.5996048478031,130.843680365934
"Conservancy_57","Otjikongo","Steenbok","Browser","Shrub_Browser",98185,94986,76489,90130,72803,91939,74039,85405,68947,0,-3199,-21696,-8055,-25382,-6246,-24146,-12780,-29238,0,-3.25779242453125,-22.0967964975901,-8.20357839046715,-25.8513714838938,-6.36191431273194,-24.5922249318873,-13.0161589382429,-29.7787621825456
"Conservancy_57","Otjikongo","Vervet monkey","Omnivore","Omnivore",106194,99545,167671,92983,158502,96351,162307,88108,150062,0,-6650,61477,-13211,52307,-9843,56112,-18087,43868,0,-6.26165771900178,57.891052981944,-12.4402215053229,49.2561789782669,-9.26881840301015,52.8394241287379,-17.0317789625343,41.309345499212
"Conservancy_57","Otjikongo","Warthog","Grazer","General_Grazer",7472,6395,28313,5680,26660,6190,27408,5381,25235,0,-1077,20841,-1792,19187,-1282,19936,-2091,17763,0,-14.4115231723537,278.916334301353,-23.9806125971627,256.784248724287,-17.1545034686054,266.801779109343,-27.981181105794,237.726005128833
"Conservancy_58","Kunene River","Baboon","Omnivore","Omnivore",152382,149411,149642,143289,143378,144402,144625,137575,137661,0,-2971,-2741,-9094,-9004,-7980,-7757,-14807,-14721,0,-1.94979020843593,-1.79862658943657,-5.96771118772157,-5.90889307268327,-5.23674888283033,-5.0904218462441,-9.71701262104751,-9.660435742331
"Conservancy_58","Kunene River","Black rhinoceros","Browser","Shrub_Browser",7269,7164,4082,6876,3914,6924,3945,6601,3758,0,-105,-3188,-394,-3355,-345,-3324,-668,-3511,0,-1.44408515152373,-43.8521202557549,-5.4147054270141,-46.1540221444111,-4.74816249141588,-45.7327445086417,-9.1860925539283,-48.2988691768368
"Conservancy_58","Kunene River","Black-backed Jackal","Carnivore","Carnivore",,,,,,,,,,,,,,,,,,,,,,,,,,,
"Conservancy_58","Kunene River","Black-faced Impala","Mixed","Mixed_Open",95450,93338,136175,89444,130427,90209,131608,85878,125224,0,-2112,40725,-6005,34977,-5241,36159,-9572,29775,0,-2.21269962719174,42.6664472540353,-6.29174894930422,36.6446025742886,-5.49069370438382,37.8825413857183,-10.0280902270908,31.1942225899172
"Conservancy_58","Kunene River","Blue wildebeest","Grazer","General_Grazer",11864,11463,32714,10959,31321,11079,31617,10522,30071,0,-401,20851,-905,19457,-785,19753,-1342,18207,0,-3.3762345196362,175.755666273686,-7.6281116794742,164.009091642677,-6.61473060477174,166.505717397356,-11.3110417642109,153.474002786778
"Conservancy_58","Kunene River","Buffalo","Grazer","General_Grazer",5220,5044,14394,4822,13781,4875,13911,4630,13231,0,-176,9174,-398,8561,-345,8692,-590,8011,0,-3.3762345196362,175.755666273686,-7.62811167947419,164.009091642677,-6.61473060477174,166.505717397356,-11.3110417642109,153.474002786778
"Conservancy_58","Kunene River","Burchell's zebra","Grazer","General_Grazer",8156,7881,22491,7534,21533,7617,21737,7234,20674,0,-275,14335,-622,13377,-540,13580,-923,12518,0,-3.37623451963619,175.755666273686,-7.6281116794742,164.009091642677,-6.61473060477173,166.505717397356,-11.3110417642109,153.474002786778
"Conservancy_58","Kunene River","Bushpig","Omnivore","Omnivore",60953,59764,59857,57315,57351,57761,57850,55030,55065,0,-1188,-1096,-3637,-3602,-3192,-3103,-5923,-5888,0,-1.94979020843592,-1.79862658943657,-5.96771118772157,-5.90889307268327,-5.23674888283034,-5.09042184624409,-9.71701262104752,-9.660435742331
"Conservancy_58","Kunene River","Cheetah","Carnivore","Carnivore",,,,,,,,,,,,,,,,,,,,,,,,,,,
"Conservancy_58","Kunene River","Damara dik dik","Browser","Shrub_Browser",1453843,1432848,816302,1375121,782836,1384812,788961,1320291,751653,0,-20995,-637541,-78721,-671007,-69031,-664882,-133551,-702190,0,-1.44408515152371,-43.8521202557549,-5.41470542701408,-46.1540221444111,-4.74816249141588,-45.7327445086417,-9.18609255392829,-48.2988691768368
"Conservancy_58","Kunene River","Duiker","Browser","Woodland_Browser",353336,347922,191134,333932,183319,336258,184733,320617,176017,0,-5414,-162201,-19403,-170016,-17078,-168603,-32718,-177318,0,-1.53225509780773,-45.9057076456707,-5.49151295423583,-48.1175673623368,-4.8333711049081,-47.7174037471261,-9.25984920574089,-50.1840361218088
"Conservancy_58","Kunene River","Eland","Mixed","Mixed_Open",9545,9334,13617,8944,13043,9021,13161,8588,12522,0,-211,4072,-601,3498,-524,3616,-957,2977,0,-2.21269962719173,42.6664472540354,-6.29174894930422,36.6446025742886,-5.4906937043838,37.8825413857183,-10.0280902270908,31.1942225899173
"Conservancy_58","Kunene River","Elephant","Mixed","Large_Mixed",1566,1537,1584,1474,1517,1485,1530,1415,1457,0,-29,17,-92,-49,-81,-36,-151,-110,0,-1.87686659786567,1.09371357541834,-5.90462811075028,-3.14186158085035,-5.16625883842813,-2.2951383510884,-9.65643775452621,-7.00386350783554
"Conservancy_58","Kunene River","Gemsbok","Mixed","Arid_Mixed",22713,22227,30950,21299,29643,21482,29912,20450,28461,0,-486,8237,-1414,6930,-1231,7199,-2263,5748,0,-2.14033388556423,36.2654750023654,-6.2263531992144,30.5119426845626,-5.42074832282651,31.6963740626114,-9.96528051087645,25.3064120260561
"Conservancy_58","Kunene River","Giraffe","Browser","Woodland_Browser",7275,7163,3935,6875,3774,6923,3803,6601,3624,0,-111,-3339,-399,-3500,-352,-3471,-674,-3651,0,-1.53225509780772,-45.9057076456708,-5.49151295423585,-48.1175673623368,-4.8333711049081,-47.7174037471261,-9.25984920574089,-50.1840361218088
"Conservancy_58","Kunene River","Hartmann's zebra","Grazer","Arid_Grazer",11885,11562,23400,11066,22405,11175,22615,10625,21511,0,-323,11515,-819,10520,-710,10730,-1260,9626,0,-2.71387436867015,96.8862090516731,-6.88801120913934,88.5195543274629,-5.97480396942575,90.2828891634154,-10.6004783415288,80.998225444776
"Conservancy_58","Kunene River","Hippopotamus","Grazer","Wetland_Grazer",542,516,2197,492,2103,499,2123,473,2019,0,-25,1655,-49,1561,-43,1581,-69,1477,0,-4.67275569641344,305.613142277226,-9.06427135345834,288.291585674753,-7.86735425907361,292.005576457823,-12.6898566075159,272.794794181441
"Conservancy_58","Kunene River","Impala","Mixed","Mixed_Open",95450,93338,136175,89444,130427,90209,131608,85878,125224,0,-2112,40725,-6005,34977,-5241,36159,-9572,29775,0,-2.21269962719174,42.6664472540353,-6.29174894930422,36.6446025742886,-5.49069370438382,37.8825413857183,-10.0280902270908,31.1942225899172
"Conservancy_58","Kunene River","Klipspringer","Browser","Rocky_Browser",496126,488664,278399,468888,266942,472282,269075,450192,256309,0,-7462,-217727,-27238,-229184,-23844,-227052,-45934,-239817,0,-1.50404299458413,-43.8853681960064,-5.49016574740624,-46.1947500559751,-4.80606007746956,-45.7648536507744,-9.25851111141337,-48.3379532851878
"Conservancy_58","Kunene River","Kudu","Browser","Woodland_Browser",32544,32045,17604,30757,16885,30971,17015,29531,16212,0,-499,-14940,-1787,-15659,-1573,-15529,-3014,-16332,0,-1.53225509780773,-45.9057076456708,-5.49151295423585,-48.1175673623368,-4.83337110490811,-47.7174037471261,-9.25984920574088,-50.1840361218088
"Conservancy_58","Kunene River","Leopard","Carnivore","Carnivore",,,,,,,,,,,,,,,,,,,,,,,,,,,
"Conservancy_58","Kunene River","Ostrich","Mixed","Mixed_Open",47725,46669,68087,44722,65213,45104,65804,42939,62612,0,-1056,20362,-3003,17489,-2620,18079,-4786,14887,0,-2.21269962719174,42.6664472540353,-6.29174894930422,36.6446025742886,-5.49069370438382,37.8825413857183,-10.0280902270908,31.1942225899172
"Conservancy_58","Kunene River","Red Hartebeest","Grazer","General_Grazer",17400,16812,47981,16073,45937,16249,46371,15432,44104,0,-587,30581,-1327,28537,-1151,28972,-1968,26704,0,-3.37623451963619,175.755666273686,-7.6281116794742,164.009091642677,-6.61473060477174,166.505717397356,-11.3110417642109,153.474002786778
"Conservancy_58","Kunene River","Red Lechwe","Grazer","Wetland_Grazer",9477,9034,38439,8618,36798,8731,37150,8274,35329,0,-443,28963,-859,27321,-746,27673,-1203,25852,0,-4.67275569641346,305.613142277226,-9.06427135345835,288.291585674753,-7.86735425907362,292.005576457823,-12.6898566075159,272.794794181441
"Conservancy_58","Kunene River","Reedbuck","Grazer","Wetland_Grazer",16848,16061,68337,15321,65419,15522,66044,14710,62808,0,-787,51489,-1527,48571,-1325,49196,-2138,45960,0,-4.67275569641344,305.613142277226,-9.06427135345834,288.291585674753,-7.86735425907361,292.005576457823,-12.6898566075159,272.794794181441
"Conservancy_58","Kunene River","Roan","Grazer","General_Grazer",10875,10508,29988,10045,28711,10156,28982,9645,27565,0,-367,19113,-830,17836,-719,18107,-1230,16690,0,-3.37623451963619,175.755666273686,-7.6281116794742,164.009091642677,-6.61473060477174,166.505717397356,-11.3110417642109,153.474002786778
"Conservancy_58","Kunene River","Sable","Grazer","General_Grazer",13050,12609,35986,12054,34453,12187,34779,11574,33078,0,-441,22936,-995,21403,-863,21729,-1476,20028,0,-3.3762345196362,175.755666273686,-7.62811167947419,164.009091642677,-6.61473060477173,166.505717397356,-11.3110417642109,153.474002786778
"Conservancy_58","Kunene River","Spotted Hyaena","Carnivore","Carnivore",,,,,,,,,,,,,,,,,,,,,,,,,,,
"Conservancy_58","Kunene River","Springbok","Grazer","Arid_Grazer",87572,85196,172418,81540,165091,82340,166635,78289,158504,0,-2377,84845,-6032,77519,-5232,79063,-9283,70932,0,-2.71387436867014,96.8862090516731,-6.88801120913933,88.5195543274629,-5.97480396942574,90.2828891634155,-10.6004783415288,80.9982254447761
"Conservancy_58","Kunene River","Steenbok","Browser","Shrub_Browser",726921,716424,408151,687561,391418,692406,394480,660146,375827,0,-10497,-318770,-39361,-335503,-34515,-332441,-66776,-351095,0,-1.44408515152371,-43.8521202557549,-5.41470542701408,-46.1540221444111,-4.74816249141588,-45.7327445086417,-9.18609255392829,-48.2988691768368
"Conservancy_58","Kunene River","Vervet monkey","Omnivore","Omnivore",731435,717174,718279,687785,688215,693132,694202,660361,660775,0,-14261,-13156,-43650,-43220,-38303,-37233,-71074,-70660,0,-1.94979020843594,-1.79862658943658,-5.96771118772159,-5.90889307268327,-5.23674888283035,-5.0904218462441,-9.71701262104753,-9.66043574233101
"Conservancy_58","Kunene River","Warthog","Grazer","General_Grazer",37285,36026,102816,34441,98437,34819,99367,33068,94509,0,-1259,65531,-2844,61151,-2466,62082,-4217,57223,0,-3.37623451963619,175.755666273686,-7.62811167947419,164.009091642677,-6.61473060477174,166.505717397356,-11.3110417642109,153.474002786778
"Conservancy_59","Ombazu","Baboon","Omnivore","Omnivore",48365,46808,46867,44703,44750,45189,45245,42746,42791,0,-1557,-1498,-3662,-3615,-3177,-3120,-5619,-5574,0,-3.2191600203926,-3.09789001324379,-7.57156084988678,-7.473936884582,-6.56802584084408,-6.45080197535251,-11.6181119851366,-11.5244476560122
"Conservancy_59","Ombazu","Black rhinoceros","Browser","Shrub_Browser",2308,2243,1282,2144,1224,2166,1238,2050,1171,0,-65,-1026,-165,-1084,-143,-1070,-258,-1138,0,-2.82072367479037,-44.4484420716504,-7.13007999711181,-46.9555302095702,-6.1835343693134,-46.3708830126933,-11.1962467213478,-49.2783368223741
"Conservancy_59","Ombazu","Black-backed Jackal","Carnivore","Carnivore",,,,,,,,,,,,,,,,,,,,,,,,,,,
"Conservancy_59","Ombazu","Black-faced Impala","Mixed","Mixed_Open",30265,29185,42522,27876,40624,28175,41050,26656,38845,0,-1079,12257,-2388,10359,-2089,10786,-3609,8581,0,-3.56578026551442,40.499704135715,-7.89198356675782,34.2279989270675,-6.90272758621454,35.638344617837,-11.9247200998457,28.3521021308274
"Conservancy_59","Ombazu","Blue wildebeest","Grazer","General_Grazer",3753,3576,10195,3413,9742,3452,9843,3263,9315,0,-177,6442,-340,5989,-301,6089,-490,5562,0,-4.71432829238985,171.652737357864,-9.06819135977763,159.567800520592,-8.0113947864281,162.253932239823,-13.0493124180937,148.206260138976
"Conservancy_59","Ombazu","Buffalo","Grazer","General_Grazer",1651,1573,4486,1502,4286,1519,4331,1436,4099,0,-78,2835,-150,2635,-132,2679,-215,2447,0,-4.71432829238984,171.652737357864,-9.06819135977763,159.567800520592,-8.01139478642809,162.253932239823,-13.0493124180937,148.206260138976
"Conservancy_59","Ombazu","Burchell's zebra","Grazer","General_Grazer",2580,2459,7009,2346,6697,2374,6767,2244,6404,0,-122,4429,-234,4117,-207,4187,-337,3824,0,-4.71432829238984,171.652737357864,-9.06819135977762,159.567800520592,-8.01139478642809,162.253932239823,-13.0493124180937,148.206260138976
"Conservancy_59","Ombazu","Bushpig","Omnivore","Omnivore",19346,18723,18747,17881,17900,18075,18098,17098,17117,0,-623,-599,-1465,-1446,-1271,-1248,-2248,-2230,0,-3.21916002039261,-3.09789001324378,-7.57156084988678,-7.47393688458199,-6.56802584084408,-6.4508019753525,-11.6181119851366,-11.5244476560122
"Conservancy_59","Ombazu","Cheetah","Carnivore","Carnivore",,,,,,,,,,,,,,,,,,,,,,,,,,,
"Conservancy_59","Ombazu","Damara dik dik","Browser","Shrub_Browser",461685,448662,256473,428766,244898,433136,247598,409993,234174,0,-13023,-205212,-32918,-216787,-28548,-214087,-51691,-227511,0,-2.82072367479038,-44.4484420716504,-7.13007999711183,-46.9555302095702,-6.18353436931341,-46.3708830126933,-11.1962467213478,-49.2783368223741
"Conservancy_59","Ombazu","Duiker","Browser","Woodland_Browser",112104,108948,60075,104122,57365,105178,57996,99563,54853,0,-3156,-52029,-7982,-54739,-6926,-54108,-12541,-57251,0,-2.81510529138984,-46.411236932584,-7.12029497012326,-48.8286502432116,-6.17812831097723,-48.2657830337567,-11.186910357589,-51.0694861797147
"Conservancy_59","Ombazu","Eland","Mixed","Mixed_Open",3026,2919,4252,2788,4062,2818,4105,2666,3885,0,-108,1226,-239,1036,-209,1079,-361,858,0,-3.56578026551443,40.499704135715,-7.89198356675781,34.2279989270675,-6.90272758621454,35.638344617837,-11.9247200998457,28.3521021308274
"Conservancy_59","Ombazu","Elephant","Mixed","Large_Mixed",497,481,495,459,473,464,478,439,452,0,-16,-2,-37,-24,-33,-19,-58,-44,0,-3.21182609865838,-0.321026158704608,-7.52787870597964,-4.78160821871123,-6.56106492223496,-3.77013226977826,-11.5766056510008,-8.95022270304551
"Conservancy_59","Ombazu","Gemsbok","Mixed","Arid_Mixed",7203,6950,9665,6638,9233,6709,9331,6347,8829,0,-253,2462,-565,2030,-494,2128,-856,1626,0,-3.51638888893175,34.1853452328812,-7.84647177226428,28.1896664341001,-6.85501906117206,29.5424606053539,-11.8811797823318,22.5780437360469
"Conservancy_59","Ombazu","Giraffe","Browser","Woodland_Browser",2308,2243,1237,2144,1181,2165,1194,2050,1129,0,-65,-1071,-164,-1127,-143,-1114,-258,-1179,0,-2.81510529138984,-46.411236932584,-7.12029497012326,-48.8286502432116,-6.17812831097722,-48.2657830337567,-11.186910357589,-51.0694861797147
"Conservancy_59","Ombazu","Hartmann's zebra","Grazer","Arid_Grazer",3764,3611,7298,3448,6972,3486,7045,3297,6667,0,-153,3534,-316,3209,-278,3282,-467,2903,0,-4.0530970172014,93.8981324110727,-8.40172648219786,85.250383663322,-7.37306035375813,87.1894127087242,-12.4120330702,77.1414487245121
"Conservancy_59","Ombazu","Hippopotamus","Grazer","Wetland_Grazer",171,161,684,153,654,155,660,147,625,0,-10,513,-17,483,-16,490,-24,454,0,-5.83313167323852,300.849793031337,-10.203459280831,283.047139837762,-9.09140892667756,286.981172596093,-14.1348203180996,266.281362523941
"Conservancy_59","Ombazu","Impala","Mixed","Mixed_Open",30265,29185,42522,27876,40624,28175,41050,26656,38845,0,-1079,12257,-2388,10359,-2089,10786,-3609,8581,0,-3.56578026551442,40.499704135715,-7.89198356675782,34.2279989270675,-6.90272758621454,35.638344617837,-11.9247200998457,28.3521021308274
"Conservancy_59","Ombazu","Klipspringer","Browser","Rocky_Browser",157469,152997,87458,146197,83499,147703,84432,139796,79843,0,-4472,-70011,-11271,-73970,-9766,-73037,-17672,-77626,0,-2.83965309130967,-44.4599796039736,-7.15782739275153,-46.9742738409331,-6.20175937951274,-46.3819876544437,-11.2227256873789,-49.2962391252033
"Conservancy_59","Ombazu","Kudu","Browser","Woodland_Browser",10325,10035,5533,9590,5284,9687,5342,9170,5052,0,-291,-4792,-735,-5042,-638,-4984,-1155,-5273,0,-2.81510529138985,-46.411236932584,-7.12029497012327,-48.8286502432116,-6.17812831097723,-48.2657830337567,-11.186910357589,-51.0694861797147
"Conservancy_59","Ombazu","Leopard","Carnivore","Carnivore",,,,,,,,,,,,,,,,,,,,,,,,,,,
"Conservancy_59","Ombazu","Ostrich","Mixed","Mixed_Open",15132,14593,21261,13938,20312,14088,20525,13328,19423,0,-540,6129,-1194,5179,-1045,5393,-1804,4290,0,-3.56578026551442,40.499704135715,-7.89198356675782,34.2279989270675,-6.90272758621454,35.638344617837,-11.9247200998457,28.3521021308274
"Conservancy_59","Ombazu","Red Hartebeest","Grazer","General_Grazer",5504,5245,14953,5005,14288,5063,14436,4786,13662,0,-259,9449,-499,8783,-441,8931,-718,8158,0,-4.71432829238984,171.652737357864,-9.06819135977763,159.567800520592,-8.01139478642809,162.253932239823,-13.0493124180937,148.206260138976
"Conservancy_59","Ombazu","Red Lechwe","Grazer","Wetland_Grazer",2987,2812,11972,2682,11440,2715,11558,2564,10939,0,-174,8985,-305,8453,-272,8571,-422,7953,0,-5.8331316732385,300.849793031337,-10.203459280831,283.047139837762,-9.09140892667756,286.981172596093,-14.1348203180996,266.281362523941
"Conservancy_59","Ombazu","Reedbuck","Grazer","Wetland_Grazer",5310,5000,21283,4768,20338,4827,20547,4559,19448,0,-310,15974,-542,15028,-483,15237,-750,14138,0,-5.83313167323852,300.849793031337,-10.203459280831,283.047139837762,-9.09140892667757,286.981172596093,-14.1348203180996,266.281362523941
"Conservancy_59","Ombazu","Roan","Grazer","General_Grazer",3440,3278,9346,3128,8930,3165,9022,2991,8539,0,-162,5905,-312,5490,-276,5582,-449,5099,0,-4.71432829238983,171.652737357864,-9.06819135977763,159.567800520592,-8.01139478642808,162.253932239823,-13.0493124180937,148.206260138976
"Conservancy_59","Ombazu","Sable","Grazer","General_Grazer",4128,3934,11215,3754,10716,3798,10827,3590,10247,0,-195,7086,-374,6588,-331,6698,-539,6118,0,-4.71432829238984,171.652737357864,-9.06819135977764,159.567800520592,-8.01139478642809,162.253932239823,-13.0493124180937,148.206260138976
"Conservancy_59","Ombazu","Spotted Hyaena","Carnivore","Carnivore",,,,,,,,,,,,,,,,,,,,,,,,,,,
"Conservancy_59","Ombazu","Springbok","Grazer","Arid_Grazer",27733,26609,53774,25403,51375,25688,51913,24291,49127,0,-1124,26041,-2330,23642,-2045,24180,-3442,21394,0,-4.05309701720139,93.8981324110727,-8.40172648219786,85.250383663322,-7.37306035375813,87.1894127087242,-12.4120330701999,77.1414487245121
"Conservancy_59","Ombazu","Steenbok","Browser","Shrub_Browser",230842,224331,128237,214383,122449,216568,123799,204997,117087,0,-6511,-102606,-16459,-108393,-14274,-107044,-25846,-113755,0,-2.82072367479038,-44.4484420716504,-7.13007999711183,-46.9555302095702,-6.18353436931341,-46.3708830126933,-11.1962467213478,-49.2783368223741
"Conservancy_59","Ombazu","Vervet monkey","Omnivore","Omnivore",232153,224679,224961,214575,214802,216905,217177,205181,205398,0,-7473,-7192,-17578,-17351,-15248,-14976,-26972,-26754,0,-3.2191600203926,-3.09789001324378,-7.57156084988678,-7.47393688458199,-6.56802584084409,-6.4508019753525,-11.6181119851366,-11.5244476560122
"Conservancy_59","Ombazu","Warthog","Grazer","General_Grazer",11795,11239,32042,10726,30617,10850,30934,10256,29277,0,-556,20247,-1070,18822,-945,19138,-1539,17481,0,-4.71432829238984,171.652737357864,-9.06819135977763,159.567800520592,-8.01139478642809,162.253932239823,-13.0493124180937,148.206260138976
"Conservancy_60","Ombombo","Baboon","Omnivore","Omnivore",82556,80556,80664,77270,77357,77750,77854,73930,74013,0,-2000,-1892,-5286,-5199,-4806,-4702,-8626,-8543,0,-2.42226764939046,-2.29165266254185,-6.4028619802732,-6.29750440998664,-5.82131523139522,-5.69502837755512,-10.4488842154706,-10.3478680270538
"Conservancy_60","Ombombo","Black rhinoceros","Browser","Shrub_Browser",3884,3818,2199,3669,2111,3685,2123,3510,2020,0,-66,-1685,-216,-1774,-199,-1762,-374,-1865,0,-1.70976027400782,-43.3861057183463,-5.54927693578946,-45.6600085149918,-5.13507848391359,-45.3582605344153,-9.63413790664552,-48.009318768699
"Conservancy_60","Ombombo","Black-backed Jackal","Carnivore","Carnivore",,,,,,,,,,,,,,,,,,,,,,,,,,,
"Conservancy_60","Ombombo","Black-faced Impala","Mixed","Mixed_Open",52376,50868,73347,48770,70383,49097,70792,46663,67341,0,-1508,20971,-3606,18007,-3279,18416,-5713,14965,0,-2.87875315080281,40.039700651816,-6.8840377476852,34.3810149690255,-6.26056673498844,35.1618710339718,-10.9072705184195,28.572724377511
"Conservancy_60","Ombombo","Blue wildebeest","Grazer","General_Grazer",6772,6464,17619,6177,16906,6239,17005,5910,16175,0,-309,10846,-596,10133,-533,10233,-862,9402,0,-4.5574021617265,160.150942077119,-8.79980470903409,149.621401350693,-7.8767205554024,151.089710311955,-12.7345486517433,138.832997098747
"Conservancy_60","Ombombo","Buffalo","Grazer","General_Grazer",2980,2844,7752,2718,7438,2745,7482,2600,7117,0,-136,4772,-262,4459,-235,4502,-379,4137,0,-4.5574021617265,160.150942077119,-8.7998047090341,149.621401350693,-7.87672055540241,151.089710311955,-12.7345486517433,138.832997098747
"Conservancy_60","Ombombo","Burchell's zebra","Grazer","General_Grazer",4656,4444,12113,4246,11623,4289,11691,4063,11120,0,-212,7457,-410,6966,-367,7035,-593,6464,0,-4.5574021617265,160.150942077119,-8.7998047090341,149.621401350693,-7.87672055540238,151.089710311955,-12.7345486517432,138.832997098747
"Conservancy_60","Ombombo","Bushpig","Omnivore","Omnivore",33022,32222,32266,30908,30943,31100,31142,29572,29605,0,-800,-757,-2114,-2080,-1922,-1881,-3450,-3417,0,-2.42226764939047,-2.29165266254187,-6.40286198027321,-6.29750440998665,-5.82131523139523,-5.69502837755512,-10.4488842154706,-10.3478680270538
"Conservancy_60","Ombombo","Cheetah","Carnivore","Carnivore",,,,,,,,,,,,,,,,,,,,,,,,,,,
"Conservancy_60","Ombombo","Damara dik dik","Browser","Shrub_Browser",776888,763605,439826,733776,422161,736994,424505,702041,403909,0,-13283,-337061,-43112,-354727,-39894,-352383,-74846,-372978,0,-1.70976027400781,-43.3861057183463,-5.54927693578946,-45.6600085149918,-5.1350784839136,-45.3582605344153,-9.63413790664552,-48.009318768699
"Conservancy_60","Ombombo","Duiker","Browser","Woodland_Browser",188503,185323,102987,178096,98853,178864,99399,170393,94579,0,-3180,-85516,-10407,-89650,-9638,-89104,-18110,-93923,0,-1.68692694113251,-45.3659228751587,-5.52095471399369,-47.5587841155104,-5.11312373858732,-47.2691317857551,-9.60715087514492,-49.8260494181882
"Conservancy_60","Ombombo","Eland","Mixed","Mixed_Open",5238,5087,7335,4877,7038,4910,7079,4666,6734,0,-151,2097,-361,1801,-328,1842,-571,1497,0,-2.87875315080281,40.039700651816,-6.88403774768521,34.3810149690255,-6.26056673498844,35.1618710339718,-10.9072705184195,28.572724377511
"Conservancy_60","Ombombo","Elephant","Mixed","Large_Mixed",848,829,853,795,819,800,823,761,783,0,-20,5,-53,-30,-49,-25,-87,-65,0,-2.31890277158874,0.54479931209437,-6.24107010769834,-3.50637027319965,-5.72153660663122,-2.95744752028805,-10.2939511754229,-7.67735023255389
"Conservancy_60","Ombombo","Gemsbok","Mixed","Arid_Mixed",12439,12092,16669,11596,15997,11671,16089,11095,15305,0,-347,4230,-844,3557,-768,3649,-1345,2866,0,-2.79229611214736,34.0051992634296,-6.78316677975283,28.5955797063026,-6.17728403711334,29.3375674336505,-10.8109967940985,23.0373360542783
"Conservancy_60","Ombombo","Giraffe","Browser","Woodland_Browser",3881,3815,2120,3667,2035,3683,2046,3508,1947,0,-65,-1761,-214,-1846,-198,-1834,-373,-1934,0,-1.68692694113251,-45.3659228751587,-5.52095471399368,-47.5587841155104,-5.11312373858731,-47.269131785755,-9.60715087514491,-49.8260494181882
"Conservancy_60","Ombombo","Hartmann's zebra","Grazer","Arid_Grazer",6627,6389,12602,6117,12092,6166,12163,5853,11570,0,-238,5975,-510,5466,-460,5536,-774,4943,0,-3.58886773985051,90.1701745996586,-7.6926608078351,82.4816683708335,-6.94419428179326,83.546369599437,-11.6784873298381,74.5947580922471
"Conservancy_60","Ombombo","Hippopotamus","Grazer","Wetland_Grazer",320,301,1183,287,1135,290,1142,274,1086,0,-19,863,-34,815,-30,821,-46,766,0,-6.07478126347721,269.22007891205,-10.5319098223037,254.265799624977,-9.33765376331808,256.360001208283,-14.3866953575962,238.955145297045
"Conservancy_60","Ombombo","Impala","Mixed","Mixed_Open",52376,50868,73347,48770,70383,49097,70792,46663,67341,0,-1508,20971,-3606,18007,-3279,18416,-5713,14965,0,-2.87875315080281,40.039700651816,-6.8840377476852,34.3810149690255,-6.26056673498844,35.1618710339718,-10.9072705184195,28.572724377511
"Conservancy_60","Ombombo","Klipspringer","Browser","Rocky_Browser",264970,260402,149986,250223,143961,251327,144761,239401,137737,0,-4569,-114985,-14747,-121009,-13643,-120209,-25569,-127233,0,-1.72424139872739,-43.3952711309891,-5.56561479655898,-45.6690623313044,-5.14900007584627,-45.3670758515477,-9.64971001137739,-48.0179451553591
"Conservancy_60","Ombombo","Kudu","Browser","Woodland_Browser",17362,17069,9486,16404,9105,16474,9155,15694,8711,0,-293,-7876,-959,-8257,-888,-8207,-1668,-8651,0,-1.68692694113252,-45.3659228751587,-5.52095471399369,-47.5587841155104,-5.11312373858731,-47.269131785755,-9.60715087514492,-49.8260494181882
"Conservancy_60","Ombombo","Leopard","Carnivore","Carnivore",,,,,,,,,,,,,,,,,,,,,,,,,,,
"Conservancy_60","Ombombo","Ostrich","Mixed","Mixed_Open",26188,25434,36674,24385,35192,24548,35396,23332,33671,0,-754,10486,-1803,9004,-1640,9208,-2856,7483,0,-2.87875315080281,40.039700651816,-6.8840377476852,34.3810149690255,-6.26056673498844,35.1618710339718,-10.9072705184195,28.572724377511
"Conservancy_60","Ombombo","Red Hartebeest","Grazer","General_Grazer",9933,9480,25841,9059,24795,9151,24941,8668,23723,0,-453,15908,-874,14862,-782,15008,-1265,13790,0,-4.55740216172651,160.150942077119,-8.79980470903409,149.621401350693,-7.8767205554024,151.089710311955,-12.7345486517433,138.832997098747
"Conservancy_60","Ombombo","Red Lechwe","Grazer","Wetland_Grazer",5607,5266,20702,5016,19863,5083,19981,4800,19005,0,-341,15095,-591,14256,-524,14374,-807,13398,0,-6.0747812634772,269.220078912049,-10.5319098223037,254.265799624977,-9.3376537633181,256.360001208283,-14.3866953575962,238.955145297045
"Conservancy_60","Ombombo","Reedbuck","Grazer","Wetland_Grazer",9968,9362,36803,8918,35312,9037,35521,8534,33786,0,-606,26835,-1050,25345,-931,25553,-1434,23818,0,-6.0747812634772,269.220078912049,-10.5319098223037,254.265799624977,-9.33765376331809,256.360001208283,-14.3866953575962,238.955145297045
"Conservancy_60","Ombombo","Roan","Grazer","General_Grazer",6208,5925,16150,5662,15497,5719,15588,5418,14827,0,-283,9942,-546,9289,-489,9380,-791,8619,0,-4.5574021617265,160.150942077119,-8.7998047090341,149.621401350693,-7.87672055540241,151.089710311955,-12.7345486517432,138.832997098747
"Conservancy_60","Ombombo","Sable","Grazer","General_Grazer",7450,7110,19381,6794,18596,6863,18705,6501,17792,0,-340,11931,-656,11146,-587,11256,-949,10343,0,-4.5574021617265,160.150942077119,-8.7998047090341,149.621401350693,-7.8767205554024,151.089710311955,-12.7345486517433,138.832997098747
"Conservancy_60","Ombombo","Spotted Hyaena","Carnivore","Carnivore",,,,,,,,,,,,,,,,,,,,,,,,,,,
"Conservancy_60","Ombombo","Springbok","Grazer","Arid_Grazer",48828,47076,92856,45072,89102,45437,89622,43126,85251,0,-1752,44028,-3756,40274,-3391,40794,-5702,36423,0,-3.58886773985051,90.1701745996586,-7.69266080783509,82.4816683708335,-6.94419428179325,83.546369599437,-11.6784873298381,74.5947580922471
"Conservancy_60","Ombombo","Steenbok","Browser","Shrub_Browser",388444,381802,219913,366888,211080,368497,212252,351021,201955,0,-6641,-168531,-21556,-177363,-19947,-176191,-37423,-186489,0,-1.70976027400781,-43.3861057183463,-5.54927693578946,-45.6600085149918,-5.1350784839136,-45.3582605344153,-9.63413790664552,-48.009318768699
"Conservancy_60","Ombombo","Vervet monkey","Omnivore","Omnivore",396268,386669,387187,370896,371313,373200,373701,354863,355263,0,-9599,-9081,-25373,-24955,-23068,-22568,-41406,-41005,0,-2.42226764939047,-2.29165266254186,-6.40286198027321,-6.29750440998665,-5.82131523139522,-5.69502837755512,-10.4488842154706,-10.3478680270538
"Conservancy_60","Ombombo","Warthog","Grazer","General_Grazer",21285,20315,55373,19412,53132,19608,53444,18574,50835,0,-970,34088,-1873,31847,-1677,32159,-2711,29550,0,-4.5574021617265,160.150942077119,-8.7998047090341,149.621401350693,-7.8767205554024,151.089710311955,-12.7345486517433,138.832997098747
"Conservancy_61","Otjikondavirongo","Baboon","Omnivore","Omnivore",21791,20288,35754,19094,33893,19584,34551,17976,31932,0,-1503,13963,-2697,12102,-2207,12760,-3815,10141,0,-6.89783267891433,64.0764029814142,-12.3750861539227,55.5381270526075,-10.1280242280338,58.5583970778955,-17.5070693939224,46.5398350590355
"Conservancy_61","Otjikondavirongo","Black rhinoceros","Browser","Shrub_Browser",1011,959,781,905,739,926,754,852,696,0,-52,-230,-106,-272,-85,-257,-159,-315,0,-5.13054122691523,-22.7659790822648,-10.4626674096005,-26.9403163922596,-8.4236412121558,-25.3897500517782,-15.708545644614,-31.1825529990316
"Conservancy_61","Otjikondavirongo","Black-backed Jackal","Carnivore","Carnivore",,,,,,,,,,,,,,,,,,,,,,,,,,,
"Conservancy_61","Otjikondavirongo","Black-faced Impala","Mixed","Mixed_Open",14245,13027,35316,12228,33500,12576,34132,11512,31565,0,-1218,21071,-2017,19255,-1669,19887,-2733,17319,0,-8.55039527777174,147.915143454248,-14.1610504734401,135.167392197914,-11.718840182235,139.604353813124,-19.1847988623362,121.578149166293
"Conservancy_61","Otjikondavirongo","Blue wildebeest","Grazer","General_Grazer",2053,1799,9239,1678,8769,1737,8930,1580,8263,0,-254,7185,-376,6716,-316,6877,-473,6209,0,-12.377245332466,349.940193739867,-18.2899270959228,327.059145786064,-15.3939621685044,334.903576009768,-23.0578493107108,302.408905588369
"Conservancy_61","Otjikondavirongo","Buffalo","Grazer","General_Grazer",903,792,4065,738,3858,764,3929,695,3636,0,-112,3162,-165,2955,-139,3026,-208,2732,0,-12.377245332466,349.940193739867,-18.2899270959228,327.059145786064,-15.3939621685044,334.903576009768,-23.0578493107108,302.408905588369
"Conservancy_61","Otjikondavirongo","Burchell's zebra","Grazer","General_Grazer",1412,1237,6352,1153,6029,1194,6139,1086,5681,0,-175,4940,-258,4617,-217,4728,-325,4269,0,-12.377245332466,349.940193739867,-18.2899270959228,327.059145786064,-15.3939621685044,334.903576009768,-23.0578493107108,302.408905588369
"Conservancy_61","Otjikondavirongo","Bushpig","Omnivore","Omnivore",8716,8115,14302,7638,13557,7834,13821,7190,12773,0,-601,5585,-1079,4841,-883,5104,-1526,4057,0,-6.89783267891433,64.0764029814142,-12.3750861539228,55.5381270526075,-10.1280242280338,58.5583970778955,-17.5070693939224,46.5398350590355
"Conservancy_61","Otjikondavirongo","Cheetah","Carnivore","Carnivore",,,,,,,,,,,,,,,,,,,,,,,,,,,
"Conservancy_61","Otjikondavirongo","Damara dik dik","Browser","Shrub_Browser",202168,191795,156142,181015,147703,185138,150838,170410,139127,0,-10372,-46025,-21152,-54465,-17030,-51330,-31758,-63041,0,-5.13054122691523,-22.7659790822648,-10.4626674096005,-26.9403163922596,-8.42364121215581,-25.3897500517783,-15.7085456446141,-31.1825529990316
"Conservancy_61","Otjikondavirongo","Duiker","Browser","Woodland_Browser",46224,43753,34130,41275,32271,42227,32966,38852,30394,0,-2470,-12094,-4949,-13953,-3996,-13257,-7372,-15829,0,-5.34459226379406,-26.1634351594096,-10.7064694155222,-30.1856771315638,-8.64551065110732,-28.6810965302857,-15.9477121365239,-34.2450449609314
"Conservancy_61","Otjikondavirongo","Eland","Mixed","Mixed_Open",1425,1303,3532,1223,3350,1258,3413,1151,3156,0,-122,2107,-202,1926,-167,1989,-273,1732,0,-8.55039527777174,147.915143454248,-14.16105047344,135.167392197914,-11.718840182235,139.604353813124,-19.1847988623362,121.578149166293
"Conservancy_61","Otjikondavirongo","Elephant","Mixed","Large_Mixed",230,215,385,202,365,207,372,190,343,0,-16,154,-28,134,-23,141,-40,113,0,-6.83629801609932,66.8674815825708,-12.3034115535831,58.1967356687014,-10.0622291078321,61.2594308843772,-17.435533169583,49.0469223575935
"Conservancy_61","Otjikondavirongo","Gemsbok","Mixed","Arid_Mixed",3860,3579,8250,3368,7826,3456,7974,3171,7374,0,-281,4390,-492,3966,-404,4114,-689,3514,0,-7.27241321676953,113.727578712542,-12.7530937030053,102.736101300367,-10.4546088373716,106.570810004083,-17.8403714769456,91.0257676578709
"Conservancy_61","Otjikondavirongo","Giraffe","Browser","Woodland_Browser",952,901,703,850,664,869,679,800,626,0,-51,-249,-102,-287,-82,-273,-152,-326,0,-5.34459226379406,-26.1634351594096,-10.7064694155222,-30.1856771315638,-8.64551065110732,-28.6810965302856,-15.9477121365239,-34.2450449609314
"Conservancy_61","Otjikondavirongo","Hartmann's zebra","Grazer","Arid_Grazer",2339,2145,6643,2015,6304,2072,6421,1898,5940,0,-194,4304,-324,3965,-267,4082,-441,3601,0,-8.28880264023947,183.987936835798,-13.8351747438551,169.492988998669,-11.4122803621916,174.499963112433,-18.8435780713899,153.939408857955
"Conservancy_61","Otjikondavirongo","Hippopotamus","Grazer","Wetland_Grazer",88,72,627,66,595,69,606,62,561,0,-16,539,-22,507,-19,518,-26,473,0,-18.374259012736,612.778236482134,-24.8072665319286,576.646608110905,-21.2128372294048,588.965605260638,-29.2096665843354,537.594322852506
"Conservancy_61","Otjikondavirongo","Impala","Mixed","Mixed_Open",14245,13027,35316,12228,33500,12576,34132,11512,31565,0,-1218,21071,-2017,19255,-1669,19887,-2733,17319,0,-8.55039527777174,147.915143454248,-14.1610504734401,135.167392197914,-11.718840182235,139.604353813124,-19.1847988623362,121.578149166293
"Conservancy_61","Otjikondavirongo","Klipspringer","Browser","Rocky_Browser",81884,78338,60896,74052,57635,75652,58841,69734,54297,0,-3546,-20989,-7832,-24249,-6233,-23044,-12150,-27587,0,-4.33043158684344,-25.6320894729654,-9.56496727380814,-29.6135994074801,-7.61157504249969,-28.1416931546349,-14.8384180025584,-33.6904921496013
"Conservancy_61","Otjikondavirongo","Kudu","Browser","Woodland_Browser",4257,4030,3144,3802,2972,3889,3036,3578,2799,0,-228,-1114,-456,-1285,-368,-1221,-679,-1458,0,-5.34459226379406,-26.1634351594096,-10.7064694155222,-30.1856771315638,-8.64551065110732,-28.6810965302857,-15.9477121365239,-34.2450449609314
"Conservancy_61","Otjikondavirongo","Leopard","Carnivore","Carnivore",,,,,,,,,,,,,,,,,,,,,,,,,,,
"Conservancy_61","Otjikondavirongo","Ostrich","Mixed","Mixed_Open",7123,6514,17658,6114,16750,6288,17066,5756,15782,0,-609,10535,-1009,9628,-835,9944,-1366,8660,0,-8.55039527777174,147.915143454248,-14.1610504734401,135.167392197914,-11.718840182235,139.604353813124,-19.1847988623362,121.578149166293
"Conservancy_61","Otjikondavirongo","Red Hartebeest","Grazer","General_Grazer",3012,2639,13550,2461,12861,2548,13097,2317,12119,0,-373,10539,-551,9849,-464,10086,-694,9107,0,-12.377245332466,349.940193739867,-18.2899270959228,327.059145786064,-15.3939621685044,334.903576009768,-23.0578493107108,302.408905588369
"Conservancy_61","Otjikondavirongo","Red Lechwe","Grazer","Wetland_Grazer",1539,1256,10972,1157,10416,1213,10605,1090,9815,0,-283,9433,-382,8876,-327,9066,-450,8275,0,-18.374259012736,612.778236482134,-24.8072665319286,576.646608110905,-21.2128372294047,588.965605260638,-29.2096665843354,537.594322852506
"Conservancy_61","Otjikondavirongo","Reedbuck","Grazer","Wetland_Grazer",2737,2234,19506,2058,18517,2156,18854,1937,17448,0,-503,16769,-679,15780,-581,16118,-799,14712,0,-18.374259012736,612.778236482134,-24.8072665319286,576.646608110905,-21.2128372294047,588.965605260638,-29.2096665843354,537.594322852506
"Conservancy_61","Otjikondavirongo","Roan","Grazer","General_Grazer",1882,1649,8469,1538,8038,1592,8186,1448,7574,0,-233,6587,-344,6156,-290,6304,-434,5692,0,-12.377245332466,349.940193739867,-18.2899270959228,327.059145786064,-15.3939621685044,334.903576009768,-23.0578493107108,302.408905588369
"Conservancy_61","Otjikondavirongo","Sable","Grazer","General_Grazer",2259,1979,10163,1846,9646,1911,9823,1738,9089,0,-280,7904,-413,7387,-348,7564,-521,6830,0,-12.377245332466,349.940193739867,-18.2899270959228,327.059145786064,-15.3939621685044,334.903576009768,-23.0578493107108,302.408905588369
"Conservancy_61","Otjikondavirongo","Spotted Hyaena","Carnivore","Carnivore",,,,,,,,,,,,,,,,,,,,,,,,,,,
"Conservancy_61","Otjikondavirongo","Springbok","Grazer","Arid_Grazer",17235,15807,48947,14851,46448,15268,47311,13988,43768,0,-1429,31711,-2385,29213,-1967,30076,-3248,26532,0,-8.28880264023947,183.987936835798,-13.8351747438551,169.492988998669,-11.4122803621916,174.499963112433,-18.8435780713899,153.939408857955
"Conservancy_61","Otjikondavirongo","Steenbok","Browser","Shrub_Browser",101084,95898,78071,90508,73852,92569,75419,85205,69563,0,-5186,-23013,-10576,-27232,-8515,-25665,-15879,-31521,0,-5.13054122691523,-22.7659790822648,-10.4626674096005,-26.9403163922596,-8.42364121215581,-25.3897500517783,-15.7085456446141,-31.1825529990316
"Conservancy_61","Otjikondavirongo","Vervet monkey","Omnivore","Omnivore",104597,97382,171619,91653,162688,94003,165847,86285,153276,0,-7215,67022,-12944,58091,-10594,61250,-18312,48679,0,-6.89783267891433,64.0764029814142,-12.3750861539227,55.5381270526075,-10.1280242280337,58.5583970778955,-17.5070693939224,46.5398350590355
"Conservancy_61","Otjikondavirongo","Warthog","Grazer","General_Grazer",6453,5655,29036,5273,27559,5460,28065,4965,25968,0,-799,22583,-1180,21106,-993,21612,-1488,19515,0,-12.377245332466,349.940193739867,-18.2899270959228,327.059145786064,-15.3939621685044,334.903576009768,-23.0578493107108,302.408905588369
"Conservancy_62","Ombujokanguindi","Baboon","Omnivore","Omnivore",56133,55062,58392,52248,55333,53000,56223,49333,52243,0,-1071,2259,-3884,-799,-3132,91,-6800,-3890,0,-1.9076764839502,4.02508333483572,-6.91964532937067,-1.42417730464706,-5.5801103558071,0.161285568767003,-12.1140087936158,-6.92974800067322
"Conservancy_62","Ombujokanguindi","Black rhinoceros","Browser","Shrub_Browser",2662,2634,1577,2504,1500,2535,1518,2364,1416,0,-28,-1085,-159,-1162,-127,-1144,-298,-1246,0,-1.05157685126562,-40.7623057442919,-5.95841843958698,-43.6640127323395,-4.75678048669417,-42.9720600761225,-11.2067800496125,-46.8087694058203
"Conservancy_62","Ombujokanguindi","Black-backed Jackal","Carnivore","Carnivore",,,,,,,,,,,,,,,,,,,,,,,,,,,
"Conservancy_62","Ombujokanguindi","Black-faced Impala","Mixed","Mixed_Open",35509,34512,53370,32694,50501,33220,51391,30869,47680,0,-997,17861,-2815,14992,-2289,15882,-4640,12171,0,-2.80813067453547,50.3004889646377,-7.92817933406559,42.219663942228,-6.44564681913498,44.7279461147757,-13.0659618457903,34.274769515649
"Conservancy_62","Ombujokanguindi","Blue wildebeest","Grazer","General_Grazer",4542,4294,12888,4047,12177,4133,12411,3821,11496,0,-248,8347,-494,7635,-408,7870,-720,6954,0,-5.45660160086196,183.772832764742,-10.8866441268129,168.103803830772,-8.98999023706754,173.27256264351,-15.8586875318877,153.122919342517
"Conservancy_62","Ombujokanguindi","Buffalo","Grazer","General_Grazer",1998,1889,5671,1781,5358,1819,5461,1681,5058,0,-109,3672,-218,3359,-180,3463,-317,3060,0,-5.45660160086196,183.772832764742,-10.8866441268129,168.103803830772,-8.98999023706754,173.27256264351,-15.8586875318877,153.122919342517
"Conservancy_62","Ombujokanguindi","Burchell's zebra","Grazer","General_Grazer",3122,2952,8861,2783,8371,2842,8533,2627,7904,0,-170,5738,-340,5249,-281,5410,-495,4781,0,-5.45660160086196,183.772832764742,-10.8866441268129,168.103803830772,-8.98999023706755,173.27256264351,-15.8586875318877,153.122919342517
"Conservancy_62","Ombujokanguindi","Bushpig","Omnivore","Omnivore",22453,22025,23357,20899,22133,21200,22489,19733,20897,0,-428,904,-1554,-320,-1253,36,-2720,-1556,0,-1.9076764839502,4.02508333483573,-6.91964532937067,-1.42417730464706,-5.5801103558071,0.161285568767,-12.1140087936158,-6.92974800067323
"Conservancy_62","Ombujokanguindi","Cheetah","Carnivore","Carnivore",,,,,,,,,,,,,,,,,,,,,,,,,,,
"Conservancy_62","Ombujokanguindi","Damara dik dik","Browser","Shrub_Browser",532425,526826,315396,500701,299947,507099,303631,472758,283204,0,-5599,-217029,-31724,-232478,-25326,-228794,-59668,-249222,0,-1.05157685126561,-40.7623057442918,-5.95841843958697,-43.6640127323395,-4.75678048669415,-42.9720600761225,-11.2067800496125,-46.8087694058203
"Conservancy_62","Ombujokanguindi","Duiker","Browser","Woodland_Browser",128588,127384,73500,121077,69917,122611,70756,114321,66015,0,-1204,-55088,-7511,-58671,-5977,-57832,-14268,-62573,0,-0.936529022424089,-42.8405021211856,-5.84104978196262,-45.6269777457423,-4.64826747815438,-44.9747009406058,-11.0956509571758,-48.6618390713803
"Conservancy_62","Ombujokanguindi","Eland","Mixed","Mixed_Open",3551,3451,5337,3269,5050,3322,5139,3087,4768,0,-100,1786,-282,1499,-229,1588,-464,1217,0,-2.80813067453546,50.3004889646377,-7.92817933406558,42.219663942228,-6.44564681913499,44.7279461147758,-13.0659618457903,34.274769515649
"Conservancy_62","Ombujokanguindi","Elephant","Mixed","Large_Mixed",579,568,619,539,586,546,596,508,554,0,-12,40,-41,7,-33,17,-71,-26,0,-1.99616729403841,6.83179800481885,-7.01354135426346,1.22426626402538,-5.66422820603476,2.86489789792366,-12.2027937264111,-4.4294128437344
"Conservancy_62","Ombujokanguindi","Gemsbok","Mixed","Arid_Mixed",8551,8307,12174,7871,11523,7996,11723,7432,10879,0,-244,3624,-680,2972,-554,3173,-1119,2328,0,-2.85327606317428,42.3832086606482,-7.94807034949362,34.7604966082241,-6.48350534824843,37.1061744902857,-13.0856582662978,27.2320206831321
"Conservancy_62","Ombujokanguindi","Giraffe","Browser","Woodland_Browser",2647,2623,1513,2493,1439,2524,1457,2354,1359,0,-25,-1134,-155,-1208,-123,-1191,-294,-1288,0,-0.936529022424088,-42.8405021211856,-5.84104978196262,-45.6269777457423,-4.64826747815437,-44.9747009406058,-11.0956509571758,-48.6618390713803
"Conservancy_62","Ombujokanguindi","Hartmann's zebra","Grazer","Arid_Grazer",4574,4382,9244,4143,8740,4219,8902,3912,8252,0,-191,4670,-430,4167,-355,4328,-662,3678,0,-4.17971389924876,102.115066152781,-9.4084440730754,91.1020464093933,-7.75394498571304,94.6350026309698,-14.4648610046528,80.4241509767751
"Conservancy_62","Ombujokanguindi","Hippopotamus","Grazer","Wetland_Grazer",209,192,865,180,817,185,833,170,771,0,-16,656,-28,608,-23,624,-38,563,0,-7.74850922501805,314.652146182124,-13.4928816429293,291.530267574053,-11.2001043285545,299.315044075069,-18.3175308944444,269.651503616222
"Conservancy_62","Ombujokanguindi","Impala","Mixed","Mixed_Open",35509,34512,53370,32694,50501,33220,51391,30869,47680,0,-997,17861,-2815,14992,-2289,15882,-4640,12171,0,-2.80813067453547,50.3004889646377,-7.92817933406559,42.219663942228,-6.44564681913498,44.7279461147757,-13.0659618457903,34.274769515649
"Conservancy_62","Ombujokanguindi","Klipspringer","Browser","Rocky_Browser",184485,182103,108886,173067,103573,175297,104831,163406,97790,0,-2382,-75599,-11418,-80912,-9188,-79654,-21079,-86694,0,-1.29106079897315,-40.9784473645223,-6.18912435898361,-43.8582263715602,-4.98020521546426,-43.1763564609914,-11.4256699464817,-46.9927229471377
"Conservancy_62","Ombujokanguindi","Kudu","Browser","Woodland_Browser",11844,11733,6770,11152,6440,11293,6517,10530,6080,0,-111,-5074,-692,-5404,-551,-5327,-1314,-5763,0,-0.936529022424085,-42.8405021211856,-5.84104978196263,-45.6269777457423,-4.64826747815438,-44.9747009406058,-11.0956509571758,-48.6618390713803
"Conservancy_62","Ombujokanguindi","Leopard","Carnivore","Carnivore",,,,,,,,,,,,,,,,,,,,,,,,,,,
"Conservancy_62","Ombujokanguindi","Ostrich","Mixed","Mixed_Open",17754,17256,26685,16347,25250,16610,25696,15435,23840,0,-499,8931,-1408,7496,-1144,7941,-2320,6085,0,-2.80813067453547,50.3004889646377,-7.92817933406559,42.219663942228,-6.44564681913498,44.7279461147757,-13.0659618457903,34.274769515649
"Conservancy_62","Ombujokanguindi","Red Hartebeest","Grazer","General_Grazer",6661,6298,18903,5936,17859,6062,18203,5605,16861,0,-363,12242,-725,11198,-599,11542,-1056,10200,0,-5.45660160086196,183.772832764742,-10.8866441268129,168.103803830772,-8.98999023706754,173.27256264351,-15.8586875318877,153.122919342517
"Conservancy_62","Ombujokanguindi","Red Lechwe","Grazer","Wetland_Grazer",3651,3368,15138,3158,14294,3242,14578,2982,13495,0,-283,11487,-493,10643,-409,10927,-669,9844,0,-7.74850922501805,314.652146182124,-13.4928816429293,291.530267574053,-11.2001043285545,299.315044075069,-18.3175308944444,269.651503616221
"Conservancy_62","Ombujokanguindi","Reedbuck","Grazer","Wetland_Grazer",6490,5987,26912,5615,25412,5763,25917,5301,23992,0,-503,20422,-876,18921,-727,19427,-1189,17501,0,-7.74850922501804,314.652146182124,-13.4928816429293,291.530267574053,-11.2001043285545,299.315044075069,-18.3175308944444,269.651503616222
"Conservancy_62","Ombujokanguindi","Roan","Grazer","General_Grazer",4163,3936,11814,3710,11162,3789,11377,3503,10538,0,-227,7651,-453,6999,-374,7214,-660,6375,0,-5.45660160086196,183.772832764742,-10.8866441268129,168.103803830772,-8.98999023706754,173.27256264351,-15.8586875318877,153.122919342517
"Conservancy_62","Ombujokanguindi","Sable","Grazer","General_Grazer",4996,4723,14177,4452,13394,4547,13653,4204,12646,0,-273,9181,-544,8398,-449,8657,-792,7650,0,-5.45660160086195,183.772832764742,-10.8866441268129,168.103803830772,-8.98999023706755,173.27256264351,-15.8586875318877,153.122919342517
"Conservancy_62","Ombujokanguindi","Spotted Hyaena","Carnivore","Carnivore",,,,,,,,,,,,,,,,,,,,,,,,,,,
"Conservancy_62","Ombujokanguindi","Springbok","Grazer","Arid_Grazer",33701,32292,68114,30530,64403,31088,65593,28826,60804,0,-1409,34413,-3171,30702,-2613,31893,-4875,27103,0,-4.17971389924875,102.115066152781,-9.4084440730754,91.1020464093934,-7.75394498571303,94.6350026309698,-14.4648610046528,80.4241509767751
"Conservancy_62","Ombujokanguindi","Steenbok","Browser","Shrub_Browser",266213,263413,157698,250351,149974,253549,151816,236379,141602,0,-2799,-108514,-15862,-116239,-12663,-114397,-29834,-124611,0,-1.05157685126561,-40.7623057442918,-5.95841843958697,-43.6640127323395,-4.75678048669415,-42.9720600761225,-11.2067800496125,-46.8087694058203
"Conservancy_62","Ombujokanguindi","Vervet monkey","Omnivore","Omnivore",269436,264296,280281,250792,265599,254401,269871,236797,250765,0,-5140,10845,-18644,-3837,-15035,435,-32640,-18671,0,-1.90767648395021,4.02508333483571,-6.91964532937067,-1.42417730464707,-5.58011035580712,0.161285568766995,-12.1140087936158,-6.92974800067323
"Conservancy_62","Ombujokanguindi","Warthog","Grazer","General_Grazer",14274,13495,40506,12720,38269,12991,39007,12010,36131,0,-779,26232,-1554,23995,-1283,24733,-2264,21857,0,-5.45660160086196,183.772832764742,-10.8866441268129,168.103803830772,-8.98999023706754,173.27256264351,-15.8586875318877,153.122919342517
"Conservancy_63","Otuzemba","Baboon","Omnivore","Omnivore",41221,39990,39990,38281,38281,38474,38474,36236,36236,0,-1231,-1231,-2940,-2940,-2747,-2747,-4985,-4985,0,-2.98525931287656,-2.98525931287656,-7.13289169169046,-7.13289169169046,-6.66354631571239,-6.66354631571239,-12.0936712645914,-12.0936712645914
"Conservancy_63","Otuzemba","Black rhinoceros","Browser","Shrub_Browser",1960,1911,1061,1831,1016,1839,1021,1733,961,0,-49,-899,-129,-944,-121,-939,-227,-999,0,-2.4823784410034,-45.8676869330618,-6.58431502740058,-48.1835314163414,-6.18026316672183,-47.9203479685459,-11.5747879188834,-50.9519710033218
"Conservancy_63","Otuzemba","Black-backed Jackal","Carnivore","Carnivore",,,,,,,,,,,,,,,,,,,,,,,,,,,
"Conservancy_63","Otuzemba","Black-faced Impala","Mixed","Mixed_Open",25977,25065,36801,23976,35228,24115,35406,22695,33346,0,-912,10824,-2001,9251,-1862,9429,-3282,7369,0,-3.5089018210562,41.667586344631,-7.70411656120595,35.6125399802786,-7.16678200124506,36.2965587614362,-12.633976915087,28.3689087953571
"Conservancy_63","Otuzemba","Blue wildebeest","Grazer","General_Grazer",3275,3109,8946,2967,8564,2991,8607,2809,8106,0,-165,5671,-307,5289,-283,5332,-466,4832,0,-5.05124491681544,173.188628143316,-9.38660933033951,161.515461123371,-8.64901859013322,162.831781597287,-14.2253998355418,147.547890671787
"Conservancy_63","Otuzemba","Buffalo","Grazer","General_Grazer",1441,1368,3936,1306,3768,1316,3787,1236,3567,0,-73,2495,-135,2327,-125,2346,-205,2126,0,-5.05124491681544,173.188628143316,-9.38660933033951,161.515461123371,-8.64901859013322,162.831781597287,-14.2253998355418,147.547890671787
"Conservancy_63","Otuzemba","Burchell's zebra","Grazer","General_Grazer",2251,2138,6150,2040,5888,2057,5917,1931,5573,0,-114,3899,-211,3636,-195,3666,-320,3322,0,-5.05124491681545,173.188628143316,-9.38660933033949,161.515461123371,-8.64901859013321,162.831781597287,-14.2253998355417,147.547890671787
"Conservancy_63","Otuzemba","Bushpig","Omnivore","Omnivore",16488,15996,15996,15312,15312,15390,15390,14494,14494,0,-492,-492,-1176,-1176,-1099,-1099,-1994,-1994,0,-2.98525931287657,-2.98525931287657,-7.13289169169048,-7.13289169169048,-6.6635463157124,-6.6635463157124,-12.0936712645914,-12.0936712645914
"Conservancy_63","Otuzemba","Cheetah","Carnivore","Carnivore",,,,,,,,,,,,,,,,,,,,,,,,,,,
"Conservancy_63","Otuzemba","Damara dik dik","Browser","Shrub_Browser",392021,382290,212210,366209,203132,367793,204163,346646,192279,0,-9731,-179811,-25812,-188890,-24228,-187858,-45376,-199743,0,-2.48237844100341,-45.8676869330618,-6.58431502740058,-48.1835314163414,-6.18026316672183,-47.9203479685459,-11.5747879188834,-50.9519710033218
"Conservancy_63","Otuzemba","Duiker","Browser","Woodland_Browser",95163,92823,49575,88922,47454,89303,47695,84171,44918,0,-2340,-45588,-6241,-47709,-5859,-47468,-10991,-50245,0,-2.45847957525684,-47.9056276023201,-6.55824451888683,-50.1344183608706,-6.15729566141131,-49.8810325341803,-11.5501285529962,-52.7986693777047
"Conservancy_63","Otuzemba","Eland","Mixed","Mixed_Open",2598,2507,3680,2398,3523,2412,3541,2270,3335,0,-91,1082,-200,925,-186,943,-328,737,0,-3.50890182105621,41.667586344631,-7.70411656120596,35.6125399802786,-7.16678200124507,36.2965587614362,-12.633976915087,28.3689087953571
"Conservancy_63","Otuzemba","Elephant","Mixed","Large_Mixed",424,411,424,394,405,396,408,373,384,0,-13,-1,-30,-19,-28,-17,-51,-40,0,-3.01845067597216,-0.154914582801204,-7.16909908844906,-4.4234494269014,-6.69544418133686,-3.94049686123382,-12.1279188299591,-9.528928781742
"Conservancy_63","Otuzemba","Gemsbok","Mixed","Arid_Mixed",6176,5964,8353,5705,7996,5738,8037,5401,7569,0,-212,2177,-471,1820,-438,1860,-776,1393,0,-3.43365002298242,35.2505998083008,-7.62202678074687,29.4696647504996,-7.0944628338748,30.1228331719442,-12.5563304844132,22.5540983919755
"Conservancy_63","Otuzemba","Giraffe","Browser","Woodland_Browser",1959,1911,1021,1831,977,1839,982,1733,925,0,-48,-939,-128,-982,-121,-977,-226,-1034,0,-2.45847957525685,-47.9056276023201,-6.55824451888684,-50.1344183608706,-6.15729566141132,-49.8810325341803,-11.5501285529962,-52.7986693777047
"Conservancy_63","Otuzemba","Hartmann's zebra","Grazer","Arid_Grazer",3251,3116,6366,2978,6094,2998,6124,2819,5768,0,-135,3115,-273,2843,-253,2874,-432,2518,0,-4.14406883982265,95.8305208136342,-8.39699995349721,87.4618226050882,-7.7771959862133,88.4062355762638,-13.2893559645093,77.4491418681472
"Conservancy_63","Otuzemba","Hippopotamus","Grazer","Wetland_Grazer",151,141,603,135,577,136,580,128,547,0,-10,452,-17,426,-15,429,-24,395,0,-6.52032346941815,298.462143649471,-10.9891801518638,281.43772852931,-10.060845821445,283.356315034797,-15.7412268178706,261.065620077837
"Conservancy_63","Otuzemba","Impala","Mixed","Mixed_Open",25977,25065,36801,23976,35228,24115,35406,22695,33346,0,-912,10824,-2001,9251,-1862,9429,-3282,7369,0,-3.5089018210562,41.667586344631,-7.70411656120595,35.6125399802786,-7.16678200124506,36.2965587614362,-12.633976915087,28.3689087953571
"Conservancy_63","Otuzemba","Klipspringer","Browser","Rocky_Browser",133644,130326,72344,124844,69249,125384,69601,118175,65550,0,-3318,-61299,-8800,-64394,-8260,-64043,-15469,-68094,0,-2.48237844100342,-45.8676869330618,-6.58431502740058,-48.1835314163414,-6.18026316672184,-47.9203479685459,-11.5747879188834,-50.9519710033218
"Conservancy_63","Otuzemba","Kudu","Browser","Woodland_Browser",8765,8550,4566,8190,4371,8225,4393,7753,4137,0,-215,-4199,-575,-4394,-540,-4372,-1012,-4628,0,-2.45847957525684,-47.9056276023201,-6.55824451888683,-50.1344183608706,-6.15729566141131,-49.8810325341803,-11.5501285529962,-52.7986693777047
"Conservancy_63","Otuzemba","Leopard","Carnivore","Carnivore",,,,,,,,,,,,,,,,,,,,,,,,,,,
"Conservancy_63","Otuzemba","Ostrich","Mixed","Mixed_Open",12989,12533,18400,11988,17614,12058,17703,11348,16673,0,-456,5412,-1001,4626,-931,4714,-1641,3685,0,-3.5089018210562,41.667586344631,-7.70411656120595,35.6125399802786,-7.16678200124506,36.2965587614362,-12.633976915087,28.3689087953571
"Conservancy_63","Otuzemba","Red Hartebeest","Grazer","General_Grazer",4803,4560,13121,4352,12560,4387,12624,4120,11889,0,-243,8318,-451,7757,-415,7821,-683,7087,0,-5.05124491681544,173.188628143316,-9.38660933033951,161.515461123371,-8.64901859013321,162.831781597287,-14.2253998355417,147.547890671787
"Conservancy_63","Otuzemba","Red Lechwe","Grazer","Wetland_Grazer",2649,2476,10555,2358,10104,2382,10155,2232,9564,0,-173,7906,-291,7455,-267,7506,-417,6915,0,-6.52032346941813,298.462143649471,-10.9891801518638,281.43772852931,-10.0608458214449,283.356315034797,-15.7412268178706,261.065620077837
"Conservancy_63","Otuzemba","Reedbuck","Grazer","Wetland_Grazer",4709,4402,18764,4192,17963,4235,18053,3968,17003,0,-307,14055,-518,13254,-474,13344,-741,12294,0,-6.52032346941814,298.462143649471,-10.9891801518638,281.43772852931,-10.0608458214449,283.356315034797,-15.7412268178706,261.065620077837
"Conservancy_63","Otuzemba","Roan","Grazer","General_Grazer",3002,2850,8201,2720,7850,2742,7890,2575,7431,0,-152,5199,-282,4848,-260,4888,-427,4429,0,-5.05124491681545,173.188628143316,-9.3866093303395,161.515461123371,-8.64901859013321,162.831781597287,-14.2253998355418,147.547890671787
"Conservancy_63","Otuzemba","Sable","Grazer","General_Grazer",3602,3420,9841,3264,9420,3291,9468,3090,8917,0,-182,6239,-338,5818,-312,5865,-512,5315,0,-5.05124491681545,173.188628143316,-9.38660933033951,161.515461123371,-8.64901859013322,162.831781597287,-14.2253998355418,147.547890671787
"Conservancy_63","Otuzemba","Spotted Hyaena","Carnivore","Carnivore",,,,,,,,,,,,,,,,,,,,,,,,,,,
"Conservancy_63","Otuzemba","Springbok","Grazer","Arid_Grazer",23952,22959,46904,21940,44900,22089,45126,20769,42502,0,-993,22953,-2011,20948,-1863,21175,-3183,18550,0,-4.14406883982266,95.8305208136342,-8.39699995349722,87.4618226050882,-7.77719598621331,88.4062355762637,-13.2893559645093,77.4491418681472
"Conservancy_63","Otuzemba","Steenbok","Browser","Shrub_Browser",196011,191145,106105,183105,101566,183897,102082,173323,96139,0,-4866,-89906,-12906,-94445,-12114,-93929,-22688,-99871,0,-2.48237844100341,-45.8676869330618,-6.58431502740058,-48.1835314163414,-6.18026316672183,-47.9203479685459,-11.5747879188834,-50.9519710033218
"Conservancy_63","Otuzemba","Vervet monkey","Omnivore","Omnivore",197860,191953,191953,183747,183747,184676,184676,173931,173931,0,-5907,-5907,-14113,-14113,-13184,-13184,-23929,-23929,0,-2.98525931287656,-2.98525931287656,-7.13289169169047,-7.13289169169047,-6.66354631571238,-6.66354631571238,-12.0936712645914,-12.0936712645914
"Conservancy_63","Otuzemba","Warthog","Grazer","General_Grazer",10292,9772,28116,9326,26915,9402,27050,8828,25477,0,-520,17824,-966,16623,-890,16759,-1464,15186,0,-5.05124491681544,173.188628143316,-9.38660933033949,161.515461123371,-8.64901859013322,162.831781597287,-14.2253998355417,147.547890671787
"Conservancy_64","Etanga","Baboon","Omnivore","Omnivore",50640,49842,49842,47303,47303,48372,48372,45542,45542,0,-798,-798,-3337,-3337,-2268,-2268,-5098,-5098,0,-1.57614795874386,-1.57614795874386,-6.58922135907708,-6.58922135907708,-4.47868183333948,-4.47868183333948,-10.0676275629083,-10.0676275629083
"Conservancy_64","Etanga","Black rhinoceros","Browser","Shrub_Browser",2358,2374,1365,2264,1297,2304,1325,2180,1249,0,16,-993,-95,-1061,-54,-1033,-179,-1110,0,0.679428460061044,-42.1132626385516,-4.01110683231759,-45.0041711982652,-2.29046479811284,-43.8207011999661,-7.58633860088445,-47.0531886533932
"Conservancy_64","Etanga","Black-backed Jackal","Carnivore","Carnivore",,,,,,,,,,,,,,,,,,,,,,,,,,,
"Conservancy_64","Etanga","Black-faced Impala","Mixed","Mixed_Open",32598,31349,45277,29610,42952,30425,43941,28508,41353,0,-1249,12679,-2988,10354,-2173,11344,-4090,8755,0,-3.83029086165841,38.895192348192,-9.1652883917205,31.7633944819862,-6.66550894983202,34.7995023064015,-12.5469465664984,26.8579189835164
"Conservancy_64","Etanga","Blue wildebeest","Grazer","General_Grazer",4364,3929,10856,3658,10294,3814,10536,3522,9911,0,-435,6493,-705,5930,-550,6172,-842,5547,0,-9.95743394084582,148.780223301609,-16.1662192001848,135.895799653559,-12.6096787131694,141.444956831105,-19.2849489674555,127.115643171925
"Conservancy_64","Etanga","Buffalo","Grazer","General_Grazer",1920,1729,4777,1610,4529,1678,4636,1550,4361,0,-191,2857,-310,2609,-242,2716,-370,2441,0,-9.95743394084581,148.780223301609,-16.1662192001848,135.895799653559,-12.6096787131694,141.444956831105,-19.2849489674555,127.115643171925
"Conservancy_64","Etanga","Burchell's zebra","Grazer","General_Grazer",3000,2701,7464,2515,7077,2622,7244,2422,6814,0,-299,4464,-485,4077,-378,4244,-579,3814,0,-9.95743394084583,148.780223301609,-16.1662192001848,135.895799653559,-12.6096787131694,141.444956831105,-19.2849489674555,127.115643171925
"Conservancy_64","Etanga","Bushpig","Omnivore","Omnivore",20256,19937,19937,18921,18921,19349,19349,18217,18217,0,-319,-319,-1335,-1335,-907,-907,-2039,-2039,0,-1.57614795874385,-1.57614795874385,-6.58922135907709,-6.58922135907709,-4.47868183333949,-4.47868183333949,-10.0676275629083,-10.0676275629083
"Conservancy_64","Etanga","Cheetah","Carnivore","Carnivore",,,,,,,,,,,,,,,,,,,,,,,,,,,
"Conservancy_64","Etanga","Damara dik dik","Browser","Shrub_Browser",471688,474892,273045,452768,259409,460884,264991,435904,249744,0,3205,-198643,-18920,-212279,-10804,-206697,-35784,-221944,0,0.679428460061043,-42.1132626385516,-4.01110683231758,-45.0041711982652,-2.29046479811285,-43.8207011999661,-7.58633860088446,-47.0531886533932
"Conservancy_64","Etanga","Duiker","Browser","Woodland_Browser",114376,115290,63963,109943,60774,111889,62076,105848,58510,0,914,-50413,-4433,-53601,-2486,-52299,-8528,-55866,0,0.799536183694349,-44.07634560404,-3.87582245359556,-46.8644698925712,-2.1739400633368,-45.7259096062536,-7.45613194222962,-48.8442674396964
"Conservancy_64","Etanga","Eland","Mixed","Mixed_Open",3260,3135,4528,2961,4295,3042,4394,2851,4135,0,-125,1268,-299,1035,-217,1134,-409,876,0,-3.83029086165841,38.895192348192,-9.1652883917205,31.7633944819862,-6.66550894983201,34.7995023064015,-12.5469465664984,26.8579189835164
"Conservancy_64","Etanga","Elephant","Mixed","Large_Mixed",522,513,527,487,500,498,512,469,482,0,-9,5,-35,-21,-24,-10,-53,-40,0,-1.72645652609463,1.03594211249309,-6.76011114112125,-4.11388389322321,-4.62450341860098,-1.94360007853446,-10.232100706851,-7.68439524464574
"Conservancy_64","Etanga","Gemsbok","Mixed","Arid_Mixed",7729,7456,10291,7047,9763,7236,9988,6784,9400,0,-273,2562,-682,2034,-493,2259,-945,1671,0,-3.53844849180445,33.1478133557108,-8.82657827185875,26.3168598866719,-6.38239189823173,29.2215649484315,-12.2209653101032,21.61404618722
"Conservancy_64","Etanga","Giraffe","Browser","Woodland_Browser",2355,2374,1317,2264,1251,2304,1278,2179,1205,0,19,-1038,-91,-1104,-51,-1077,-176,-1150,0,0.799536183694342,-44.07634560404,-3.87582245359556,-46.8644698925712,-2.1739400633368,-45.7259096062536,-7.45613194222963,-48.8442674396964
"Conservancy_64","Etanga","Hartmann's zebra","Grazer","Arid_Grazer",4185,3914,7770,3675,7369,3798,7541,3538,7095,0,-271,3585,-510,3184,-387,3356,-647,2910,0,-6.48644570220007,85.6697483740983,-12.1914316368806,76.0891765348483,-9.24236066282137,80.1950742735343,-15.4594530980363,69.5343764472405
"Conservancy_64","Etanga","Hippopotamus","Grazer","Wetland_Grazer",213,181,729,166,691,175,707,160,665,0,-32,516,-47,478,-38,494,-53,452,0,-15.1326422344934,242.279394528917,-22.0864754329923,224.500217778136,-17.6303275725368,232.187631172609,-24.9828518759596,212.423162932531
"Conservancy_64","Etanga","Impala","Mixed","Mixed_Open",32598,31349,45277,29610,42952,30425,43941,28508,41353,0,-1249,12679,-2988,10354,-2173,11344,-4090,8755,0,-3.83029086165841,38.895192348192,-9.1652883917205,31.7633944819862,-6.66550894983202,34.7995023064015,-12.5469465664984,26.8579189835164
"Conservancy_64","Etanga","Klipspringer","Browser","Rocky_Browser",160858,161895,93083,154353,88435,157119,90338,148604,85140,0,1037,-67775,-6506,-72423,-3739,-70520,-12255,-75718,0,0.644653282028896,-42.1332570070958,-4.04426187600498,-45.023167032537,-2.32421416016283,-43.8401058106931,-7.61825874164124,-47.07147674679
"Conservancy_64","Etanga","Kudu","Browser","Woodland_Browser",10535,10619,5891,10126,5598,10306,5718,9749,5389,0,84,-4643,-408,-4937,-229,-4817,-785,-5146,0,0.799536183694352,-44.07634560404,-3.87582245359556,-46.8644698925712,-2.1739400633368,-45.7259096062536,-7.45613194222963,-48.8442674396964
"Conservancy_64","Etanga","Leopard","Carnivore","Carnivore",,,,,,,,,,,,,,,,,,,,,,,,,,,
"Conservancy_64","Etanga","Ostrich","Mixed","Mixed_Open",16299,15675,22638,14805,21476,15212,21971,14254,20676,0,-624,6339,-1494,5177,-1086,5672,-2045,4378,0,-3.83029086165841,38.895192348192,-9.1652883917205,31.7633944819862,-6.66550894983202,34.7995023064015,-12.5469465664984,26.8579189835164
"Conservancy_64","Etanga","Red Hartebeest","Grazer","General_Grazer",6400,5763,15923,5366,15098,5593,15453,5166,14536,0,-637,9522,-1035,8698,-807,9053,-1234,8136,0,-9.95743394084583,148.780223301609,-16.1662192001848,135.895799653559,-12.6096787131694,141.444956831105,-19.2849489674555,127.115643171925
"Conservancy_64","Etanga","Red Lechwe","Grazer","Wetland_Grazer",3725,3161,12749,2902,12087,3068,12373,2794,11637,0,-564,9024,-823,8362,-657,8648,-931,7912,0,-15.1326422344934,242.279394528917,-22.0864754329923,224.500217778136,-17.6303275725368,232.187631172609,-24.9828518759596,212.423162932531
"Conservancy_64","Etanga","Reedbuck","Grazer","Wetland_Grazer",6622,5620,22665,5159,21487,5454,21996,4967,20688,0,-1002,16043,-1462,14866,-1167,15375,-1654,14066,0,-15.1326422344934,242.279394528917,-22.0864754329923,224.500217778136,-17.6303275725368,232.187631172609,-24.9828518759596,212.423162932531
"Conservancy_64","Etanga","Roan","Grazer","General_Grazer",4000,3602,9952,3354,9436,3496,9658,3229,9085,0,-398,5951,-647,5436,-504,5658,-771,5085,0,-9.95743394084582,148.780223301609,-16.1662192001848,135.895799653559,-12.6096787131694,141.444956831105,-19.2849489674555,127.115643171925
"Conservancy_64","Etanga","Sable","Grazer","General_Grazer",4800,4322,11942,4024,11324,4195,11590,3874,10902,0,-478,7142,-776,6523,-605,6790,-926,6102,0,-9.95743394084582,148.780223301609,-16.1662192001848,135.895799653559,-12.6096787131694,141.444956831105,-19.2849489674555,127.115643171925
"Conservancy_64","Etanga","Spotted Hyaena","Carnivore","Carnivore",,,,,,,,,,,,,,,,,,,,,,,,,,,
"Conservancy_64","Etanga","Springbok","Grazer","Arid_Grazer",30837,28837,57255,27077,54300,27987,55566,26070,52279,0,-2000,26418,-3759,23463,-2850,24730,-4767,21442,0,-6.48644570220007,85.6697483740983,-12.1914316368806,76.0891765348483,-9.24236066282137,80.1950742735343,-15.4594530980363,69.5343764472405
"Conservancy_64","Etanga","Steenbok","Browser","Shrub_Browser",235844,237446,136522,226384,129704,230442,132495,217952,124872,0,1602,-99322,-9460,-106140,-5402,-103348,-17892,-110972,0,0.679428460061043,-42.1132626385516,-4.01110683231758,-45.0041711982652,-2.29046479811285,-43.8207011999661,-7.58633860088446,-47.0531886533932
"Conservancy_64","Etanga","Vervet monkey","Omnivore","Omnivore",243072,239241,239241,227056,227056,232186,232186,218601,218601,0,-3831,-3831,-16017,-16017,-10886,-10886,-24472,-24472,0,-1.57614795874386,-1.57614795874386,-6.58922135907708,-6.58922135907708,-4.47868183333949,-4.47868183333949,-10.0676275629083,-10.0676275629083
"Conservancy_64","Etanga","Warthog","Grazer","General_Grazer",13715,12349,34120,11498,32353,11986,33114,11070,31149,0,-1366,20405,-2217,18638,-1729,19399,-2645,17434,0,-9.95743394084582,148.780223301609,-16.1662192001848,135.895799653559,-12.6096787131694,141.444956831105,-19.2849489674555,127.115643171925
"Conservancy_65","Eiseb","Baboon","Omnivore","Omnivore",370524,353175,353175,341827,341827,342212,342212,320395,320395,0,-17349,-17349,-28697,-28697,-28312,-28312,-50129,-50129,0,-4.68233694393037,-4.68233694393037,-7.74503278638653,-7.74503278638653,-7.64115517877325,-7.64115517877325,-13.5292758142551,-13.5292758142551
"Conservancy_65","Eiseb","Black rhinoceros","Browser","Shrub_Browser",17682,16932,7799,16396,7550,16406,7557,15368,7077,0,-750,-9883,-1286,-10132,-1276,-10125,-2314,-10605,0,-4.24247730868821,-55.891807107045,-7.27177735245539,-57.2995376895629,-7.21495804346313,-57.2612159603027,-13.0857151243757,-59.9770460749573
"Conservancy_65","Eiseb","Black-backed Jackal","Carnivore","Carnivore",,,,,,,,,,,,,,,,,,,,,,,,,,,
"Conservancy_65","Eiseb","Black-faced Impala","Mixed","Mixed_Open",232397,220665,346695,213459,335532,213815,335934,200075,314495,0,-11732,114299,-18938,103136,-18581,103537,-32321,82099,0,-5.04808446421055,49.1826315351137,-8.14893289841584,44.3791690830788,-7.99554033578414,44.5519837175369,-13.9078285353637,35.3270881913238
"Conservancy_65","Eiseb","Blue wildebeest","Grazer","General_Grazer",28927,27111,89794,26182,86897,26269,87007,24541,81449,0,-1816,60867,-2745,57970,-2658,58080,-4387,52522,0,-6.27849955874125,210.415122546255,-9.4893157853395,200.401047469547,-9.18773448219955,200.780234959795,-15.1641011528945,181.567441902461
"Conservancy_65","Eiseb","Buffalo","Grazer","General_Grazer",12728,11929,39509,11520,38235,11558,38283,10798,35838,0,-799,26781,-1208,25507,-1169,25555,-1930,23110,0,-6.27849955874126,210.415122546255,-9.48931578533949,200.401047469547,-9.18773448219955,200.780234959795,-15.1641011528945,181.567441902461
"Conservancy_65","Eiseb","Burchell's zebra","Grazer","General_Grazer",19887,18639,61733,18000,59742,18060,59817,16872,55996,0,-1249,41846,-1887,39854,-1827,39930,-3016,36109,0,-6.27849955874126,210.415122546255,-9.48931578533949,200.401047469547,-9.18773448219955,200.780234959795,-15.1641011528945,181.567441902461
"Conservancy_65","Eiseb","Bushpig","Omnivore","Omnivore",148210,141270,141270,136731,136731,136885,136885,128158,128158,0,-6940,-6940,-11479,-11479,-11325,-11325,-20052,-20052,0,-4.68233694393037,-4.68233694393037,-7.74503278638653,-7.74503278638653,-7.64115517877326,-7.64115517877326,-13.5292758142551,-13.5292758142551
"Conservancy_65","Eiseb","Cheetah","Carnivore","Carnivore",,,,,,,,,,,,,,,,,,,,,,,,,,,
"Conservancy_65","Eiseb","Damara dik dik","Browser","Shrub_Browser",3536399,3386368,1559841,3279240,1510059,3281249,1511414,3073635,1415371,0,-150031,-1976557,-257159,-2026340,-255150,-2024985,-462763,-2121027,0,-4.24247730868821,-55.8918071070449,-7.27177735245538,-57.2995376895629,-7.21495804346312,-57.2612159603027,-13.0857151243757,-59.9770460749573
"Conservancy_65","Eiseb","Duiker","Browser","Woodland_Browser",858685,822357,357897,796360,346483,796829,346785,746430,324757,0,-36329,-500788,-62325,-512202,-61856,-511900,-112256,-533928,0,-4.2307300929798,-58.3203420637994,-7.25816197728641,-59.649589997121,-7.20357588371617,-59.6143754406842,-13.0729544687009,-62.1797658409743
"Conservancy_65","Eiseb","Eland","Mixed","Mixed_Open",23240,22066,34670,21346,33553,21382,33593,20008,31450,0,-1173,11430,-1894,10314,-1858,10354,-3232,8210,0,-5.04808446421055,49.1826315351137,-8.14893289841585,44.3791690830788,-7.99554033578413,44.5519837175369,-13.9078285353637,35.3270881913238
"Conservancy_65","Eiseb","Elephant","Mixed","Large_Mixed",3810,3633,3763,3516,3642,3520,3647,3296,3414,0,-178,-47,-294,-168,-290,-164,-515,-396,0,-4.65859140183038,-1.23470073518887,-7.72520098148538,-4.40880593125086,-7.61814617233339,-4.30052489726986,-13.5106859501539,-10.4022082406677
"Conservancy_65","Eiseb","Gemsbok","Mixed","Arid_Mixed",55281,52529,78188,50818,75671,50899,75761,47632,70926,0,-2752,22906,-4463,20389,-4382,20479,-7650,15645,0,-4.97796210357011,41.4361250932744,-8.07387059523068,36.883011509815,-7.92759598004363,37.0459087662245,-13.8374759064827,28.3008893349116
"Conservancy_65","Eiseb","Giraffe","Browser","Woodland_Browser",17679,16931,7368,16396,7133,16405,7140,15368,6686,0,-748,-10310,-1283,-10545,-1274,-10539,-2311,-10993,0,-4.2307300929798,-58.3203420637994,-7.25816197728639,-59.649589997121,-7.20357588371616,-59.6143754406842,-13.0729544687009,-62.1797658409743
"Conservancy_65","Eiseb","Hartmann's zebra","Grazer","Arid_Grazer",28925,27324,62223,26413,60217,26475,60292,24757,56442,0,-1602,33298,-2512,31292,-2450,31367,-4168,27517,0,-5.53746826953735,115.117388317564,-8.68371740510455,108.183089432719,-8.46972188938155,108.440296018915,-14.4090541233278,95.1309308698704
"Conservancy_65","Eiseb","Hippopotamus","Grazer","Wetland_Grazer",1321,1222,6180,1178,5980,1184,5988,1104,5605,0,-99,4859,-143,4659,-137,4667,-217,4284,0,-7.49271103740449,367.79914556949,-10.8104593253136,352.698827863833,-10.3642286379376,353.279464768434,-16.4023423740154,324.317173637439
"Conservancy_65","Eiseb","Impala","Mixed","Mixed_Open",232397,220665,346695,213459,335532,213815,335934,200075,314495,0,-11732,114299,-18938,103136,-18581,103537,-32321,82099,0,-5.04808446421055,49.1826315351137,-8.14893289841584,44.3791690830788,-7.99554033578414,44.5519837175369,-13.9078285353637,35.3270881913238
"Conservancy_65","Eiseb","Klipspringer","Browser","Rocky_Browser",1205509,1154444,531764,1117923,514793,1118608,515255,1047830,482513,0,-51066,-673745,-87587,-690717,-86902,-690255,-157679,-722997,0,-4.23604723563578,-55.8888452624343,-7.26555069549006,-57.2966703734052,-7.20872757110767,-57.2583460708588,-13.0798788706241,-59.9743585522408
"Conservancy_65","Eiseb","Kudu","Browser","Woodland_Browser",79089,75743,32964,73349,31913,73392,31941,68750,29912,0,-3346,-46125,-5740,-47177,-5697,-47149,-10339,-49178,0,-4.23073009297981,-58.3203420637994,-7.25816197728642,-59.649589997121,-7.20357588371616,-59.6143754406842,-13.0729544687009,-62.1797658409743
"Conservancy_65","Eiseb","Leopard","Carnivore","Carnivore",,,,,,,,,,,,,,,,,,,,,,,,,,,
"Conservancy_65","Eiseb","Ostrich","Mixed","Mixed_Open",116198,110332,173348,106729,167766,106908,167967,100038,157248,0,-5866,57149,-9469,51568,-9291,51769,-16161,41049,0,-5.04808446421055,49.1826315351137,-8.14893289841584,44.3791690830788,-7.99554033578414,44.5519837175369,-13.9078285353637,35.3270881913238
"Conservancy_65","Eiseb","Red Hartebeest","Grazer","General_Grazer",42426,39763,131698,38400,127449,38528,127610,35993,119459,0,-2664,89271,-4026,85023,-3898,85184,-6434,77032,0,-6.27849955874126,210.415122546255,-9.48931578533949,200.401047469547,-9.18773448219954,200.780234959795,-15.1641011528945,181.567441902461
"Conservancy_65","Eiseb","Red Lechwe","Grazer","Wetland_Grazer",23118,21386,108146,20619,104655,20722,104789,19326,98094,0,-1732,85028,-2499,81537,-2396,81671,-3792,74976,0,-7.49271103740449,367.79914556949,-10.8104593253136,352.698827863833,-10.3642286379376,353.279464768434,-16.4023423740154,324.317173637439
"Conservancy_65","Eiseb","Reedbuck","Grazer","Wetland_Grazer",41099,38019,192259,36656,186053,36839,186292,34358,174389,0,-3079,151161,-4443,144955,-4260,145193,-6741,133290,0,-7.49271103740449,367.79914556949,-10.8104593253136,352.698827863833,-10.3642286379376,353.279464768434,-16.4023423740154,324.317173637439
"Conservancy_65","Eiseb","Roan","Grazer","General_Grazer",26516,24852,82311,24000,79656,24080,79756,22495,74662,0,-1665,55795,-2516,53139,-2436,53240,-4021,48145,0,-6.27849955874126,210.415122546255,-9.4893157853395,200.401047469547,-9.18773448219956,200.780234959795,-15.1641011528945,181.567441902461
"Conservancy_65","Eiseb","Sable","Grazer","General_Grazer",31820,29822,98773,28800,95587,28896,95708,26995,89594,0,-1998,66954,-3019,63767,-2924,63888,-4825,57774,0,-6.27849955874127,210.415122546255,-9.4893157853395,200.401047469547,-9.18773448219956,200.780234959795,-15.1641011528945,181.567441902461
"Conservancy_65","Eiseb","Spotted Hyaena","Carnivore","Carnivore",,,,,,,,,,,,,,,,,,,,,,,,,,,
"Conservancy_65","Eiseb","Springbok","Grazer","Arid_Grazer",213133,201331,458487,194625,443707,195081,444256,182423,415889,0,-11802,245353,-18508,230574,-18052,231122,-30710,202756,0,-5.53746826953736,115.117388317564,-8.68371740510456,108.183089432719,-8.46972188938156,108.440296018915,-14.4090541233278,95.1309308698703
"Conservancy_65","Eiseb","Steenbok","Browser","Shrub_Browser",1768199,1693184,779921,1639620,755029,1640624,755707,1536818,707686,0,-75015,-988279,-128580,-1013170,-127575,-1012492,-231382,-1060514,0,-4.24247730868821,-55.8918071070449,-7.27177735245538,-57.2995376895629,-7.21495804346312,-57.2612159603027,-13.0857151243757,-59.9770460749573
"Conservancy_65","Eiseb","Vervet monkey","Omnivore","Omnivore",1778516,1695240,1695240,1640769,1640769,1642617,1642617,1537896,1537896,0,-83276,-83276,-137747,-137747,-135899,-135899,-240620,-240620,0,-4.68233694393035,-4.68233694393035,-7.74503278638652,-7.74503278638652,-7.64115517877324,-7.64115517877324,-13.5292758142551,-13.5292758142551
"Conservancy_65","Eiseb","Warthog","Grazer","General_Grazer",90914,85206,282209,82286,273105,82561,273450,77127,255983,0,-5708,191296,-8627,182192,-8353,182536,-13786,165069,0,-6.27849955874125,210.415122546255,-9.4893157853395,200.401047469547,-9.18773448219956,200.780234959795,-15.1641011528945,181.567441902461
"Conservancy_66","Otjambangu","Baboon","Omnivore","Omnivore",18625,18457,18534,17588,17613,17746,17821,16474,16497,0,-169,-91,-1037,-1012,-879,-805,-2151,-2128,0,-0.905563492497517,-0.490499593730533,-5.56732276588458,-5.43589370540861,-4.71884018034124,-4.3197450764732,-11.5489481843934,-11.425026563359
"Conservancy_66","Otjambangu","Black rhinoceros","Browser","Shrub_Browser",889,886,511,844,486,852,491,791,455,0,-3,-379,-45,-403,-38,-398,-99,-434,0,-0.391106097864003,-42.5953327171783,-5.07706730038775,-45.3581067240617,-4.22417974362973,-44.8041787330872,-11.0897468480378,-48.8203511670513
"Conservancy_66","Otjambangu","Black-backed Jackal","Carnivore","Carnivore",,,,,,,,,,,,,,,,,,,,,,,,,,,
"Conservancy_66","Otjambangu","Black-faced Impala","Mixed","Mixed_Open",11689,11518,16797,10976,15951,11075,16151,10280,14941,0,-171,5108,-714,4262,-615,4461,-1409,3251,0,-1.46690062105716,43.6942788578599,-6.10633441815732,36.4561379237913,-5.25857345838694,38.1645902513556,-12.0537874108559,27.8154616811767
"Conservancy_66","Otjambangu","Blue wildebeest","Grazer","General_Grazer",1457,1410,4018,1344,3812,1356,3863,1259,3571,0,-47,2561,-114,2355,-101,2406,-199,2114,0,-3.21500025621767,175.709808410268,-7.79788120636865,161.613762175105,-6.93938579145279,165.099535495606,-13.6379985479651,145.051355788966
"Conservancy_66","Otjambangu","Buffalo","Grazer","General_Grazer",641,621,1768,591,1677,597,1700,554,1571,0,-21,1127,-50,1036,-44,1059,-87,930,0,-3.21500025621767,175.709808410268,-7.79788120636864,161.613762175105,-6.93938579145278,165.099535495606,-13.6379985479651,145.051355788966
"Conservancy_66","Otjambangu","Burchell's zebra","Grazer","General_Grazer",1002,970,2762,924,2621,932,2656,865,2455,0,-32,1760,-78,1619,-70,1654,-137,1453,0,-3.21500025621767,175.709808410268,-7.79788120636865,161.613762175105,-6.93938579145279,165.099535495606,-13.6379985479651,145.051355788967
"Conservancy_66","Otjambangu","Bushpig","Omnivore","Omnivore",7450,7383,7414,7035,7045,7099,7128,6590,6599,0,-67,-37,-415,-405,-352,-322,-860,-851,0,-0.905563492497517,-0.490499593730535,-5.56732276588458,-5.43589370540862,-4.71884018034123,-4.31974507647319,-11.5489481843934,-11.425026563359
"Conservancy_66","Otjambangu","Cheetah","Carnivore","Carnivore",,,,,,,,,,,,,,,,,,,,,,,,,,,
"Conservancy_66","Otjambangu","Damara dik dik","Browser","Shrub_Browser",177878,177182,102110,168847,97196,170364,98181,158152,91037,0,-696,-75768,-9031,-80682,-7514,-79697,-19726,-86841,0,-0.391106097863996,-42.5953327171783,-5.07706730038776,-45.3581067240617,-4.22417974362972,-44.8041787330872,-11.0897468480378,-48.8203511670513
"Conservancy_66","Otjambangu","Duiker","Browser","Woodland_Browser",43126,43011,23918,40996,22775,41356,22998,38399,21332,0,-115,-19208,-2131,-20351,-1771,-20128,-4727,-21795,0,-0.267617664022008,-44.538715975619,-4.94042159287333,-47.1900296145034,-4.10545678371421,-46.6727840844064,-10.9618958006219,-50.5364394551078
"Conservancy_66","Otjambangu","Eland","Mixed","Mixed_Open",1169,1152,1680,1098,1595,1107,1615,1028,1494,0,-17,511,-71,426,-61,446,-141,325,0,-1.46690062105716,43.6942788578599,-6.10633441815732,36.4561379237913,-5.25857345838694,38.1645902513556,-12.0537874108559,27.8154616811767
"Conservancy_66","Otjambangu","Elephant","Mixed","Large_Mixed",192,190,196,181,186,183,189,169,175,0,-2,4,-11,-5,-9,-3,-22,-17,0,-0.985738051542187,2.24659326902707,-5.65261181082658,-2.84570797976479,-4.79592320460024,-1.6879828307777,-11.6287695947646,-8.99873236492783
"Conservancy_66","Otjambangu","Gemsbok","Mixed","Arid_Mixed",2792,2746,3821,2615,3628,2640,3674,2449,3398,0,-46,1029,-177,836,-152,882,-342,607,0,-1.65095934317115,36.8704612917741,-6.33258838492621,29.9573095695716,-5.43551321364982,31.6034212507903,-12.2653367475139,21.7282936705084
"Conservancy_66","Otjambangu","Giraffe","Browser","Woodland_Browser",888,886,492,844,469,851,473,791,439,0,-2,-395,-44,-419,-36,-414,-97,-449,0,-0.26761766402201,-44.5387159756191,-4.94042159287334,-47.1900296145034,-4.10545678371422,-46.6727840844064,-10.9618958006219,-50.5364394551078
"Conservancy_66","Otjambangu","Hartmann's zebra","Grazer","Arid_Grazer",1466,1427,2881,1359,2734,1372,2770,1273,2561,0,-39,1415,-107,1268,-94,1304,-193,1095,0,-2.6407982032906,96.5012892211164,-7.32553765516864,86.4689327640626,-6.38722652653072,88.9393978567505,-13.1950254415385,74.6633045310957
"Conservancy_66","Otjambangu","Hippopotamus","Grazer","Wetland_Grazer",66,63,269,60,255,61,259,56,239,0,-3,203,-6,189,-5,193,-10,173,0,-4.52219079868931,306.57917880231,-8.98808303274699,285.730522471117,-8.19631348055222,290.932375886396,-14.7532168385766,261.311764811271
"Conservancy_66","Otjambangu","Impala","Mixed","Mixed_Open",11689,11518,16797,10976,15951,11075,16151,10280,14941,0,-171,5108,-714,4262,-615,4461,-1409,3251,0,-1.46690062105716,43.6942788578599,-6.10633441815732,36.4561379237913,-5.25857345838694,38.1645902513556,-12.0537874108559,27.8154616811767
"Conservancy_66","Otjambangu","Klipspringer","Browser","Rocky_Browser",60928,60491,34872,57608,33173,58164,33530,53959,31071,0,-437,-26056,-3320,-27755,-2764,-27398,-6969,-29857,0,-0.716632236406591,-42.7649979653345,-5.44957394631484,-45.5541850891311,-4.53713493930085,-44.9672718514181,-11.438200886527,-49.0036327571156
"Conservancy_66","Otjambangu","Kudu","Browser","Woodland_Browser",3972,3962,2203,3776,2098,3809,2118,3537,1965,0,-11,-1769,-196,-1874,-163,-1854,-435,-2007,0,-0.267617664022012,-44.538715975619,-4.94042159287334,-47.1900296145034,-4.1054567837142,-46.6727840844064,-10.9618958006219,-50.5364394551078
"Conservancy_66","Otjambangu","Leopard","Carnivore","Carnivore",,,,,,,,,,,,,,,,,,,,,,,,,,,
"Conservancy_66","Otjambangu","Ostrich","Mixed","Mixed_Open",5845,5759,8399,5488,7975,5537,8075,5140,7470,0,-86,2554,-357,2131,-307,2231,-705,1626,0,-1.46690062105716,43.6942788578599,-6.10633441815732,36.4561379237913,-5.25857345838694,38.1645902513556,-12.0537874108559,27.8154616811767
"Conservancy_66","Otjambangu","Red Hartebeest","Grazer","General_Grazer",2137,2069,5893,1971,5592,1989,5666,1846,5238,0,-69,3755,-167,3454,-148,3529,-291,3100,0,-3.21500025621766,175.709808410268,-7.79788120636864,161.613762175105,-6.93938579145279,165.099535495606,-13.6379985479651,145.051355788967
"Conservancy_66","Otjambangu","Red Lechwe","Grazer","Wetland_Grazer",1159,1107,4713,1055,4471,1064,4531,988,4188,0,-52,3554,-104,3312,-95,3372,-171,3029,0,-4.52219079868931,306.57917880231,-8.988083032747,285.730522471117,-8.19631348055223,290.932375886396,-14.7532168385766,261.311764811271
"Conservancy_66","Otjambangu","Reedbuck","Grazer","Wetland_Grazer",2061,1967,8378,1875,7949,1892,8056,1757,7445,0,-93,6318,-185,5888,-169,5995,-304,5385,0,-4.52219079868931,306.57917880231,-8.98808303274699,285.730522471117,-8.19631348055222,290.932375886396,-14.7532168385766,261.311764811271
"Conservancy_66","Otjambangu","Roan","Grazer","General_Grazer",1336,1293,3683,1232,3495,1243,3541,1154,3273,0,-43,2347,-104,2159,-93,2205,-182,1938,0,-3.21500025621767,175.709808410268,-7.79788120636864,161.613762175105,-6.93938579145278,165.099535495606,-13.6379985479651,145.051355788966
"Conservancy_66","Otjambangu","Sable","Grazer","General_Grazer",1603,1551,4420,1478,4194,1492,4250,1384,3928,0,-52,2817,-125,2591,-111,2647,-219,2325,0,-3.21500025621767,175.709808410268,-7.79788120636865,161.613762175105,-6.93938579145279,165.099535495606,-13.6379985479651,145.051355788966
"Conservancy_66","Otjambangu","Spotted Hyaena","Carnivore","Carnivore",,,,,,,,,,,,,,,,,,,,,,,,,,,
"Conservancy_66","Otjambangu","Springbok","Grazer","Arid_Grazer",10803,10517,21227,10011,20143,10113,20410,9377,18868,0,-285,10425,-791,9341,-690,9608,-1425,8066,0,-2.64079820329059,96.5012892211164,-7.32553765516862,86.4689327640626,-6.38722652653071,88.9393978567505,-13.1950254415385,74.6633045310956
"Conservancy_66","Otjambangu","Steenbok","Browser","Shrub_Browser",88939,88591,51055,84424,48598,85182,49091,79076,45519,0,-348,-37884,-4515,-40341,-3757,-39848,-9863,-43420,0,-0.391106097863996,-42.5953327171783,-5.07706730038776,-45.3581067240617,-4.22417974362972,-44.8041787330872,-11.0897468480378,-48.8203511670513
"Conservancy_66","Otjambangu","Vervet monkey","Omnivore","Omnivore",89401,88591,88962,84424,84541,85182,85539,79076,79187,0,-810,-439,-4977,-4860,-4219,-3862,-10325,-10214,0,-0.905563492497517,-0.490499593730539,-5.56732276588459,-5.43589370540863,-4.71884018034123,-4.3197450764732,-11.5489481843934,-11.425026563359
"Conservancy_66","Otjambangu","Warthog","Grazer","General_Grazer",4580,4433,12627,4223,11982,4262,12141,3955,11223,0,-147,8047,-357,7402,-318,7562,-625,6643,0,-3.21500025621768,175.709808410268,-7.79788120636865,161.613762175105,-6.93938579145279,165.099535495606,-13.6379985479651,145.051355788966
"Conservancy_67","Sikunga","Baboon","Omnivore","Omnivore",15826,15251,15188,15164,15105,15407,15343,14408,14352,0,-575,-638,-662,-722,-420,-484,-1418,-1475,0,-3.63317031521148,-4.03145032636099,-4.18322609523426,-4.55930674307889,-2.65305207564559,-3.0551457330821,-8.95961972768041,-9.31673868536594
"Conservancy_67","Sikunga","Black rhinoceros","Browser","Shrub_Browser",268,256,238,255,235,258,240,242,224,0,-12,-30,-13,-32,-9,-28,-26,-44,0,-4.43810985013314,-11.2353826421413,-4.82743849099034,-12.1146510887723,-3.48493973579751,-10.3456708520264,-9.58941642269588,-16.5086035780145
"Conservancy_67","Sikunga","Black-backed Jackal","Carnivore","Carnivore",,,,,,,,,,,,,,,,,,,,,,,,,,,
"Conservancy_67","Sikunga","Black-faced Impala","Mixed","Mixed_Open",8346,7814,7707,7714,7646,7893,7786,7330,7265,0,-532,-638,-631,-700,-453,-560,-1016,-1081,0,-6.37661840409684,-7.64969705252195,-7.56548846465142,-8.38293051502737,-5.42709431088502,-6.71308366897644,-12.1761397301557,-12.9526370478534
"Conservancy_67","Sikunga","Blue wildebeest","Grazer","General_Grazer",2491,2361,2358,2334,2348,2385,2382,2218,2231,0,-130,-133,-157,-144,-106,-109,-273,-261,0,-5.22061026712944,-5.33633520205069,-6.29607858810068,-5.76436466441252,-4.25163414872787,-4.36966794196542,-10.962745449344,-10.4582901106728
"Conservancy_67","Sikunga","Buffalo","Grazer","General_Grazer",1096,1039,1038,1027,1033,1049,1048,976,981,0,-57,-58,-69,-63,-47,-48,-120,-115,0,-5.22061026712945,-5.33633520205072,-6.2960785881007,-5.76436466441252,-4.25163414872787,-4.36966794196542,-10.9627454493441,-10.4582901106728
"Conservancy_67","Sikunga","Burchell's zebra","Grazer","General_Grazer",1713,1623,1621,1605,1614,1640,1638,1525,1534,0,-89,-91,-108,-99,-73,-75,-188,-179,0,-5.22061026712945,-5.33633520205071,-6.29607858810069,-5.76436466441253,-4.25163414872788,-4.36966794196544,-10.9627454493441,-10.4582901106728
"Conservancy_67","Sikunga","Bushpig","Omnivore","Omnivore",6331,6101,6075,6066,6042,6163,6137,5763,5741,0,-230,-255,-265,-289,-168,-193,-567,-590,0,-3.63317031521147,-4.03145032636099,-4.18322609523426,-4.55930674307889,-2.65305207564558,-3.05514573308209,-8.9596197276804,-9.31673868536595
"Conservancy_67","Sikunga","Cheetah","Carnivore","Carnivore",,,,,,,,,,,,,,,,,,,,,,,,,,,
"Conservancy_67","Sikunga","Damara dik dik","Browser","Shrub_Browser",53554,51177,47537,50969,47066,51688,48014,48419,44713,0,-2377,-6017,-2585,-6488,-1866,-5541,-5136,-8841,0,-4.43810985013314,-11.2353826421413,-4.82743849099033,-12.1146510887723,-3.48493973579752,-10.3456708520264,-9.58941642269588,-16.5086035780145
"Conservancy_67","Sikunga","Duiker","Browser","Woodland_Browser",19256,18383,18599,18292,18378,18568,18786,17378,17460,0,-874,-657,-964,-878,-689,-470,-1878,-1796,0,-4.53656157461916,-3.41183788883198,-5.00810199127587,-4.56049159337719,-3.57621019292188,-2.43956595839748,-9.7530715262044,-9.32759795387019
"Conservancy_67","Sikunga","Eland","Mixed","Mixed_Open",835,781,771,771,765,789,779,733,726,0,-53,-64,-63,-70,-45,-56,-102,-108,0,-6.37661840409685,-7.64969705252195,-7.56548846465143,-8.38293051502738,-5.42709431088503,-6.71308366897644,-12.1761397301557,-12.9526370478534
"Conservancy_67","Sikunga","Elephant","Mixed","Large_Mixed",119,113,111,112,110,114,112,106,105,0,-6,-8,-7,-9,-5,-7,-13,-14,0,-5.05030303464974,-6.50427034457105,-5.86790736516232,-7.21287312939912,-4.08883496633288,-5.55677681133488,-10.5644446541223,-11.8416179321333
"Conservancy_67","Sikunga","Gemsbok","Mixed","Arid_Mixed",1042,930,864,908,852,939,873,863,810,0,-112,-178,-134,-190,-103,-170,-179,-232,0,-10.7648960728817,-17.1103741467991,-12.8487280819998,-18.2134610925894,-9.87194112512253,-16.2793536535441,-17.2078198611082,-22.3025074668795
"Conservancy_67","Sikunga","Giraffe","Browser","Woodland_Browser",396,378,383,377,378,382,387,358,359,0,-18,-14,-20,-18,-14,-10,-39,-37,0,-4.53656157461917,-3.41183788883199,-5.00810199127586,-4.56049159337719,-3.57621019292188,-2.43956595839747,-9.7530715262044,-9.32759795387018
"Conservancy_67","Sikunga","Hartmann's zebra","Grazer","Arid_Grazer",865,775,745,756,737,783,752,718,700,0,-90,-120,-108,-128,-82,-112,-146,-165,0,-10.3838587582027,-13.8622782745874,-12.5405978410241,-14.7968906855763,-9.47839135806005,-12.9920439524476,-16.9069061689308,-19.0501603555004
"Conservancy_67","Sikunga","Hippopotamus","Grazer","Wetland_Grazer",571,564,566,563,566,570,571,535,537,0,-7,-5,-8,-5,-1,1,-36,-33,0,-1.22301461906274,-0.928255607693801,-1.42461031609139,-0.925052781195501,-0.207929999603733,0.0892369902848989,-6.32860542237596,-5.85439049170922
"Conservancy_67","Sikunga","Impala","Mixed","Mixed_Open",8346,7814,7707,7714,7646,7893,7786,7330,7265,0,-532,-638,-631,-700,-453,-560,-1016,-1081,0,-6.37661840409684,-7.64969705252195,-7.56548846465142,-8.38293051502737,-5.42709431088502,-6.71308366897644,-12.1761397301557,-12.9526370478534
"Conservancy_67","Sikunga","Klipspringer","Browser","Rocky_Browser",14653,13898,12427,13832,12285,14035,12551,13139,11670,0,-755,-2226,-821,-2368,-618,-2102,-1514,-2983,0,-5.15466685396901,-15.188161340858,-5.60362851705003,-16.1603846988182,-4.21586538890273,-14.3434056311832,-10.3336986687163,-20.3574315709476
"Conservancy_67","Sikunga","Kudu","Browser","Woodland_Browser",1774,1693,1713,1685,1693,1710,1730,1601,1608,0,-80,-61,-89,-81,-63,-43,-173,-165,0,-4.53656157461917,-3.41183788883199,-5.00810199127586,-4.56049159337719,-3.57621019292187,-2.43956595839747,-9.75307152620441,-9.32759795387017
"Conservancy_67","Sikunga","Leopard","Carnivore","Carnivore",,,,,,,,,,,,,,,,,,,,,,,,,,,
"Conservancy_67","Sikunga","Ostrich","Mixed","Mixed_Open",4173,3907,3854,3857,3823,3946,3893,3665,3632,0,-266,-319,-316,-350,-226,-280,-508,-541,0,-6.37661840409684,-7.64969705252195,-7.56548846465142,-8.38293051502737,-5.42709431088502,-6.71308366897644,-12.1761397301557,-12.9526370478534
"Conservancy_67","Sikunga","Red Hartebeest","Grazer","General_Grazer",3654,3463,3459,3424,3443,3498,3494,3253,3272,0,-191,-195,-230,-211,-155,-160,-401,-382,0,-5.22061026712943,-5.3363352020507,-6.29607858810069,-5.76436466441251,-4.25163414872786,-4.36966794196542,-10.962745449344,-10.4582901106728
"Conservancy_67","Sikunga","Red Lechwe","Grazer","Wetland_Grazer",9990,9868,9897,9848,9898,9969,9999,9358,9405,0,-122,-93,-142,-92,-21,9,-632,-585,0,-1.22301461906274,-0.928255607693812,-1.42461031609138,-0.925052781195505,-0.207929999603741,0.0892369902848972,-6.32860542237597,-5.85439049170923
"Conservancy_67","Sikunga","Reedbuck","Grazer","Wetland_Grazer",17760,17543,17595,17507,17596,17723,17776,16636,16720,0,-217,-165,-253,-164,-37,16,-1124,-1040,0,-1.22301461906274,-0.928255607693799,-1.42461031609139,-0.925052781195507,-0.207929999603741,0.0892369902849109,-6.32860542237596,-5.85439049170922
"Conservancy_67","Sikunga","Roan","Grazer","General_Grazer",2284,2164,2162,2140,2152,2186,2184,2033,2045,0,-119,-122,-144,-132,-97,-100,-250,-239,0,-5.22061026712942,-5.33633520205069,-6.29607858810067,-5.76436466441251,-4.25163414872786,-4.36966794196542,-10.962745449344,-10.4582901106728
"Conservancy_67","Sikunga","Sable","Grazer","General_Grazer",2740,2597,2594,2568,2582,2624,2620,2440,2454,0,-143,-146,-173,-158,-117,-120,-300,-287,0,-5.22061026712943,-5.3363352020507,-6.29607858810068,-5.76436466441252,-4.25163414872786,-4.36966794196542,-10.962745449344,-10.4582901106728
"Conservancy_67","Sikunga","Spotted Hyaena","Carnivore","Carnivore",,,,,,,,,,,,,,,,,,,,,,,,,,,
"Conservancy_67","Sikunga","Springbok","Grazer","Arid_Grazer",6371,5709,5488,5572,5428,5767,5543,5294,5157,0,-662,-883,-799,-943,-604,-828,-1077,-1214,0,-10.3838587582027,-13.8622782745873,-12.5405978410241,-14.7968906855763,-9.47839135806006,-12.9920439524476,-16.9069061689308,-19.0501603555004
"Conservancy_67","Sikunga","Steenbok","Browser","Shrub_Browser",26777,25589,23769,25484,23533,25844,24007,24209,22357,0,-1188,-3009,-1293,-3244,-933,-2770,-2568,-4421,0,-4.43810985013314,-11.2353826421413,-4.82743849099033,-12.1146510887723,-3.48493973579752,-10.3456708520264,-9.58941642269588,-16.5086035780145
"Conservancy_67","Sikunga","Vervet monkey","Omnivore","Omnivore",75967,73207,72904,72789,72503,73951,73646,69160,68889,0,-2760,-3063,-3178,-3464,-2015,-2321,-6806,-7078,0,-3.63317031521147,-4.03145032636097,-4.18322609523424,-4.55930674307888,-2.65305207564558,-3.05514573308209,-8.9596197276804,-9.31673868536594
"Conservancy_67","Sikunga","Warthog","Grazer","General_Grazer",7829,7420,7411,7336,7378,7496,7487,6971,7010,0,-409,-418,-493,-451,-333,-342,-858,-819,0,-5.22061026712944,-5.33633520205071,-6.29607858810069,-5.76436466441252,-4.25163414872786,-4.36966794196543,-10.9627454493441,-10.4582901106728
"Conservancy_68","Okongo","Baboon","Omnivore","Omnivore",74067,70915,70237,69323,68645,68843,68185,65755,65112,0,-3152,-3830,-4744,-5422,-5224,-5882,-8313,-8955,0,-4.25614460736838,-5.17079142765372,-6.40537990466525,-7.32041907614472,-7.05353827927544,-7.94143921766102,-11.2229613138417,-12.0908685065156
"Conservancy_68","Okongo","Black rhinoceros","Browser","Shrub_Browser",3389,3340,2524,3283,2468,3242,2451,3114,2341,0,-49,-864,-106,-920,-146,-938,-275,-1047,0,-1.436911646965,-25.5046956811938,-3.13217626042819,-27.1576746663451,-4.31793938767832,-27.6803550048424,-8.11809651706847,-30.9068697163334
"Conservancy_68","Okongo","Black-backed Jackal","Carnivore","Carnivore",,,,,,,,,,,,,,,,,,,,,,,,,,,
"Conservancy_68","Okongo","Black-faced Impala","Mixed","Mixed_Open",44763,43485,50923,42683,50085,42214,49433,40486,47507,0,-1278,6160,-2080,5322,-2549,4670,-4277,2744,0,-2.85396292563323,13.7608618164038,-4.64724886562191,11.8888198763629,-5.69405314772467,10.4331921212052,-9.55514191158629,6.13000208876536
"Conservancy_68","Okongo","Blue wildebeest","Grazer","General_Grazer",5461,5254,9483,5164,9380,5100,9205,4898,8897,0,-207,4022,-297,3919,-361,3744,-563,3436,0,-3.79438495598505,73.638683976649,-5.43976228296478,71.7522629408828,-6.60939923885492,68.5525178869151,-10.3066440807474,62.9126986543898
"Conservancy_68","Okongo","Buffalo","Grazer","General_Grazer",2403,2312,4173,2272,4127,2244,4050,2155,3915,0,-91,1770,-131,1724,-159,1647,-248,1512,0,-3.79438495598504,73.6386839766491,-5.43976228296478,71.7522629408828,-6.60939923885493,68.5525178869151,-10.3066440807474,62.9126986543898
"Conservancy_68","Okongo","Burchell's zebra","Grazer","General_Grazer",3755,3612,6520,3550,6449,3507,6329,3368,6117,0,-142,2765,-204,2694,-248,2574,-387,2362,0,-3.79438495598505,73.6386839766491,-5.43976228296479,71.7522629408828,-6.60939923885492,68.552517886915,-10.3066440807474,62.9126986543898
"Conservancy_68","Okongo","Bushpig","Omnivore","Omnivore",29627,28366,28095,27729,27458,27537,27274,26302,26045,0,-1261,-1532,-1898,-2169,-2090,-2353,-3325,-3582,0,-4.25614460736837,-5.1707914276537,-6.40537990466523,-7.32041907614472,-7.05353827927542,-7.94143921766101,-11.2229613138417,-12.0908685065155
"Conservancy_68","Okongo","Cheetah","Carnivore","Carnivore",,,,,,,,,,,,,,,,,,,,,,,,,,,
"Conservancy_68","Okongo","Damara dik dik","Browser","Shrub_Browser",677731,667993,504878,656503,493675,648467,490133,622712,468266,0,-9738,-172853,-21228,-184056,-29264,-187598,-55019,-209465,0,-1.43691164696499,-25.5046956811939,-3.1321762604282,-27.1576746663451,-4.31793938767833,-27.6803550048424,-8.11809651706846,-30.9068697163334
"Conservancy_68","Okongo","Duiker","Browser","Woodland_Browser",175582,168087,139114,163919,134891,163181,135058,155481,127947,0,-7495,-36468,-11664,-40692,-12402,-40525,-20101,-47635,0,-4.26867410566239,-20.7697431362748,-6.64282443627153,-23.1751743521066,-7.06308594585944,-23.0802709433497,-11.448390251008,-27.1299618314317
"Conservancy_68","Okongo","Eland","Mixed","Mixed_Open",4476,4349,5092,4268,5008,4221,4943,4049,4751,0,-128,616,-208,532,-255,467,-428,274,0,-2.85396292563324,13.7608618164038,-4.6472488656219,11.8888198763629,-5.69405314772467,10.4331921212052,-9.55514191158628,6.13000208876534
"Conservancy_68","Okongo","Elephant","Mixed","Large_Mixed",742,722,712,708,698,701,692,671,662,0,-20,-29,-34,-44,-41,-50,-71,-80,0,-2.72552922482184,-3.96961558856158,-4.61505543303524,-5.90137975722104,-5.56824324115254,-6.77615009999322,-9.52470418764224,-10.7447227436354
"Conservancy_68","Okongo","Gemsbok","Mixed","Arid_Mixed",10244,10146,11175,10005,11031,9849,10848,9491,10464,0,-98,932,-238,788,-395,605,-753,220,0,-0.956169892268559,9.09561863031123,-2.32479252695677,7.68957530642177,-3.85393978091446,5.90246255607577,-7.35202356490409,2.14725149574856
"Conservancy_68","Okongo","Giraffe","Browser","Woodland_Browser",3615,3461,2864,3375,2777,3360,2781,3201,2634,0,-154,-751,-240,-838,-255,-834,-414,-981,0,-4.2686741056624,-20.7697431362748,-6.64282443627155,-23.1751743521066,-7.06308594585945,-23.0802709433498,-11.448390251008,-27.1299618314318
"Conservancy_68","Okongo","Hartmann's zebra","Grazer","Arid_Grazer",5304,5235,7281,5166,7207,5081,7068,4901,6836,0,-69,1977,-137,1903,-223,1764,-403,1532,0,-1.30671162063631,37.2747965005387,-2.59097009560885,35.8741781337296,-4.19539566477149,33.254042482375,-7.60439310225159,28.8814000024404
"Conservancy_68","Okongo","Hippopotamus","Grazer","Wetland_Grazer",258,240,595,235,589,233,578,223,558,0,-18,337,-24,330,-25,319,-36,300,0,-7.08966265514659,130.365133500096,-9.17593728328064,127.842818090355,-9.8074031620099,123.616391936037,-13.8505997153642,116.116148182369
"Conservancy_68","Okongo","Impala","Mixed","Mixed_Open",44763,43485,50923,42683,50085,42214,49433,40486,47507,0,-1278,6160,-2080,5322,-2549,4670,-4277,2744,0,-2.85396292563323,13.7608618164038,-4.64724886562191,11.8888198763629,-5.69405314772467,10.4331921212052,-9.55514191158629,6.13000208876536
"Conservancy_68","Okongo","Klipspringer","Browser","Rocky_Browser",228452,226456,168363,222858,164875,219836,163445,211388,156389,0,-1996,-60089,-5594,-63577,-8617,-65008,-17065,-72063,0,-0.873787898456914,-26.3027503212393,-2.44865925027481,-27.8296450946335,-3.77184398207022,-28.4556024590823,-7.46970661574421,-31.5441572593575
"Conservancy_68","Okongo","Kudu","Browser","Woodland_Browser",16172,15482,12813,15098,12424,15030,12440,14321,11785,0,-690,-3359,-1074,-3748,-1142,-3733,-1851,-4387,0,-4.26867410566239,-20.7697431362748,-6.64282443627155,-23.1751743521066,-7.06308594585945,-23.0802709433498,-11.448390251008,-27.1299618314318
"Conservancy_68","Okongo","Leopard","Carnivore","Carnivore",,,,,,,,,,,,,,,,,,,,,,,,,,,
"Conservancy_68","Okongo","Ostrich","Mixed","Mixed_Open",22381,21743,25461,21341,25042,21107,24717,20243,23753,0,-639,3080,-1040,2661,-1274,2335,-2139,1372,0,-2.85396292563323,13.7608618164038,-4.64724886562191,11.8888198763629,-5.69405314772467,10.4331921212052,-9.55514191158629,6.13000208876536
"Conservancy_68","Okongo","Red Hartebeest","Grazer","General_Grazer",8010,7706,13908,7574,13757,7481,13501,7184,13049,0,-304,5898,-436,5747,-529,5491,-826,5039,0,-3.79438495598504,73.6386839766491,-5.43976228296478,71.7522629408828,-6.60939923885493,68.5525178869151,-10.3066440807474,62.9126986543898
"Conservancy_68","Okongo","Red Lechwe","Grazer","Wetland_Grazer",4522,4201,10417,4107,10303,4078,10111,3896,9772,0,-321,5895,-415,5781,-443,5590,-626,5251,0,-7.0896626551466,130.365133500096,-9.17593728328063,127.842818090355,-9.80740316200989,123.616391936037,-13.8505997153642,116.116148182369
"Conservancy_68","Okongo","Reedbuck","Grazer","Wetland_Grazer",8039,7469,18518,7301,18316,7250,17976,6925,17373,0,-570,10480,-738,10277,-788,9937,-1113,9334,0,-7.0896626551466,130.365133500096,-9.17593728328064,127.842818090355,-9.80740316200989,123.616391936037,-13.8505997153642,116.116148182369
"Conservancy_68","Okongo","Roan","Grazer","General_Grazer",5006,4816,8693,4734,8598,4675,8438,4490,8156,0,-190,3687,-272,3592,-331,3432,-516,3150,0,-3.79438495598504,73.638683976649,-5.43976228296478,71.7522629408828,-6.60939923885493,68.552517886915,-10.3066440807474,62.9126986543898
"Conservancy_68","Okongo","Sable","Grazer","General_Grazer",6007,5780,10431,5681,10318,5610,10126,5388,9787,0,-228,4424,-327,4311,-397,4118,-619,3779,0,-3.79438495598504,73.6386839766491,-5.43976228296478,71.7522629408828,-6.60939923885493,68.552517886915,-10.3066440807474,62.9126986543898
"Conservancy_68","Okongo","Spotted Hyaena","Carnivore","Carnivore",,,,,,,,,,,,,,,,,,,,,,,,,,,
"Conservancy_68","Okongo","Springbok","Grazer","Arid_Grazer",39081,38570,53648,38068,53101,37441,52077,36109,50368,0,-511,14567,-1013,14020,-1640,12996,-2972,11287,0,-1.30671162063631,37.2747965005387,-2.59097009560884,35.8741781337296,-4.19539566477147,33.254042482375,-7.60439310225157,28.8814000024404
"Conservancy_68","Okongo","Steenbok","Browser","Shrub_Browser",338866,333996,252439,328252,246838,324234,245066,311356,234133,0,-4869,-86427,-10614,-92028,-14632,-93799,-27509,-104733,0,-1.43691164696499,-25.5046956811939,-3.1321762604282,-27.1576746663451,-4.31793938767833,-27.6803550048424,-8.11809651706846,-30.9068697163334
"Conservancy_68","Okongo","Vervet monkey","Omnivore","Omnivore",355522,340391,337139,332750,329496,330445,327289,315622,312536,0,-15132,-18383,-22773,-26026,-25077,-28234,-39900,-42986,0,-4.25614460736837,-5.1707914276537,-6.40537990466524,-7.32041907614472,-7.05353827927542,-7.94143921766102,-11.2229613138417,-12.0908685065155
"Conservancy_68","Okongo","Warthog","Grazer","General_Grazer",17164,16513,29804,16231,29480,16030,28931,15395,27963,0,-651,12640,-934,12316,-1134,11767,-1769,10798,0,-3.79438495598504,73.6386839766491,-5.43976228296478,71.7522629408828,-6.60939923885491,68.5525178869151,-10.3066440807474,62.9126986543898
"Conservancy_69","Okatjandja Kozomenje","Baboon","Omnivore","Omnivore",36076,35330,35343,33672,33672,34017,34029,32016,32016,0,-746,-733,-2404,-2404,-2059,-2046,-4059,-4059,0,-2.0668022535474,-2.03087063946418,-6.66246370017798,-6.66246370017798,-5.70698576706666,-5.67237662017097,-11.252178097582,-11.252178097582
"Conservancy_69","Okatjandja Kozomenje","Black rhinoceros","Browser","Shrub_Browser",1700,1689,970,1614,927,1626,933,1535,881,0,-11,-731,-86,-773,-74,-767,-166,-819,0,-0.669301184540221,-42.9781849388355,-5.07073830586036,-45.4744277119305,-4.36150178907305,-45.0987306259186,-9.73862397696069,-48.1564500401473
"Conservancy_69","Okatjandja Kozomenje","Black-backed Jackal","Carnivore","Carnivore",,,,,,,,,,,,,,,,,,,,,,,,,,,
"Conservancy_69","Okatjandja Kozomenje","Black-faced Impala","Mixed","Mixed_Open",22882,22142,32086,21042,30522,21319,30894,20007,29021,0,-740,9204,-1840,7640,-1563,8012,-2875,6140,0,-3.23330369725023,40.2244363260086,-8.04156579468171,33.3898856588421,-6.83005421356299,35.0133789866342,-12.5635668282116,26.8315062179569
"Conservancy_69","Okatjandja Kozomenje","Blue wildebeest","Grazer","General_Grazer",2951,2746,7688,2586,7302,2644,7403,2459,6943,0,-206,4737,-365,4350,-308,4451,-492,3991,0,-6.96854991025447,160.497989811247,-12.3679970704061,147.388856807316,-10.4262484484784,150.819445132914,-16.6775434708076,135.227174016555
"Conservancy_69","Okatjandja Kozomenje","Buffalo","Grazer","General_Grazer",1299,1208,3383,1138,3213,1163,3257,1082,3055,0,-90,2084,-161,1914,-135,1959,-217,1756,0,-6.96854991025445,160.497989811247,-12.3679970704061,147.388856807316,-10.4262484484784,150.819445132914,-16.6775434708076,135.227174016555
"Conservancy_69","Okatjandja Kozomenje","Burchell's zebra","Grazer","General_Grazer",2029,1888,5286,1778,5020,1818,5089,1691,4773,0,-141,3257,-251,2991,-212,3060,-338,2744,0,-6.96854991025445,160.497989811247,-12.3679970704061,147.388856807316,-10.4262484484784,150.819445132914,-16.6775434708076,135.227174016555
"Conservancy_69","Okatjandja Kozomenje","Bushpig","Omnivore","Omnivore",14430,14132,14137,13469,13469,13607,13612,12807,12807,0,-298,-293,-961,-961,-824,-819,-1624,-1624,0,-2.0668022535474,-2.03087063946418,-6.66246370017799,-6.66246370017799,-5.70698576706667,-5.67237662017098,-11.252178097582,-11.252178097582
"Conservancy_69","Okatjandja Kozomenje","Cheetah","Carnivore","Carnivore",,,,,,,,,,,,,,,,,,,,,,,,,,,
"Conservancy_69","Okatjandja Kozomenje","Damara dik dik","Browser","Shrub_Browser",340057,337781,193906,322813,185418,325225,186695,306940,176297,0,-2276,-146150,-17243,-154639,-14832,-153361,-33117,-163759,0,-0.669301184540232,-42.9781849388355,-5.07073830586037,-45.4744277119305,-4.36150178907304,-45.0987306259186,-9.73862397696068,-48.1564500401473
"Conservancy_69","Okatjandja Kozomenje","Duiker","Browser","Woodland_Browser",82492,82013,45427,78392,43455,78964,43738,74538,41317,0,-480,-37065,-4100,-39038,-3528,-38755,-7955,-41175,0,-0.581482999842862,-44.931747402325,-4.97009835471492,-47.3227032143671,-4.27695294008572,-46.9797311231046,-9.64292804325663,-49.9138793038744
"Conservancy_69","Okatjandja Kozomenje","Eland","Mixed","Mixed_Open",2288,2214,3209,2104,3052,2132,3089,2001,2902,0,-74,920,-184,764,-156,801,-287,614,0,-3.23330369725022,40.2244363260086,-8.04156579468172,33.3898856588421,-6.83005421356299,35.0133789866342,-12.5635668282116,26.8315062179569
"Conservancy_69","Okatjandja Kozomenje","Elephant","Mixed","Large_Mixed",371,364,374,346,356,350,360,329,339,0,-8,3,-25,-15,-21,-11,-42,-32,0,-2.02446270812766,0.783238816871204,-6.6411631944553,-3.99598813257131,-5.66621451011593,-2.96279819780767,-11.2319314966784,-8.7167682299577
"Conservancy_69","Okatjandja Kozomenje","Gemsbok","Mixed","Arid_Mixed",5440,5269,7294,5009,6939,5073,7023,4763,6598,0,-171,1854,-431,1499,-366,1583,-677,1158,0,-3.13467253932027,34.0834246386154,-7.92091310061065,27.559877489581,-6.73509539688725,29.1004771075237,-12.4488324276871,21.2880579780079
"Conservancy_69","Okatjandja Kozomenje","Giraffe","Browser","Woodland_Browser",1698,1688,935,1614,895,1626,900,1535,851,0,-10,-763,-84,-804,-73,-798,-164,-848,0,-0.581482999842863,-44.931747402325,-4.97009835471492,-47.3227032143671,-4.27695294008573,-46.9797311231046,-9.64292804325664,-49.9138793038744
"Conservancy_69","Okatjandja Kozomenje","Hartmann's zebra","Grazer","Arid_Grazer",2896,2753,5505,2606,5231,2650,5300,2478,4974,0,-143,2609,-290,2335,-246,2404,-418,2078,0,-4.95297031586612,90.0772143964385,-10.01961983766,80.6258297986357,-8.4857046323173,83.0144162829485,-14.4444741561506,71.7457022544068
"Conservancy_69","Okatjandja Kozomenje","Hippopotamus","Grazer","Wetland_Grazer",139,125,516,117,490,120,497,111,466,0,-14,377,-23,350,-19,357,-28,326,0,-10.2472327134679,270.669110835551,-16.1768818241499,251.825961281664,-13.5828743227018,256.898319018768,-20.2993983350619,234.530959046405
"Conservancy_69","Okatjandja Kozomenje","Impala","Mixed","Mixed_Open",22882,22142,32086,21042,30522,21319,30894,20007,29021,0,-740,9204,-1840,7640,-1563,8012,-2875,6140,0,-3.23330369725023,40.2244363260086,-8.04156579468171,33.3898856588421,-6.83005421356299,35.0133789866342,-12.5635668282116,26.8315062179569
"Conservancy_69","Okatjandja Kozomenje","Klipspringer","Browser","Rocky_Browser",116097,115170,66118,110050,63211,110889,63659,104639,60101,0,-927,-49979,-6047,-52887,-5208,-52438,-11459,-55996,0,-0.798402973187633,-43.0496155621268,-5.2087020949371,-45.55367150273,-4.48579927616821,-45.1675005735574,-9.86980377569905,-48.2317959605095
"Conservancy_69","Okatjandja Kozomenje","Kudu","Browser","Woodland_Browser",7598,7554,4184,7220,4002,7273,4028,6865,3806,0,-44,-3414,-378,-3596,-325,-3570,-733,-3792,0,-0.581482999842862,-44.931747402325,-4.97009835471492,-47.3227032143671,-4.27695294008573,-46.9797311231046,-9.64292804325663,-49.9138793038744
"Conservancy_69","Okatjandja Kozomenje","Leopard","Carnivore","Carnivore",,,,,,,,,,,,,,,,,,,,,,,,,,,
"Conservancy_69","Okatjandja Kozomenje","Ostrich","Mixed","Mixed_Open",11441,11071,16043,10521,15261,10660,15447,10004,14511,0,-370,4602,-920,3820,-781,4006,-1437,3070,0,-3.23330369725023,40.2244363260086,-8.04156579468171,33.3898856588421,-6.83005421356299,35.0133789866342,-12.5635668282116,26.8315062179569
"Conservancy_69","Okatjandja Kozomenje","Red Hartebeest","Grazer","General_Grazer",4329,4027,11276,3793,10709,3877,10857,3607,10183,0,-302,6948,-535,6380,-451,6529,-722,5854,0,-6.96854991025447,160.497989811247,-12.3679970704061,147.388856807316,-10.4262484484784,150.819445132914,-16.6775434708076,135.227174016555
"Conservancy_69","Okatjandja Kozomenje","Red Lechwe","Grazer","Wetland_Grazer",2435,2186,9026,2041,8568,2104,8691,1941,8146,0,-250,6591,-394,6132,-331,6256,-494,5711,0,-10.2472327134679,270.669110835551,-16.1768818241499,251.825961281664,-13.5828743227018,256.898319018768,-20.2993983350619,234.530959046405
"Conservancy_69","Okatjandja Kozomenje","Reedbuck","Grazer","Wetland_Grazer",4329,3886,16047,3629,15231,3741,15451,3450,14482,0,-444,11718,-700,10902,-588,11122,-879,10153,0,-10.2472327134679,270.669110835551,-16.1768818241499,251.825961281664,-13.5828743227018,256.898319018768,-20.2993983350619,234.530959046405
"Conservancy_69","Okatjandja Kozomenje","Roan","Grazer","General_Grazer",2706,2517,7048,2371,6693,2423,6786,2254,6364,0,-189,4342,-335,3988,-282,4080,-451,3659,0,-6.96854991025446,160.497989811247,-12.3679970704061,147.388856807316,-10.4262484484784,150.819445132914,-16.6775434708076,135.227174016555
"Conservancy_69","Okatjandja Kozomenje","Sable","Grazer","General_Grazer",3247,3020,8457,2845,8032,2908,8143,2705,7637,0,-226,5211,-402,4785,-338,4897,-541,4390,0,-6.96854991025446,160.497989811247,-12.3679970704061,147.388856807316,-10.4262484484784,150.819445132914,-16.6775434708076,135.227174016555
"Conservancy_69","Okatjandja Kozomenje","Spotted Hyaena","Carnivore","Carnivore",,,,,,,,,,,,,,,,,,,,,,,,,,,
"Conservancy_69","Okatjandja Kozomenje","Springbok","Grazer","Arid_Grazer",21340,20283,40563,19202,38546,19529,39055,18258,36651,0,-1057,19223,-2138,17206,-1811,17715,-3082,15311,0,-4.95297031586612,90.0772143964385,-10.01961983766,80.6258297986357,-8.4857046323173,83.0144162829485,-14.4444741561506,71.7457022544068
"Conservancy_69","Okatjandja Kozomenje","Steenbok","Browser","Shrub_Browser",170028,168890,96953,161407,92709,162613,93348,153470,88149,0,-1138,-73075,-8622,-77319,-7416,-76681,-16558,-81880,0,-0.669301184540232,-42.9781849388355,-5.07073830586037,-45.4744277119305,-4.36150178907304,-45.0987306259186,-9.73862397696068,-48.1564500401473
"Conservancy_69","Okatjandja Kozomenje","Vervet monkey","Omnivore","Omnivore",173163,169585,169647,161627,161627,163281,163341,153679,153679,0,-3579,-3517,-11537,-11537,-9882,-9822,-19485,-19485,0,-2.06680225354739,-2.03087063946418,-6.66246370017798,-6.66246370017798,-5.70698576706667,-5.67237662017098,-11.252178097582,-11.252178097582
"Conservancy_69","Okatjandja Kozomenje","Warthog","Grazer","General_Grazer",9276,8630,24164,8129,22948,8309,23266,7729,21820,0,-646,14888,-1147,13672,-967,13990,-1547,12544,0,-6.96854991025447,160.497989811247,-12.3679970704061,147.388856807316,-10.4262484484784,150.819445132914,-16.6775434708076,135.227174016555
"Conservancy_70","Otjombande","Baboon","Omnivore","Omnivore",18292,17771,17771,16931,16931,17088,17088,16037,16037,0,-521,-521,-1362,-1362,-1205,-1205,-2255,-2255,0,-2.84991293235222,-2.84991293235222,-7.44314498568664,-7.44314498568664,-6.58529444352645,-6.58529444352645,-12.3301448173408,-12.3301448173408
"Conservancy_70","Otjombande","Black rhinoceros","Browser","Shrub_Browser",872,853,487,813,464,820,468,770,439,0,-19,-385,-59,-408,-51,-403,-102,-432,0,-2.14145726908597,-44.1342334115648,-6.76818493070136,-46.7738813080402,-5.90407861365539,-46.2814225755164,-11.6908226378492,-49.5830326632343
"Conservancy_70","Otjombande","Black-backed Jackal","Carnivore","Carnivore",,,,,,,,,,,,,,,,,,,,,,,,,,,
"Conservancy_70","Otjombande","Black-faced Impala","Mixed","Mixed_Open",11485,11089,16140,10565,15377,10663,15520,10007,14565,0,-396,4655,-920,3892,-822,4035,-1478,3080,0,-3.44712854922351,40.5350533994456,-8.01212439611731,33.888839976453,-7.15954736174475,35.1306713822864,-12.8690821278907,26.8182695756276
"Conservancy_70","Otjombande","Blue wildebeest","Grazer","General_Grazer",1435,1357,3869,1293,3686,1305,3721,1225,3492,0,-78,2434,-142,2251,-130,2286,-210,2057,0,-5.43313816117865,169.641695742608,-9.90423596553636,156.886133518582,-9.06919570826585,159.270634066598,-14.6612902496419,143.317604833004
"Conservancy_70","Otjombande","Buffalo","Grazer","General_Grazer",631,597,1703,569,1622,574,1637,539,1536,0,-34,1071,-63,991,-57,1006,-93,905,0,-5.43313816117863,169.641695742608,-9.90423596553636,156.886133518582,-9.06919570826586,159.270634066598,-14.6612902496419,143.317604833004
"Conservancy_70","Otjombande","Burchell's zebra","Grazer","General_Grazer",987,933,2660,889,2534,897,2558,842,2401,0,-54,1674,-98,1548,-89,1571,-145,1414,0,-5.43313816117864,169.641695742608,-9.90423596553637,156.886133518582,-9.06919570826586,159.270634066598,-14.6612902496419,143.317604833004
"Conservancy_70","Otjombande","Bushpig","Omnivore","Omnivore",7317,7108,7108,6772,6772,6835,6835,6415,6415,0,-209,-209,-545,-545,-482,-482,-902,-902,0,-2.84991293235224,-2.84991293235224,-7.44314498568666,-7.44314498568666,-6.58529444352646,-6.58529444352646,-12.3301448173408,-12.3301448173408
"Conservancy_70","Otjombande","Cheetah","Carnivore","Carnivore",,,,,,,,,,,,,,,,,,,,,,,,,,,
"Conservancy_70","Otjombande","Damara dik dik","Browser","Shrub_Browser",174333,170600,97393,162534,92791,164041,93649,153952,87894,0,-3733,-76941,-11799,-81542,-10293,-80684,-20381,-86440,0,-2.14145726908597,-44.1342334115648,-6.76818493070137,-46.7738813080402,-5.90407861365539,-46.2814225755164,-11.6908226378492,-49.5830326632343
"Conservancy_70","Otjombande","Duiker","Browser","Woodland_Browser",42339,41431,22816,39473,21738,39838,21939,37388,20591,0,-907,-19523,-2866,-20601,-2501,-20400,-4951,-21748,0,-2.1434129524739,-46.111441027151,-6.77004814986313,-48.6575284035564,-5.90595910180892,-48.1825684612967,-11.6925874790818,-51.3671674248064
"Conservancy_70","Otjombande","Eland","Mixed","Mixed_Open",1148,1109,1614,1056,1538,1066,1552,1001,1456,0,-40,466,-92,389,-82,403,-148,308,0,-3.44712854922349,40.5350533994456,-8.01212439611732,33.8888399764531,-7.15954736174474,35.1306713822864,-12.8690821278907,26.8182695756276
"Conservancy_70","Otjombande","Elephant","Mixed","Large_Mixed",188,183,188,174,179,176,181,165,170,0,-5,0,-14,-9,-12,-7,-23,-18,0,-2.83356347435023,-0.0538447063432681,-7.42756852600937,-4.77938483198622,-6.56957361556466,-3.89678864816353,-12.3153907943789,-9.80710967927832
"Conservancy_70","Otjombande","Gemsbok","Mixed","Arid_Mixed",2732,2640,3669,2515,3495,2539,3528,2383,3311,0,-92,936,-217,763,-193,795,-350,578,0,-3.36501015734347,34.2749281552087,-7.93388854146537,27.9249443845741,-7.08058638878234,29.1113703133075,-12.7949771245782,21.169446733529
"Conservancy_70","Otjombande","Giraffe","Browser","Woodland_Browser",872,853,470,813,448,820,452,770,424,0,-19,-402,-59,-424,-51,-420,-102,-448,0,-2.1434129524739,-46.111441027151,-6.77004814986313,-48.6575284035564,-5.90595910180892,-48.1825684612967,-11.6925874790818,-51.3671674248064
"Conservancy_70","Otjombande","Hartmann's zebra","Grazer","Arid_Grazer",1433,1371,2770,1306,2639,1318,2663,1237,2499,0,-62,1337,-127,1206,-114,1231,-195,1067,0,-4.30725545721638,93.3323727938671,-8.83158471694618,84.1877791125798,-7.98660273839516,85.8968985768268,-13.6452749624884,74.4599097944674
"Conservancy_70","Otjombande","Hippopotamus","Grazer","Wetland_Grazer",66,61,260,58,247,59,250,55,234,0,-5,194,-8,182,-7,184,-11,169,0,-7.3308904058539,294.889961253444,-11.71226295414,276.207630442765,-10.8939801475431,279.700650664443,-16.3738534545251,256.335336961216
"Conservancy_70","Otjombande","Impala","Mixed","Mixed_Open",11485,11089,16140,10565,15377,10663,15520,10007,14565,0,-396,4655,-920,3892,-822,4035,-1478,3080,0,-3.44712854922351,40.5350533994456,-8.01212439611731,33.888839976453,-7.15954736174475,35.1306713822864,-12.8690821278907,26.8182695756276
"Conservancy_70","Otjombande","Klipspringer","Browser","Rocky_Browser",59460,58159,33202,55409,31633,55923,31926,52484,29964,0,-1301,-26258,-4051,-27827,-3537,-27534,-6976,-29496,0,-2.18808438492037,-44.1608520336821,-6.81260752804824,-46.7992422048246,-5.94891293576552,-46.3070181164076,-11.7328997230703,-49.607055070583
"Conservancy_70","Otjombande","Kudu","Browser","Woodland_Browser",3900,3816,2101,3636,2002,3669,2021,3444,1897,0,-84,-1798,-264,-1897,-230,-1879,-456,-2003,0,-2.1434129524739,-46.111441027151,-6.77004814986312,-48.6575284035563,-5.90595910180892,-48.1825684612967,-11.6925874790818,-51.3671674248064
"Conservancy_70","Otjombande","Leopard","Carnivore","Carnivore",,,,,,,,,,,,,,,,,,,,,,,,,,,
"Conservancy_70","Otjombande","Ostrich","Mixed","Mixed_Open",5742,5545,8070,5282,7689,5331,7760,5003,7282,0,-198,2328,-460,1946,-411,2017,-739,1540,0,-3.44712854922351,40.5350533994456,-8.01212439611731,33.888839976453,-7.15954736174475,35.1306713822864,-12.8690821278907,26.8182695756276
"Conservancy_70","Otjombande","Red Hartebeest","Grazer","General_Grazer",2105,1990,5675,1896,5407,1914,5457,1796,5121,0,-114,3570,-208,3302,-191,3352,-309,3016,0,-5.43313816117864,169.641695742608,-9.90423596553636,156.886133518582,-9.06919570826585,159.270634066598,-14.6612902496419,143.317604833004
"Conservancy_70","Otjombande","Red Lechwe","Grazer","Wetland_Grazer",1151,1066,4544,1016,4329,1025,4369,962,4100,0,-84,3393,-135,3178,-125,3218,-188,2949,0,-7.3308904058539,294.889961253444,-11.71226295414,276.207630442765,-10.8939801475431,279.700650664443,-16.3738534545251,256.335336961216
"Conservancy_70","Otjombande","Reedbuck","Grazer","Wetland_Grazer",2046,1896,8078,1806,7695,1823,7767,1711,7289,0,-150,6032,-240,5650,-223,5721,-335,5243,0,-7.3308904058539,294.889961253444,-11.71226295414,276.207630442765,-10.8939801475431,279.700650664443,-16.3738534545251,256.335336961216
"Conservancy_70","Otjombande","Roan","Grazer","General_Grazer",1315,1244,3547,1185,3379,1196,3411,1123,3201,0,-71,2232,-130,2064,-119,2095,-193,1885,0,-5.43313816117863,169.641695742608,-9.90423596553635,156.886133518582,-9.06919570826585,159.270634066598,-14.6612902496419,143.317604833004
"Conservancy_70","Otjombande","Sable","Grazer","General_Grazer",1579,1493,4256,1422,4055,1435,4093,1347,3841,0,-86,2678,-156,2476,-143,2514,-231,2262,0,-5.43313816117864,169.641695742608,-9.90423596553638,156.886133518582,-9.06919570826587,159.270634066598,-14.6612902496419,143.317604833004
"Conservancy_70","Otjombande","Spotted Hyaena","Carnivore","Carnivore",,,,,,,,,,,,,,,,,,,,,,,,,,,
"Conservancy_70","Otjombande","Springbok","Grazer","Arid_Grazer",10556,10101,20408,9624,19443,9713,19623,9116,18416,0,-455,9852,-932,8887,-843,9067,-1440,7860,0,-4.30725545721638,93.3323727938671,-8.83158471694619,84.1877791125798,-7.98660273839516,85.8968985768268,-13.6452749624884,74.4599097944674
"Conservancy_70","Otjombande","Steenbok","Browser","Shrub_Browser",87167,85300,48696,81267,46395,82020,46825,76976,43947,0,-1867,-38470,-5900,-40771,-5146,-40342,-10191,-43220,0,-2.14145726908597,-44.1342334115648,-6.76818493070137,-46.7738813080402,-5.90407861365539,-46.2814225755164,-11.6908226378492,-49.5830326632343
"Conservancy_70","Otjombande","Vervet monkey","Omnivore","Omnivore",87802,85300,85300,81267,81267,82020,82020,76976,76976,0,-2502,-2502,-6535,-6535,-5782,-5782,-10826,-10826,0,-2.84991293235223,-2.84991293235223,-7.44314498568666,-7.44314498568666,-6.58529444352646,-6.58529444352646,-12.3301448173408,-12.3301448173408
"Conservancy_70","Otjombande","Warthog","Grazer","General_Grazer",4510,4265,12161,4063,11586,4101,11693,3849,10974,0,-245,7651,-447,7076,-409,7183,-661,6464,0,-5.43313816117864,169.641695742608,-9.90423596553637,156.886133518582,-9.06919570826587,159.270634066598,-14.6612902496419,143.317604833004
"Conservancy_71","Sobbe","Baboon","Omnivore","Omnivore",21235,19849,19848,19648,19648,19912,19905,18620,18614,0,-1386,-1387,-1587,-1587,-1323,-1330,-2615,-2622,0,-6.52852468058465,-6.53192166324241,-7.47385320029803,-7.47385320029803,-6.23235714375431,-6.26348300772343,-12.3165751269397,-12.3456752726525
"Conservancy_71","Sobbe","Black rhinoceros","Browser","Shrub_Browser",821,828,759,837,765,830,760,793,724,0,7,-62,16,-56,9,-61,-28,-98,0,0.798929231847316,-7.57099306413307,1.90676685910623,-6.85288140627971,1.11730914458168,-7.4273941767933,-3.42866587443778,-11.8852878959352
"Conservancy_71","Sobbe","Black-backed Jackal","Carnivore","Carnivore",,,,,,,,,,,,,,,,,,,,,,,,,,,
"Conservancy_71","Sobbe","Black-faced Impala","Mixed","Mixed_Open",14440,12925,13870,12607,13600,12966,13897,11947,12871,0,-1514,-570,-1832,-840,-1474,-543,-2492,-1569,0,-10.48657412158,-3.94652942356575,-12.6903819159799,-5.81616887033768,-10.2046641467608,-3.75868908736957,-17.260634944136,-10.8668900529985
"Conservancy_71","Sobbe","Blue wildebeest","Grazer","General_Grazer",2432,1939,2409,1816,2309,1945,2413,1721,2185,0,-493,-23,-616,-123,-487,-19,-711,-247,0,-20.2824592948753,-0.945194484220654,-25.3403869395014,-5.03978271790922,-20.0328996546341,-0.781522080401867,-29.2481880171006,-10.165074363154
"Conservancy_71","Sobbe","Buffalo","Grazer","General_Grazer",1070,853,1060,799,1016,856,1062,757,961,0,-217,-10,-271,-54,-214,-8,-313,-109,0,-20.2824592948753,-0.945194484220666,-25.3403869395014,-5.03978271790922,-20.0328996546341,-0.781522080401887,-29.2481880171006,-10.165074363154
"Conservancy_71","Sobbe","Burchell's zebra","Grazer","General_Grazer",1672,1333,1656,1248,1588,1337,1659,1183,1502,0,-339,-16,-424,-84,-335,-13,-489,-170,0,-20.2824592948753,-0.945194484220657,-25.3403869395014,-5.03978271790921,-20.0328996546341,-0.781522080401867,-29.2481880171006,-10.165074363154
"Conservancy_71","Sobbe","Bushpig","Omnivore","Omnivore",8494,7940,7939,7859,7859,7965,7962,7448,7445,0,-555,-555,-635,-635,-529,-532,-1046,-1049,0,-6.52852468058464,-6.53192166324242,-7.47385320029803,-7.47385320029803,-6.23235714375431,-6.26348300772343,-12.3165751269397,-12.3456752726525
"Conservancy_71","Sobbe","Cheetah","Carnivore","Carnivore",,,,,,,,,,,,,,,,,,,,,,,,,,,
"Conservancy_71","Sobbe","Damara dik dik","Browser","Shrub_Browser",164227,165539,151793,167358,152973,166062,152029,158596,144708,0,1312,-12434,3131,-11254,1835,-12198,-5631,-19519,0,0.798929231847305,-7.57099306413307,1.90676685910624,-6.85288140627972,1.11730914458167,-7.42739417679329,-3.4286658744378,-11.8852878959352
"Conservancy_71","Sobbe","Duiker","Browser","Woodland_Browser",45180,44698,41215,45004,41346,44840,41392,42649,39230,0,-483,-3965,-176,-3834,-340,-3789,-2531,-5951,0,-1.06882482461327,-8.77625807926263,-0.390069828519626,-8.48666137013747,-0.7532108509229,-8.38602578452178,-5.60263133368815,-13.1712854584764
"Conservancy_71","Sobbe","Eland","Mixed","Mixed_Open",1444,1293,1387,1261,1360,1297,1390,1195,1287,0,-151,-57,-183,-84,-147,-54,-249,-157,0,-10.48657412158,-3.94652942356573,-12.6903819159798,-5.81616887033768,-10.2046641467608,-3.75868908736956,-17.260634944136,-10.8668900529985
"Conservancy_71","Sobbe","Elephant","Mixed","Large_Mixed",214,200,201,198,199,201,202,188,189,0,-13,-12,-15,-14,-13,-12,-26,-25,0,-6.26472979656933,-5.81599607093878,-7.19309661116319,-6.71232697850598,-5.96848541730298,-5.59705972424357,-12.0510273643315,-11.6780874850064
"Conservancy_71","Sobbe","Gemsbok","Mixed","Arid_Mixed",3162,2875,3066,2815,3017,2884,3069,2667,2851,0,-288,-96,-348,-146,-279,-94,-495,-311,0,-9.09713243419335,-3.03359607362484,-10.9912650767995,-4.60097736761667,-8.81245104409666,-2.96784447585087,-15.6517802560783,-9.84612162431854
"Conservancy_71","Sobbe","Giraffe","Browser","Woodland_Browser",930,920,849,927,851,923,852,878,808,0,-10,-82,-4,-79,-7,-78,-52,-123,0,-1.06882482461327,-8.77625807926263,-0.390069828519618,-8.48666137013746,-0.753210850922896,-8.38602578452178,-5.60263133368815,-13.1712854584764
"Conservancy_71","Sobbe","Hartmann's zebra","Grazer","Arid_Grazer",1936,1653,1914,1585,1860,1658,1916,1502,1757,0,-283,-22,-351,-76,-278,-20,-434,-179,0,-14.6232936655134,-1.1161214530033,-18.1485272705647,-3.95079083326318,-14.3567214882873,-1.0469856079788,-22.434048837373,-9.23195713478079
"Conservancy_71","Sobbe","Hippopotamus","Grazer","Wetland_Grazer",155,110,147,99,138,111,148,94,131,0,-45,-7,-55,-16,-44,-7,-61,-24,0,-28.7843092521752,-4.7408845299462,-35.7965704737345,-10.5701862379445,-28.5601044974467,-4.50809480667306,-39.1560193340447,-15.3215255237797
"Conservancy_71","Sobbe","Impala","Mixed","Mixed_Open",14440,12925,13870,12607,13600,12966,13897,11947,12871,0,-1514,-570,-1832,-840,-1474,-543,-2492,-1569,0,-10.48657412158,-3.94652942356575,-12.6903819159799,-5.81616887033768,-10.2046641467608,-3.75868908736957,-17.260634944136,-10.8668900529985
"Conservancy_71","Sobbe","Klipspringer","Browser","Rocky_Browser",54778,55461,50773,56125,51220,55636,50828,53186,48429,0,683,-4006,1346,-3558,858,-3950,-1592,-6349,0,1.24692368683243,-7.31239882190741,2.45795669851032,-6.49489918435447,1.56617482920669,-7.21087218798726,-2.9067836437332,-11.5909510085805
"Conservancy_71","Sobbe","Kudu","Browser","Woodland_Browser",4161,4117,3796,4145,3808,4130,3812,3928,3613,0,-44,-365,-16,-353,-31,-349,-233,-548,0,-1.06882482461326,-8.77625807926261,-0.390069828519622,-8.48666137013745,-0.753210850922897,-8.38602578452178,-5.60263133368815,-13.1712854584764
"Conservancy_71","Sobbe","Leopard","Carnivore","Carnivore",,,,,,,,,,,,,,,,,,,,,,,,,,,
"Conservancy_71","Sobbe","Ostrich","Mixed","Mixed_Open",7220,6463,6935,6304,6800,6483,6948,5974,6435,0,-757,-285,-916,-420,-737,-271,-1246,-785,0,-10.48657412158,-3.94652942356575,-12.6903819159799,-5.81616887033768,-10.2046641467608,-3.75868908736957,-17.260634944136,-10.8668900529985
"Conservancy_71","Sobbe","Red Hartebeest","Grazer","General_Grazer",3567,2843,3533,2663,3387,2852,3539,2524,3204,0,-723,-34,-904,-180,-715,-28,-1043,-363,0,-20.2824592948753,-0.945194484220649,-25.3403869395014,-5.03978271790921,-20.0328996546341,-0.781522080401861,-29.2481880171006,-10.165074363154
"Conservancy_71","Sobbe","Red Lechwe","Grazer","Wetland_Grazer",2709,1929,2580,1739,2422,1935,2587,1648,2294,0,-780,-128,-970,-286,-774,-122,-1061,-415,0,-28.7843092521752,-4.7408845299462,-35.7965704737345,-10.5701862379445,-28.5601044974467,-4.50809480667306,-39.1560193340447,-15.3215255237797
"Conservancy_71","Sobbe","Reedbuck","Grazer","Wetland_Grazer",4816,3429,4587,3092,4307,3440,4598,2930,4078,0,-1386,-228,-1724,-509,-1375,-217,-1886,-738,0,-28.7843092521752,-4.7408845299462,-35.7965704737345,-10.5701862379445,-28.5601044974467,-4.50809480667304,-39.1560193340447,-15.3215255237797
"Conservancy_71","Sobbe","Roan","Grazer","General_Grazer",2229,1777,2208,1664,2117,1783,2212,1577,2003,0,-452,-21,-565,-112,-447,-17,-652,-227,0,-20.2824592948753,-0.945194484220664,-25.3403869395014,-5.03978271790922,-20.0328996546341,-0.781522080401874,-29.2481880171006,-10.165074363154
"Conservancy_71","Sobbe","Sable","Grazer","General_Grazer",2675,2133,2650,1997,2540,2139,2654,1893,2403,0,-543,-25,-678,-135,-536,-21,-782,-272,0,-20.2824592948753,-0.945194484220657,-25.3403869395014,-5.03978271790922,-20.0328996546341,-0.781522080401874,-29.2481880171006,-10.165074363154
"Conservancy_71","Sobbe","Spotted Hyaena","Carnivore","Carnivore",,,,,,,,,,,,,,,,,,,,,,,,,,,
"Conservancy_71","Sobbe","Springbok","Grazer","Arid_Grazer",14265,12179,14106,11676,13702,12217,14116,11065,12948,0,-2086,-159,-2589,-564,-2048,-149,-3200,-1317,0,-14.6232936655134,-1.1161214530033,-18.1485272705647,-3.95079083326318,-14.3567214882873,-1.0469856079788,-22.434048837373,-9.23195713478079
"Conservancy_71","Sobbe","Steenbok","Browser","Shrub_Browser",82113,82769,75897,83679,76486,83031,76015,79298,72354,0,656,-6217,1566,-5627,917,-6099,-2815,-9759,0,0.798929231847305,-7.57099306413307,1.90676685910624,-6.85288140627972,1.11730914458167,-7.42739417679329,-3.4286658744378,-11.8852878959352
"Conservancy_71","Sobbe","Vervet monkey","Omnivore","Omnivore",101929,95274,95271,94311,94311,95576,95545,89375,89345,0,-6654,-6658,-7618,-7618,-6353,-6384,-12554,-12584,0,-6.52852468058463,-6.5319216632424,-7.47385320029802,-7.47385320029802,-6.23235714375431,-6.26348300772343,-12.3165751269397,-12.3456752726525
"Conservancy_71","Sobbe","Warthog","Grazer","General_Grazer",7643,6093,7571,5706,7258,6112,7583,5408,6866,0,-1550,-72,-1937,-385,-1531,-60,-2235,-777,0,-20.2824592948753,-0.945194484220649,-25.3403869395014,-5.03978271790921,-20.0328996546341,-0.781522080401869,-29.2481880171006,-10.165074363154
"Conservancy_72","Balyerwa","Baboon","Omnivore","Omnivore",12568,11804,11804,11677,11677,11819,11819,11057,11057,0,-764,-764,-891,-891,-749,-749,-1511,-1511,0,-6.08130116962255,-6.08130116962255,-7.09192279405117,-7.09192279405117,-5.95691890685951,-5.95691890685951,-12.0218330044161,-12.0218330044161
"Conservancy_72","Balyerwa","Black rhinoceros","Browser","Shrub_Browser",368,359,331,359,330,360,331,340,313,0,-8,-37,-8,-37,-8,-37,-27,-55,0,-2.24777307541804,-10.0796175166172,-2.29808370203511,-10.1637655744846,-2.11551673531485,-9.9578612196149,-7.4781742053772,-14.926831926068
"Conservancy_72","Balyerwa","Black-backed Jackal","Carnivore","Carnivore",,,,,,,,,,,,,,,,,,,,,,,,,,,
"Conservancy_72","Balyerwa","Black-faced Impala","Mixed","Mixed_Open",8228,7431,7828,7279,7678,7441,7839,6893,7271,0,-798,-400,-949,-550,-788,-390,-1335,-958,0,-9.69237821837433,-4.86368146866363,-11.5358410052152,-6.68628190366342,-9.57293713153783,-4.73776661637204,-16.2290577827731,-11.6366134874801
"Conservancy_72","Balyerwa","Blue wildebeest","Grazer","General_Grazer",1825,1601,1798,1554,1753,1603,1801,1472,1660,0,-225,-27,-271,-73,-223,-25,-354,-166,0,-12.3144977633492,-1.48887218359769,-14.8637066141718,-3.99130899188971,-12.2006526222892,-1.36051327939608,-19.3828884002823,-9.08692553210536
"Conservancy_72","Balyerwa","Buffalo","Grazer","General_Grazer",803,704,791,684,771,705,792,648,730,0,-99,-12,-119,-32,-98,-11,-156,-73,0,-12.3144977633492,-1.48887218359768,-14.8637066141718,-3.99130899188971,-12.2006526222892,-1.36051327939607,-19.3828884002822,-9.08692553210536
"Conservancy_72","Balyerwa","Burchell's zebra","Grazer","General_Grazer",1255,1100,1236,1068,1205,1102,1238,1012,1141,0,-155,-19,-187,-50,-153,-17,-243,-114,0,-12.3144977633492,-1.48887218359769,-14.8637066141718,-3.99130899188971,-12.2006526222892,-1.36051327939609,-19.3828884002823,-9.08692553210537
"Conservancy_72","Balyerwa","Bushpig","Omnivore","Omnivore",5027,4721,4721,4671,4671,4728,4728,4423,4423,0,-306,-306,-357,-357,-299,-299,-604,-604,0,-6.08130116962256,-6.08130116962256,-7.09192279405116,-7.09192279405116,-5.95691890685951,-5.95691890685951,-12.0218330044161,-12.0218330044161
"Conservancy_72","Balyerwa","Cheetah","Carnivore","Carnivore",,,,,,,,,,,,,,,,,,,,,,,,,,,
"Conservancy_72","Balyerwa","Damara dik dik","Browser","Shrub_Browser",73524,71872,66113,71835,66051,71969,66203,68026,62549,0,-1653,-7411,-1690,-7473,-1555,-7321,-5498,-10975,0,-2.24777307541803,-10.0796175166172,-2.29808370203511,-10.1637655744845,-2.11551673531486,-9.9578612196149,-7.47817420537719,-14.926831926068
"Conservancy_72","Balyerwa","Duiker","Browser","Woodland_Browser",20684,19995,18530,19952,18481,20021,18555,18894,17501,0,-689,-2154,-732,-2203,-662,-2129,-1790,-3183,0,-3.33325303985198,-10.4124339467515,-3.539977175955,-10.6497436363655,-3.20279296641648,-10.2914648310591,-8.65626216905392,-15.3890817384721
"Conservancy_72","Balyerwa","Eland","Mixed","Mixed_Open",823,743,783,728,768,744,784,689,727,0,-80,-40,-95,-55,-79,-39,-134,-96,0,-9.69237821837433,-4.86368146866363,-11.5358410052152,-6.68628190366341,-9.57293713153783,-4.73776661637205,-16.2290577827731,-11.6366134874801
"Conservancy_72","Balyerwa","Elephant","Mixed","Large_Mixed",115,107,108,106,107,108,108,101,101,0,-8,-8,-9,-9,-8,-7,-15,-15,0,-6.8924876659961,-6.53622294957106,-8.06377479362941,-7.70597083789242,-6.76858657862368,-6.41184422313087,-12.9408276618847,-12.6019938213337
"Conservancy_72","Balyerwa","Gemsbok","Mixed","Arid_Mixed",1593,1426,1507,1394,1475,1428,1509,1320,1397,0,-167,-86,-199,-118,-165,-84,-273,-196,0,-10.4830022991622,-5.40460775035522,-12.4969250477869,-7.39658932947671,-10.3637140076645,-5.2785109270939,-17.1368788842157,-12.3069536924313
"Conservancy_72","Balyerwa","Giraffe","Browser","Woodland_Browser",426,412,382,411,380,412,382,389,360,0,-14,-44,-15,-45,-14,-44,-37,-66,0,-3.33325303985199,-10.4124339467516,-3.53997717595501,-10.6497436363655,-3.20279296641649,-10.2914648310591,-8.65626216905394,-15.3890817384721
"Conservancy_72","Balyerwa","Hartmann's zebra","Grazer","Arid_Grazer",1091,946,1056,916,1027,947,1057,868,972,0,-145,-35,-175,-64,-144,-34,-224,-119,0,-13.3248833154552,-3.24323973755815,-16.0313656349671,-5.90616438377631,-13.2106090971762,-3.11544920228755,-20.485196393307,-10.8968149031535
"Conservancy_72","Balyerwa","Hippopotamus","Grazer","Wetland_Grazer",243,228,244,225,240,228,244,213,228,0,-15,0,-19,-3,-15,1,-31,-16,0,-6.34326239378492,0.0774595509196447,-7.68887876854071,-1.24041613784419,-6.22375372144687,0.205576394380658,-12.593424033831,-6.48684716743577
"Conservancy_72","Balyerwa","Impala","Mixed","Mixed_Open",8228,7431,7828,7279,7678,7441,7839,6893,7271,0,-798,-400,-949,-550,-788,-390,-1335,-958,0,-9.69237821837433,-4.86368146866363,-11.5358410052152,-6.68628190366342,-9.57293713153783,-4.73776661637204,-16.2290577827731,-11.6366134874801
"Conservancy_72","Balyerwa","Klipspringer","Browser","Rocky_Browser",23722,23225,21262,23221,21250,23256,21291,21990,20123,0,-497,-2460,-501,-2472,-465,-2431,-1732,-3599,0,-2.09413485492054,-10.3694888297318,-2.11027172293892,-10.4213793089585,-1.96133088381802,-10.2477795086907,-7.2995187525295,-15.169986525315
"Conservancy_72","Balyerwa","Kudu","Browser","Woodland_Browser",1905,1842,1707,1838,1702,1844,1709,1740,1612,0,-64,-198,-67,-203,-61,-196,-165,-293,0,-3.33325303985199,-10.4124339467516,-3.53997717595501,-10.6497436363655,-3.2027929664165,-10.2914648310591,-8.65626216905394,-15.3890817384721
"Conservancy_72","Balyerwa","Leopard","Carnivore","Carnivore",,,,,,,,,,,,,,,,,,,,,,,,,,,
"Conservancy_72","Balyerwa","Ostrich","Mixed","Mixed_Open",4114,3715,3914,3640,3839,3720,3919,3446,3635,0,-399,-200,-475,-275,-394,-195,-668,-479,0,-9.69237821837433,-4.86368146866363,-11.5358410052152,-6.68628190366342,-9.57293713153783,-4.73776661637204,-16.2290577827731,-11.6366134874801
"Conservancy_72","Balyerwa","Red Hartebeest","Grazer","General_Grazer",2677,2348,2637,2279,2570,2351,2641,2158,2434,0,-330,-40,-398,-107,-327,-36,-519,-243,0,-12.3144977633492,-1.48887218359768,-14.8637066141718,-3.9913089918897,-12.2006526222892,-1.36051327939608,-19.3828884002823,-9.08692553210536
"Conservancy_72","Balyerwa","Red Lechwe","Grazer","Wetland_Grazer",4260,3990,4263,3932,4207,3995,4269,3723,3984,0,-270,3,-328,-53,-265,9,-536,-276,0,-6.34326239378492,0.0774595509196467,-7.68887876854072,-1.24041613784419,-6.22375372144686,0.205576394380668,-12.593424033831,-6.48684716743577
"Conservancy_72","Balyerwa","Reedbuck","Grazer","Wetland_Grazer",7573,7093,7579,6991,7479,7102,7589,6620,7082,0,-480,6,-582,-94,-471,16,-954,-491,0,-6.34326239378492,0.0774595509196454,-7.68887876854071,-1.24041613784418,-6.22375372144686,0.205576394380657,-12.593424033831,-6.48684716743577
"Conservancy_72","Balyerwa","Roan","Grazer","General_Grazer",1673,1467,1648,1425,1607,1469,1651,1349,1521,0,-206,-25,-249,-67,-204,-23,-324,-152,0,-12.3144977633492,-1.48887218359768,-14.8637066141718,-3.99130899188971,-12.2006526222892,-1.36051327939608,-19.3828884002823,-9.08692553210537
"Conservancy_72","Balyerwa","Sable","Grazer","General_Grazer",2008,1761,1978,1710,1928,1763,1981,1619,1826,0,-247,-30,-298,-80,-245,-27,-389,-182,0,-12.3144977633492,-1.48887218359768,-14.8637066141717,-3.9913089918897,-12.2006526222892,-1.36051327939608,-19.3828884002822,-9.08692553210536
"Conservancy_72","Balyerwa","Spotted Hyaena","Carnivore","Carnivore",,,,,,,,,,,,,,,,,,,,,,,,,,,
"Conservancy_72","Balyerwa","Springbok","Grazer","Arid_Grazer",8041,6970,7781,6752,7566,6979,7791,6394,7165,0,-1072,-261,-1289,-475,-1062,-251,-1647,-876,0,-13.3248833154553,-3.24323973755815,-16.0313656349671,-5.90616438377631,-13.2106090971762,-3.11544920228756,-20.485196393307,-10.8968149031535
"Conservancy_72","Balyerwa","Steenbok","Browser","Shrub_Browser",36762,35936,33057,35917,33026,35984,33101,34013,31275,0,-826,-3705,-845,-3736,-778,-3661,-2749,-5487,0,-2.24777307541803,-10.0796175166172,-2.29808370203511,-10.1637655744845,-2.11551673531486,-9.9578612196149,-7.47817420537719,-14.926831926068
"Conservancy_72","Balyerwa","Vervet monkey","Omnivore","Omnivore",60326,56658,56658,56048,56048,56733,56733,53074,53074,0,-3669,-3669,-4278,-4278,-3594,-3594,-7252,-7252,0,-6.08130116962256,-6.08130116962256,-7.09192279405117,-7.09192279405117,-5.95691890685951,-5.95691890685951,-12.021833004416,-12.021833004416
"Conservancy_72","Balyerwa","Warthog","Grazer","General_Grazer",5737,5031,5652,4884,5508,5037,5659,4625,5216,0,-706,-85,-853,-229,-700,-78,-1112,-521,0,-12.3144977633492,-1.48887218359768,-14.8637066141718,-3.99130899188971,-12.2006526222892,-1.36051327939608,-19.3828884002822,-9.08692553210536
"Conservancy_73","Wuparo","Baboon","Omnivore","Omnivore",10524,9889,9889,9786,9786,9902,9902,9267,9267,0,-635,-635,-738,-738,-622,-622,-1257,-1257,0,-6.03151626346443,-6.03151626346443,-7.01504876688577,-7.01504876688577,-5.90574620796322,-5.90574620796322,-11.9476043770476,-11.9476043770476
"Conservancy_73","Wuparo","Black rhinoceros","Browser","Shrub_Browser",325,322,296,321,296,322,297,304,280,0,-3,-28,-4,-29,-2,-28,-21,-44,0,-0.857627473408051,-8.74442946226777,-1.19956012696004,-8.85973292180574,-0.718628274257686,-8.6160313975879,-6.43818185826468,-13.6928470418089
"Conservancy_73","Wuparo","Black-backed Jackal","Carnivore","Carnivore",,,,,,,,,,,,,,,,,,,,,,,,,,,
"Conservancy_73","Wuparo","Black-faced Impala","Mixed","Mixed_Open",7938,7472,7825,7459,7802,7481,7835,7063,7388,0,-466,-113,-479,-136,-456,-102,-875,-549,0,-5.87340050859397,-1.42002830430437,-6.03329249350465,-1.70788903430691,-5.74997629063745,-1.29061803551868,-11.017927758213,-6.92149877147556
"Conservancy_73","Wuparo","Blue wildebeest","Grazer","General_Grazer",1739,1598,1774,1593,1764,1600,1776,1509,1670,0,-141,35,-146,25,-139,37,-230,-69,0,-8.12389735559063,1.98567711043546,-8.38801051659039,1.43106284185164,-8.00785019197244,2.11531317339525,-13.2493050659472,-3.95002533219405
"Conservancy_73","Wuparo","Buffalo","Grazer","General_Grazer",765,703,780,701,776,704,781,664,735,0,-62,15,-64,11,-61,16,-101,-30,0,-8.12389735559063,1.98567711043546,-8.38801051659039,1.43106284185163,-8.00785019197245,2.11531317339525,-13.2493050659472,-3.95002533219406
"Conservancy_73","Wuparo","Burchell's zebra","Grazer","General_Grazer",1196,1099,1219,1095,1213,1100,1221,1037,1148,0,-97,24,-100,17,-96,25,-158,-47,0,-8.12389735559062,1.98567711043547,-8.38801051659038,1.43106284185165,-8.00785019197242,2.11531317339526,-13.2493050659472,-3.95002533219404
"Conservancy_73","Wuparo","Bushpig","Omnivore","Omnivore",4210,3956,3956,3914,3914,3961,3961,3707,3707,0,-254,-254,-295,-295,-249,-249,-503,-503,0,-6.03151626346444,-6.03151626346444,-7.01504876688577,-7.01504876688577,-5.90574620796323,-5.90574620796323,-11.9476043770476,-11.9476043770476
"Conservancy_73","Wuparo","Cheetah","Carnivore","Carnivore",,,,,,,,,,,,,,,,,,,,,,,,,,,
"Conservancy_73","Wuparo","Damara dik dik","Browser","Shrub_Browser",64959,64402,59279,64180,59204,64493,59362,60777,56065,0,-557,-5680,-779,-5755,-467,-5597,-4182,-8895,0,-0.857627473408055,-8.74442946226777,-1.19956012696003,-8.85973292180575,-0.718628274257686,-8.61603139758791,-6.43818185826469,-13.6928470418089
"Conservancy_73","Wuparo","Duiker","Browser","Woodland_Browser",16927,16069,14766,15840,14575,16091,14787,15000,13802,0,-858,-2161,-1087,-2352,-835,-2140,-1927,-3125,0,-5.06745479986469,-12.7639201121817,-6.42025083863453,-13.8955563281297,-4.93467904303302,-12.641489646615,-11.3824676975483,-18.4620519214823
"Conservancy_73","Wuparo","Eland","Mixed","Mixed_Open",794,747,783,746,780,748,784,706,739,0,-47,-11,-48,-14,-46,-10,-87,-55,0,-5.87340050859397,-1.42002830430437,-6.03329249350465,-1.70788903430691,-5.74997629063745,-1.29061803551868,-11.017927758213,-6.92149877147556
"Conservancy_73","Wuparo","Elephant","Mixed","Large_Mixed",104,99,99,98,99,99,99,93,94,0,-5,-5,-6,-5,-5,-5,-11,-11,0,-5.02781638955183,-4.6767216357985,-5.52297884889678,-5.18197288920446,-4.90051748911702,-4.54895080736275,-10.5341464183271,-10.2111923376012
"Conservancy_73","Wuparo","Gemsbok","Mixed","Arid_Mixed",1702,1637,1709,1646,1715,1639,1711,1558,1624,0,-65,7,-57,13,-63,9,-144,-78,0,-3.84541674133036,0.382697698301462,-3.32754286687998,0.779075664903999,-3.71858605536545,0.515211652312709,-8.45495368161461,-4.56572777476863
"Conservancy_73","Wuparo","Giraffe","Browser","Woodland_Browser",348,331,304,326,300,331,304,309,284,0,-18,-44,-22,-48,-17,-44,-40,-64,0,-5.0674547998647,-12.7639201121817,-6.42025083863454,-13.8955563281297,-4.93467904303302,-12.641489646615,-11.3824676975483,-18.4620519214823
"Conservancy_73","Wuparo","Hartmann's zebra","Grazer","Arid_Grazer",1195,1129,1227,1135,1231,1130,1228,1075,1165,0,-66,32,-59,36,-64,34,-120,-30,0,-5.5082411441447,2.68480930418813,-4.9689892660028,2.98863186354602,-5.38652686605633,2.81753636409213,-10.0101696749715,-2.47380221975975
"Conservancy_73","Wuparo","Hippopotamus","Grazer","Wetland_Grazer",158,140,154,136,149,140,154,129,141,0,-18,-4,-22,-9,-18,-4,-30,-17,0,-11.5054697602737,-2.71161321509335,-14.1069720630403,-5.56580914753704,-11.3955298956233,-2.5898529882884,-18.6682547914179,-10.5792365813098
"Conservancy_73","Wuparo","Impala","Mixed","Mixed_Open",7938,7472,7825,7459,7802,7481,7835,7063,7388,0,-466,-113,-479,-136,-456,-102,-875,-549,0,-5.87340050859397,-1.42002830430437,-6.03329249350465,-1.70788903430691,-5.74997629063745,-1.29061803551868,-11.017927758213,-6.92149877147556
"Conservancy_73","Wuparo","Klipspringer","Browser","Rocky_Browser",21591,21598,19852,21579,19883,21629,19880,20435,18829,0,8,-1739,-11,-1708,38,-1711,-1155,-2762,0,0.0362683337199003,-8.05317634743444,-0.0518313916863336,-7.90882389124662,0.176787533359355,-7.9235306667419,-5.35106475874045,-12.7921305754648
"Conservancy_73","Wuparo","Kudu","Browser","Woodland_Browser",1559,1480,1360,1459,1342,1482,1362,1382,1271,0,-79,-199,-100,-217,-77,-197,-177,-288,0,-5.06745479986468,-12.7639201121817,-6.42025083863453,-13.8955563281297,-4.93467904303302,-12.641489646615,-11.3824676975483,-18.4620519214823
"Conservancy_73","Wuparo","Leopard","Carnivore","Carnivore",,,,,,,,,,,,,,,,,,,,,,,,,,,
"Conservancy_73","Wuparo","Ostrich","Mixed","Mixed_Open",3969,3736,3913,3729,3901,3741,3918,3532,3694,0,-233,-56,-239,-68,-228,-51,-437,-275,0,-5.87340050859397,-1.42002830430437,-6.03329249350465,-1.70788903430691,-5.74997629063745,-1.29061803551868,-11.017927758213,-6.92149877147556
"Conservancy_73","Wuparo","Red Hartebeest","Grazer","General_Grazer",2551,2344,2601,2337,2587,2346,2605,2213,2450,0,-207,51,-214,37,-204,54,-338,-101,0,-8.12389735559063,1.98567711043545,-8.38801051659038,1.43106284185163,-8.00785019197244,2.11531317339526,-13.2493050659472,-3.95002533219405
"Conservancy_73","Wuparo","Red Lechwe","Grazer","Wetland_Grazer",2767,2449,2692,2377,2613,2452,2696,2251,2475,0,-318,-75,-390,-154,-315,-72,-517,-293,0,-11.5054697602737,-2.71161321509335,-14.1069720630403,-5.56580914753703,-11.3955298956233,-2.5898529882884,-18.6682547914179,-10.5792365813098
"Conservancy_73","Wuparo","Reedbuck","Grazer","Wetland_Grazer",4920,4354,4786,4226,4646,4359,4792,4001,4399,0,-566,-133,-694,-274,-561,-127,-918,-520,0,-11.5054697602737,-2.71161321509336,-14.1069720630403,-5.56580914753704,-11.3955298956233,-2.58985298828841,-18.6682547914179,-10.5792365813098
"Conservancy_73","Wuparo","Roan","Grazer","General_Grazer",1594,1465,1626,1460,1617,1467,1628,1383,1531,0,-130,32,-134,23,-128,34,-211,-63,0,-8.12389735559062,1.98567711043547,-8.38801051659038,1.43106284185164,-8.00785019197243,2.11531317339526,-13.2493050659472,-3.95002533219405
"Conservancy_73","Wuparo","Sable","Grazer","General_Grazer",1913,1758,1951,1753,1940,1760,1954,1660,1837,0,-155,38,-160,27,-153,40,-253,-76,0,-8.12389735559063,1.98567711043547,-8.38801051659039,1.43106284185164,-8.00785019197245,2.11531317339525,-13.2493050659472,-3.95002533219405
"Conservancy_73","Wuparo","Spotted Hyaena","Carnivore","Carnivore",,,,,,,,,,,,,,,,,,,,,,,,,,,
"Conservancy_73","Wuparo","Springbok","Grazer","Arid_Grazer",8804,8319,9040,8366,9067,8330,9052,7922,8586,0,-485,236,-437,263,-474,248,-881,-218,0,-5.50824114414471,2.68480930418813,-4.96898926600281,2.98863186354601,-5.38652686605633,2.81753636409212,-10.0101696749715,-2.47380221975975
"Conservancy_73","Wuparo","Steenbok","Browser","Shrub_Browser",32480,32201,29640,32090,29602,32246,29681,30389,28032,0,-279,-2840,-390,-2878,-233,-2798,-2091,-4447,0,-0.857627473408055,-8.74442946226777,-1.19956012696003,-8.85973292180575,-0.718628274257686,-8.61603139758791,-6.43818185826469,-13.6928470418089
"Conservancy_73","Wuparo","Vervet monkey","Omnivore","Omnivore",50515,47468,47468,46971,46971,47532,47532,44480,44480,0,-3047,-3047,-3544,-3544,-2983,-2983,-6035,-6035,0,-6.03151626346444,-6.03151626346444,-7.01504876688577,-7.01504876688577,-5.90574620796322,-5.90574620796322,-11.9476043770476,-11.9476043770476
"Conservancy_73","Wuparo","Warthog","Grazer","General_Grazer",5466,5022,5574,5007,5544,5028,5581,4742,5250,0,-444,109,-458,78,-438,116,-724,-216,0,-8.12389735559064,1.98567711043547,-8.38801051659038,1.43106284185164,-8.00785019197243,2.11531317339526,-13.2493050659472,-3.95002533219405
"Conservancy_74","Dzoti","Baboon","Omnivore","Omnivore",16060,15098,15098,14950,14950,15122,15122,14155,14155,0,-962,-962,-1110,-1110,-938,-938,-1905,-1905,0,-5.98851353062447,-5.98851353062447,-6.9102982124762,-6.9102982124762,-5.83861657721357,-5.83861657721357,-11.8641150642167,-11.8641150642167
"Conservancy_74","Dzoti","Black rhinoceros","Browser","Shrub_Browser",538,528,476,529,477,529,477,501,451,0,-10,-62,-9,-62,-9,-61,-37,-87,0,-1.8714209476041,-11.5366266737029,-1.71913808133938,-11.4497434139452,-1.70450943095705,-11.3868665337517,-6.9447458641839,-16.1578777138192
"Conservancy_74","Dzoti","Black-backed Jackal","Carnivore","Carnivore",,,,,,,,,,,,,,,,,,,,,,,,,,,
"Conservancy_74","Dzoti","Black-faced Impala","Mixed","Mixed_Open",11355,10566,11284,10412,11134,10583,11302,9858,10542,0,-790,-72,-944,-221,-773,-54,-1498,-814,0,-6.95341865670771,-0.632513122943687,-8.30966686036843,-1.94599092456734,-6.80678988557219,-0.474667598131057,-13.1896430558662,-7.16438733529672
"Conservancy_74","Dzoti","Blue wildebeest","Grazer","General_Grazer",2329,2105,2462,2056,2415,2108,2466,1946,2287,0,-225,132,-274,86,-221,136,-383,-43,0,-9.64187283713582,5.68381004582429,-11.7466659753958,3.68271812804536,-9.50810666220417,5.84477238891786,-16.447377374397,-1.83852774534692
"Conservancy_74","Dzoti","Buffalo","Grazer","General_Grazer",1025,926,1083,905,1063,927,1085,856,1006,0,-99,58,-120,38,-97,60,-169,-19,0,-9.64187283713582,5.68381004582429,-11.7466659753958,3.68271812804536,-9.50810666220416,5.84477238891786,-16.447377374397,-1.83852774534692
"Conservancy_74","Dzoti","Burchell's zebra","Grazer","General_Grazer",1601,1447,1692,1413,1660,1449,1695,1338,1572,0,-154,91,-188,59,-152,94,-263,-29,0,-9.64187283713581,5.6838100458243,-11.7466659753958,3.68271812804536,-9.50810666220416,5.84477238891786,-16.447377374397,-1.83852774534693
"Conservancy_74","Dzoti","Bushpig","Omnivore","Omnivore",6424,6039,6039,5980,5980,6049,6049,5662,5662,0,-385,-385,-444,-444,-375,-375,-762,-762,0,-5.98851353062446,-5.98851353062446,-6.91029821247619,-6.91029821247619,-5.83861657721355,-5.83861657721355,-11.8641150642167,-11.8641150642167
"Conservancy_74","Dzoti","Cheetah","Carnivore","Carnivore",,,,,,,,,,,,,,,,,,,,,,,,,,,
"Conservancy_74","Dzoti","Damara dik dik","Browser","Shrub_Browser",107628,105613,95211,105777,95304,105793,95372,100153,90237,0,-2014,-12417,-1850,-12323,-1835,-12255,-7474,-17390,0,-1.87142094760411,-11.5366266737029,-1.71913808133937,-11.4497434139452,-1.70450943095705,-11.3868665337516,-6.94474586418389,-16.1578777138192
"Conservancy_74","Dzoti","Duiker","Browser","Woodland_Browser",27865,26670,24025,26559,23896,26715,24065,25147,22625,0,-1195,-3840,-1306,-3970,-1150,-3800,-2719,-5240,0,-4.28908344155169,-13.7818082965978,-4.68852590892099,-14.2454832788036,-4.12806017364885,-13.6376303297131,-9.75701843086103,-18.8057369144924
"Conservancy_74","Dzoti","Eland","Mixed","Mixed_Open",1136,1057,1128,1041,1113,1058,1130,986,1054,0,-79,-7,-94,-22,-77,-5,-150,-81,0,-6.95341865670769,-0.632513122943687,-8.30966686036842,-1.94599092456733,-6.80678988557218,-0.474667598131053,-13.1896430558662,-7.16438733529671
"Conservancy_74","Dzoti","Elephant","Mixed","Large_Mixed",157,149,149,147,148,149,150,139,140,0,-9,-8,-10,-9,-9,-8,-18,-17,0,-5.56125406032068,-5.08881504584431,-6.45136839570105,-5.97573262302615,-5.40892944163172,-4.93565206119267,-11.428812830063,-10.9784713624697
"Conservancy_74","Dzoti","Gemsbok","Mixed","Arid_Mixed",2426,2287,2433,2260,2407,2291,2437,2139,2279,0,-139,7,-166,-19,-135,11,-286,-147,0,-5.71601437917194,0.308007754423203,-6.84513000611065,-0.780346331758756,-5.56446539996678,0.470246653301599,-11.8017284089441,-6.05946986269632
"Conservancy_74","Dzoti","Giraffe","Browser","Woodland_Browser",574,549,495,547,492,550,495,518,466,0,-25,-79,-27,-82,-24,-78,-56,-108,0,-4.28908344155169,-13.7818082965978,-4.68852590892099,-14.2454832788036,-4.12806017364885,-13.6376303297131,-9.75701843086103,-18.8057369144924
"Conservancy_74","Dzoti","Hartmann's zebra","Grazer","Arid_Grazer",1618,1494,1692,1466,1666,1496,1695,1388,1577,0,-124,75,-152,49,-122,77,-230,-40,0,-7.66560289521483,4.62192093414661,-9.37199474806725,2.99867260106595,-7.52203206087151,4.78729657594345,-14.1961617462813,-2.48336634868792
"Conservancy_74","Dzoti","Hippopotamus","Grazer","Wetland_Grazer",228,204,233,200,229,205,233,189,216,0,-24,5,-28,1,-23,5,-39,-12,0,-10.3914148385664,1.99400233567892,-12.2147799309289,0.254443158324848,-10.2695525822398,2.1378431159511,-16.8954597960315,-5.08934985147706
"Conservancy_74","Dzoti","Impala","Mixed","Mixed_Open",11355,10566,11284,10412,11134,10583,11302,9858,10542,0,-790,-72,-944,-221,-773,-54,-1498,-814,0,-6.95341865670771,-0.632513122943687,-8.30966686036843,-1.94599092456734,-6.80678988557219,-0.474667598131057,-13.1896430558662,-7.16438733529672
"Conservancy_74","Dzoti","Klipspringer","Browser","Rocky_Browser",35805,35315,31769,35407,31837,35375,31823,33525,30144,0,-490,-4036,-397,-3968,-429,-3982,-2280,-5660,0,-1.3674494702027,-11.2720153587102,-1.11004437905607,-11.0816295044105,-1.19877386537626,-11.120915886806,-6.36764082860641,-15.8089371683019
"Conservancy_74","Dzoti","Kudu","Browser","Woodland_Browser",2567,2456,2213,2446,2201,2461,2217,2316,2084,0,-110,-354,-120,-366,-106,-350,-250,-483,0,-4.2890834415517,-13.7818082965978,-4.68852590892099,-14.2454832788036,-4.12806017364886,-13.6376303297131,-9.75701843086104,-18.8057369144924
"Conservancy_74","Dzoti","Leopard","Carnivore","Carnivore",,,,,,,,,,,,,,,,,,,,,,,,,,,
"Conservancy_74","Dzoti","Ostrich","Mixed","Mixed_Open",5678,5283,5642,5206,5567,5291,5651,4929,5271,0,-395,-36,-472,-110,-386,-27,-749,-407,0,-6.95341865670771,-0.632513122943687,-8.30966686036843,-1.94599092456734,-6.80678988557219,-0.474667598131057,-13.1896430558662,-7.16438733529672
"Conservancy_74","Dzoti","Red Hartebeest","Grazer","General_Grazer",3416,3087,3611,3015,3542,3092,3616,2855,3354,0,-329,194,-401,126,-325,200,-562,-63,0,-9.64187283713582,5.68381004582429,-11.7466659753958,3.68271812804536,-9.50810666220416,5.84477238891785,-16.447377374397,-1.83852774534693
"Conservancy_74","Dzoti","Red Lechwe","Grazer","Wetland_Grazer",3989,3575,4069,3502,4000,3580,4075,3315,3786,0,-415,80,-487,10,-410,85,-674,-203,0,-10.3914148385664,1.99400233567892,-12.2147799309289,0.254443158324855,-10.2695525822398,2.1378431159511,-16.8954597960315,-5.08934985147706
"Conservancy_74","Dzoti","Reedbuck","Grazer","Wetland_Grazer",7092,6355,7234,6226,7110,6364,7244,5894,6731,0,-737,141,-866,18,-728,152,-1198,-361,0,-10.3914148385664,1.99400233567893,-12.2147799309289,0.254443158324848,-10.2695525822398,2.13784311595111,-16.8954597960315,-5.08934985147706
"Conservancy_74","Dzoti","Roan","Grazer","General_Grazer",2135,1929,2257,1884,2214,1932,2260,1784,2096,0,-206,121,-251,79,-203,125,-351,-39,0,-9.64187283713582,5.68381004582429,-11.7466659753958,3.68271812804536,-9.50810666220417,5.84477238891784,-16.447377374397,-1.83852774534693
"Conservancy_74","Dzoti","Sable","Grazer","General_Grazer",2562,2315,2708,2261,2657,2319,2712,2141,2515,0,-247,146,-301,94,-244,150,-421,-47,0,-9.64187283713581,5.6838100458243,-11.7466659753958,3.68271812804536,-9.50810666220415,5.84477238891787,-16.447377374397,-1.83852774534692
"Conservancy_74","Dzoti","Spotted Hyaena","Carnivore","Carnivore",,,,,,,,,,,,,,,,,,,,,,,,,,,
"Conservancy_74","Dzoti","Springbok","Grazer","Arid_Grazer",11919,11005,12470,10802,12276,11022,12490,10227,11623,0,-914,551,-1117,357,-897,571,-1692,-296,0,-7.66560289521482,4.62192093414661,-9.37199474806724,2.99867260106595,-7.52203206087151,4.78729657594345,-14.1961617462813,-2.48336634868792
"Conservancy_74","Dzoti","Steenbok","Browser","Shrub_Browser",53814,52807,47605,52889,47652,52897,47686,50077,45119,0,-1007,-6208,-925,-6162,-917,-6128,-3737,-8695,0,-1.87142094760411,-11.5366266737029,-1.71913808133937,-11.4497434139452,-1.70450943095705,-11.3868665337516,-6.94474586418389,-16.1578777138192
"Conservancy_74","Dzoti","Vervet monkey","Omnivore","Omnivore",77087,72471,72471,71760,71760,72587,72587,67942,67942,0,-4616,-4616,-5327,-5327,-4501,-4501,-9146,-9146,0,-5.98851353062446,-5.98851353062446,-6.9102982124762,-6.9102982124762,-5.83861657721357,-5.83861657721357,-11.8641150642167,-11.8641150642167
"Conservancy_74","Dzoti","Warthog","Grazer","General_Grazer",7321,6615,7737,6461,7590,6625,7749,6117,7186,0,-706,416,-860,270,-696,428,-1204,-135,0,-9.64187283713581,5.6838100458243,-11.7466659753958,3.68271812804537,-9.50810666220416,5.84477238891786,-16.447377374397,-1.83852774534692
"Conservancy_75","Huibes","Baboon","Omnivore","Omnivore",72831,70339,70441,68135,68209,67989,68087,61385,61452,0,-2491,-2389,-4696,-4622,-4842,-4743,-11445,-11378,0,-3.42057436217076,-3.28056172416271,-6.44770264575596,-6.34586279506596,-6.64833254622573,-6.51241329725628,-15.7150529925996,-15.6226751552682
"Conservancy_75","Huibes","Black rhinoceros","Browser","Shrub_Browser",2555,2516,2084,2448,2029,2431,2013,2203,1826,0,-39,-471,-107,-526,-124,-542,-352,-729,0,-1.52189443459303,-18.4446738601864,-4.17582425614932,-20.5890345389952,-4.86785924647279,-21.2093275290277,-13.7742811914051,-28.5321497646416
"Conservancy_75","Huibes","Black-backed Jackal","Carnivore","Carnivore",,,,,,,,,,,,,,,,,,,,,,,,,,,
"Conservancy_75","Huibes","Black-faced Impala","Mixed","Mixed_Open",58437,55765,61863,53865,59747,53921,59810,48566,53856,0,-2672,3425,-4573,1309,-4516,1372,-9871,-4582,0,-4.5723399868331,5.86166956844966,-7.82516613952689,2.24040137647048,-7.72855639619081,2.34818084066661,-16.8920586014175,-7.84035352677405
"Conservancy_75","Huibes","Blue wildebeest","Grazer","General_Grazer",12025,11278,14286,10848,13756,10911,13816,9792,12407,0,-748,2261,-1177,1731,-1115,1791,-2233,382,0,-6.21673594429649,18.8016991523711,-9.79042278883495,14.3920163065603,-9.27113728441457,14.8896375749788,-18.5719060001587,3.17360090885031
"Conservancy_75","Huibes","Buffalo","Grazer","General_Grazer",5291,4962,6286,4773,6053,4801,6079,4309,5459,0,-329,995,-518,762,-491,788,-983,168,0,-6.2167359442965,18.8016991523711,-9.79042278883494,14.3920163065603,-9.27113728441457,14.8896375749788,-18.5719060001587,3.17360090885032
"Conservancy_75","Huibes","Burchell's zebra","Grazer","General_Grazer",8267,7754,9822,7458,9457,7501,9498,6732,8530,0,-514,1554,-809,1190,-766,1231,-1535,262,0,-6.2167359442965,18.8016991523711,-9.79042278883496,14.3920163065602,-9.27113728441458,14.8896375749788,-18.5719060001587,3.1736009088503
"Conservancy_75","Huibes","Bushpig","Omnivore","Omnivore",29132,28136,28177,27254,27284,27195,27235,24554,24581,0,-996,-956,-1878,-1849,-1937,-1897,-4578,-4551,0,-3.42057436217075,-3.2805617241627,-6.44770264575596,-6.34586279506594,-6.64833254622573,-6.51241329725625,-15.7150529925996,-15.6226751552681
"Conservancy_75","Huibes","Cheetah","Carnivore","Carnivore",,,,,,,,,,,,,,,,,,,,,,,,,,,
"Conservancy_75","Huibes","Damara dik dik","Browser","Shrub_Browser",510984,503208,416735,489646,405778,486110,402608,440600,365189,0,-7777,-94249,-21338,-105207,-24874,-108376,-70384,-145795,0,-1.52189443459303,-18.4446738601864,-4.17582425614932,-20.5890345389953,-4.86785924647279,-21.2093275290277,-13.7742811914051,-28.5321497646416
"Conservancy_75","Huibes","Duiker","Browser","Woodland_Browser",121841,120203,98211,117005,95676,116114,94877,105276,86098,0,-1638,-23631,-4837,-26166,-5727,-26964,-16565,-35743,0,-1.34473475105631,-19.3947986739942,-3.96951174200958,-21.475331136402,-4.70038056265293,-22.1304256313985,-13.5956074713956,-29.3359083243752
"Conservancy_75","Huibes","Eland","Mixed","Mixed_Open",5844,5577,6186,5386,5975,5392,5981,4857,5386,0,-267,343,-457,131,-452,137,-987,-458,0,-4.5723399868331,5.86166956844966,-7.82516613952689,2.24040137647047,-7.72855639619082,2.3481808406666,-16.8920586014175,-7.84035352677406
"Conservancy_75","Huibes","Elephant","Mixed","Large_Mixed",763,736,743,713,719,711,718,642,648,0,-27,-20,-50,-43,-51,-44,-121,-115,0,-3.52840531174487,-2.5740256560629,-6.57484192959566,-5.68427427162015,-6.7498989834055,-5.82756331427332,-15.8244713081552,-15.0228855788973
"Conservancy_75","Huibes","Gemsbok","Mixed","Arid_Mixed",13484,12874,14117,12439,13637,12448,13648,11214,12291,0,-609,633,-1045,153,-1035,164,-2270,-1192,0,-4.51779359094664,4.69506539424209,-7.75098263511588,1.13501329444355,-7.67952662214088,1.21790614288373,-16.8325074508928,-8.84152372901744
"Conservancy_75","Huibes","Giraffe","Browser","Woodland_Browser",2508,2475,2022,2409,1970,2391,1953,2167,1773,0,-34,-487,-100,-539,-118,-555,-341,-736,0,-1.34473475105631,-19.3947986739942,-3.96951174200959,-21.475331136402,-4.70038056265293,-22.1304256313985,-13.5956074713956,-29.3359083243752
"Conservancy_75","Huibes","Hartmann's zebra","Grazer","Arid_Grazer",9234,8721,10398,8404,10025,8435,10055,7582,9039,0,-513,1165,-830,791,-799,821,-1652,-194,0,-5.554435789878,12.6119095525253,-8.98696286740206,8.56627797854619,-8.65268191691006,8.89102864038787,-17.8902488902213,-2.1057521765442
"Conservancy_75","Huibes","Hippopotamus","Grazer","Wetland_Grazer",760,708,946,680,910,685,915,614,821,0,-52,186,-80,149,-75,154,-146,60,0,-6.86722100134774,24.4018141570482,-10.5737038827751,19.6573640031095,-9.87995016109576,20.3170017322867,-19.2389141780544,7.94551944553139
"Conservancy_75","Huibes","Impala","Mixed","Mixed_Open",58437,55765,61863,53865,59747,53921,59810,48566,53856,0,-2672,3425,-4573,1309,-4516,1372,-9871,-4582,0,-4.5723399868331,5.86166956844966,-7.82516613952689,2.24040137647048,-7.72855639619081,2.34818084066661,-16.8920586014175,-7.84035352677405
"Conservancy_75","Huibes","Klipspringer","Browser","Rocky_Browser",174682,171726,142212,167063,138446,165892,137391,150330,124599,0,-2956,-32470,-7618,-36236,-8790,-37291,-24352,-50083,0,-1.69226956718823,-18.5882495800975,-4.36133954417295,-20.7437164894583,-5.03199167678584,-21.3476832238785,-13.9406222718633,-28.6708825066405
"Conservancy_75","Huibes","Kudu","Browser","Woodland_Browser",11222,11071,9046,10777,8812,10695,8739,9697,7930,0,-151,-2177,-445,-2410,-527,-2484,-1526,-3292,0,-1.34473475105631,-19.3947986739942,-3.96951174200959,-21.475331136402,-4.70038056265291,-22.1304256313984,-13.5956074713956,-29.3359083243752
"Conservancy_75","Huibes","Leopard","Carnivore","Carnivore",,,,,,,,,,,,,,,,,,,,,,,,,,,
"Conservancy_75","Huibes","Ostrich","Mixed","Mixed_Open",29219,27883,30931,26932,29873,26960,29905,24283,26928,0,-1336,1713,-2286,655,-2258,686,-4936,-2291,0,-4.5723399868331,5.86166956844966,-7.82516613952689,2.24040137647048,-7.72855639619081,2.34818084066661,-16.8920586014175,-7.84035352677405
"Conservancy_75","Huibes","Red Hartebeest","Grazer","General_Grazer",17637,16541,20953,15911,20176,16002,20263,14362,18197,0,-1096,3316,-1727,2538,-1635,2626,-3276,560,0,-6.21673594429649,18.8016991523711,-9.79042278883494,14.3920163065603,-9.27113728441457,14.8896375749788,-18.5719060001587,3.17360090885031
"Conservancy_75","Huibes","Red Lechwe","Grazer","Wetland_Grazer",13305,12391,16552,11898,15920,11990,16008,10745,14362,0,-914,3247,-1407,2615,-1315,2703,-2560,1057,0,-6.86722100134774,24.4018141570482,-10.5737038827751,19.6573640031095,-9.87995016109576,20.3170017322867,-19.2389141780544,7.9455194455314
"Conservancy_75","Huibes","Reedbuck","Grazer","Wetland_Grazer",23653,22029,29425,21152,28303,21316,28459,19103,25533,0,-1624,5772,-2501,4650,-2337,4806,-4551,1879,0,-6.86722100134773,24.4018141570482,-10.5737038827751,19.6573640031095,-9.87995016109577,20.3170017322867,-19.2389141780544,7.9455194455314
"Conservancy_75","Huibes","Roan","Grazer","General_Grazer",11023,10338,13096,9944,12610,10001,12665,8976,11373,0,-685,2073,-1079,1586,-1022,1641,-2047,350,0,-6.21673594429649,18.8016991523711,-9.79042278883494,14.3920163065603,-9.27113728441457,14.8896375749788,-18.5719060001587,3.17360090885032
"Conservancy_75","Huibes","Sable","Grazer","General_Grazer",13228,12406,15715,11933,15132,12002,15198,10771,13648,0,-822,2487,-1295,1904,-1226,1970,-2457,420,0,-6.2167359442965,18.8016991523711,-9.79042278883495,14.3920163065603,-9.27113728441457,14.8896375749788,-18.5719060001587,3.17360090885031
"Conservancy_75","Huibes","Spotted Hyaena","Carnivore","Carnivore",,,,,,,,,,,,,,,,,,,,,,,,,,,
"Conservancy_75","Huibes","Springbok","Grazer","Arid_Grazer",68037,64258,76618,61923,73865,62150,74086,55865,66604,0,-3779,8581,-6114,5828,-5887,6049,-12172,-1433,0,-5.554435789878,12.6119095525253,-8.98696286740207,8.5662779785462,-8.65268191691007,8.89102864038786,-17.8902488902214,-2.1057521765442
"Conservancy_75","Huibes","Steenbok","Browser","Shrub_Browser",255492,251604,208367,244823,202889,243055,201304,220300,182595,0,-3888,-47125,-10669,-52603,-12437,-54188,-35192,-72897,0,-1.52189443459303,-18.4446738601864,-4.17582425614932,-20.5890345389953,-4.86785924647279,-21.2093275290277,-13.7742811914051,-28.5321497646416
"Conservancy_75","Huibes","Vervet monkey","Omnivore","Omnivore",349586,337629,338118,327046,327402,326345,326820,294649,294972,0,-11958,-11468,-22540,-22184,-23242,-22767,-54938,-54615,0,-3.42057436217076,-3.28056172416269,-6.44770264575596,-6.34586279506596,-6.64833254622574,-6.51241329725626,-15.7150529925996,-15.6226751552681
"Conservancy_75","Huibes","Warthog","Grazer","General_Grazer",37794,35445,44900,34094,43234,34290,43422,30775,38994,0,-2350,7106,-3700,5439,-3504,5627,-7019,1199,0,-6.21673594429651,18.8016991523711,-9.79042278883496,14.3920163065603,-9.27113728441457,14.8896375749788,-18.5719060001587,3.17360090885031
"Conservancy_76","Kabulabula","Baboon","Omnivore","Omnivore",5012,4789,4783,4761,4757,4837,4831,4524,4521,0,-223,-228,-251,-254,-175,-180,-487,-490,0,-4.44521327911654,-4.55609179298311,-5.00755215515679,-5.07305116024171,-3.48839695748172,-3.60039369392735,-9.72218964523996,-9.78441910554157
"Conservancy_76","Kabulabula","Black rhinoceros","Browser","Shrub_Browser",61,58,59,57,58,58,59,54,55,0,-3,-2,-3,-3,-2,-1,-6,-6,0,-4.73506627458575,-2.97333702190684,-5.44370433151155,-4.40300213181985,-3.78106953039992,-2.0015730353593,-10.1367726005941,-9.14801962430785
"Conservancy_76","Kabulabula","Black-backed Jackal","Carnivore","Carnivore",,,,,,,,,,,,,,,,,,,,,,,,,,,
"Conservancy_76","Kabulabula","Black-faced Impala","Mixed","Mixed_Open",2557,2380,2334,2334,2307,2404,2357,2218,2192,0,-177,-223,-223,-250,-153,-200,-339,-365,0,-6.91651612940551,-8.72455157199749,-8.72621000390692,-9.79426655082801,-5.98373968279442,-7.81000937100517,-13.2569471094142,-14.271688973055
"Conservancy_76","Kabulabula","Blue wildebeest","Grazer","General_Grazer",856,803,785,791,780,811,792,751,741,0,-53,-72,-66,-77,-45,-64,-105,-115,0,-6.21535032032682,-8.38600754204945,-7.6711407156969,-8.9534079778136,-5.27575320484496,-7.46830175458178,-12.2540546160984,-13.4723143374557
"Conservancy_76","Kabulabula","Buffalo","Grazer","General_Grazer",377,353,345,348,343,357,349,331,326,0,-23,-32,-29,-34,-20,-28,-46,-51,0,-6.21535032032682,-8.38600754204944,-7.6711407156969,-8.95340797781359,-5.27575320484496,-7.46830175458178,-12.2540546160984,-13.4723143374557
"Conservancy_76","Kabulabula","Burchell's zebra","Grazer","General_Grazer",589,552,539,544,536,558,545,517,509,0,-37,-49,-45,-53,-31,-44,-72,-79,0,-6.2153503203268,-8.38600754204943,-7.67114071569689,-8.95340797781358,-5.27575320484494,-7.46830175458178,-12.2540546160984,-13.4723143374557
"Conservancy_76","Kabulabula","Bushpig","Omnivore","Omnivore",2005,1915,1913,1904,1903,1935,1932,1810,1808,0,-89,-91,-100,-102,-70,-72,-195,-196,0,-4.44521327911655,-4.55609179298311,-5.00755215515679,-5.0730511602417,-3.48839695748172,-3.60039369392735,-9.72218964523997,-9.78441910554157
"Conservancy_76","Kabulabula","Cheetah","Carnivore","Carnivore",,,,,,,,,,,,,,,,,,,,,,,,,,,
"Conservancy_76","Kabulabula","Damara dik dik","Browser","Shrub_Browser",12112,11538,11752,11452,11579,11654,11869,10884,11004,0,-574,-360,-659,-533,-458,-242,-1228,-1108,0,-4.73506627458575,-2.97333702190684,-5.44370433151155,-4.40300213181984,-3.78106953039991,-2.0015730353593,-10.1367726005941,-9.14801962430785
"Conservancy_76","Kabulabula","Duiker","Browser","Woodland_Browser",5046,4867,5022,4862,4953,4916,5073,4620,4707,0,-179,-24,-185,-93,-130,26,-426,-339,0,-3.55079495166675,-0.480301737095539,-3.66168888589044,-1.84786361297535,-2.58527807566307,0.516181416518854,-8.44288393057301,-6.71960023078903
"Conservancy_76","Kabulabula","Eland","Mixed","Mixed_Open",256,238,233,233,231,240,236,222,219,0,-18,-22,-22,-25,-15,-20,-34,-36,0,-6.91651612940552,-8.72455157199748,-8.72621000390692,-9.794266550828,-5.98373968279442,-7.81000937100515,-13.2569471094142,-14.271688973055
"Conservancy_76","Kabulabula","Elephant","Mixed","Large_Mixed",35,33,33,33,33,34,33,31,31,0,-2,-2,-2,-2,-2,-2,-4,-4,0,-5.58095036961394,-6.12024886934855,-6.71653640417381,-7.03511494517881,-4.63518205761992,-5.17991944482009,-11.3466587618056,-11.6493346672596
"Conservancy_76","Kabulabula","Gemsbok","Mixed","Arid_Mixed",264,232,219,220,212,234,221,209,202,0,-32,-46,-44,-52,-30,-44,-55,-63,0,-12.2704202456961,-17.314841072673,-16.7824211482318,-19.7623000614205,-11.3897245004971,-16.4850188923371,-20.9147509821037,-23.7458818716712
"Conservancy_76","Kabulabula","Giraffe","Browser","Woodland_Browser",104,100,103,100,102,101,104,95,97,0,-4,0,-4,-2,-3,1,-9,-7,0,-3.55079495166675,-0.48030173709552,-3.66168888589043,-1.84786361297535,-2.58527807566307,0.516181416518874,-8.442883930573,-6.71960023078901
"Conservancy_76","Kabulabula","Hartmann's zebra","Grazer","Arid_Grazer",255,227,214,217,210,229,216,206,199,0,-28,-41,-38,-46,-26,-39,-49,-56,0,-11.0737347194105,-16.1097617339284,-14.9817256064906,-17.9566460624836,-10.1813980818412,-15.2682140086571,-19.2031060107831,-22.0295259568055
"Conservancy_76","Kabulabula","Hippopotamus","Grazer","Wetland_Grazer",210,202,201,202,202,205,203,192,192,0,-7,-8,-7,-8,-5,-6,-17,-18,0,-3.42863292932295,-4.04954024526356,-3.47786731859251,-3.8446544446628,-2.46192770857656,-3.08909694629074,-8.26815297023446,-8.6166310100358
"Conservancy_76","Kabulabula","Impala","Mixed","Mixed_Open",2557,2380,2334,2334,2307,2404,2357,2218,2192,0,-177,-223,-223,-250,-153,-200,-339,-365,0,-6.91651612940551,-8.72455157199749,-8.72621000390692,-9.79426655082801,-5.98373968279442,-7.81000937100517,-13.2569471094142,-14.271688973055
"Conservancy_76","Kabulabula","Klipspringer","Browser","Rocky_Browser",2829,2664,2716,2627,2659,2690,2743,2497,2527,0,-166,-113,-202,-171,-139,-86,-332,-303,0,-5.85528686351666,-3.99835806560426,-7.12934034527342,-6.03240114095486,-4.91218719046629,-3.03653105181707,-11.7390481322159,-10.6968653604332
"Conservancy_76","Kabulabula","Kudu","Browser","Woodland_Browser",465,448,463,448,456,453,467,426,434,0,-17,-2,-17,-9,-12,2,-39,-31,0,-3.55079495166675,-0.480301737095535,-3.66168888589043,-1.84786361297535,-2.58527807566307,0.516181416518862,-8.44288393057301,-6.71960023078902
"Conservancy_76","Kabulabula","Leopard","Carnivore","Carnivore",,,,,,,,,,,,,,,,,,,,,,,,,,,
"Conservancy_76","Kabulabula","Ostrich","Mixed","Mixed_Open",1279,1190,1167,1167,1153,1202,1179,1109,1096,0,-88,-112,-112,-125,-77,-100,-169,-182,0,-6.91651612940551,-8.72455157199749,-8.72621000390692,-9.79426655082801,-5.98373968279442,-7.81000937100517,-13.2569471094142,-14.271688973055
"Conservancy_76","Kabulabula","Red Hartebeest","Grazer","General_Grazer",1256,1178,1151,1160,1144,1190,1162,1102,1087,0,-78,-105,-96,-112,-66,-94,-154,-169,0,-6.21535032032682,-8.38600754204945,-7.6711407156969,-8.95340797781359,-5.27575320484496,-7.46830175458179,-12.2540546160984,-13.4723143374557
"Conservancy_76","Kabulabula","Red Lechwe","Grazer","Wetland_Grazer",3669,3543,3521,3542,3528,3579,3556,3366,3353,0,-126,-149,-128,-141,-90,-113,-303,-316,0,-3.42863292932295,-4.04954024526355,-3.47786731859249,-3.8446544446628,-2.46192770857656,-3.08909694629075,-8.26815297023446,-8.6166310100358
"Conservancy_76","Kabulabula","Reedbuck","Grazer","Wetland_Grazer",6523,6299,6259,6296,6272,6362,6322,5984,5961,0,-224,-264,-227,-251,-161,-202,-539,-562,0,-3.42863292932296,-4.04954024526357,-3.47786731859251,-3.84465444466282,-2.46192770857657,-3.08909694629075,-8.26815297023445,-8.6166310100358
"Conservancy_76","Kabulabula","Roan","Grazer","General_Grazer",785,736,719,725,715,744,726,689,679,0,-49,-66,-60,-70,-41,-59,-96,-106,0,-6.21535032032682,-8.38600754204945,-7.67114071569691,-8.95340797781359,-5.27575320484497,-7.46830175458179,-12.2540546160984,-13.4723143374557
"Conservancy_76","Kabulabula","Sable","Grazer","General_Grazer",942,883,863,870,858,892,872,827,815,0,-59,-79,-72,-84,-50,-70,-115,-127,0,-6.21535032032682,-8.38600754204944,-7.6711407156969,-8.9534079778136,-5.27575320484496,-7.46830175458178,-12.2540546160984,-13.4723143374557
"Conservancy_76","Kabulabula","Spotted Hyaena","Carnivore","Carnivore",,,,,,,,,,,,,,,,,,,,,,,,,,,
"Conservancy_76","Kabulabula","Springbok","Grazer","Arid_Grazer",1882,1673,1578,1600,1544,1690,1594,1520,1467,0,-208,-303,-282,-338,-192,-287,-361,-415,0,-11.0737347194105,-16.1097617339284,-14.9817256064906,-17.9566460624836,-10.1813980818412,-15.2682140086571,-19.2031060107831,-22.0295259568055
"Conservancy_76","Kabulabula","Steenbok","Browser","Shrub_Browser",6056,5769,5876,5726,5789,5827,5935,5442,5502,0,-287,-180,-330,-267,-229,-121,-614,-554,0,-4.73506627458575,-2.97333702190684,-5.44370433151155,-4.40300213181984,-3.78106953039991,-2.0015730353593,-10.1367726005941,-9.14801962430785
"Conservancy_76","Kabulabula","Vervet monkey","Omnivore","Omnivore",24055,22986,22959,22851,22835,23216,23189,21717,21702,0,-1069,-1096,-1205,-1220,-839,-866,-2339,-2354,0,-4.44521327911653,-4.5560917929831,-5.00755215515678,-5.0730511602417,-3.48839695748171,-3.60039369392735,-9.72218964523995,-9.78441910554156
"Conservancy_76","Kabulabula","Warthog","Grazer","General_Grazer",2692,2524,2466,2485,2451,2550,2491,2362,2329,0,-167,-226,-206,-241,-142,-201,-330,-363,0,-6.21535032032682,-8.38600754204945,-7.67114071569691,-8.95340797781359,-5.27575320484497,-7.46830175458178,-12.2540546160984,-13.4723143374557
"Conservancy_77","Okongoro","Baboon","Omnivore","Omnivore",53501,52028,52028,49892,49892,50108,50108,47406,47406,0,-1473,-1473,-3610,-3610,-3394,-3394,-6095,-6095,0,-2.75386995963291,-2.75386995963291,-6.74683272199809,-6.74683272199809,-6.3433341058258,-6.3433341058258,-11.3926989586398,-11.3926989586398
"Conservancy_77","Okongoro","Black rhinoceros","Browser","Shrub_Browser",2469,2451,1414,2361,1360,2360,1361,2243,1292,0,-18,-1055,-108,-1109,-108,-1107,-225,-1176,0,-0.726379691025163,-42.7353086740847,-4.35686804174583,-44.9108575942986,-4.39100430739358,-44.8491085642689,-9.12239460747105,-47.6560327434151
"Conservancy_77","Okongoro","Black-backed Jackal","Carnivore","Carnivore",,,,,,,,,,,,,,,,,,,,,,,,,,,
"Conservancy_77","Okongoro","Black-faced Impala","Mixed","Mixed_Open",34614,33086,47397,31598,45414,31864,45647,30024,43151,0,-1528,12783,-3016,10800,-2749,11033,-4590,8537,0,-4.41518974820797,36.9297471701836,-8.71227913804273,31.2007150855318,-7.94303518407617,31.8755893043693,-13.2596438800301,24.6649325501186
"Conservancy_77","Okongoro","Blue wildebeest","Grazer","General_Grazer",4722,4286,11404,4042,10913,4128,10983,3840,10369,0,-436,6682,-680,6191,-594,6261,-881,5648,0,-9.23311897747573,141.515031467414,-14.4037856904907,131.123345474268,-12.5823148160704,132.600733999336,-18.6660570501127,119.611085917486
"Conservancy_77","Okongoro","Buffalo","Grazer","General_Grazer",2078,1886,5018,1778,4802,1816,4832,1690,4562,0,-192,2940,-299,2724,-261,2755,-388,2485,0,-9.23311897747573,141.515031467414,-14.4037856904907,131.123345474268,-12.5823148160704,132.600733999336,-18.6660570501127,119.611085917486
"Conservancy_77","Okongoro","Burchell's zebra","Grazer","General_Grazer",3246,2946,7840,2779,7503,2838,7551,2640,7129,0,-300,4594,-468,4256,-408,4304,-606,3883,0,-9.23311897747572,141.515031467414,-14.4037856904907,131.123345474268,-12.5823148160704,132.600733999336,-18.6660570501127,119.611085917486
"Conservancy_77","Okongoro","Bushpig","Omnivore","Omnivore",21401,20811,20811,19957,19957,20043,20043,18962,18962,0,-589,-589,-1444,-1444,-1358,-1358,-2438,-2438,0,-2.75386995963291,-2.75386995963291,-6.7468327219981,-6.7468327219981,-6.3433341058258,-6.3433341058258,-11.3926989586398,-11.3926989586398
"Conservancy_77","Okongoro","Cheetah","Carnivore","Carnivore",,,,,,,,,,,,,,,,,,,,,,,,,,,
"Conservancy_77","Okongoro","Damara dik dik","Browser","Shrub_Browser",493721,490135,282728,472211,271987,472042,272292,448682,258433,0,-3586,-210993,-21511,-221735,-21679,-221430,-45039,-235288,0,-0.726379691025147,-42.7353086740847,-4.35686804174584,-44.9108575942986,-4.39100430739356,-44.8491085642689,-9.12239460747104,-47.6560327434151
"Conservancy_77","Okongoro","Duiker","Browser","Woodland_Browser",119749,118929,66189,114603,63689,114539,63746,108892,60515,0,-820,-53561,-5147,-56061,-5210,-56004,-10857,-59235,0,-0.684813833672933,-44.7273155182381,-4.29804110054553,-46.8151724919316,-4.35098753249749,-46.7675920026163,-9.06652710005497,-49.4655056886098
"Conservancy_77","Okongoro","Eland","Mixed","Mixed_Open",3461,3309,4740,3160,4541,3186,4565,3002,4315,0,-153,1278,-302,1080,-275,1103,-459,854,0,-4.41518974820798,36.9297471701836,-8.71227913804272,31.2007150855318,-7.94303518407617,31.8755893043693,-13.2596438800301,24.6649325501186
"Conservancy_77","Okongoro","Elephant","Mixed","Large_Mixed",550,536,550,514,528,516,530,488,502,0,-15,0,-37,-23,-35,-20,-62,-49,0,-2.70175324547678,-0.0104182051986232,-6.68674100376881,-4.08861780120218,-6.29313252420181,-3.70115228843657,-11.3355630493792,-8.86687524763865
"Conservancy_77","Okongoro","Gemsbok","Mixed","Arid_Mixed",8193,7855,10769,7507,10320,7565,10371,7133,9806,0,-337,2576,-685,2127,-627,2179,-1059,1613,0,-4.11865374850308,31.4445115014496,-8.36555555301864,25.9659131826848,-7.65748950922422,26.5928063735223,-12.9302755806238,19.6908403079311
"Conservancy_77","Okongoro","Giraffe","Browser","Woodland_Browser",2465,2449,1363,2359,1311,2358,1312,2242,1246,0,-17,-1103,-106,-1154,-107,-1153,-224,-1220,0,-0.684813833672932,-44.7273155182381,-4.29804110054552,-46.8151724919316,-4.35098753249748,-46.7675920026163,-9.06652710005497,-49.4655056886098
"Conservancy_77","Okongoro","Hartmann's zebra","Grazer","Arid_Grazer",4475,4187,8150,3978,7803,4032,7849,3780,7415,0,-289,3674,-498,3328,-443,3373,-696,2939,0,-6.45100803188443,82.0986015786279,-11.119373382169,74.3634044452654,-9.90336006224156,75.3773034598495,-15.5461511252331,65.6779766116718
"Conservancy_77","Okongoro","Hippopotamus","Grazer","Wetland_Grazer",234,203,766,189,733,196,738,180,696,0,-31,532,-45,499,-38,504,-54,462,0,-13.2253291000644,227.216357499692,-19.1157766709775,212.998440054158,-16.4264986090863,215.138910451324,-23.1420320130045,197.408531129591
"Conservancy_77","Okongoro","Impala","Mixed","Mixed_Open",34614,33086,47397,31598,45414,31864,45647,30024,43151,0,-1528,12783,-3016,10800,-2749,11033,-4590,8537,0,-4.41518974820797,36.9297471701836,-8.71227913804273,31.2007150855318,-7.94303518407617,31.8755893043693,-13.2596438800301,24.6649325501186
"Conservancy_77","Okongoro","Klipspringer","Browser","Rocky_Browser",168279,167084,96377,160981,92723,160916,92819,152960,88102,0,-1195,-71902,-7298,-75556,-7363,-75460,-15319,-80177,0,-0.710351205158198,-42.7279795165052,-4.33706199042568,-44.8994495782777,-4.37556888518327,-44.8420513211586,-9.10357541492261,-47.6451932060583
"Conservancy_77","Okongoro","Kudu","Browser","Woodland_Browser",11030,10954,6096,10556,5866,10550,5871,10030,5574,0,-76,-4933,-474,-5164,-480,-5158,-1000,-5456,0,-0.684813833672917,-44.7273155182381,-4.29804110054553,-46.8151724919316,-4.35098753249748,-46.7675920026163,-9.06652710005497,-49.4655056886098
"Conservancy_77","Okongoro","Leopard","Carnivore","Carnivore",,,,,,,,,,,,,,,,,,,,,,,,,,,
"Conservancy_77","Okongoro","Ostrich","Mixed","Mixed_Open",17307,16543,23698,15799,22707,15932,22824,15012,21576,0,-764,6391,-1508,5400,-1375,5517,-2295,4269,0,-4.41518974820797,36.9297471701836,-8.71227913804273,31.2007150855318,-7.94303518407617,31.8755893043693,-13.2596438800301,24.6649325501186
"Conservancy_77","Okongoro","Red Hartebeest","Grazer","General_Grazer",6925,6286,16725,5928,16006,6054,16108,5632,15208,0,-639,9800,-997,9080,-871,9183,-1293,8283,0,-9.23311897747573,141.515031467414,-14.4037856904907,131.123345474268,-12.5823148160704,132.600733999336,-18.6660570501127,119.611085917486
"Conservancy_77","Okongoro","Red Lechwe","Grazer","Wetland_Grazer",4097,3555,13407,3314,12825,3424,12912,3149,12186,0,-542,9310,-783,8727,-673,8815,-948,8089,0,-13.2253291000644,227.216357499692,-19.1157766709775,212.998440054158,-16.4264986090863,215.138910451324,-23.1420320130045,197.408531129591
"Conservancy_77","Okongoro","Reedbuck","Grazer","Wetland_Grazer",7284,6321,23835,5892,22800,6088,22956,5599,21664,0,-963,16551,-1392,15515,-1197,15671,-1686,14380,0,-13.2253291000644,227.216357499692,-19.1157766709775,212.998440054158,-16.4264986090863,215.138910451324,-23.1420320130045,197.408531129591
"Conservancy_77","Okongoro","Roan","Grazer","General_Grazer",4328,3929,10453,3705,10003,3784,10067,3520,9505,0,-400,6125,-623,5675,-545,5739,-808,5177,0,-9.23311897747573,141.515031467414,-14.4037856904907,131.123345474268,-12.5823148160704,132.600733999336,-18.6660570501127,119.611085917486
"Conservancy_77","Okongoro","Sable","Grazer","General_Grazer",5194,4714,12544,4446,12004,4540,12081,4224,11406,0,-480,7350,-748,6810,-654,6887,-969,6212,0,-9.23311897747573,141.515031467414,-14.4037856904907,131.123345474268,-12.5823148160704,132.600733999336,-18.6660570501127,119.611085917486
"Conservancy_77","Okongoro","Spotted Hyaena","Carnivore","Carnivore",,,,,,,,,,,,,,,,,,,,,,,,,,,
"Conservancy_77","Okongoro","Springbok","Grazer","Arid_Grazer",32977,30849,60050,29310,57499,29711,57834,27850,54635,0,-2127,27073,-3667,24523,-3266,24857,-5127,21658,0,-6.45100803188444,82.0986015786279,-11.119373382169,74.3634044452654,-9.90336006224156,75.3773034598495,-15.5461511252331,65.6779766116718
"Conservancy_77","Okongoro","Steenbok","Browser","Shrub_Browser",246861,245068,141364,236105,135993,236021,136146,224341,129217,0,-1793,-105497,-10755,-110867,-10840,-110715,-22520,-117644,0,-0.726379691025147,-42.7353086740847,-4.35686804174584,-44.9108575942986,-4.39100430739356,-44.8491085642689,-9.12239460747104,-47.6560327434151
"Conservancy_77","Okongoro","Vervet monkey","Omnivore","Omnivore",256807,249735,249735,239480,239480,240517,240517,227550,227550,0,-7072,-7072,-17326,-17326,-16290,-16290,-29257,-29257,0,-2.75386995963291,-2.75386995963291,-6.74683272199811,-6.74683272199811,-6.3433341058258,-6.3433341058258,-11.3926989586398,-11.3926989586398
"Conservancy_77","Okongoro","Warthog","Grazer","General_Grazer",14840,13469,35840,12702,34298,12972,34517,12070,32589,0,-1370,21000,-2137,19458,-1867,19677,-2770,17750,0,-9.23311897747572,141.515031467414,-14.4037856904907,131.123345474268,-12.5823148160704,132.600733999336,-18.6660570501127,119.611085917486
"Conservancy_78","Lusese","Baboon","Omnivore","Omnivore",11703,10993,10945,10909,10863,11097,11049,10362,10318,0,-711,-759,-794,-840,-606,-654,-1341,-1385,0,-6.07404059350321,-6.48154449912422,-6.78630303938621,-7.1811792103199,-5.17872243703957,-5.58994463439514,-11.4619718631516,-11.836847372301
"Conservancy_78","Lusese","Black rhinoceros","Browser","Shrub_Browser",225,221,195,220,195,223,197,209,185,0,-5,-30,-5,-30,-3,-28,-16,-40,0,-2.03408113081553,-13.3061416646654,-2.20275129226757,-13.3496313263143,-1.11734773825155,-12.4928263792857,-7.12981835077064,-17.7119209346681
"Conservancy_78","Lusese","Black-backed Jackal","Carnivore","Carnivore",,,,,,,,,,,,,,,,,,,,,,,,,,,
"Conservancy_78","Lusese","Black-faced Impala","Mixed","Mixed_Open",6066,5591,5671,5522,5606,5644,5725,5245,5325,0,-476,-395,-545,-460,-422,-342,-822,-741,0,-7.84044744599654,-6.51921125030969,-8.97941963453492,-7.58422141222748,-6.96408452228621,-5.63050266763959,-13.5474804771745,-12.2230434097
"Conservancy_78","Lusese","Blue wildebeest","Grazer","General_Grazer",1702,1548,1625,1525,1604,1563,1641,1449,1523,0,-154,-76,-177,-98,-139,-61,-253,-178,0,-9.04639187666926,-4.48248555982482,-10.3875926466572,-5.76138672105932,-8.17266676435241,-3.56660272210263,-14.8740443783178,-10.4823240935243
"Conservancy_78","Lusese","Buffalo","Grazer","General_Grazer",749,681,715,671,706,688,722,637,670,0,-68,-34,-78,-43,-61,-27,-111,-78,0,-9.04639187666925,-4.48248555982483,-10.3875926466572,-5.76138672105932,-8.1726667643524,-3.56660272210262,-14.8740443783178,-10.4823240935243
"Conservancy_78","Lusese","Burchell's zebra","Grazer","General_Grazer",1170,1064,1118,1048,1103,1074,1128,996,1047,0,-106,-52,-122,-67,-96,-42,-174,-123,0,-9.04639187666926,-4.48248555982483,-10.3875926466572,-5.76138672105933,-8.17266676435242,-3.56660272210262,-14.8740443783178,-10.4823240935243
"Conservancy_78","Lusese","Bushpig","Omnivore","Omnivore",4681,4397,4378,4364,4345,4439,4420,4145,4127,0,-284,-303,-318,-336,-242,-262,-537,-554,0,-6.07404059350322,-6.48154449912421,-6.78630303938622,-7.1811792103199,-5.17872243703956,-5.58994463439514,-11.4619718631516,-11.836847372301
"Conservancy_78","Lusese","Cheetah","Carnivore","Carnivore",,,,,,,,,,,,,,,,,,,,,,,,,,,
"Conservancy_78","Lusese","Damara dik dik","Browser","Shrub_Browser",45075,44159,39078,44083,39058,44572,39444,41862,37092,0,-917,-5998,-993,-6017,-504,-5631,-3214,-7984,0,-2.03408113081551,-13.3061416646654,-2.20275129226756,-13.3496313263143,-1.11734773825154,-12.4928263792857,-7.12981835077063,-17.7119209346681
"Conservancy_78","Lusese","Duiker","Browser","Woodland_Browser",15966,15245,14817,15202,14762,15388,14957,14438,14020,0,-721,-1149,-763,-1204,-577,-1009,-1528,-1946,0,-4.5156103675956,-7.19491066275053,-4.78194776463045,-7.53911843727494,-3.61684554813421,-6.32099929567547,-9.57220208090663,-12.1895895494542
"Conservancy_78","Lusese","Eland","Mixed","Mixed_Open",607,559,567,552,561,564,572,524,532,0,-48,-40,-54,-46,-42,-34,-82,-74,0,-7.84044744599655,-6.51921125030969,-8.97941963453491,-7.58422141222748,-6.96408452228621,-5.63050266763959,-13.5474804771745,-12.2230434097
"Conservancy_78","Lusese","Elephant","Mixed","Large_Mixed",89,84,83,83,82,85,84,79,78,0,-6,-7,-6,-7,-5,-6,-10,-11,0,-6.19342253393862,-7.46969653914776,-6.98627166776549,-8.21492808384577,-5.30337049993252,-6.59126957631617,-11.656959502288,-12.8233904797874
"Conservancy_78","Lusese","Gemsbok","Mixed","Arid_Mixed",776,711,694,699,684,718,700,664,649,0,-65,-82,-77,-92,-58,-75,-112,-126,0,-8.33252250612295,-10.5704181185202,-9.86419245107715,-11.8497945262999,-7.47166114847796,-9.72951489041457,-14.4011483925572,-16.2863280086259
"Conservancy_78","Lusese","Giraffe","Browser","Woodland_Browser",329,314,305,313,304,317,308,297,289,0,-15,-24,-16,-25,-12,-21,-31,-40,0,-4.5156103675956,-7.19491066275053,-4.78194776463045,-7.53911843727495,-3.61684554813423,-6.32099929567548,-9.57220208090663,-12.1895895494543
"Conservancy_78","Lusese","Hartmann's zebra","Grazer","Arid_Grazer",602,538,560,526,549,543,565,500,522,0,-65,-43,-76,-53,-59,-38,-102,-81,0,-10.7207215706403,-7.11821858059698,-12.6122131828135,-8.80091659203419,-9.87397024236034,-6.23778740135303,-17.0004160424989,-13.3824247373218
"Conservancy_78","Lusese","Hippopotamus","Grazer","Wetland_Grazer",390,364,371,361,368,367,375,343,350,0,-26,-18,-29,-21,-22,-15,-47,-40,0,-6.64680504688737,-4.69927956350868,-7.46455822981398,-5.50700979199614,-5.74460904573038,-3.77913567002831,-12.0910777124389,-10.2327374096862
"Conservancy_78","Lusese","Impala","Mixed","Mixed_Open",6066,5591,5671,5522,5606,5644,5725,5245,5325,0,-476,-395,-545,-460,-422,-342,-822,-741,0,-7.84044744599654,-6.51921125030969,-8.97941963453492,-7.58422141222748,-6.96408452228621,-5.63050266763959,-13.5474804771745,-12.2230434097
"Conservancy_78","Lusese","Klipspringer","Browser","Rocky_Browser",12753,12627,10722,12616,10735,12745,10822,11980,10194,0,-126,-2031,-137,-2018,-8,-1931,-773,-2559,0,-0.985193593875173,-15.9272871820871,-1.0736122911112,-15.8227301929432,-0.0637769724267405,-15.1428919967932,-6.0640023151245,-20.0658502809245
"Conservancy_78","Lusese","Kudu","Browser","Woodland_Browser",1471,1404,1365,1400,1360,1417,1378,1330,1291,0,-66,-106,-70,-111,-53,-93,-141,-179,0,-4.5156103675956,-7.19491066275054,-4.78194776463044,-7.53911843727495,-3.61684554813422,-6.32099929567548,-9.57220208090663,-12.1895895494542
"Conservancy_78","Lusese","Leopard","Carnivore","Carnivore",,,,,,,,,,,,,,,,,,,,,,,,,,,
"Conservancy_78","Lusese","Ostrich","Mixed","Mixed_Open",3033,2795,2835,2761,2803,2822,2862,2622,2662,0,-238,-198,-272,-230,-211,-171,-411,-371,0,-7.84044744599654,-6.51921125030969,-8.97941963453492,-7.58422141222748,-6.96408452228621,-5.63050266763959,-13.5474804771745,-12.2230434097
"Conservancy_78","Lusese","Red Hartebeest","Grazer","General_Grazer",2496,2270,2384,2237,2352,2292,2407,2125,2234,0,-226,-112,-259,-144,-204,-89,-371,-262,0,-9.04639187666925,-4.48248555982482,-10.3875926466572,-5.76138672105932,-8.1726667643524,-3.56660272210262,-14.8740443783178,-10.4823240935243
"Conservancy_78","Lusese","Red Lechwe","Grazer","Wetland_Grazer",6819,6366,6498,6310,6443,6427,6561,5994,6121,0,-453,-320,-509,-376,-392,-258,-824,-698,0,-6.64680504688736,-4.69927956350868,-7.46455822981397,-5.50700979199614,-5.74460904573038,-3.77913567002831,-12.0910777124389,-10.2327374096862
"Conservancy_78","Lusese","Reedbuck","Grazer","Wetland_Grazer",12122,11317,11553,11217,11455,11426,11664,10657,10882,0,-806,-570,-905,-668,-696,-458,-1466,-1240,0,-6.64680504688737,-4.69927956350869,-7.46455822981398,-5.50700979199614,-5.74460904573037,-3.77913567002831,-12.0910777124389,-10.2327374096862
"Conservancy_78","Lusese","Roan","Grazer","General_Grazer",1560,1419,1490,1398,1470,1432,1504,1328,1396,0,-141,-70,-162,-90,-127,-56,-232,-164,0,-9.04639187666926,-4.48248555982483,-10.3875926466572,-5.76138672105932,-8.1726667643524,-3.56660272210263,-14.8740443783178,-10.4823240935243
"Conservancy_78","Lusese","Sable","Grazer","General_Grazer",1872,1703,1788,1677,1764,1719,1805,1593,1676,0,-169,-84,-194,-108,-153,-67,-278,-196,0,-9.04639187666925,-4.48248555982482,-10.3875926466572,-5.76138672105932,-8.1726667643524,-3.56660272210262,-14.8740443783178,-10.4823240935243
"Conservancy_78","Lusese","Spotted Hyaena","Carnivore","Carnivore",,,,,,,,,,,,,,,,,,,,,,,,,,,
"Conservancy_78","Lusese","Springbok","Grazer","Arid_Grazer",4439,3963,4123,3879,4048,4000,4162,3684,3845,0,-476,-316,-560,-391,-438,-277,-755,-594,0,-10.7207215706402,-7.11821858059697,-12.6122131828135,-8.8009165920342,-9.87397024236034,-6.23778740135302,-17.0004160424989,-13.3824247373218
"Conservancy_78","Lusese","Steenbok","Browser","Shrub_Browser",22538,22079,19539,22041,19529,22286,19722,20931,18546,0,-458,-2999,-496,-3009,-252,-2816,-1607,-3992,0,-2.03408113081551,-13.3061416646654,-2.20275129226756,-13.3496313263143,-1.11734773825154,-12.4928263792857,-7.12981835077063,-17.7119209346681
"Conservancy_78","Lusese","Vervet monkey","Omnivore","Omnivore",56177,52764,52536,52364,52142,53267,53036,49738,49527,0,-3412,-3641,-3812,-4034,-2909,-3140,-6439,-6650,0,-6.07404059350321,-6.48154449912421,-6.78630303938622,-7.1811792103199,-5.17872243703957,-5.58994463439514,-11.4619718631516,-11.836847372301
"Conservancy_78","Lusese","Warthog","Grazer","General_Grazer",5348,4865,5109,4793,5040,4911,5158,4553,4788,0,-484,-240,-556,-308,-437,-191,-796,-561,0,-9.04639187666924,-4.48248555982483,-10.3875926466572,-5.76138672105931,-8.17266676435239,-3.56660272210262,-14.8740443783178,-10.4823240935243
"Conservancy_79","Nakabolelwa","Baboon","Omnivore","Omnivore",6453,6134,6125,6088,6082,6191,6182,5785,5779,0,-319,-328,-365,-371,-262,-271,-668,-674,0,-4.93867202109173,-5.07637575105382,-5.6625801819047,-5.75472903312566,-4.0614106553046,-4.20041230848224,-10.3527939799201,-10.4402958761951
"Conservancy_79","Nakabolelwa","Black rhinoceros","Browser","Shrub_Browser",87,81,80,79,78,81,81,75,74,0,-6,-7,-8,-9,-5,-6,-12,-13,0,-7.06133473813106,-7.79047533158803,-8.97735959439632,-10.3360177088753,-6.20276360120942,-6.93850717040703,-13.5075784926252,-14.7979289203354
"Conservancy_79","Nakabolelwa","Black-backed Jackal","Carnivore","Carnivore",,,,,,,,,,,,,,,,,,,,,,,,,,,
"Conservancy_79","Nakabolelwa","Black-faced Impala","Mixed","Mixed_Open",3417,3061,3019,2993,2976,3089,3047,2844,2828,0,-356,-398,-424,-441,-328,-370,-572,-589,0,-10.415957018016,-11.635249584076,-12.3946372120392,-12.9055770412007,-9.58987204747642,-10.8207514311577,-16.7514398882936,-17.2365408564811
"Conservancy_79","Nakabolelwa","Blue wildebeest","Grazer","General_Grazer",1103,1009,995,994,990,1018,1004,944,941,0,-94,-108,-109,-113,-85,-99,-159,-163,0,-8.54724107996503,-9.78701698297812,-9.92010039569197,-10.2799300226149,-7.70400923463818,-8.95561603718629,-14.3983440856994,-14.7399158231468
"Conservancy_79","Nakabolelwa","Buffalo","Grazer","General_Grazer",485,444,438,437,436,448,442,416,414,0,-41,-48,-48,-50,-37,-43,-70,-72,0,-8.54724107996502,-9.78701698297811,-9.92010039569195,-10.2799300226149,-7.70400923463816,-8.95561603718627,-14.3983440856994,-14.7399158231468
"Conservancy_79","Nakabolelwa","Burchell's zebra","Grazer","General_Grazer",758,694,684,683,681,700,691,649,647,0,-65,-74,-75,-78,-58,-68,-109,-112,0,-8.54724107996503,-9.78701698297812,-9.92010039569196,-10.2799300226149,-7.70400923463817,-8.95561603718628,-14.3983440856994,-14.7399158231468
"Conservancy_79","Nakabolelwa","Bushpig","Omnivore","Omnivore",2581,2454,2450,2435,2433,2476,2473,2314,2312,0,-127,-131,-146,-149,-105,-108,-267,-269,0,-4.93867202109173,-5.07637575105382,-5.66258018190469,-5.75472903312566,-4.06141065530459,-4.20041230848223,-10.3527939799201,-10.4402958761951
"Conservancy_79","Nakabolelwa","Cheetah","Carnivore","Carnivore",,,,,,,,,,,,,,,,,,,,,,,,,,,
"Conservancy_79","Nakabolelwa","Damara dik dik","Browser","Shrub_Browser",17345,16120,15994,15788,15552,16269,16142,15002,14778,0,-1225,-1351,-1557,-1793,-1076,-1203,-2343,-2567,0,-7.06133473813105,-7.79047533158802,-8.97735959439631,-10.3360177088753,-6.20276360120942,-6.93850717040701,-13.5075784926252,-14.7979289203353
"Conservancy_79","Nakabolelwa","Duiker","Browser","Woodland_Browser",6757,6490,6619,6435,6483,6550,6680,6115,6161,0,-268,-139,-322,-274,-208,-78,-642,-597,0,-3.96193182839104,-2.05487646878649,-4.7654413420462,-4.05760884412792,-3.07493893709615,-1.14973275337153,-9.5021576219831,-8.83015589020106
"Conservancy_79","Nakabolelwa","Eland","Mixed","Mixed_Open",342,306,302,299,298,309,305,284,283,0,-36,-40,-42,-44,-33,-37,-57,-59,0,-10.415957018016,-11.635249584076,-12.3946372120392,-12.9055770412007,-9.58987204747643,-10.8207514311577,-16.7514398882936,-17.2365408564811
"Conservancy_79","Nakabolelwa","Elephant","Mixed","Large_Mixed",47,43,43,43,42,44,43,40,40,0,-4,-4,-4,-4,-3,-3,-6,-7,0,-7.69137181445159,-8.26999613317671,-9.13360726997719,-9.49780079287386,-6.83967851305349,-7.42376376430724,-13.6524568995172,-13.9982790926244
"Conservancy_79","Nakabolelwa","Gemsbok","Mixed","Arid_Mixed",395,312,297,294,286,315,300,279,272,0,-83,-98,-101,-109,-80,-95,-116,-123,0,-20.9970498448033,-24.733734788768,-25.6563256394246,-27.6196155830948,-20.2694160457378,-24.0414873164777,-29.3578402238637,-31.2219956256049
"Conservancy_79","Nakabolelwa","Giraffe","Browser","Woodland_Browser",139,134,136,132,133,135,138,126,127,0,-6,-3,-7,-6,-4,-2,-13,-12,0,-3.96193182839103,-2.05487646878647,-4.76544134204619,-4.05760884412791,-3.07493893709615,-1.14973275337152,-9.50215762198309,-8.83015589020104
"Conservancy_79","Nakabolelwa","Hartmann's zebra","Grazer","Arid_Grazer",361,293,282,279,274,296,284,265,261,0,-68,-79,-82,-87,-65,-77,-96,-100,0,-18.7764981046519,-21.996907445208,-22.6502687313546,-24.006141039262,-18.0285620482315,-21.2795726503406,-26.4990316483935,-27.7863382401967
"Conservancy_79","Nakabolelwa","Hippopotamus","Grazer","Wetland_Grazer",257,253,252,253,253,255,254,240,240,0,-5,-6,-4,-5,-3,-3,-17,-17,0,-1.88232651540789,-2.19802231106321,-1.69989174100621,-1.75185517938811,-0.976894533403218,-1.29561521944922,-6.58501563488125,-6.63432060504185
"Conservancy_79","Nakabolelwa","Impala","Mixed","Mixed_Open",3417,3061,3019,2993,2976,3089,3047,2844,2828,0,-356,-398,-424,-441,-328,-370,-572,-589,0,-10.415957018016,-11.635249584076,-12.3946372120392,-12.9055770412007,-9.58987204747642,-10.8207514311577,-16.7514398882936,-17.2365408564811
"Conservancy_79","Nakabolelwa","Klipspringer","Browser","Rocky_Browser",4346,3913,3838,3787,3685,3949,3873,3598,3501,0,-433,-508,-559,-661,-397,-473,-748,-845,0,-9.96133548399989,-11.6968725916633,-12.8663538183813,-15.2124225548916,-9.12930816220739,-10.8808368339478,-17.2059501614472,-19.433992212023
"Conservancy_79","Nakabolelwa","Kudu","Browser","Woodland_Browser",622,598,610,593,597,603,615,563,567,0,-25,-13,-30,-25,-19,-7,-59,-55,0,-3.96193182839104,-2.05487646878649,-4.7654413420462,-4.05760884412792,-3.07493893709616,-1.14973275337152,-9.5021576219831,-8.83015589020105
"Conservancy_79","Nakabolelwa","Leopard","Carnivore","Carnivore",,,,,,,,,,,,,,,,,,,,,,,,,,,
"Conservancy_79","Nakabolelwa","Ostrich","Mixed","Mixed_Open",1708,1530,1510,1497,1488,1545,1524,1422,1414,0,-178,-199,-212,-220,-164,-185,-286,-294,0,-10.415957018016,-11.635249584076,-12.3946372120392,-12.9055770412007,-9.58987204747642,-10.8207514311577,-16.7514398882936,-17.2365408564811
"Conservancy_79","Nakabolelwa","Red Hartebeest","Grazer","General_Grazer",1618,1480,1460,1458,1452,1493,1473,1385,1380,0,-138,-158,-161,-166,-125,-145,-233,-239,0,-8.54724107996502,-9.78701698297812,-9.92010039569195,-10.2799300226149,-7.70400923463816,-8.95561603718626,-14.3983440856994,-14.7399158231468
"Conservancy_79","Nakabolelwa","Red Lechwe","Grazer","Wetland_Grazer",4504,4419,4405,4427,4425,4460,4445,4207,4205,0,-85,-99,-77,-79,-44,-58,-297,-299,0,-1.8823265154079,-2.19802231106321,-1.6998917410062,-1.75185517938811,-0.976894533403211,-1.29561521944922,-6.58501563488125,-6.63432060504185
"Conservancy_79","Nakabolelwa","Reedbuck","Grazer","Wetland_Grazer",8006,7856,7830,7870,7866,7928,7903,7479,7475,0,-151,-176,-136,-140,-78,-104,-527,-531,0,-1.88232651540789,-2.19802231106321,-1.69989174100621,-1.75185517938811,-0.976894533403219,-1.29561521944923,-6.58501563488125,-6.63432060504184
"Conservancy_79","Nakabolelwa","Roan","Grazer","General_Grazer",1011,925,912,911,907,933,921,866,862,0,-86,-99,-100,-104,-78,-91,-146,-149,0,-8.54724107996502,-9.78701698297812,-9.92010039569196,-10.2799300226149,-7.70400923463815,-8.95561603718626,-14.3983440856994,-14.7399158231468
"Conservancy_79","Nakabolelwa","Sable","Grazer","General_Grazer",1214,1110,1095,1093,1089,1120,1105,1039,1035,0,-104,-119,-120,-125,-93,-109,-175,-179,0,-8.54724107996501,-9.78701698297812,-9.92010039569196,-10.2799300226149,-7.70400923463816,-8.95561603718626,-14.3983440856994,-14.7399158231468
"Conservancy_79","Nakabolelwa","Spotted Hyaena","Carnivore","Carnivore",,,,,,,,,,,,,,,,,,,,,,,,,,,
"Conservancy_79","Nakabolelwa","Springbok","Grazer","Arid_Grazer",2661,2161,2075,2058,2022,2181,2094,1956,1921,0,-500,-585,-603,-639,-480,-566,-705,-739,0,-18.7764981046519,-21.996907445208,-22.6502687313546,-24.006141039262,-18.0285620482315,-21.2795726503406,-26.4990316483935,-27.7863382401967
"Conservancy_79","Nakabolelwa","Steenbok","Browser","Shrub_Browser",8673,8060,7997,7894,7776,8135,8071,7501,7389,0,-612,-676,-779,-896,-538,-602,-1171,-1283,0,-7.06133473813105,-7.79047533158802,-8.97735959439631,-10.3360177088753,-6.20276360120942,-6.93850717040701,-13.5075784926252,-14.7979289203353
"Conservancy_79","Nakabolelwa","Vervet monkey","Omnivore","Omnivore",30975,29445,29402,29221,29192,29717,29674,27768,27741,0,-1530,-1572,-1754,-1783,-1258,-1301,-3207,-3234,0,-4.93867202109173,-5.07637575105382,-5.66258018190469,-5.75472903312565,-4.0614106553046,-4.20041230848223,-10.3527939799201,-10.4402958761951
"Conservancy_79","Nakabolelwa","Warthog","Grazer","General_Grazer",3467,3171,3128,3123,3111,3200,3157,2968,2956,0,-296,-339,-344,-356,-267,-311,-499,-511,0,-8.54724107996502,-9.78701698297813,-9.92010039569196,-10.2799300226149,-7.70400923463816,-8.95561603718628,-14.3983440856994,-14.7399158231468
"Conservancy_80","Ohungu","Baboon","Omnivore","Omnivore",47576,46828,51630,45227,49720,45341,50001,41666,45811,0,-749,4054,-2350,2144,-2235,2424,-5911,-1765,0,-1.57389789638591,8.52084888231928,-4.93877341044902,4.50610640504907,-4.69826600035531,5.09574973427902,-12.4231827323522,-3.71010552299266
"Conservancy_80","Ohungu","Black rhinoceros","Browser","Shrub_Browser",1555,1545,1303,1496,1260,1496,1261,1378,1161,0,-9,-252,-59,-295,-59,-294,-176,-394,0,-0.596615281450873,-16.2049416594946,-3.76484709761696,-18.9626259535593,-3.79187177794483,-18.8823646797233,-11.3331217055659,-25.3346761382485
"Conservancy_80","Ohungu","Black-backed Jackal","Carnivore","Carnivore",,,,,,,,,,,,,,,,,,,,,,,,,,,
"Conservancy_80","Ohungu","Black-faced Impala","Mixed","Mixed_Open",39833,38992,48498,37608,46629,37763,46974,34645,42963,0,-841,8665,-2225,6796,-2070,7142,-5188,3131,0,-2.11011238956918,21.7547098144921,-5.58605954080912,17.0624777298812,-5.19560614627524,17.9298002604805,-13.0238869591821,7.85974968044708
"Conservancy_80","Ohungu","Blue wildebeest","Grazer","General_Grazer",8713,8468,12064,8152,11580,8204,11687,7509,10669,0,-245,3351,-561,2867,-509,2973,-1204,1956,0,-2.81171403914416,38.4557328896927,-6.43886159938142,32.8996492549046,-5.84638136344471,34.1269563561435,-13.8146924709645,22.4529409932771
"Conservancy_80","Ohungu","Buffalo","Grazer","General_Grazer",3834,3726,5308,3587,5095,3610,5142,3304,4695,0,-108,1474,-247,1261,-224,1308,-530,861,0,-2.81171403914416,38.4557328896927,-6.43886159938141,32.8996492549046,-5.84638136344471,34.1269563561435,-13.8146924709645,22.4529409932771
"Conservancy_80","Ohungu","Burchell's zebra","Grazer","General_Grazer",5990,5822,8294,5605,7961,5640,8034,5163,7335,0,-168,2304,-386,1971,-350,2044,-828,1345,0,-2.81171403914416,38.4557328896927,-6.43886159938142,32.8996492549046,-5.84638136344471,34.1269563561435,-13.8146924709645,22.4529409932771
"Conservancy_80","Ohungu","Bushpig","Omnivore","Omnivore",19031,18731,20652,18091,19888,18136,20000,16666,18325,0,-300,1622,-940,858,-894,970,-2364,-706,0,-1.57389789638591,8.52084888231928,-4.93877341044901,4.50610640504906,-4.69826600035533,5.09574973427903,-12.4231827323522,-3.71010552299267
"Conservancy_80","Ohungu","Cheetah","Carnivore","Carnivore",,,,,,,,,,,,,,,,,,,,,,,,,,,
"Conservancy_80","Ohungu","Damara dik dik","Browser","Shrub_Browser",310909,309054,260526,299204,251952,299120,252202,275673,232141,0,-1855,-50383,-11705,-58956,-11789,-58707,-35236,-78768,0,-0.596615281450867,-16.2049416594946,-3.76484709761695,-18.9626259535593,-3.79187177794484,-18.8823646797233,-11.3331217055659,-25.3346761382485
"Conservancy_80","Ohungu","Duiker","Browser","Woodland_Browser",72416,72117,59604,69871,57694,69793,57695,64375,53156,0,-300,-12813,-2546,-14723,-2623,-14721,-8042,-19260,0,-0.413821004445598,-17.6929277243553,-3.51531126197303,-20.330827011717,-3.62214219469326,-20.3287933585582,-11.1046167075244,-26.5968499412546
"Conservancy_80","Ohungu","Eland","Mixed","Mixed_Open",3983,3899,4850,3761,4663,3776,4697,3464,4296,0,-84,867,-223,680,-207,714,-519,313,0,-2.11011238956917,21.7547098144921,-5.58605954080912,17.0624777298812,-5.19560614627526,17.9298002604805,-13.0238869591821,7.85974968044708
"Conservancy_80","Ohungu","Elephant","Mixed","Large_Mixed",503,494,550,477,529,479,533,440,488,0,-8,47,-25,27,-24,30,-63,-15,0,-1.64501897832503,9.37892183496149,-5.03319603780305,5.30731017332536,-4.76428659917062,5.92890719785583,-12.5098983152977,-2.97141422864969
"Conservancy_80","Ohungu","Gemsbok","Mixed","Arid_Mixed",9384,9181,11157,8850,10725,8892,10807,8153,9882,0,-203,1774,-534,1341,-492,1423,-1231,498,0,-2.16352584385932,18.8999263857933,-5.69039504100052,14.2936492600382,-5.24540601447209,15.1659510504182,-13.1164724640153,5.31048611351524
"Conservancy_80","Ohungu","Giraffe","Browser","Woodland_Browser",1491,1485,1227,1439,1188,1437,1188,1325,1094,0,-6,-264,-52,-303,-54,-303,-166,-397,0,-0.413821004445598,-17.6929277243553,-3.51531126197305,-20.330827011717,-3.62214219469326,-20.3287933585583,-11.1046167075244,-26.5968499412547
"Conservancy_80","Ohungu","Hartmann's zebra","Grazer","Arid_Grazer",6723,6547,8659,6302,8314,6342,8388,5806,7661,0,-177,1936,-421,1591,-381,1665,-917,937,0,-2.62550098500494,28.7920841984552,-6.26248121534263,23.6576189501113,-5.67398259641938,24.7609509043835,-13.6458542669538,13.9394900186802
"Conservancy_80","Ohungu","Hippopotamus","Grazer","Wetland_Grazer",556,539,813,519,780,522,788,478,719,0,-17,257,-37,224,-34,232,-78,163,0,-3.03203818981865,46.2638173618146,-6.6821828715686,40.3422007235027,-6.05058551647033,41.6964865734747,-14.0429124814965,29.3096026128202
"Conservancy_80","Ohungu","Impala","Mixed","Mixed_Open",39833,38992,48498,37608,46629,37763,46974,34645,42963,0,-841,8665,-2225,6796,-2070,7142,-5188,3131,0,-2.11011238956918,21.7547098144921,-5.58605954080912,17.0624777298812,-5.19560614627524,17.9298002604805,-13.0238869591821,7.85974968044708
"Conservancy_80","Ohungu","Klipspringer","Browser","Rocky_Browser",112597,111547,93362,107803,90158,107976,90388,99332,83074,0,-1049,-19235,-4793,-22438,-4620,-22208,-13265,-29522,0,-0.931906465725686,-17.0831064035246,-4.25701571689352,-19.9278599559073,-4.10342269305756,-19.7237165795114,-11.7805680717299,-26.2196298333656
"Conservancy_80","Ohungu","Kudu","Browser","Woodland_Browser",6670,6642,5490,6435,5314,6428,5314,5929,4896,0,-28,-1180,-234,-1356,-242,-1356,-741,-1774,0,-0.413821004445607,-17.6929277243553,-3.51531126197305,-20.330827011717,-3.62214219469326,-20.3287933585583,-11.1046167075244,-26.5968499412547
"Conservancy_80","Ohungu","Leopard","Carnivore","Carnivore",,,,,,,,,,,,,,,,,,,,,,,,,,,
"Conservancy_80","Ohungu","Ostrich","Mixed","Mixed_Open",19916,19496,24249,18804,23315,18882,23487,17322,21482,0,-420,4333,-1113,3398,-1035,3571,-2594,1565,0,-2.11011238956918,21.7547098144921,-5.58605954080912,17.0624777298812,-5.19560614627524,17.9298002604805,-13.0238869591821,7.85974968044708
"Conservancy_80","Ohungu","Red Hartebeest","Grazer","General_Grazer",12779,12420,17693,11956,16983,12032,17140,11014,15648,0,-359,4914,-823,4204,-747,4361,-1765,2869,0,-2.81171403914416,38.4557328896927,-6.43886159938141,32.8996492549047,-5.8463813634447,34.1269563561435,-13.8146924709645,22.4529409932772
"Conservancy_80","Ohungu","Red Lechwe","Grazer","Wetland_Grazer",9729,9434,14231,9079,13654,9141,13786,8363,12581,0,-295,4501,-650,3925,-589,4057,-1366,2852,0,-3.03203818981862,46.2638173618146,-6.68218287156859,40.3422007235027,-6.05058551647032,41.6964865734748,-14.0429124814965,29.3096026128202
"Conservancy_80","Ohungu","Reedbuck","Grazer","Wetland_Grazer",17297,16772,25299,16141,24274,16250,24509,14868,22366,0,-524,8002,-1156,6978,-1047,7212,-2429,5070,0,-3.03203818981863,46.2638173618146,-6.6821828715686,40.3422007235027,-6.05058551647032,41.6964865734748,-14.0429124814965,29.3096026128202
"Conservancy_80","Ohungu","Roan","Grazer","General_Grazer",7987,7762,11058,7473,10615,7520,10713,6884,9780,0,-225,3071,-514,2628,-467,2726,-1103,1793,0,-2.81171403914416,38.4557328896927,-6.43886159938141,32.8996492549046,-5.8463813634447,34.1269563561435,-13.8146924709645,22.4529409932771
"Conservancy_80","Ohungu","Sable","Grazer","General_Grazer",9584,9315,13270,8967,12738,9024,12855,8260,11736,0,-269,3686,-617,3153,-560,3271,-1324,2152,0,-2.81171403914417,38.4557328896927,-6.43886159938141,32.8996492549046,-5.8463813634447,34.1269563561435,-13.8146924709645,22.4529409932771
"Conservancy_80","Ohungu","Spotted Hyaena","Carnivore","Carnivore",,,,,,,,,,,,,,,,,,,,,,,,,,,
"Conservancy_80","Ohungu","Springbok","Grazer","Arid_Grazer",49541,48240,63804,46438,61261,46730,61807,42780,56446,0,-1301,14264,-3102,11720,-2811,12267,-6760,6906,0,-2.62550098500494,28.7920841984552,-6.26248121534264,23.6576189501113,-5.67398259641937,24.7609509043834,-13.6458542669538,13.9394900186802
"Conservancy_80","Ohungu","Steenbok","Browser","Shrub_Browser",155454,154527,130263,149602,125976,149560,126101,137837,116071,0,-927,-25191,-5853,-29478,-5895,-29353,-17618,-39384,0,-0.596615281450867,-16.2049416594946,-3.76484709761695,-18.9626259535593,-3.79187177794484,-18.8823646797233,-11.3331217055659,-25.3346761382485
"Conservancy_80","Ohungu","Vervet monkey","Omnivore","Omnivore",228367,224772,247825,217088,238657,217637,240004,199996,219894,0,-3594,19459,-11279,10290,-10729,11637,-28370,-8473,0,-1.57389789638592,8.52084888231927,-4.93877341044901,4.50610640504907,-4.69826600035532,5.09574973427903,-12.4231827323522,-3.71010552299267
"Conservancy_80","Ohungu","Warthog","Grazer","General_Grazer",27384,26614,37914,25621,36393,25783,36729,23601,33532,0,-770,10531,-1763,9009,-1601,9345,-3783,6148,0,-2.81171403914416,38.4557328896927,-6.43886159938142,32.8996492549046,-5.8463813634447,34.1269563561435,-13.8146924709645,22.4529409932771
"Conservancy_81","Maurus Nekaro","Baboon","Omnivore","Omnivore",60405,58529,58006,57524,56953,57339,56426,54503,53591,0,-1876,-2399,-2881,-3452,-3066,-3979,-5902,-6814,0,-3.10620241559931,-3.9713614783921,-4.7698971145793,-5.7143878976642,-5.0753122706395,-6.58684718143786,-9.77116042681877,-11.2805918609511
"Conservancy_81","Maurus Nekaro","Black rhinoceros","Browser","Shrub_Browser",2602,2629,2231,2612,2202,2575,2107,2475,2020,0,27,-371,10,-400,-27,-495,-127,-582,0,1.02346059361015,-14.2456795505728,0.387055476381342,-15.3652331620042,-1.0397982377315,-19.0295766003958,-4.89411832434358,-22.3517670035848
"Conservancy_81","Maurus Nekaro","Black-backed Jackal","Carnivore","Carnivore",,,,,,,,,,,,,,,,,,,,,,,,,,,
"Conservancy_81","Maurus Nekaro","Black-faced Impala","Mixed","Mixed_Open",36057,35895,38777,35585,38389,35166,36807,33718,35189,0,-162,2720,-472,2332,-891,750,-2339,-868,0,-0.449384073903812,7.5440230376343,-1.30851556123411,6.46713944863213,-2.47074070498356,2.08021027083856,-6.4858314405424,-2.40685365893185
"Conservancy_81","Maurus Nekaro","Blue wildebeest","Grazer","General_Grazer",4715,4659,6423,4627,6391,4565,6023,4385,5760,0,-55,1709,-88,1676,-149,1308,-330,1045,0,-1.17472517318338,36.2406658415921,-1.86477686051031,35.5574992368282,-3.16412803874402,27.7474618694718,-6.99179278230397,22.1709730878324
"Conservancy_81","Maurus Nekaro","Buffalo","Grazer","General_Grazer",2074,2050,2826,2036,2812,2009,2650,1929,2534,0,-24,752,-39,738,-66,576,-145,460,0,-1.17472517318337,36.2406658415921,-1.86477686051029,35.5574992368282,-3.16412803874401,27.7474618694719,-6.99179278230396,22.1709730878325
"Conservancy_81","Maurus Nekaro","Burchell's zebra","Grazer","General_Grazer",3241,3203,4416,3181,4394,3139,4141,3015,3960,0,-38,1175,-60,1153,-103,899,-227,719,0,-1.17472517318337,36.2406658415921,-1.8647768605103,35.5574992368282,-3.16412803874402,27.7474618694718,-6.99179278230397,22.1709730878325
"Conservancy_81","Maurus Nekaro","Bushpig","Omnivore","Omnivore",24162,23412,23202,23010,22781,22936,22571,21801,21436,0,-751,-960,-1153,-1381,-1226,-1592,-2361,-2726,0,-3.10620241559931,-3.9713614783921,-4.76989711457929,-5.71438789766419,-5.07531227063949,-6.58684718143786,-9.77116042681877,-11.2805918609511
"Conservancy_81","Maurus Nekaro","Cheetah","Carnivore","Carnivore",,,,,,,,,,,,,,,,,,,,,,,,,,,
"Conservancy_81","Maurus Nekaro","Damara dik dik","Browser","Shrub_Browser",520397,525724,446263,522412,440437,514986,421368,494929,404079,0,5326,-74134,2014,-79960,-5411,-99029,-25469,-116318,0,1.02346059361016,-14.2456795505728,0.387055476381344,-15.3652331620042,-1.0397982377315,-19.0295766003958,-4.89411832434357,-22.3517670035848
"Conservancy_81","Maurus Nekaro","Duiker","Browser","Woodland_Browser",135402,132008,122780,129403,120011,129314,123520,122596,117033,0,-3394,-12622,-5999,-15391,-6088,-11882,-12806,-18369,0,-2.5063215627518,-9.3217288295974,-4.43033018485941,-11.3669195045378,-4.49653159115413,-8.77512646651882,-9.45783912682234,-13.566601273861
"Conservancy_81","Maurus Nekaro","Eland","Mixed","Mixed_Open",3606,3589,3878,3559,3839,3517,3681,3372,3519,0,-16,272,-47,233,-89,75,-234,-87,0,-0.44938407390383,7.5440230376343,-1.30851556123411,6.46713944863212,-2.47074070498356,2.08021027083855,-6.4858314405424,-2.40685365893187
"Conservancy_81","Maurus Nekaro","Elephant","Mixed","Large_Mixed",583,581,575,575,568,569,552,545,527,0,-2,-8,-8,-15,-14,-31,-38,-56,0,-0.377569355041483,-1.34711579617161,-1.38930139816864,-2.63316287451592,-2.40583237339921,-5.32937918560001,-6.56917890692477,-9.58684339693731
"Conservancy_81","Maurus Nekaro","Gemsbok","Mixed","Arid_Mixed",8155,8321,8506,8319,8466,8152,7809,7883,7520,0,167,351,165,312,-2,-345,-272,-635,0,2.04549461121338,4.30522429296451,2.01963158419007,3.82120530177578,-0.0290218006341049,-4.23611519287817,-3.3340451913179,-7.78318013368553
"Conservancy_81","Maurus Nekaro","Giraffe","Browser","Woodland_Browser",2788,2718,2528,2664,2471,2662,2543,2524,2409,0,-70,-260,-124,-317,-125,-245,-264,-378,0,-2.50632156275182,-9.32172882959742,-4.43033018485943,-11.3669195045378,-4.49653159115413,-8.77512646651884,-9.45783912682236,-13.566601273861
"Conservancy_81","Maurus Nekaro","Hartmann's zebra","Grazer","Arid_Grazer",4351,4432,5171,4436,5160,4342,4735,4204,4558,0,81,821,85,809,-9,384,-147,207,0,1.86358243682393,18.8597468808114,1.9590150159562,18.6033902445695,-0.199522499800266,8.82854735282648,-3.38142396560801,4.75919540516795
"Conservancy_81","Maurus Nekaro","Hippopotamus","Grazer","Wetland_Grazer",244,229,385,224,381,225,368,213,349,0,-15,141,-20,137,-19,124,-31,105,0,-6.10647775449779,57.7473373731777,-8.07764425805079,56.2081865425271,-7.96861059519376,50.7891182803631,-12.8552612233738,43.026175838127
"Conservancy_81","Maurus Nekaro","Impala","Mixed","Mixed_Open",36057,35895,38777,35585,38389,35166,36807,33718,35189,0,-162,2720,-472,2332,-891,750,-2339,-868,0,-0.449384073903812,7.5440230376343,-1.30851556123411,6.46713944863213,-2.47074070498356,2.08021027083856,-6.4858314405424,-2.40685365893185
"Conservancy_81","Maurus Nekaro","Klipspringer","Browser","Rocky_Browser",174431,177674,148600,177013,146964,174044,138727,167700,133395,0,3243,-25831,2582,-27467,-387,-35704,-6731,-41036,0,1.85903891641323,-14.8088305884013,1.48035608090768,-15.7464074734519,-0.222015576477493,-20.4686776090853,-3.85864637424356,-23.5258024976122
"Conservancy_81","Maurus Nekaro","Kudu","Browser","Woodland_Browser",12471,12159,11309,11919,11054,11910,11377,11292,10779,0,-313,-1163,-553,-1418,-561,-1094,-1180,-1692,0,-2.5063215627518,-9.3217288295974,-4.43033018485941,-11.3669195045378,-4.49653159115412,-8.77512646651883,-9.45783912682234,-13.566601273861
"Conservancy_81","Maurus Nekaro","Leopard","Carnivore","Carnivore",,,,,,,,,,,,,,,,,,,,,,,,,,,
"Conservancy_81","Maurus Nekaro","Ostrich","Mixed","Mixed_Open",18028,17947,19388,17793,19194,17583,18403,16859,17595,0,-81,1360,-236,1166,-445,375,-1169,-434,0,-0.449384073903812,7.5440230376343,-1.30851556123411,6.46713944863213,-2.47074070498356,2.08021027083856,-6.4858314405424,-2.40685365893185
"Conservancy_81","Maurus Nekaro","Red Hartebeest","Grazer","General_Grazer",6915,6833,9421,6786,9373,6696,8833,6431,8448,0,-81,2506,-129,2459,-219,1919,-483,1533,0,-1.17472517318337,36.2406658415921,-1.8647768605103,35.5574992368282,-3.16412803874401,27.7474618694718,-6.99179278230397,22.1709730878325
"Conservancy_81","Maurus Nekaro","Red Lechwe","Grazer","Wetland_Grazer",4274,4013,6741,3928,6676,3933,6444,3724,6112,0,-261,2468,-345,2402,-341,2170,-549,1839,0,-6.10647775449781,57.7473373731777,-8.07764425805079,56.2081865425271,-7.96861059519377,50.7891182803631,-12.8552612233738,43.026175838127
"Conservancy_81","Maurus Nekaro","Reedbuck","Grazer","Wetland_Grazer",7597,7133,11985,6984,11868,6992,11456,6621,10866,0,-464,4387,-614,4270,-605,3859,-977,3269,0,-6.1064777544978,57.7473373731777,-8.0776442580508,56.2081865425271,-7.96861059519376,50.7891182803631,-12.8552612233738,43.026175838127
"Conservancy_81","Maurus Nekaro","Roan","Grazer","General_Grazer",4322,4271,5888,4241,5858,4185,5521,4020,5280,0,-51,1566,-81,1537,-137,1199,-302,958,0,-1.17472517318337,36.2406658415921,-1.8647768605103,35.5574992368282,-3.16412803874402,27.7474618694718,-6.99179278230397,22.1709730878325
"Conservancy_81","Maurus Nekaro","Sable","Grazer","General_Grazer",5186,5125,7065,5089,7030,5022,6625,4823,6336,0,-61,1879,-97,1844,-164,1439,-363,1150,0,-1.17472517318338,36.2406658415921,-1.8647768605103,35.5574992368281,-3.16412803874403,27.7474618694718,-6.99179278230399,22.1709730878325
"Conservancy_81","Maurus Nekaro","Spotted Hyaena","Carnivore","Carnivore",,,,,,,,,,,,,,,,,,,,,,,,,,,
"Conservancy_81","Maurus Nekaro","Springbok","Grazer","Arid_Grazer",32058,32656,38105,32686,38022,31994,34889,30974,33584,0,597,6046,628,5964,-64,2830,-1084,1526,0,1.86358243682392,18.8597468808114,1.9590150159562,18.6033902445695,-0.199522499800277,8.82854735282647,-3.38142396560801,4.75919540516793
"Conservancy_81","Maurus Nekaro","Steenbok","Browser","Shrub_Browser",260199,262862,223132,261206,220219,257493,210684,247464,202040,0,2663,-37067,1007,-39980,-2706,-49515,-12734,-58159,0,1.02346059361016,-14.2456795505728,0.387055476381344,-15.3652331620042,-1.0397982377315,-19.0295766003958,-4.89411832434357,-22.3517670035848
"Conservancy_81","Maurus Nekaro","Vervet monkey","Omnivore","Omnivore",289945,280938,278430,276115,273376,275229,270846,261614,257237,0,-9006,-11515,-13830,-16569,-14716,-19098,-28331,-32707,0,-3.1062024155993,-3.9713614783921,-4.7698971145793,-5.7143878976642,-5.0753122706395,-6.58684718143786,-9.77116042681877,-11.2805918609511
"Conservancy_81","Maurus Nekaro","Warthog","Grazer","General_Grazer",14817,14643,20187,14541,20086,14348,18929,13781,18102,0,-174,5370,-276,5269,-469,4111,-1036,3285,0,-1.17472517318339,36.2406658415921,-1.86477686051031,35.5574992368282,-3.16412803874402,27.7474618694718,-6.99179278230398,22.1709730878325
"Conservancy_82","Kapinga kaMwalye","Baboon","Omnivore","Omnivore",70370,67459,67472,66275,66301,66283,65900,62574,62206,0,-2911,-2898,-4095,-4069,-4087,-4470,-7796,-8164,0,-4.13688958554635,-4.11868531169299,-5.81986459385899,-5.7828375643034,-5.80796433883926,-6.35262373211265,-11.0785005299497,-11.6021475164138
"Conservancy_82","Kapinga kaMwalye","Black rhinoceros","Browser","Shrub_Browser",3232,3173,2848,3134,2814,3117,2720,2959,2577,0,-59,-384,-98,-418,-115,-512,-273,-655,0,-1.83640446343592,-11.8787606384961,-3.03780453194656,-12.9456451269119,-3.55117059141177,-15.855344810569,-8.45148633317841,-20.2702786812084
"Conservancy_82","Kapinga kaMwalye","Black-backed Jackal","Carnivore","Carnivore",,,,,,,,,,,,,,,,,,,,,,,,,,,
"Conservancy_82","Kapinga kaMwalye","Black-faced Impala","Mixed","Mixed_Open",43524,41735,46338,41061,45675,41007,44372,38769,41994,0,-1789,2814,-2463,2150,-2517,847,-4756,-1530,0,-4.11022355620877,6.46436298163267,-5.65909984575601,4.9402712982982,-5.78350995878908,1.94673649033526,-10.9265219128903,-3.51519648384626
"Conservancy_82","Kapinga kaMwalye","Blue wildebeest","Grazer","General_Grazer",5545,5170,7434,5065,7325,5080,7042,4782,6666,0,-375,1889,-480,1780,-465,1497,-762,1121,0,-6.75755044292533,34.0704479630508,-8.64910606413934,32.1096479698317,-8.38309327461906,27.0065417591371,-13.7502409415043,20.2161581419377
"Conservancy_82","Kapinga kaMwalye","Buffalo","Grazer","General_Grazer",2440,2275,3271,2229,3223,2235,3099,2104,2933,0,-165,831,-211,783,-205,659,-335,493,0,-6.75755044292533,34.0704479630508,-8.64910606413934,32.1096479698317,-8.38309327461906,27.0065417591371,-13.7502409415043,20.2161581419377
"Conservancy_82","Kapinga kaMwalye","Burchell's zebra","Grazer","General_Grazer",3812,3554,5111,3482,5036,3492,4841,3288,4583,0,-258,1299,-330,1224,-320,1029,-524,771,0,-6.75755044292534,34.0704479630508,-8.64910606413935,32.1096479698317,-8.38309327461906,27.0065417591371,-13.7502409415043,20.2161581419377
"Conservancy_82","Kapinga kaMwalye","Bushpig","Omnivore","Omnivore",28148,26984,26989,26510,26520,26513,26360,25030,24882,0,-1164,-1159,-1638,-1628,-1635,-1788,-3118,-3266,0,-4.13688958554636,-4.11868531169298,-5.81986459385899,-5.78283756430341,-5.80796433883927,-6.35262373211264,-11.0785005299496,-11.6021475164138
"Conservancy_82","Kapinga kaMwalye","Cheetah","Carnivore","Carnivore",,,,,,,,,,,,,,,,,,,,,,,,,,,
"Conservancy_82","Kapinga kaMwalye","Damara dik dik","Browser","Shrub_Browser",646400,634529,569616,626764,562719,623445,543911,591770,515373,0,-11871,-76784,-19636,-83681,-22955,-102489,-54630,-131027,0,-1.83640446343591,-11.878760638496,-3.03780453194655,-12.9456451269119,-3.55117059141176,-15.8553448105689,-8.4514863331784,-20.2702786812084
"Conservancy_82","Kapinga kaMwalye","Duiker","Browser","Woodland_Browser",161958,156227,139977,153634,137323,153502,140704,145058,132731,0,-5732,-21981,-8325,-24635,-8457,-21254,-16900,-29227,0,-3.53889291875896,-13.5721927895411,-5.13995136001683,-15.2106218525061,-5.22144240993054,-13.1233204720366,-10.4348133563674,-18.0461468658189
"Conservancy_82","Kapinga kaMwalye","Eland","Mixed","Mixed_Open",4352,4174,4634,4106,4567,4101,4437,3877,4199,0,-179,281,-246,215,-252,85,-476,-153,0,-4.11022355620878,6.46436298163267,-5.65909984575602,4.94027129829819,-5.78350995878908,1.94673649033526,-10.9265219128903,-3.51519648384626
"Conservancy_82","Kapinga kaMwalye","Elephant","Mixed","Large_Mixed",709,686,692,675,682,674,668,637,632,0,-24,-18,-34,-28,-36,-41,-72,-77,0,-3.3675492220945,-2.51000707714049,-4.82586888441317,-3.93069266170306,-5.05425713847853,-5.8129727725222,-10.1393619116299,-10.8817518211462
"Conservancy_82","Kapinga kaMwalye","Gemsbok","Mixed","Arid_Mixed",10138,9840,10773,9710,10655,9668,10069,9168,9553,0,-298,635,-428,518,-470,-68,-970,-585,0,-2.93993424555651,6.26344140518413,-4.22244443975486,5.10580118212899,-4.63540644711703,-0.675014461130194,-9.57073042311517,-5.77049461443317
"Conservancy_82","Kapinga kaMwalye","Giraffe","Browser","Woodland_Browser",3334,3216,2882,3163,2827,3160,2897,2986,2733,0,-118,-453,-171,-507,-174,-438,-348,-602,0,-3.53889291875896,-13.5721927895411,-5.13995136001684,-15.2106218525061,-5.22144240993055,-13.1233204720366,-10.4348133563674,-18.0461468658189
"Conservancy_82","Kapinga kaMwalye","Hartmann's zebra","Grazer","Arid_Grazer",5357,5134,6396,5057,6323,5045,5959,4775,5653,0,-223,1038,-300,966,-313,602,-582,296,0,-4.16280976458589,19.383712274414,-5.59982129411401,18.0259935104559,-5.83630368131318,11.2384489898553,-10.8714583879625,5.51854905576418
"Conservancy_82","Kapinga kaMwalye","Hippopotamus","Grazer","Wetland_Grazer",266,238,417,231,410,234,401,218,379,0,-28,151,-35,144,-32,135,-48,113,0,-10.5578492326397,56.7288334412301,-13.0640088591257,53.9465222466701,-12.1136144060851,50.7193084594597,-17.9182924693726,42.3842340657079
"Conservancy_82","Kapinga kaMwalye","Impala","Mixed","Mixed_Open",43524,41735,46338,41061,45675,41007,44372,38769,41994,0,-1789,2814,-2463,2150,-2517,847,-4756,-1530,0,-4.11022355620877,6.46436298163267,-5.65909984575601,4.9402712982982,-5.78350995878908,1.94673649033526,-10.9265219128903,-3.51519648384626
"Conservancy_82","Kapinga kaMwalye","Klipspringer","Browser","Rocky_Browser",218959,215645,193514,213188,191406,211876,183322,201285,173859,0,-3314,-25445,-5771,-27553,-7083,-35637,-17674,-45100,0,-1.51371765151427,-11.6209773298957,-2.63578248502932,-12.5838151969827,-3.23470298945118,-16.2757470346128,-8.07201741406451,-20.5973704126253
"Conservancy_82","Kapinga kaMwalye","Kudu","Browser","Woodland_Browser",14917,14389,12893,14150,12648,14138,12960,13361,12225,0,-528,-2025,-767,-2269,-779,-1958,-1557,-2692,0,-3.53889291875896,-13.5721927895411,-5.13995136001684,-15.2106218525061,-5.22144240993055,-13.1233204720366,-10.4348133563674,-18.0461468658189
"Conservancy_82","Kapinga kaMwalye","Leopard","Carnivore","Carnivore",,,,,,,,,,,,,,,,,,,,,,,,,,,
"Conservancy_82","Kapinga kaMwalye","Ostrich","Mixed","Mixed_Open",21762,20868,23169,20531,22837,20504,22186,19384,20997,0,-894,1407,-1232,1075,-1259,424,-2378,-765,0,-4.11022355620877,6.46436298163267,-5.65909984575601,4.9402712982982,-5.78350995878908,1.94673649033526,-10.9265219128903,-3.51519648384626
"Conservancy_82","Kapinga kaMwalye","Red Hartebeest","Grazer","General_Grazer",8132,7583,10903,7429,10743,7450,10328,7014,9776,0,-550,2771,-703,2611,-682,2196,-1118,1644,0,-6.75755044292534,34.0704479630508,-8.64910606413934,32.1096479698317,-8.38309327461906,27.0065417591371,-13.7502409415043,20.2161581419377
"Conservancy_82","Kapinga kaMwalye","Red Lechwe","Grazer","Wetland_Grazer",4656,4164,7297,4047,7167,4092,7017,3821,6629,0,-492,2641,-608,2512,-564,2361,-834,1973,0,-10.5578492326396,56.7288334412301,-13.0640088591257,53.9465222466701,-12.1136144060851,50.7193084594597,-17.9182924693726,42.3842340657079
"Conservancy_82","Kapinga kaMwalye","Reedbuck","Grazer","Wetland_Grazer",8277,7403,12972,7195,12741,7274,12474,6794,11784,0,-874,4695,-1081,4465,-1003,4198,-1483,3508,0,-10.5578492326396,56.7288334412301,-13.0640088591257,53.9465222466701,-12.1136144060851,50.7193084594597,-17.9182924693726,42.384234065708
"Conservancy_82","Kapinga kaMwalye","Roan","Grazer","General_Grazer",5083,4739,6814,4643,6715,4657,6455,4384,6110,0,-343,1732,-440,1632,-426,1373,-699,1028,0,-6.75755044292533,34.0704479630508,-8.64910606413935,32.1096479698317,-8.38309327461904,27.0065417591371,-13.7502409415043,20.2161581419377
"Conservancy_82","Kapinga kaMwalye","Sable","Grazer","General_Grazer",6099,5687,8177,5572,8058,5588,7746,5260,7332,0,-412,2078,-528,1958,-511,1647,-839,1233,0,-6.75755044292533,34.0704479630508,-8.64910606413935,32.1096479698317,-8.38309327461906,27.0065417591371,-13.7502409415043,20.2161581419377
"Conservancy_82","Kapinga kaMwalye","Spotted Hyaena","Carnivore","Carnivore",,,,,,,,,,,,,,,,,,,,,,,,,,,
"Conservancy_82","Kapinga kaMwalye","Springbok","Grazer","Arid_Grazer",39474,37831,47126,37264,46590,37170,43910,35183,41652,0,-1643,7652,-2210,7116,-2304,4436,-4291,2178,0,-4.16280976458589,19.383712274414,-5.599821294114,18.0259935104559,-5.83630368131317,11.2384489898553,-10.8714583879625,5.5185490557642
"Conservancy_82","Kapinga kaMwalye","Steenbok","Browser","Shrub_Browser",323200,317265,284808,313382,281360,311723,271956,295885,257686,0,-5935,-38392,-9818,-41840,-11477,-51244,-27315,-65514,0,-1.83640446343591,-11.878760638496,-3.03780453194655,-12.9456451269119,-3.55117059141176,-15.8553448105689,-8.4514863331784,-20.2702786812084
"Conservancy_82","Kapinga kaMwalye","Vervet monkey","Omnivore","Omnivore",337777,323803,323865,318119,318244,318159,316319,300356,298587,0,-13973,-13912,-19658,-19533,-19618,-21458,-37421,-39189,0,-4.13688958554636,-4.11868531169297,-5.81986459385899,-5.78283756430341,-5.80796433883926,-6.35262373211264,-11.0785005299496,-11.6021475164138
"Conservancy_82","Kapinga kaMwalye","Warthog","Grazer","General_Grazer",17426,16248,23363,15919,23021,15965,22132,15030,20949,0,-1178,5937,-1507,5595,-1461,4706,-2396,3523,0,-6.75755044292535,34.0704479630508,-8.64910606413936,32.1096479698316,-8.38309327461906,27.0065417591371,-13.7502409415043,20.2161581419377
"Conservancy_83","Otjindjerese","Baboon","Omnivore","Omnivore",40137,39191,39321,37597,37721,37798,37923,35880,35999,0,-947,-817,-2540,-2416,-2340,-2214,-4257,-4138,0,-2.35882470305302,-2.03522450959694,-6.32890644493344,-6.02014592341259,-5.82932318734308,-5.5168069075003,-10.6060442090706,-10.3103602298876
"Conservancy_83","Otjindjerese","Black rhinoceros","Browser","Shrub_Browser",1863,1851,1044,1786,1003,1786,1007,1705,958,0,-11,-819,-76,-859,-77,-856,-158,-905,0,-0.611395729919579,-43.9646511373657,-4.10228567829103,-46.1347411690095,-4.14534624566145,-45.9558266115787,-8.48329232752052,-48.5950012743836
"Conservancy_83","Otjindjerese","Black-backed Jackal","Carnivore","Carnivore",,,,,,,,,,,,,,,,,,,,,,,,,,,
"Conservancy_83","Otjindjerese","Black-faced Impala","Mixed","Mixed_Open",25677,24700,36011,23600,34564,23822,34731,22523,32986,0,-977,10334,-2077,8887,-1855,9054,-3154,7309,0,-3.80605618078608,40.2448171965411,-8.08798530807811,34.6108522087802,-7.2249315759591,35.2592065492458,-12.2836505062308,28.4660588610434
"Conservancy_83","Otjindjerese","Blue wildebeest","Grazer","General_Grazer",3424,3145,8740,2961,8385,3033,8429,2826,8002,0,-280,5316,-463,4961,-391,5005,-598,4578,0,-8.16293171088936,155.231216076887,-13.5217173036687,144.871001010995,-11.4248754628715,146.156739259445,-17.46466968735,133.694881961994
"Conservancy_83","Otjindjerese","Buffalo","Grazer","General_Grazer",1507,1384,3846,1303,3689,1335,3709,1244,3521,0,-123,2339,-204,2183,-172,2202,-263,2014,0,-8.16293171088935,155.231216076887,-13.5217173036687,144.871001010995,-11.4248754628715,146.156739259445,-17.46466968735,133.694881961994
"Conservancy_83","Otjindjerese","Burchell's zebra","Grazer","General_Grazer",2354,2162,6009,2036,5765,2085,5795,1943,5502,0,-192,3654,-318,3411,-269,3441,-411,3147,0,-8.16293171088936,155.231216076888,-13.5217173036687,144.871001010995,-11.4248754628715,146.156739259445,-17.46466968735,133.694881961994
"Conservancy_83","Otjindjerese","Bushpig","Omnivore","Omnivore",16055,15676,15728,15039,15088,15119,15169,14352,14400,0,-379,-327,-1016,-967,-936,-886,-1703,-1655,0,-2.35882470305302,-2.03522450959695,-6.32890644493344,-6.02014592341258,-5.82932318734308,-5.51680690750031,-10.6060442090706,-10.3103602298876
"Conservancy_83","Otjindjerese","Cheetah","Carnivore","Carnivore",,,,,,,,,,,,,,,,,,,,,,,,,,,
"Conservancy_83","Otjindjerese","Damara dik dik","Browser","Shrub_Browser",372553,370275,208761,357270,200677,357109,201343,340948,191511,0,-2278,-163792,-15283,-171876,-15444,-171210,-31605,-181042,0,-0.611395729919563,-43.9646511373656,-4.10228567829102,-46.1347411690095,-4.14534624566144,-45.9558266115787,-8.48329232752052,-48.5950012743836
"Conservancy_83","Otjindjerese","Duiker","Browser","Woodland_Browser",90349,89855,48779,86719,46895,86660,47046,82757,44753,0,-494,-41569,-3630,-43454,-3689,-43303,-7592,-45596,0,-0.546915161140666,-46.0099421270714,-4.01754382724776,-48.0954148782399,-4.0832117747456,-47.928391982043,-8.40255773507147,-50.466229931379
"Conservancy_83","Otjindjerese","Eland","Mixed","Mixed_Open",2568,2470,3601,2360,3456,2382,3473,2252,3299,0,-98,1033,-208,889,-186,905,-315,731,0,-3.80605618078608,40.2448171965411,-8.08798530807812,34.6108522087802,-7.2249315759591,35.2592065492458,-12.2836505062308,28.4660588610435
"Conservancy_83","Otjindjerese","Elephant","Mixed","Large_Mixed",412,402,415,386,398,388,400,368,380,0,-9,3,-26,-13,-24,-11,-43,-31,0,-2.30748544656012,0.837369487633495,-6.21208974400845,-3.1683013203598,-5.78038152811391,-2.74698427890797,-10.4950023509182,-7.58921542939215
"Conservancy_83","Otjindjerese","Gemsbok","Mixed","Arid_Mixed",6089,5871,8174,5614,7847,5662,7884,5357,7489,0,-218,2086,-475,1758,-427,1795,-731,1400,0,-3.58059228641495,34.2595580271692,-7.79950515929625,28.8789546127026,-7.00759907348263,29.4867337425347,-12.0084820373997,22.9957270682322
"Conservancy_83","Otjindjerese","Giraffe","Browser","Woodland_Browser",1860,1850,1004,1785,965,1784,969,1704,921,0,-10,-856,-75,-895,-76,-892,-156,-939,0,-0.546915161140672,-46.0099421270714,-4.01754382724777,-48.0954148782399,-4.0832117747456,-47.928391982043,-8.40255773507146,-50.466229931379
"Conservancy_83","Otjindjerese","Hartmann's zebra","Grazer","Arid_Grazer",3292,3105,6223,2949,5972,2995,6002,2815,5699,0,-187,2931,-343,2680,-297,2710,-477,2407,0,-5.67600702022774,89.0497941405079,-10.40861075785,81.4162885748296,-9.0275160393035,82.3286585422195,-14.4961564361667,73.135751073498
"Conservancy_83","Otjindjerese","Hippopotamus","Grazer","Wetland_Grazer",166,147,589,136,565,141,568,130,539,0,-20,422,-30,398,-25,402,-36,373,0,-11.8854801503082,253.814625529928,-18.1712952928955,239.398393092965,-15.0133595230209,241.234590849787,-21.8981670053425,223.908805995967
"Conservancy_83","Otjindjerese","Impala","Mixed","Mixed_Open",25677,24700,36011,23600,34564,23822,34731,22523,32986,0,-977,10334,-2077,8887,-1855,9054,-3154,7309,0,-3.80605618078608,40.2448171965411,-8.08798530807811,34.6108522087802,-7.2249315759591,35.2592065492458,-12.2836505062308,28.4660588610434
"Conservancy_83","Otjindjerese","Klipspringer","Browser","Rocky_Browser",127098,126288,71182,121853,68427,121798,68653,116287,65302,0,-810,-55916,-5244,-58671,-5300,-58445,-10811,-61796,0,-0.637164871392975,-43.9942897674286,-4.12620723671349,-46.1618764921916,-4.17016073525705,-45.9844195120817,-8.50595006029558,-48.620837436415
"Conservancy_83","Otjindjerese","Kudu","Browser","Woodland_Browser",8322,8276,4493,7987,4319,7982,4333,7622,4122,0,-46,-3829,-334,-4002,-340,-3988,-699,-4200,0,-0.546915161140679,-46.0099421270714,-4.01754382724776,-48.0954148782399,-4.0832117747456,-47.928391982043,-8.40255773507147,-50.466229931379
"Conservancy_83","Otjindjerese","Leopard","Carnivore","Carnivore",,,,,,,,,,,,,,,,,,,,,,,,,,,
"Conservancy_83","Otjindjerese","Ostrich","Mixed","Mixed_Open",12839,12350,18005,11800,17282,11911,17365,11261,16493,0,-489,5167,-1038,4444,-928,4527,-1577,3655,0,-3.80605618078608,40.2448171965411,-8.08798530807811,34.6108522087802,-7.2249315759591,35.2592065492458,-12.2836505062308,28.4660588610434
"Conservancy_83","Otjindjerese","Red Hartebeest","Grazer","General_Grazer",5022,4612,12818,4343,12298,4448,12363,4145,11737,0,-410,7796,-679,7276,-574,7340,-877,6715,0,-8.16293171088935,155.231216076887,-13.5217173036687,144.871001010995,-11.4248754628715,146.156739259445,-17.4646696873501,133.694881961994
"Conservancy_83","Otjindjerese","Red Lechwe","Grazer","Wetland_Grazer",2913,2567,10306,2383,9886,2475,9939,2275,9435,0,-346,7393,-529,6973,-437,7027,-638,6522,0,-11.8854801503082,253.814625529927,-18.1712952928955,239.398393092965,-15.0133595230209,241.234590849787,-21.8981670053425,223.908805995967
"Conservancy_83","Otjindjerese","Reedbuck","Grazer","Wetland_Grazer",5178,4563,18322,4237,17575,4401,17670,4044,16773,0,-615,13143,-941,12397,-777,12492,-1134,11595,0,-11.8854801503082,253.814625529928,-18.1712952928955,239.398393092965,-15.0133595230209,241.234590849787,-21.8981670053425,223.908805995967
"Conservancy_83","Otjindjerese","Roan","Grazer","General_Grazer",3139,2883,8011,2714,7686,2780,7727,2591,7335,0,-256,4873,-424,4547,-359,4588,-548,4197,0,-8.16293171088935,155.231216076887,-13.5217173036687,144.871001010995,-11.4248754628715,146.156739259445,-17.4646696873501,133.694881961994
"Conservancy_83","Otjindjerese","Sable","Grazer","General_Grazer",3767,3459,9614,3257,9224,3336,9272,3109,8803,0,-307,5847,-509,5457,-430,5505,-658,5036,0,-8.16293171088935,155.231216076887,-13.5217173036687,144.871001010995,-11.4248754628715,146.156739259445,-17.4646696873501,133.694881961994
"Conservancy_83","Otjindjerese","Spotted Hyaena","Carnivore","Carnivore",,,,,,,,,,,,,,,,,,,,,,,,,,,
"Conservancy_83","Otjindjerese","Springbok","Grazer","Arid_Grazer",24255,22878,45854,21730,44002,22065,44224,20739,41994,0,-1377,21599,-2525,19747,-2190,19969,-3516,17739,0,-5.67600702022775,89.0497941405079,-10.40861075785,81.4162885748296,-9.0275160393035,82.3286585422196,-14.4961564361667,73.135751073498
"Conservancy_83","Otjindjerese","Steenbok","Browser","Shrub_Browser",186276,185138,104381,178635,100338,178555,100672,170474,95755,0,-1139,-81896,-7642,-85938,-7722,-85605,-15802,-90521,0,-0.611395729919563,-43.9646511373656,-4.10228567829102,-46.1347411690095,-4.14534624566144,-45.9558266115787,-8.48329232752052,-48.5950012743836
"Conservancy_83","Otjindjerese","Vervet monkey","Omnivore","Omnivore",192660,188115,188739,180466,181061,181429,182031,172226,172796,0,-4545,-3921,-12193,-11598,-11231,-10629,-20434,-19864,0,-2.35882470305302,-2.03522450959695,-6.32890644493345,-6.02014592341259,-5.82932318734309,-5.51680690750031,-10.6060442090706,-10.3103602298876
"Conservancy_83","Otjindjerese","Warthog","Grazer","General_Grazer",10762,9884,27468,9307,26353,9532,26491,8882,25150,0,-878,16706,-1455,15591,-1230,15729,-1880,14388,0,-8.16293171088935,155.231216076887,-13.5217173036687,144.871001010995,-11.4248754628715,146.156739259445,-17.46466968735,133.694881961994
"Conservancy_84","Nyae Nyae","Baboon","Omnivore","Omnivore",497119,479913,479913,467432,467432,464789,464789,438976,438976,0,-17206,-17206,-29687,-29687,-32330,-32330,-58143,-58143,0,-3.46112844606559,-3.46112844606559,-5.97179457990811,-5.97179457990811,-6.50341116205219,-6.50341116205219,-11.6959507834422,-11.6959507834422
"Conservancy_84","Nyae Nyae","Black rhinoceros","Browser","Shrub_Browser",21746,21868,10382,21508,10159,21179,10055,20200,9542,0,122,-11364,-238,-11587,-567,-11691,-1546,-12204,0,0.559740493730241,-52.2577470514666,-1.09305388572801,-53.2811388835468,-2.60736024704273,-53.7614929997515,-7.11101671892767,-56.1221958760291
"Conservancy_84","Nyae Nyae","Black-backed Jackal","Carnivore","Carnivore",,,,,,,,,,,,,,,,,,,,,,,,,,,
"Conservancy_84","Nyae Nyae","Black-faced Impala","Mixed","Mixed_Open",332422,313152,471655,302888,459502,303277,456789,284439,431519,0,-19270,139233,-29534,127080,-29145,124366,-47983,99097,0,-5.79687996782817,41.8842674116309,-8.88459641055011,38.2283559066797,-8.7673784902661,37.4121702957899,-14.4344853083082,29.810505607458
"Conservancy_84","Nyae Nyae","Blue wildebeest","Grazer","General_Grazer",50198,43896,122730,41564,119458,42509,118860,39029,112181,0,-6303,72531,-8634,69260,-7689,68662,-11170,61983,0,-12.5552768390665,144.488689927473,-17.2003169661251,137.97222657816,-15.3173082817151,136.780951165276,-22.2508646434964,123.475680644186
"Conservancy_84","Nyae Nyae","Buffalo","Grazer","General_Grazer",22087,19314,54001,18288,52562,18704,52299,17173,49360,0,-2773,31914,-3799,30474,-3383,30211,-4915,27272,0,-12.5552768390665,144.488689927473,-17.2003169661251,137.97222657816,-15.3173082817151,136.780951165276,-22.2508646434964,123.475680644187
"Conservancy_84","Nyae Nyae","Burchell's zebra","Grazer","General_Grazer",34511,30178,84377,28575,82128,29225,81717,26832,77125,0,-4333,49865,-5936,47616,-5286,47205,-7679,42613,0,-12.5552768390666,144.488689927473,-17.2003169661251,137.97222657816,-15.3173082817151,136.780951165276,-22.2508646434964,123.475680644186
"Conservancy_84","Nyae Nyae","Bushpig","Omnivore","Omnivore",198848,191965,191965,186973,186973,185916,185916,175591,175591,0,-6882,-6882,-11875,-11875,-12932,-12932,-23257,-23257,0,-3.46112844606559,-3.46112844606559,-5.97179457990813,-5.97179457990813,-6.5034111620522,-6.5034111620522,-11.6959507834422,-11.6959507834422
"Conservancy_84","Nyae Nyae","Cheetah","Carnivore","Carnivore",,,,,,,,,,,,,,,,,,,,,,,,,,,
"Conservancy_84","Nyae Nyae","Damara dik dik","Browser","Shrub_Browser",4349205,4373549,2076408,4301666,2031899,4235806,2011007,4039932,1908336,0,24344,-2272797,-47539,-2317306,-113399,-2338198,-309273,-2440869,0,0.559740493730254,-52.2577470514666,-1.09305388572801,-53.2811388835468,-2.60736024704272,-53.7614929997515,-7.11101671892767,-56.1221958760291
"Conservancy_84","Nyae Nyae","Duiker","Browser","Woodland_Browser",1071893,1065909,481779,1046706,469536,1032346,466612,983023,440989,0,-5984,-590115,-25187,-602357,-39547,-605281,-88870,-630904,0,-0.558304469971095,-55.0534899843672,-2.34980915975691,-56.1955997449973,-3.68942081592019,-56.4684166324377,-8.29090805319461,-58.8588813624141
"Conservancy_84","Nyae Nyae","Eland","Mixed","Mixed_Open",33242,31315,47165,30289,45950,30328,45679,28444,43152,0,-1927,13923,-2953,12708,-2914,12437,-4798,9910,0,-5.79687996782818,41.8842674116309,-8.88459641055011,38.2283559066797,-8.76737849026611,37.4121702957899,-14.4344853083082,29.8105056074579
"Conservancy_84","Nyae Nyae","Elephant","Mixed","Large_Mixed",5107,4940,5104,4813,4975,4784,4943,4520,4672,0,-167,-3,-294,-132,-323,-164,-587,-435,0,-3.27090390317161,-0.0580151700370195,-5.76552749238632,-2.59092532771729,-6.31928036866428,-3.20757353797097,-11.5024832837522,-8.52113235946332
"Conservancy_84","Nyae Nyae","Gemsbok","Mixed","Arid_Mixed",77387,73748,106017,71507,103391,71422,102676,67151,97095,0,-3639,28631,-5880,26005,-5964,25289,-10235,19709,0,-4.70217142522049,36.9966578494428,-7.59830595808044,33.6036168829761,-7.70710071937506,32.6785281222725,-13.2262368906912,25.4675535035049
"Conservancy_84","Nyae Nyae","Giraffe","Browser","Woodland_Browser",22068,21945,9919,21550,9667,21254,9607,20239,9079,0,-123,-12149,-519,-12401,-814,-12462,-1830,-12989,0,-0.558304469971101,-55.0534899843672,-2.34980915975691,-56.1955997449973,-3.68942081592017,-56.4684166324377,-8.29090805319461,-58.8588813624141
"Conservancy_84","Nyae Nyae","Hartmann's zebra","Grazer","Arid_Grazer",44417,40789,84680,39149,82518,39502,82011,36763,77492,0,-3628,40263,-5268,38101,-4916,37594,-7654,33075,0,-8.16890386465889,90.6484755465403,-11.8603478902553,85.7794686867898,-11.0667597588091,84.6386132078564,-17.2323987556691,74.4636759963376
"Conservancy_84","Nyae Nyae","Hippopotamus","Grazer","Wetland_Grazer",2825,2282,8517,2110,8271,2210,8249,1981,7767,0,-542,5693,-715,5446,-615,5424,-844,4942,0,-19.2021326591636,201.531980022174,-25.3007118024144,192.803010467112,-21.7599841745154,192.022659187501,-29.8622395289905,174.964601835838
"Conservancy_84","Nyae Nyae","Impala","Mixed","Mixed_Open",332422,313152,471655,302888,459502,303277,456789,284439,431519,0,-19270,139233,-29534,127080,-29145,124366,-47983,99097,0,-5.79687996782817,41.8842674116309,-8.88459641055011,38.2283559066797,-8.7673784902661,37.4121702957899,-14.4344853083082,29.810505607458
"Conservancy_84","Nyae Nyae","Klipspringer","Browser","Rocky_Browser",1477907,1489403,706287,1465449,691665,1442494,684040,1376284,649603,0,11496,-771620,-12458,-786242,-35413,-793867,-101623,-828304,0,0.77788351717368,-52.2103264303541,-0.842930313046613,-53.1997032901309,-2.39615547048196,-53.715634150053,-6.87614469937864,-56.0457430966912
"Conservancy_84","Nyae Nyae","Kudu","Browser","Woodland_Browser",98727,98176,44374,96407,43247,95085,42977,90542,40617,0,-551,-54353,-2320,-55480,-3642,-55750,-8185,-58110,0,-0.55830446997111,-55.0534899843672,-2.34980915975692,-56.1955997449973,-3.68942081592019,-56.4684166324377,-8.29090805319462,-58.8588813624141
"Conservancy_84","Nyae Nyae","Leopard","Carnivore","Carnivore",,,,,,,,,,,,,,,,,,,,,,,,,,,
"Conservancy_84","Nyae Nyae","Ostrich","Mixed","Mixed_Open",166211,156576,235827,151444,229751,151639,228394,142219,215759,0,-9635,69616,-14767,63540,-14572,62183,-23992,49548,0,-5.79687996782817,41.8842674116309,-8.88459641055011,38.2283559066797,-8.7673784902661,37.4121702957899,-14.4344853083082,29.810505607458
"Conservancy_84","Nyae Nyae","Red Hartebeest","Grazer","General_Grazer",73624,64381,180003,60961,175206,62347,174329,57242,164533,0,-9244,106379,-12664,101581,-11277,100704,-16382,90908,0,-12.5552768390665,144.488689927473,-17.2003169661251,137.97222657816,-15.3173082817151,136.780951165276,-22.2508646434964,123.475680644187
"Conservancy_84","Nyae Nyae","Red Lechwe","Grazer","Wetland_Grazer",49432,39940,149055,36926,144740,38676,144354,34671,135922,0,-9492,99622,-12507,95307,-10756,94921,-14762,86489,0,-19.2021326591636,201.531980022174,-25.3007118024143,192.803010467112,-21.7599841745154,192.022659187501,-29.8622395289905,174.964601835838
"Conservancy_84","Nyae Nyae","Reedbuck","Grazer","Wetland_Grazer",87880,71005,264986,65646,257315,68757,256629,61637,241638,0,-16875,177106,-22234,169435,-19123,168749,-26243,153759,0,-19.2021326591636,201.531980022174,-25.3007118024144,192.803010467112,-21.7599841745154,192.0226591875,-29.8622395289905,174.964601835838
"Conservancy_84","Nyae Nyae","Roan","Grazer","General_Grazer",46015,40238,112502,38101,109504,38967,108955,35776,102833,0,-5777,66487,-7915,63488,-7048,62940,-10239,56818,0,-12.5552768390665,144.488689927473,-17.2003169661251,137.97222657816,-15.3173082817151,136.780951165276,-22.2508646434964,123.475680644186
"Conservancy_84","Nyae Nyae","Sable","Grazer","General_Grazer",55218,48286,135003,45721,131404,46760,130747,42932,123400,0,-6933,79784,-9498,76186,-8458,75528,-12287,68181,0,-12.5552768390665,144.488689927473,-17.2003169661251,137.97222657816,-15.3173082817151,136.780951165276,-22.2508646434964,123.475680644186
"Conservancy_84","Nyae Nyae","Spotted Hyaena","Carnivore","Carnivore",,,,,,,,,,,,,,,,,,,,,,,,,,,
"Conservancy_84","Nyae Nyae","Springbok","Grazer","Arid_Grazer",327284,300548,623962,288467,608026,291064,604292,270885,570991,0,-26735,296678,-38817,280742,-36220,277008,-56399,243708,0,-8.1689038646589,90.6484755465404,-11.8603478902553,85.7794686867898,-11.0667597588091,84.6386132078564,-17.2323987556691,74.4636759963376
"Conservancy_84","Nyae Nyae","Steenbok","Browser","Shrub_Browser",2174603,2186775,1038204,2150833,1015950,2117903,1005504,2019966,954168,0,12172,-1136398,-23770,-1158653,-56700,-1169099,-154636,-1220435,0,0.559740493730254,-52.2577470514666,-1.09305388572801,-53.2811388835468,-2.60736024704272,-53.7614929997515,-7.11101671892767,-56.1221958760291
"Conservancy_84","Nyae Nyae","Vervet monkey","Omnivore","Omnivore",2386172,2303583,2303583,2243675,2243675,2230989,2230989,2107086,2107086,0,-82588,-82588,-142497,-142497,-155183,-155183,-279085,-279085,0,-3.4611284460656,-3.4611284460656,-5.97179457990813,-5.97179457990813,-6.5034111620522,-6.5034111620522,-11.6959507834422,-11.6959507834422
"Conservancy_84","Nyae Nyae","Warthog","Grazer","General_Grazer",157767,137959,385722,130630,375441,133601,373561,122662,352570,0,-19808,227955,-27136,217674,-24166,215795,-35104,194803,0,-12.5552768390666,144.488689927473,-17.2003169661251,137.97222657816,-15.3173082817151,136.780951165276,-22.2508646434964,123.475680644186
"Conservancy_85","Ekango Lyomongwa","Baboon","Omnivore","Omnivore",71523,70202,70923,67992,68676,67713,68408,64970,65622,0,-1320,-599,-3530,-2847,-3810,-3115,-6552,-5900,0,-1.84597809198999,-0.837852925371369,-4.93592855913512,-3.98065643227013,-5.32696501268022,-4.3546609262625,-9.16135230219264,-8.24969821767844
"Conservancy_85","Ekango Lyomongwa","Black rhinoceros","Browser","Shrub_Browser",1983,2011,1606,1963,1564,1939,1549,1876,1494,0,28,-377,-20,-419,-44,-434,-107,-489,0,1.39843853513382,-19.0204978475607,-0.988802415076115,-21.1475072155753,-2.21287187552768,-21.9076842547461,-5.37893711953252,-24.6455855241241
"Conservancy_85","Ekango Lyomongwa","Black-backed Jackal","Carnivore","Carnivore",,,,,,,,,,,,,,,,,,,,,,,,,,,
"Conservancy_85","Ekango Lyomongwa","Black-faced Impala","Mixed","Mixed_Open",63899,62556,69077,60378,66770,60342,66634,57691,63800,0,-1342,5179,-3521,2872,-3557,2736,-6207,-99,0,-2.1008946328744,8.10496618523033,-5.50989613676126,4.49432789588561,-5.56633927343947,4.28176407431319,-9.7144199204102,-0.154830644218885
"Conservancy_85","Ekango Lyomongwa","Blue wildebeest","Grazer","General_Grazer",15189,14692,17764,14123,17142,14173,17137,13494,16378,0,-497,2575,-1065,1953,-1016,1948,-1695,1190,0,-3.27007481213352,16.9540264547968,-7.0140201480019,12.8584369882538,-6.68695592630567,12.8264595423175,-11.1567538996681,7.83376702059928
"Conservancy_85","Ekango Lyomongwa","Buffalo","Grazer","General_Grazer",6683,6464,7816,6214,7542,6236,7540,5937,7207,0,-219,1133,-469,859,-447,857,-746,524,0,-3.27007481213353,16.9540264547968,-7.01402014800191,12.8584369882538,-6.68695592630568,12.8264595423175,-11.1567538996681,7.83376702059928
"Conservancy_85","Ekango Lyomongwa","Burchell's zebra","Grazer","General_Grazer",10442,10101,12213,9710,11785,9744,11782,9277,11260,0,-341,1770,-732,1343,-698,1339,-1165,818,0,-3.27007481213352,16.9540264547968,-7.0140201480019,12.8584369882538,-6.68695592630568,12.8264595423175,-11.1567538996681,7.83376702059929
"Conservancy_85","Ekango Lyomongwa","Bushpig","Omnivore","Omnivore",28609,28081,28369,27197,27470,27085,27363,25988,26249,0,-528,-240,-1412,-1139,-1524,-1246,-2621,-2360,0,-1.84597809198996,-0.837852925371366,-4.9359285591351,-3.98065643227012,-5.3269650126802,-4.3546609262625,-9.16135230219263,-8.24969821767844
"Conservancy_85","Ekango Lyomongwa","Cheetah","Carnivore","Carnivore",,,,,,,,,,,,,,,,,,,,,,,,,,,
"Conservancy_85","Ekango Lyomongwa","Damara dik dik","Browser","Shrub_Browser",396605,402151,321168,392683,312733,387828,309718,375271,298859,0,5546,-75436,-3922,-83872,-8776,-86887,-21333,-97746,0,1.39843853513383,-19.0204978475607,-0.988802415076113,-21.1475072155753,-2.21287187552768,-21.9076842547461,-5.37893711953253,-24.6455855241241
"Conservancy_85","Ekango Lyomongwa","Duiker","Browser","Woodland_Browser",92987,94419,73811,92263,71908,91056,71167,88173,68719,0,1432,-19176,-724,-21079,-1931,-21820,-4814,-24268,0,1.54049705845442,-20.6226026822485,-0.778568187852852,-22.6685485848897,-2.07700133450071,-23.466170551488,-5.17695303962466,-26.0982279129955
"Conservancy_85","Ekango Lyomongwa","Eland","Mixed","Mixed_Open",6390,6256,6908,6038,6677,6034,6663,5769,6380,0,-134,518,-352,287,-356,274,-621,-10,0,-2.10089463287441,8.10496618523032,-5.50989613676126,4.49432789588562,-5.56633927343947,4.28176407431318,-9.71441992041021,-0.154830644218885
"Conservancy_85","Ekango Lyomongwa","Elephant","Mixed","Large_Mixed",750,742,755,718,731,715,729,686,699,0,-8,5,-32,-19,-35,-21,-64,-51,0,-1.11284552706618,0.711436625801986,-4.24356445810268,-2.49669812703283,-4.61930984415686,-2.8580651894081,-8.50021610799006,-6.83203970928837
"Conservancy_85","Ekango Lyomongwa","Gemsbok","Mixed","Arid_Mixed",14546,14272,15606,13779,15087,13766,15054,13166,14415,0,-274,1060,-766,541,-779,508,-1379,-130,0,-1.88272230774671,7.2877557133735,-5.26816360791356,3.71962845249719,-5.35675041423289,3.4952184874422,-9.48315454119811,-0.894871274062542
"Conservancy_85","Ekango Lyomongwa","Giraffe","Browser","Woodland_Browser",1914,1944,1520,1900,1480,1875,1465,1815,1415,0,29,-395,-15,-434,-40,-449,-99,-500,0,1.54049705845442,-20.6226026822485,-0.778568187852865,-22.6685485848897,-2.0770013345007,-23.4661705514879,-5.17695303962466,-26.0982279129955
"Conservancy_85","Ekango Lyomongwa","Hartmann's zebra","Grazer","Arid_Grazer",10923,10633,12360,10238,11935,10257,11923,9782,11403,0,-290,1437,-685,1012,-666,1000,-1141,480,0,-2.65807914995733,13.1531713079885,-6.2676223081113,9.26129209989366,-6.09992735403261,9.15808360491499,-10.4415981105143,4.39796165378165
"Conservancy_85","Ekango Lyomongwa","Hippopotamus","Grazer","Wetland_Grazer",1019,978,1219,939,1176,943,1176,897,1124,0,-41,200,-81,157,-76,157,-122,104,0,-4.06953069944306,19.6116584506621,-7.91232890397878,15.3636805255132,-7.45554854935629,15.3918157573864,-12.0167550657848,10.2264534964446
"Conservancy_85","Ekango Lyomongwa","Impala","Mixed","Mixed_Open",63899,62556,69077,60378,66770,60342,66634,57691,63800,0,-1342,5179,-3521,2872,-3557,2736,-6207,-99,0,-2.1008946328744,8.10496618523033,-5.50989613676126,4.49432789588561,-5.56633927343947,4.28176407431319,-9.7144199204102,-0.154830644218885
"Conservancy_85","Ekango Lyomongwa","Klipspringer","Browser","Rocky_Browser",135775,137748,109896,134476,106987,132842,105980,128513,102240,0,1973,-25880,-1299,-28788,-2934,-29796,-7263,-33535,0,1.45278181121828,-19.0606918438323,-0.956781223275677,-21.2030088259615,-2.16083575511676,-21.9450013883195,-5.34897789866415,-24.6990336999788
"Conservancy_85","Ekango Lyomongwa","Kudu","Browser","Woodland_Browser",8565,8697,6798,8498,6623,8387,6555,8121,6329,0,132,-1766,-67,-1941,-178,-2010,-443,-2235,0,1.54049705845441,-20.6226026822485,-0.778568187852865,-22.6685485848897,-2.0770013345007,-23.466170551488,-5.17695303962466,-26.0982279129955
"Conservancy_85","Ekango Lyomongwa","Leopard","Carnivore","Carnivore",,,,,,,,,,,,,,,,,,,,,,,,,,,
"Conservancy_85","Ekango Lyomongwa","Ostrich","Mixed","Mixed_Open",31949,31278,34539,30189,33385,30171,33317,28846,31900,0,-671,2589,-1760,1436,-1778,1368,-3104,-49,0,-2.1008946328744,8.10496618523033,-5.50989613676126,4.49432789588561,-5.56633927343947,4.28176407431319,-9.7144199204102,-0.154830644218885
"Conservancy_85","Ekango Lyomongwa","Red Hartebeest","Grazer","General_Grazer",22277,21548,26053,20714,25141,20787,25134,19791,24022,0,-728,3777,-1562,2864,-1490,2857,-2485,1745,0,-3.27007481213353,16.9540264547968,-7.0140201480019,12.8584369882538,-6.68695592630567,12.8264595423175,-11.1567538996681,7.83376702059929
"Conservancy_85","Ekango Lyomongwa","Red Lechwe","Grazer","Wetland_Grazer",17838,17112,21337,16427,20579,16508,20584,15695,19662,0,-726,3498,-1411,2741,-1330,2746,-2144,1824,0,-4.06953069944306,19.6116584506621,-7.91232890397877,15.3636805255133,-7.45554854935629,15.3918157573864,-12.0167550657848,10.2264534964446
"Conservancy_85","Ekango Lyomongwa","Reedbuck","Grazer","Wetland_Grazer",31712,30422,37932,29203,36585,29348,36594,27902,34955,0,-1291,6219,-2509,4872,-2364,4881,-3811,3243,0,-4.06953069944305,19.6116584506621,-7.91232890397878,15.3636805255132,-7.45554854935628,15.3918157573864,-12.0167550657848,10.2264534964446
"Conservancy_85","Ekango Lyomongwa","Roan","Grazer","General_Grazer",13923,13468,16283,12946,15713,12992,15709,12370,15014,0,-455,2360,-977,1790,-931,1786,-1553,1091,0,-3.27007481213353,16.9540264547968,-7.0140201480019,12.8584369882538,-6.68695592630568,12.8264595423175,-11.1567538996681,7.83376702059929
"Conservancy_85","Ekango Lyomongwa","Sable","Grazer","General_Grazer",16707,16161,19540,15536,18856,15590,18850,14843,18016,0,-546,2833,-1172,2148,-1117,2143,-1864,1309,0,-3.27007481213352,16.9540264547969,-7.0140201480019,12.8584369882538,-6.68695592630568,12.8264595423175,-11.1567538996681,7.83376702059929
"Conservancy_85","Ekango Lyomongwa","Spotted Hyaena","Carnivore","Carnivore",,,,,,,,,,,,,,,,,,,,,,,,,,,
"Conservancy_85","Ekango Lyomongwa","Springbok","Grazer","Arid_Grazer",80485,78345,91071,75440,87939,75575,87856,72081,84025,0,-2139,10586,-5044,7454,-4910,7371,-8404,3540,0,-2.65807914995732,13.1531713079885,-6.26762230811131,9.26129209989366,-6.0999273540326,9.15808360491499,-10.4415981105143,4.39796165378166
"Conservancy_85","Ekango Lyomongwa","Steenbok","Browser","Shrub_Browser",198302,201075,160584,196341,156366,193914,154859,187636,149430,0,2773,-37718,-1961,-41936,-4388,-43443,-10667,-48873,0,1.39843853513383,-19.0204978475607,-0.988802415076113,-21.1475072155753,-2.21287187552768,-21.9076842547461,-5.37893711953253,-24.6455855241241
"Conservancy_85","Ekango Lyomongwa","Vervet monkey","Omnivore","Omnivore",343308,336971,340432,326363,329642,325020,328358,311857,314986,0,-6337,-2876,-16945,-13666,-18288,-14950,-31452,-28322,0,-1.84597809198996,-0.837852925371362,-4.93592855913511,-3.98065643227012,-5.3269650126802,-4.3546609262625,-9.16135230219264,-8.24969821767844
"Conservancy_85","Ekango Lyomongwa","Warthog","Grazer","General_Grazer",47736,46175,55829,44387,53874,44544,53858,42410,51475,0,-1561,8093,-3348,6138,-3192,6123,-5326,3739,0,-3.27007481213352,16.9540264547968,-7.0140201480019,12.8584369882538,-6.68695592630567,12.8264595423175,-11.1567538996681,7.83376702059928
"Conservancy_86","#Khoadi-//Hôas","Baboon","Omnivore","Omnivore",157380,153537,165109,146737,158039,148779,159998,136752,147227,0,-3844,7729,-10644,659,-8602,2618,-20629,-10154,0,-2.44217426587152,4.91104361265392,-6.76304457296128,0.418634171284935,-5.46563866565728,1.66327583005971,-13.107543761145,-6.45176586768419
"Conservancy_86","#Khoadi-//Hôas","Black rhinoceros","Browser","Shrub_Browser",5397,5366,3794,5157,3636,5198,3676,4806,3388,0,-31,-1603,-239,-1761,-198,-1721,-590,-2009,0,-0.576699832078421,-29.7009621879726,-4.4376398852662,-32.6290467847431,-3.67576548144519,-31.8823931544879,-10.9385446152148,-37.2268361173666
"Conservancy_86","#Khoadi-//Hôas","Black-backed Jackal","Carnivore","Carnivore",,,,,,,,,,,,,,,,,,,,,,,,,,,
"Conservancy_86","#Khoadi-//Hôas","Black-faced Impala","Mixed","Mixed_Open",128097,123586,160114,117709,153186,119769,155151,109697,142696,0,-4511,32017,-10388,25089,-8328,27054,-18400,14599,0,-3.52175124714969,24.9939805878584,-8.1097876431313,19.5858707170833,-6.50135541003192,21.1199126774932,-14.3641805420395,11.3971630338774
"Conservancy_86","#Khoadi-//Hôas","Blue wildebeest","Grazer","General_Grazer",26941,25591,41031,24257,39239,24805,39759,22605,36550,0,-1350,14089,-2684,12298,-2137,12817,-4336,9608,0,-5.0116058345253,52.2952231802497,-9.96263609909979,45.6456600463224,-7.93072074276649,47.5744016149742,-16.0939656046873,35.6640171462702
"Conservancy_86","#Khoadi-//Hôas","Buffalo","Grazer","General_Grazer",11854,11260,18053,10673,17265,10914,17494,9946,16082,0,-594,6199,-1181,5411,-940,5640,-1908,4228,0,-5.01160583452529,52.2952231802497,-9.9626360990998,45.6456600463224,-7.9307207427665,47.5744016149742,-16.0939656046873,35.6640171462702
"Conservancy_86","#Khoadi-//Hôas","Burchell's zebra","Grazer","General_Grazer",18522,17594,28208,16677,26977,17053,27334,15541,25128,0,-928,9686,-1845,8455,-1469,8812,-2981,6606,0,-5.01160583452529,52.2952231802497,-9.96263609909978,45.6456600463224,-7.93072074276649,47.5744016149742,-16.0939656046873,35.6640171462702
"Conservancy_86","#Khoadi-//Hôas","Bushpig","Omnivore","Omnivore",62952,61415,66044,58695,63216,59511,63999,54701,58891,0,-1537,3092,-4257,264,-3441,1047,-8251,-4062,0,-2.44217426587153,4.91104361265392,-6.76304457296128,0.418634171284949,-5.46563866565728,1.66327583005971,-13.107543761145,-6.45176586768418
"Conservancy_86","#Khoadi-//Hôas","Cheetah","Carnivore","Carnivore",,,,,,,,,,,,,,,,,,,,,,,,,,,
"Conservancy_86","#Khoadi-//Hôas","Damara dik dik","Browser","Shrub_Browser",1079365,1073140,758783,1031467,727179,1039690,735238,961298,677552,0,-6225,-320582,-47898,-352187,-39675,-344127,-118067,-401813,0,-0.576699832078402,-29.7009621879726,-4.43763988526619,-32.6290467847431,-3.67576548144518,-31.8823931544879,-10.9385446152148,-37.2268361173666
"Conservancy_86","#Khoadi-//Hôas","Duiker","Browser","Woodland_Browser",254950,253938,173585,244170,166427,246018,168236,227571,155077,0,-1012,-81365,-10780,-88524,-8932,-86714,-27380,-99873,0,-0.396922620999239,-31.9142035842644,-4.22826976982319,-34.7219406884589,-3.50344559035829,-34.0120686641397,-10.7392259825966,-39.173563594247
"Conservancy_86","#Khoadi-//Hôas","Eland","Mixed","Mixed_Open",12810,12359,16011,11771,15319,11977,15515,10970,14270,0,-451,3202,-1039,2509,-833,2705,-1840,1460,0,-3.52175124714969,24.9939805878584,-8.10978764313129,19.5858707170833,-6.50135541003191,21.1199126774932,-14.3641805420395,11.3971630338774
"Conservancy_86","#Khoadi-//Hôas","Elephant","Mixed","Large_Mixed",1654,1612,1760,1540,1684,1562,1705,1436,1569,0,-42,106,-114,30,-92,51,-219,-85,0,-2.53446042986923,6.39115749291213,-6.87525345685842,1.82758898835381,-5.55406741725807,3.09513161283699,-13.2135046734402,-5.14043315171002
"Conservancy_86","#Khoadi-//Hôas","Gemsbok","Mixed","Arid_Mixed",29863,28836,36372,27478,34796,27945,35243,25606,32413,0,-1027,6509,-2385,4934,-1918,5380,-4257,2550,0,-3.43988552539902,21.7957292982266,-7.98567477483655,16.5208925240976,-6.42255902360778,18.0165688965272,-14.2543990837794,8.53951008314014
"Conservancy_86","#Khoadi-//Hôas","Giraffe","Browser","Woodland_Browser",5249,5228,3574,5027,3426,5065,3464,4685,3193,0,-21,-1675,-222,-1823,-184,-1785,-564,-2056,0,-0.39692262099925,-31.9142035842644,-4.22826976982319,-34.7219406884589,-3.50344559035829,-34.0120686641397,-10.7392259825966,-39.173563594247
"Conservancy_86","#Khoadi-//Hôas","Hartmann's zebra","Grazer","Arid_Grazer",20805,19897,28759,18905,27505,19284,27867,17617,25620,0,-908,7954,-1899,6701,-1521,7062,-3188,4815,0,-4.36518346811068,38.2311262850724,-9.12957247278061,32.2077716776315,-7.31021414270831,33.9434924618877,-15.3241698568781,23.1460256230807
"Conservancy_86","#Khoadi-//Hôas","Hippopotamus","Grazer","Wetland_Grazer",1706,1610,2806,1523,2683,1561,2719,1419,2500,0,-96,1100,-183,978,-145,1013,-287,794,0,-5.61833703236617,64.510520162707,-10.7316067010127,57.3130974165062,-8.51298073016872,59.4133610092915,-16.807939608634,46.531012718938
"Conservancy_86","#Khoadi-//Hôas","Impala","Mixed","Mixed_Open",128097,123586,160114,117709,153186,119769,155151,109697,142696,0,-4511,32017,-10388,25089,-8328,27054,-18400,14599,0,-3.52175124714969,24.9939805878584,-8.1097876431313,19.5858707170833,-6.50135541003192,21.1199126774932,-14.3641805420395,11.3971630338774
"Conservancy_86","#Khoadi-//Hôas","Klipspringer","Browser","Rocky_Browser",378409,375591,264466,360999,253391,363891,256256,336393,236071,0,-2818,-113942,-17410,-125018,-14518,-122153,-42016,-142338,0,-0.744766503930372,-30.1109266240268,-4.60080107098927,-33.0377584293963,-3.83649410097636,-32.2807872838071,-11.1033318001847,-37.6147374330978
"Conservancy_86","#Khoadi-//Hôas","Kudu","Browser","Woodland_Browser",23482,23389,15988,22489,15329,22660,15495,20960,14283,0,-93,-7494,-993,-8154,-823,-7987,-2522,-9199,0,-0.396922620999246,-31.9142035842644,-4.22826976982319,-34.7219406884589,-3.50344559035829,-34.0120686641397,-10.7392259825966,-39.173563594247
"Conservancy_86","#Khoadi-//Hôas","Leopard","Carnivore","Carnivore",,,,,,,,,,,,,,,,,,,,,,,,,,,
"Conservancy_86","#Khoadi-//Hôas","Ostrich","Mixed","Mixed_Open",64048,61793,80057,58854,76593,59884,77575,54848,71348,0,-2256,16008,-5194,12544,-4164,13527,-9200,7300,0,-3.52175124714969,24.9939805878584,-8.1097876431313,19.5858707170833,-6.50135541003192,21.1199126774932,-14.3641805420395,11.3971630338774
"Conservancy_86","#Khoadi-//Hôas","Red Hartebeest","Grazer","General_Grazer",39514,37534,60178,35577,57551,36380,58313,33155,53606,0,-1980,20664,-3937,18036,-3134,18799,-6359,14092,0,-5.0116058345253,52.2952231802497,-9.96263609909979,45.6456600463224,-7.93072074276648,47.5744016149742,-16.0939656046873,35.6640171462702
"Conservancy_86","#Khoadi-//Hôas","Red Lechwe","Grazer","Wetland_Grazer",29851,28174,49109,26648,46960,27310,47587,24834,43742,0,-1677,19257,-3204,17109,-2541,17736,-5017,13890,0,-5.61833703236616,64.510520162707,-10.7316067010127,57.3130974165062,-8.51298073016871,59.4133610092915,-16.807939608634,46.531012718938
"Conservancy_86","#Khoadi-//Hôas","Reedbuck","Grazer","Wetland_Grazer",53069,50088,87304,47374,83485,48551,84599,44149,77763,0,-2982,34235,-5695,30416,-4518,31530,-8920,24694,0,-5.61833703236617,64.510520162707,-10.7316067010127,57.3130974165062,-8.51298073016872,59.4133610092915,-16.807939608634,46.531012718938
"Conservancy_86","#Khoadi-//Hôas","Roan","Grazer","General_Grazer",24696,23459,37611,22236,35969,22738,36445,20722,33504,0,-1238,12915,-2460,11273,-1959,11749,-3975,8808,0,-5.0116058345253,52.2952231802497,-9.96263609909979,45.6456600463225,-7.9307207427665,47.5744016149742,-16.0939656046873,35.6640171462702
"Conservancy_86","#Khoadi-//Hôas","Sable","Grazer","General_Grazer",29636,28150,45134,26683,43163,27285,43735,24866,40205,0,-1485,15498,-2952,13527,-2350,14099,-4770,10569,0,-5.01160583452531,52.2952231802497,-9.9626360990998,45.6456600463224,-7.9307207427665,47.5744016149741,-16.0939656046873,35.6640171462702
"Conservancy_86","#Khoadi-//Hôas","Spotted Hyaena","Carnivore","Carnivore",,,,,,,,,,,,,,,,,,,,,,,,,,,
"Conservancy_86","#Khoadi-//Hôas","Springbok","Grazer","Arid_Grazer",153298,146606,211905,139302,202672,142092,205333,129806,188780,0,-6692,58608,-13995,49374,-11206,52035,-23492,35482,0,-4.3651834681107,38.2311262850723,-9.12957247278062,32.2077716776315,-7.31021414270833,33.9434924618877,-15.3241698568782,23.1460256230806
"Conservancy_86","#Khoadi-//Hôas","Steenbok","Browser","Shrub_Browser",539683,536570,379392,515733,363589,519845,367619,480649,338776,0,-3112,-160291,-23949,-176093,-19837,-172064,-59033,-200907,0,-0.576699832078402,-29.7009621879726,-4.43763988526619,-32.6290467847431,-3.67576548144518,-31.8823931544879,-10.9385446152148,-37.2268361173666
"Conservancy_86","#Khoadi-//Hôas","Vervet monkey","Omnivore","Omnivore",755426,736977,792525,704336,758588,714137,767991,656408,706688,0,-18449,37099,-51090,3162,-41289,12565,-99018,-48738,0,-2.44217426587153,4.91104361265391,-6.76304457296127,0.418634171284941,-5.46563866565727,1.66327583005971,-13.107543761145,-6.45176586768418
"Conservancy_86","#Khoadi-//Hôas","Warthog","Grazer","General_Grazer",84673,80430,128953,76237,123323,77958,124956,71046,114871,0,-4243,44280,-8436,38650,-6715,40283,-13627,30198,0,-5.0116058345253,52.2952231802497,-9.9626360990998,45.6456600463224,-7.9307207427665,47.5744016149742,-16.0939656046873,35.6640171462702
"Conservancy_87","Joseph Mbambangandu","Baboon","Omnivore","Omnivore",2180,2220,2202,2200,2205,2188,2137,2084,2047,0,41,22,20,26,8,-43,-96,-133,0,1.87302385509256,1.02190638938271,0.918050112772069,1.17562546578009,0.382507613590914,-1.96487886892558,-4.38519431793027,-6.08085966961126
"Conservancy_87","Joseph Mbambangandu","Black rhinoceros","Browser","Shrub_Browser",75,85,76,84,77,84,69,79,66,0,9,1,8,1,8,-6,4,-9,0,12.4416415944911,1.34841891447608,11.1548994030025,1.49724123113154,10.7641012599354,-8.57593377521559,5.22959354807482,-12.1683665702865
"Conservancy_87","Joseph Mbambangandu","Black-backed Jackal","Carnivore","Carnivore",,,,,,,,,,,,,,,,,,,,,,,,,,,
"Conservancy_87","Joseph Mbambangandu","Black-faced Impala","Mixed","Mixed_Open",1330,1379,1461,1370,1512,1359,1342,1298,1279,0,49,131,40,182,29,12,-32,-51,0,3.6990571479531,9.84824240077978,2.9810529842916,13.6864010800596,2.18946219270255,0.879722932529836,-2.43333567971595,-3.8598777294403
"Conservancy_87","Joseph Mbambangandu","Blue wildebeest","Grazer","General_Grazer",226,214,259,213,277,211,232,202,219,0,-12,33,-12,51,-15,6,-24,-7,0,-5.12018816083089,14.6115987605032,-5.49020786756664,22.5955858998101,-6.47485187626756,2.86388487904497,-10.4261104874498,-2.88114306639619
"Conservancy_87","Joseph Mbambangandu","Buffalo","Grazer","General_Grazer",99,94,114,94,122,93,102,89,96,0,-5,15,-5,22,-6,3,-10,-3,0,-5.1201881608309,14.6115987605031,-5.49020786756665,22.5955858998101,-6.47485187626757,2.86388487904497,-10.4261104874498,-2.8811430663962
"Conservancy_87","Joseph Mbambangandu","Burchell's zebra","Grazer","General_Grazer",155,147,178,147,190,145,160,139,151,0,-8,23,-9,35,-10,4,-16,-4,0,-5.1201881608309,14.6115987605031,-5.49020786756665,22.5955858998101,-6.47485187626758,2.86388487904497,-10.4261104874498,-2.8811430663962
"Conservancy_87","Joseph Mbambangandu","Bushpig","Omnivore","Omnivore",872,888,881,880,882,875,855,834,819,0,16,9,8,10,3,-17,-38,-53,0,1.87302385509257,1.0219063893827,0.918050112772074,1.17562546578008,0.382507613590912,-1.9648788689256,-4.38519431793027,-6.08085966961126
"Conservancy_87","Joseph Mbambangandu","Cheetah","Carnivore","Carnivore",,,,,,,,,,,,,,,,,,,,,,,,,,,
"Conservancy_87","Joseph Mbambangandu","Damara dik dik","Browser","Shrub_Browser",15089,16966,15292,16772,15315,16713,13795,15878,13253,0,1877,203,1683,226,1624,-1294,789,-1836,0,12.441641594491,1.34841891447609,11.1548994030025,1.49724123113154,10.7641012599354,-8.5759337752156,5.22959354807482,-12.1683665702865
"Conservancy_87","Joseph Mbambangandu","Duiker","Browser","Woodland_Browser",4094,4645,4401,4619,4243,4577,4606,4379,4472,0,551,307,525,149,483,512,285,378,0,13.4464154616169,7.50263952687516,12.8240229683372,3.64296828152547,11.7894000640048,12.5153916865304,6.96463885204524,9.24033543300741
"Conservancy_87","Joseph Mbambangandu","Eland","Mixed","Mixed_Open",133,138,146,137,151,136,134,130,128,0,5,13,4,18,3,1,-3,-5,0,3.69905714795309,9.84824240077979,2.9810529842916,13.6864010800596,2.18946219270253,0.879722932529836,-2.43333567971596,-3.85987772944031
"Conservancy_87","Joseph Mbambangandu","Elephant","Mixed","Large_Mixed",19,21,21,21,21,21,20,20,19,0,2,2,1,2,1,0,0,-1,0,7.7640747352475,7.92403563909244,6.97344823400104,9.48034954370632,6.18578776809188,1.48908369330572,1.34842583579643,-2.69079052585449
"Conservancy_87","Joseph Mbambangandu","Gemsbok","Mixed","Arid_Mixed",286,301,312,298,329,297,264,283,250,0,15,25,12,42,11,-22,-4,-36,0,5.22351313517223,8.89391413049284,4.20501241484327,14.8130936569847,3.67424859037457,-7.73382536218676,-1.34769168881642,-12.6551163975894
"Conservancy_87","Joseph Mbambangandu","Giraffe","Browser","Woodland_Browser",84,96,91,95,87,94,95,90,92,0,11,6,11,3,10,11,6,8,0,13.4464154616169,7.50263952687516,12.8240229683372,3.64296828152546,11.7894000640049,12.5153916865304,6.96463885204523,9.24033543300742
"Conservancy_87","Joseph Mbambangandu","Hartmann's zebra","Grazer","Arid_Grazer",175,176,198,175,212,174,167,166,158,0,2,23,0,37,-1,-7,-9,-17,0,0.991668768422929,13.1869449462198,0.22792954794573,21.3536917296084,-0.477730793969875,-4.18785100837926,-5.08500465145177,-9.72067116183579
"Conservancy_87","Joseph Mbambangandu","Hippopotamus","Grazer","Wetland_Grazer",15,12,16,12,17,12,15,12,14,0,-3,1,-3,2,-3,0,-4,-1,0,-19.4691119715755,4.95712100841509,-19.4701166715336,12.3808092941129,-20.5964683739984,-1.79621968322487,-23.614737930202,-7.19659032519136
"Conservancy_87","Joseph Mbambangandu","Impala","Mixed","Mixed_Open",1330,1379,1461,1370,1512,1359,1342,1298,1279,0,49,131,40,182,29,12,-32,-51,0,3.6990571479531,9.84824240077978,2.9810529842916,13.6864010800596,2.18946219270255,0.879722932529836,-2.43333567971595,-3.8598777294403
"Conservancy_87","Joseph Mbambangandu","Klipspringer","Browser","Rocky_Browser",4949,5618,5021,5550,5064,5534,4394,5253,4215,0,669,72,601,115,585,-555,304,-734,0,13.5102863323885,1.45237251227178,12.1400311991808,2.32529274456728,11.8108714176598,-11.2113746288431,6.13831437281843,-14.8383651007907
"Conservancy_87","Joseph Mbambangandu","Kudu","Browser","Woodland_Browser",377,428,405,425,391,422,424,403,412,0,51,28,48,14,44,47,26,35,0,13.4464154616169,7.50263952687517,12.8240229683372,3.64296828152547,11.7894000640049,12.5153916865304,6.96463885204523,9.24033543300743
"Conservancy_87","Joseph Mbambangandu","Leopard","Carnivore","Carnivore",,,,,,,,,,,,,,,,,,,,,,,,,,,
"Conservancy_87","Joseph Mbambangandu","Ostrich","Mixed","Mixed_Open",665,690,731,685,756,680,671,649,639,0,25,66,20,91,15,6,-16,-26,0,3.6990571479531,9.84824240077978,2.9810529842916,13.6864010800596,2.18946219270255,0.879722932529836,-2.43333567971595,-3.8598777294403
"Conservancy_87","Joseph Mbambangandu","Red Hartebeest","Grazer","General_Grazer",331,314,379,313,406,310,340,296,321,0,-17,48,-18,75,-21,9,-35,-10,0,-5.1201881608309,14.6115987605032,-5.49020786756664,22.5955858998101,-6.47485187626757,2.86388487904497,-10.4261104874498,-2.8811430663962
"Conservancy_87","Joseph Mbambangandu","Red Lechwe","Grazer","Wetland_Grazer",270,217,283,217,303,214,265,206,250,0,-53,13,-53,33,-56,-5,-64,-19,0,-19.4691119715755,4.9571210084151,-19.4701166715336,12.3808092941128,-20.5964683739984,-1.79621968322488,-23.6147379302021,-7.19659032519137
"Conservancy_87","Joseph Mbambangandu","Reedbuck","Grazer","Wetland_Grazer",480,386,503,386,539,381,471,366,445,0,-93,24,-93,59,-99,-9,-113,-35,0,-19.4691119715755,4.9571210084151,-19.4701166715336,12.3808092941129,-20.5964683739984,-1.79621968322487,-23.614737930202,-7.19659032519136
"Conservancy_87","Joseph Mbambangandu","Roan","Grazer","General_Grazer",207,196,237,195,254,193,213,185,201,0,-11,30,-11,47,-13,6,-22,-6,0,-5.12018816083089,14.6115987605031,-5.49020786756664,22.5955858998101,-6.47485187626756,2.86388487904498,-10.4261104874498,-2.88114306639619
"Conservancy_87","Joseph Mbambangandu","Sable","Grazer","General_Grazer",248,236,284,235,304,232,255,222,241,0,-13,36,-14,56,-16,7,-26,-7,0,-5.1201881608309,14.6115987605031,-5.49020786756664,22.5955858998101,-6.47485187626757,2.86388487904497,-10.4261104874498,-2.8811430663962
"Conservancy_87","Joseph Mbambangandu","Spotted Hyaena","Carnivore","Carnivore",,,,,,,,,,,,,,,,,,,,,,,,,,,
"Conservancy_87","Joseph Mbambangandu","Springbok","Grazer","Arid_Grazer",1287,1299,1456,1290,1561,1280,1233,1221,1162,0,13,170,3,275,-6,-54,-65,-125,0,0.991668768422925,13.1869449462198,0.227929547945718,21.3536917296084,-0.477730793969882,-4.18785100837927,-5.08500465145178,-9.72067116183579
"Conservancy_87","Joseph Mbambangandu","Steenbok","Browser","Shrub_Browser",7544,8483,7646,8386,7657,8357,6897,7939,6626,0,939,102,842,113,812,-647,395,-918,0,12.441641594491,1.34841891447609,11.1548994030025,1.49724123113154,10.7641012599354,-8.5759337752156,5.22959354807482,-12.1683665702865
"Conservancy_87","Joseph Mbambangandu","Vervet monkey","Omnivore","Omnivore",10462,10658,10569,10558,10585,10502,10256,10003,9826,0,196,107,96,123,40,-206,-459,-636,0,1.87302385509258,1.02190638938271,0.918050112772083,1.17562546578008,0.382507613590925,-1.96487886892558,-4.38519431793026,-6.08085966961125
"Conservancy_87","Joseph Mbambangandu","Warthog","Grazer","General_Grazer",709,673,813,670,869,663,730,635,689,0,-36,104,-39,160,-46,20,-74,-20,0,-5.1201881608309,14.6115987605032,-5.49020786756664,22.5955858998101,-6.47485187626757,2.86388487904498,-10.4261104874498,-2.88114306639619
"Conservancy_88","Impalila","Baboon","Omnivore","Omnivore",3607,3692,3684,3706,3697,3731,3722,3525,3516,0,85,77,99,90,124,116,-82,-91,0,2.36778944373587,2.12654339639453,2.75620078948285,2.48608041980494,3.44924352636186,3.20543365965028,-2.26407607458543,-2.52070555308529
"Conservancy_88","Impalila","Black rhinoceros","Browser","Shrub_Browser",64,66,64,68,65,67,64,65,62,0,3,0,4,2,3,1,1,-2,0,4.03076272692649,-0.187831384393208,6.98878721886437,2.44136769871216,5.13160396499754,0.867241951287479,1.7237056136143,-2.59653670636644
"Conservancy_88","Impalila","Black-backed Jackal","Carnivore","Carnivore",,,,,,,,,,,,,,,,,,,,,,,,,,,
"Conservancy_88","Impalila","Black-faced Impala","Mixed","Mixed_Open",1854,1827,1815,1808,1793,1846,1834,1720,1706,0,-27,-39,-45,-60,-7,-20,-134,-148,0,-1.4359874925559,-2.0933737055888,-2.43586311881208,-3.2556045626538,-0.39489766213851,-1.05882580368145,-7.20479197251931,-7.98362118436596
"Conservancy_88","Impalila","Blue wildebeest","Grazer","General_Grazer",524,514,515,501,501,519,520,477,477,0,-10,-10,-23,-23,-5,-4,-47,-47,0,-1.97244307499477,-1.81286031092653,-4.39400851570542,-4.36247358507821,-0.938023118268716,-0.775962919475683,-9.04553665307493,-9.01562758420424
"Conservancy_88","Impalila","Buffalo","Grazer","General_Grazer",231,226,226,221,221,228,229,210,210,0,-5,-4,-10,-10,-2,-2,-21,-21,0,-1.97244307499478,-1.81286031092654,-4.39400851570543,-4.36247358507822,-0.938023118268734,-0.775962919475691,-9.04553665307494,-9.01562758420424
"Conservancy_88","Impalila","Burchell's zebra","Grazer","General_Grazer",360,353,354,345,345,357,358,328,328,0,-7,-7,-16,-16,-3,-3,-33,-32,0,-1.97244307499478,-1.81286031092654,-4.39400851570542,-4.36247358507821,-0.93802311826873,-0.775962919475681,-9.04553665307494,-9.01562758420424
"Conservancy_88","Impalila","Bushpig","Omnivore","Omnivore",1443,1477,1473,1483,1479,1493,1489,1410,1406,0,34,31,40,36,50,46,-33,-36,0,2.36778944373587,2.12654339639454,2.75620078948285,2.48608041980495,3.44924352636185,3.20543365965028,-2.26407607458541,-2.52070555308528
"Conservancy_88","Impalila","Cheetah","Carnivore","Carnivore",,,,,,,,,,,,,,,,,,,,,,,,,,,
"Conservancy_88","Impalila","Damara dik dik","Browser","Shrub_Browser",12765,13279,12741,13657,13076,13420,12875,12985,12433,0,515,-24,892,312,655,111,220,-331,0,4.0307627269265,-0.187831384393204,6.98878721886438,2.44136769871217,5.13160396499755,0.86724195128748,1.7237056136143,-2.59653670636644
"Conservancy_88","Impalila","Duiker","Browser","Woodland_Browser",5134,5398,5418,5577,5606,5455,5476,5303,5330,0,263,284,443,472,321,341,169,196,0,5.13102888181639,5.53519378496822,8.62718002489084,9.19104599916384,6.24336132332632,6.65123020569818,3.28645705893431,3.822199807219
"Conservancy_88","Impalila","Eland","Mixed","Mixed_Open",185,183,181,181,179,185,183,172,171,0,-3,-4,-5,-6,-1,-2,-13,-15,0,-1.43598749255589,-2.0933737055888,-2.43586311881206,-3.2556045626538,-0.394897662138503,-1.05882580368144,-7.20479197251931,-7.98362118436595
"Conservancy_88","Impalila","Elephant","Mixed","Large_Mixed",27,28,27,28,27,28,28,26,26,0,0,0,0,0,1,0,-1,-1,0,1.11934535976654,0.253374695983516,1.4718776444989,0.496369312728829,2.18789804431067,1.31275564691481,-3.49421959475551,-4.42100917749803
"Conservancy_88","Impalila","Gemsbok","Mixed","Arid_Mixed",220,204,195,198,188,206,197,188,179,0,-16,-25,-22,-32,-14,-23,-32,-41,0,-7.40623037956704,-11.3301392883668,-9.94587724882879,-14.4830796437892,-6.42784747329969,-10.3926944560544,-14.3659370171056,-18.6765830560123
"Conservancy_88","Impalila","Giraffe","Browser","Woodland_Browser",106,111,112,115,115,112,113,109,110,0,5,6,9,10,7,7,3,4,0,5.1310288818164,5.53519378496821,8.62718002489084,9.19104599916384,6.24336132332633,6.6512302056982,3.28645705893431,3.822199807219
"Conservancy_88","Impalila","Hartmann's zebra","Grazer","Arid_Grazer",178,162,159,155,151,164,161,148,144,0,-15,-19,-22,-27,-14,-17,-30,-34,0,-8.57833960239165,-10.5273792955586,-12.5985106097942,-15.0224558368165,-7.61331999144217,-9.58178966124253,-16.8689241656608,-19.1718914282501
"Conservancy_88","Impalila","Hippopotamus","Grazer","Wetland_Grazer",119,122,123,121,121,124,124,115,115,0,3,4,2,2,5,5,-4,-4,0,2.76180286190563,3.0387975163022,1.46819920468715,1.72712492229274,3.84603549107031,4.12624591289829,-3.45717130490444,-3.21119508446353
"Conservancy_88","Impalila","Impala","Mixed","Mixed_Open",1854,1827,1815,1808,1793,1846,1834,1720,1706,0,-27,-39,-45,-60,-7,-20,-134,-148,0,-1.4359874925559,-2.0933737055888,-2.43586311881208,-3.2556045626538,-0.39489766213851,-1.05882580368145,-7.20479197251931,-7.98362118436596
"Conservancy_88","Impalila","Klipspringer","Browser","Rocky_Browser",3453,3578,3363,3693,3460,3616,3398,3511,3289,0,125,-90,240,7,163,-54,58,-164,0,3.62603368714551,-2.60710996391053,6.95265453776269,0.195405688533953,4.72309376438632,-1.57747066280427,1.67764517874084,-4.74204290888255
"Conservancy_88","Impalila","Kudu","Browser","Woodland_Browser",473,497,499,514,516,502,504,488,491,0,24,26,41,43,30,31,16,18,0,5.1310288818164,5.53519378496821,8.62718002489083,9.19104599916384,6.24336132332632,6.65123020569819,3.28645705893431,3.82219980721899
"Conservancy_88","Impalila","Leopard","Carnivore","Carnivore",,,,,,,,,,,,,,,,,,,,,,,,,,,
"Conservancy_88","Impalila","Ostrich","Mixed","Mixed_Open",927,913,907,904,897,923,917,860,853,0,-13,-19,-23,-30,-4,-10,-67,-74,0,-1.4359874925559,-2.0933737055888,-2.43586311881208,-3.2556045626538,-0.39489766213851,-1.05882580368145,-7.20479197251931,-7.98362118436596
"Conservancy_88","Impalila","Red Hartebeest","Grazer","General_Grazer",769,754,755,735,735,762,763,699,700,0,-15,-14,-34,-34,-7,-6,-70,-69,0,-1.97244307499478,-1.81286031092655,-4.39400851570543,-4.36247358507822,-0.938023118268732,-0.775962919475696,-9.04553665307495,-9.01562758420425
"Conservancy_88","Impalila","Red Lechwe","Grazer","Wetland_Grazer",2084,2142,2148,2115,2120,2165,2170,2012,2017,0,58,63,31,36,80,86,-72,-67,0,2.76180286190564,3.0387975163022,1.46819920468716,1.72712492229274,3.84603549107032,4.12624591289831,-3.45717130490443,-3.21119508446353
"Conservancy_88","Impalila","Reedbuck","Grazer","Wetland_Grazer",3706,3808,3818,3760,3770,3848,3858,3577,3587,0,102,113,54,64,143,153,-128,-119,0,2.76180286190564,3.0387975163022,1.46819920468714,1.72712492229275,3.8460354910703,4.12624591289829,-3.45717130490443,-3.21119508446353
"Conservancy_88","Impalila","Roan","Grazer","General_Grazer",481,471,472,459,460,476,477,437,437,0,-9,-9,-21,-21,-5,-4,-43,-43,0,-1.97244307499477,-1.81286031092654,-4.39400851570542,-4.36247358507822,-0.938023118268726,-0.775962919475681,-9.04553665307494,-9.01562758420424
"Conservancy_88","Impalila","Sable","Grazer","General_Grazer",577,565,566,551,551,571,572,524,525,0,-11,-10,-25,-25,-5,-4,-52,-52,0,-1.97244307499477,-1.81286031092654,-4.39400851570543,-4.36247358507822,-0.938023118268722,-0.775962919475681,-9.04553665307493,-9.01562758420423
"Conservancy_88","Impalila","Spotted Hyaena","Carnivore","Carnivore",,,,,,,,,,,,,,,,,,,,,,,,,,,
"Conservancy_88","Impalila","Springbok","Grazer","Arid_Grazer",1310,1197,1172,1145,1113,1210,1184,1089,1059,0,-112,-138,-165,-197,-100,-125,-221,-251,0,-8.57833960239163,-10.5273792955586,-12.5985106097942,-15.0224558368166,-7.61331999144216,-9.58178966124251,-16.8689241656608,-19.1718914282501
"Conservancy_88","Impalila","Steenbok","Browser","Shrub_Browser",6382,6640,6370,6828,6538,6710,6438,6492,6217,0,257,-12,446,156,328,55,110,-166,0,4.0307627269265,-0.187831384393204,6.98878721886438,2.44136769871217,5.13160396499755,0.86724195128748,1.7237056136143,-2.59653670636644
"Conservancy_88","Impalila","Vervet monkey","Omnivore","Omnivore",17313,17723,17681,17790,17743,17910,17868,16921,16876,0,410,368,477,430,597,555,-392,-436,0,2.36778944373588,2.12654339639453,2.75620078948286,2.48608041980495,3.44924352636186,3.2054336596503,-2.26407607458541,-2.52070555308529
"Conservancy_88","Impalila","Warthog","Grazer","General_Grazer",1648,1615,1618,1575,1576,1632,1635,1499,1499,0,-32,-30,-72,-72,-15,-13,-149,-149,0,-1.97244307499477,-1.81286031092654,-4.39400851570542,-4.36247358507822,-0.938023118268734,-0.775962919475691,-9.04553665307493,-9.01562758420425
"Conservancy_89","Kasika","Baboon","Omnivore","Omnivore",8228,7860,7856,7816,7815,7942,7937,7429,7428,0,-368,-372,-412,-413,-286,-291,-799,-800,0,-4.47059841032564,-4.52517431161908,-5.0041813776798,-5.01770708363652,-3.47752295787591,-3.5326243197006,-9.70627227454314,-9.7191114564603
"Conservancy_89","Kasika","Black rhinoceros","Browser","Shrub_Browser",101,95,95,94,94,96,96,89,89,0,-7,-6,-7,-7,-6,-5,-12,-12,0,-6.58971740092966,-5.73773547284688,-7.26746324873751,-7.05631406445337,-5.61880560288995,-4.7586207342066,-11.8575658264832,-11.6571339379472
"Conservancy_89","Kasika","Black-backed Jackal","Carnivore","Carnivore",,,,,,,,,,,,,,,,,,,,,,,,,,,
"Conservancy_89","Kasika","Black-faced Impala","Mixed","Mixed_Open",4124,3838,3801,3760,3750,3878,3840,3574,3565,0,-286,-323,-364,-373,-246,-283,-550,-559,0,-6.92615499778041,-7.83218550714663,-8.82355701011793,-9.0481012130915,-5.95982531729625,-6.87457915072094,-13.336840791631,-13.5499878081084
"Conservancy_89","Kasika","Blue wildebeest","Grazer","General_Grazer",1380,1302,1287,1281,1277,1315,1300,1217,1214,0,-79,-94,-99,-103,-65,-80,-163,-166,0,-5.69457061969614,-6.78295472753834,-7.20856058367288,-7.47829801469545,-4.71509418086886,-5.81395732575745,-11.8017092184063,-12.0577555909841
"Conservancy_89","Kasika","Buffalo","Grazer","General_Grazer",607,573,566,564,562,579,572,536,534,0,-35,-41,-44,-45,-29,-35,-72,-73,0,-5.69457061969613,-6.78295472753835,-7.20856058367288,-7.47829801469546,-4.71509418086886,-5.81395732575745,-11.8017092184063,-12.0577555909841
"Conservancy_89","Kasika","Burchell's zebra","Grazer","General_Grazer",949,895,885,881,878,904,894,837,835,0,-54,-64,-68,-71,-45,-55,-112,-114,0,-5.69457061969613,-6.78295472753833,-7.20856058367287,-7.47829801469545,-4.71509418086885,-5.81395732575745,-11.8017092184063,-12.0577555909841
"Conservancy_89","Kasika","Bushpig","Omnivore","Omnivore",3291,3144,3142,3126,3126,3177,3175,2972,2971,0,-147,-149,-165,-165,-114,-116,-319,-320,0,-4.47059841032564,-4.52517431161908,-5.0041813776798,-5.01770708363652,-3.47752295787591,-3.5326243197006,-9.70627227454313,-9.71911145646031
"Conservancy_89","Kasika","Cheetah","Carnivore","Carnivore",,,,,,,,,,,,,,,,,,,,,,,,,,,
"Conservancy_89","Kasika","Damara dik dik","Browser","Shrub_Browser",20239,18906,19078,18768,18811,19102,19276,17839,17880,0,-1334,-1161,-1471,-1428,-1137,-963,-2400,-2359,0,-6.58971740092967,-5.73773547284689,-7.26746324873751,-7.05631406445338,-5.61880560288995,-4.75862073420661,-11.8575658264832,-11.6571339379472
"Conservancy_89","Kasika","Duiker","Browser","Woodland_Browser",8448,8041,8166,8036,8068,8124,8251,7639,7668,0,-407,-282,-411,-380,-323,-197,-809,-779,0,-4.81485634344854,-3.33252689221283,-4.86630509973843,-4.49893503688615,-3.82493009876226,-2.32832867761953,-9.5751500482561,-9.22642658177093
"Conservancy_89","Kasika","Eland","Mixed","Mixed_Open",412,384,380,376,375,388,384,357,356,0,-29,-32,-36,-37,-25,-28,-55,-56,0,-6.92615499778042,-7.83218550714664,-8.82355701011795,-9.0481012130915,-5.95982531729626,-6.87457915072095,-13.336840791631,-13.5499878081084
"Conservancy_89","Kasika","Elephant","Mixed","Large_Mixed",58,54,54,54,54,55,55,51,51,0,-3,-4,-4,-4,-3,-3,-7,-7,0,-5.83481071810469,-6.1017336926006,-6.9860681066602,-7.05222041162556,-4.85646963998376,-5.12596256723636,-11.5901725496772,-11.6529671631642
"Conservancy_89","Kasika","Gemsbok","Mixed","Arid_Mixed",413,358,347,338,335,362,351,321,318,0,-54,-65,-75,-78,-51,-62,-92,-94,0,-13.1731063857137,-15.7854571502303,-18.1658160821133,-18.8132426469384,-12.2744860804582,-14.9119887378059,-22.2172346909308,-22.8317998360259
"Conservancy_89","Kasika","Giraffe","Browser","Woodland_Browser",174,166,168,165,166,167,170,157,158,0,-8,-6,-8,-8,-7,-4,-17,-16,0,-4.81485634344853,-3.33252689221283,-4.86630509973843,-4.49893503688615,-3.82493009876225,-2.32832867761951,-9.57515004825609,-9.22642658177092
"Conservancy_89","Kasika","Hartmann's zebra","Grazer","Arid_Grazer",399,354,344,337,335,358,347,320,318,0,-44,-55,-62,-64,-41,-51,-78,-81,0,-11.1466209076269,-13.7529763197974,-15.4588522017623,-16.1047929208017,-10.2263236284354,-12.8577732097722,-19.6441323815012,-20.2572870978612
"Conservancy_89","Kasika","Hippopotamus","Grazer","Wetland_Grazer",344,335,334,335,334,338,337,318,318,0,-10,-11,-10,-10,-6,-7,-26,-26,0,-2.8203611699965,-3.12590154265999,-2.80666869136846,-2.8823916595762,-1.80964040605278,-2.11812254243852,-7.6174263352749,-7.68930583400413
"Conservancy_89","Kasika","Impala","Mixed","Mixed_Open",4124,3838,3801,3760,3750,3878,3840,3574,3565,0,-286,-323,-364,-373,-246,-283,-550,-559,0,-6.92615499778041,-7.83218550714663,-8.82355701011793,-9.0481012130915,-5.95982531729625,-6.87457915072094,-13.336840791631,-13.5499878081084
"Conservancy_89","Kasika","Klipspringer","Browser","Rocky_Browser",4741,4330,4373,4270,4281,4375,4418,4059,4069,0,-410,-368,-470,-460,-365,-323,-682,-672,0,-8.65750075826197,-7.76191542261986,-9.92428002085295,-9.70232447597044,-7.70861455164794,-6.80440645879838,-14.3829869754691,-14.1722972246056
"Conservancy_89","Kasika","Kudu","Browser","Woodland_Browser",778,741,752,740,743,748,760,704,706,0,-37,-26,-38,-35,-30,-18,-75,-72,0,-4.81485634344853,-3.33252689221283,-4.86630509973842,-4.49893503688614,-3.82493009876226,-2.32832867761951,-9.57515004825609,-9.22642658177092
"Conservancy_89","Kasika","Leopard","Carnivore","Carnivore",,,,,,,,,,,,,,,,,,,,,,,,,,,
"Conservancy_89","Kasika","Ostrich","Mixed","Mixed_Open",2062,1919,1900,1880,1875,1939,1920,1787,1782,0,-143,-161,-182,-187,-123,-142,-275,-279,0,-6.92615499778041,-7.83218550714663,-8.82355701011793,-9.0481012130915,-5.95982531729625,-6.87457915072094,-13.336840791631,-13.5499878081084
"Conservancy_89","Kasika","Red Hartebeest","Grazer","General_Grazer",2024,1909,1887,1878,1873,1929,1907,1785,1780,0,-115,-137,-146,-151,-95,-118,-239,-244,0,-5.69457061969613,-6.78295472753833,-7.20856058367287,-7.47829801469544,-4.71509418086885,-5.81395732575743,-11.8017092184063,-12.0577555909841
"Conservancy_89","Kasika","Red Lechwe","Grazer","Wetland_Grazer",6026,5856,5837,5857,5852,5917,5898,5567,5562,0,-170,-188,-169,-174,-109,-128,-459,-463,0,-2.82036116999648,-3.12590154265998,-2.80666869136844,-2.88239165957618,-1.80964040605276,-2.1181225424385,-7.61742633527489,-7.68930583400412
"Conservancy_89","Kasika","Reedbuck","Grazer","Wetland_Grazer",10712,10410,10378,10412,10404,10519,10485,9896,9889,0,-302,-335,-301,-309,-194,-227,-816,-824,0,-2.82036116999648,-3.12590154265997,-2.80666869136845,-2.88239165957619,-1.80964040605277,-2.11812254243852,-7.61742633527489,-7.68930583400412
"Conservancy_89","Kasika","Roan","Grazer","General_Grazer",1265,1193,1179,1174,1171,1206,1192,1116,1113,0,-72,-86,-91,-95,-60,-74,-149,-153,0,-5.69457061969614,-6.78295472753835,-7.20856058367287,-7.47829801469545,-4.71509418086885,-5.81395732575745,-11.8017092184063,-12.0577555909841
"Conservancy_89","Kasika","Sable","Grazer","General_Grazer",1518,1432,1415,1409,1405,1447,1430,1339,1335,0,-86,-103,-109,-114,-72,-88,-179,-183,0,-5.69457061969612,-6.78295472753832,-7.20856058367287,-7.47829801469545,-4.71509418086885,-5.81395732575743,-11.8017092184063,-12.0577555909841
"Conservancy_89","Kasika","Spotted Hyaena","Carnivore","Carnivore",,,,,,,,,,,,,,,,,,,,,,,,,,,
"Conservancy_89","Kasika","Springbok","Grazer","Arid_Grazer",2938,2611,2534,2484,2465,2638,2560,2361,2343,0,-327,-404,-454,-473,-300,-378,-577,-595,0,-11.1466209076269,-13.7529763197974,-15.4588522017623,-16.1047929208017,-10.2263236284354,-12.8577732097722,-19.6441323815012,-20.2572870978612
"Conservancy_89","Kasika","Steenbok","Browser","Shrub_Browser",10120,9453,9539,9384,9406,9551,9638,8920,8940,0,-667,-581,-735,-714,-569,-482,-1200,-1180,0,-6.58971740092967,-5.73773547284689,-7.26746324873751,-7.05631406445338,-5.61880560288995,-4.75862073420661,-11.8575658264832,-11.6571339379472
"Conservancy_89","Kasika","Vervet monkey","Omnivore","Omnivore",39494,37729,37707,37518,37513,38121,38099,35661,35656,0,-1766,-1787,-1976,-1982,-1373,-1395,-3833,-3838,0,-4.47059841032564,-4.52517431161909,-5.00418137767981,-5.01770708363653,-3.47752295787592,-3.5326243197006,-9.70627227454314,-9.71911145646031
"Conservancy_89","Kasika","Warthog","Grazer","General_Grazer",4338,4091,4044,4025,4014,4133,4086,3826,3815,0,-247,-294,-313,-324,-205,-252,-512,-523,0,-5.69457061969614,-6.78295472753833,-7.20856058367288,-7.47829801469546,-4.71509418086886,-5.81395732575745,-11.8017092184063,-12.0577555909841
"Conservancy_90","!Gawachab","Baboon","Omnivore","Omnivore",957,510,2162,336,1979,491,2077,302,1777,0,-446,1205,-621,1023,-466,1121,-655,820,0,-46.6585136382025,125.928571154685,-64.8934377230791,106.876467569359,-48.7148018913822,117.115453845653,-68.4835538001108,85.7462004893034
"Conservancy_90","!Gawachab","Black rhinoceros","Browser","Shrub_Browser",46,24,41,16,36,24,40,14,32,0,-21,-4,-30,-10,-22,-6,-31,-13,0,-46.5514669013139,-9.59125858961821,-64.8229851880741,-21.1521123463112,-48.6118817539308,-13.1076328320691,-68.4203059801842,-29.2088505362145
"Conservancy_90","!Gawachab","Black-backed Jackal","Carnivore","Carnivore",,,,,,,,,,,,,,,,,,,,,,,,,,,
"Conservancy_90","!Gawachab","Black-faced Impala","Mixed","Mixed_Open",626,346,2229,237,2068,333,2142,213,1857,0,-280,1604,-389,1442,-293,1517,-413,1231,0,-44.6888813566699,256.321743756662,-62.1312813222712,230.493240994853,-46.8223202137059,242.412716464381,-66.0037688865726,196.739626699465
"Conservancy_90","!Gawachab","Blue wildebeest","Grazer","General_Grazer",99,64,611,51,574,62,588,45,515,0,-35,513,-48,475,-37,489,-53,417,0,-35.0108203770759,520.290615196147,-48.769505969209,481.928560974575,-37.5231739241461,496.066653072595,-54.0079560994697,422.498288270045
"Conservancy_90","!Gawachab","Buffalo","Grazer","General_Grazer",43,28,269,22,252,27,259,20,227,0,-15,226,-21,209,-16,215,-23,183,0,-35.0108203770759,520.290615196147,-48.769505969209,481.928560974575,-37.5231739241461,496.066653072595,-54.0079560994697,422.498288270045
"Conservancy_90","!Gawachab","Burchell's zebra","Grazer","General_Grazer",68,44,420,35,394,42,404,31,354,0,-24,353,-33,327,-25,336,-37,286,0,-35.0108203770759,520.290615196147,-48.769505969209,481.928560974575,-37.5231739241461,496.066653072595,-54.0079560994697,422.498288270045
"Conservancy_90","!Gawachab","Bushpig","Omnivore","Omnivore",383,204,865,134,792,196,831,121,711,0,-179,482,-248,409,-186,448,-262,328,0,-46.6585136382025,125.928571154685,-64.8934377230791,106.876467569359,-48.7148018913821,117.115453845653,-68.4835538001107,85.7462004893034
"Conservancy_90","!Gawachab","Cheetah","Carnivore","Carnivore",,,,,,,,,,,,,,,,,,,,,,,,,,,
"Conservancy_90","!Gawachab","Damara dik dik","Browser","Shrub_Browser",9167,4900,8288,3225,7228,4711,7965,2895,6489,0,-4267,-879,-5942,-1939,-4456,-1202,-6272,-2678,0,-46.5514669013139,-9.59125858961822,-64.8229851880741,-21.1521123463112,-48.6118817539308,-13.1076328320691,-68.4203059801842,-29.2088505362145
"Conservancy_90","!Gawachab","Duiker","Browser","Woodland_Browser",1757,717,1519,315,1273,689,1460,282,1143,0,-1040,-238,-1442,-484,-1068,-297,-1475,-614,0,-59.2024241376544,-13.5487221368194,-82.0986631531982,-27.5250198272935,-60.7676885827694,-16.913226130262,-83.9299006023344,-34.9290026481632
"Conservancy_90","!Gawachab","Eland","Mixed","Mixed_Open",63,35,223,24,207,33,214,21,186,0,-28,160,-39,144,-29,152,-41,123,0,-44.6888813566699,256.321743756662,-62.1312813222712,230.493240994853,-46.8223202137059,242.412716464381,-66.0037688865726,196.739626699465
"Conservancy_90","!Gawachab","Elephant","Mixed","Large_Mixed",11,6,24,4,22,6,23,4,20,0,-5,13,-6,11,-5,12,-7,9,0,-42.3738313986508,120.485901667283,-59.0462238862423,102.625705933542,-44.5978162257529,111.886458190249,-63.2340976343167,81.9288281363502
"Conservancy_90","!Gawachab","Gemsbok","Mixed","Arid_Mixed",230,165,562,138,525,158,540,124,471,0,-66,332,-93,294,-72,310,-107,241,0,-28.5802091212138,144.006467326026,-40.1994357331463,127.721394312548,-31.3440764837668,134.490793684095,-46.3140062420062,104.459718141959
"Conservancy_90","!Gawachab","Giraffe","Browser","Woodland_Browser",36,15,31,6,26,14,30,6,24,0,-21,-5,-30,-10,-22,-6,-30,-13,0,-59.2024241376544,-13.5487221368194,-82.0986631531982,-27.5250198272935,-60.7676885827694,-16.913226130262,-83.9299006023344,-34.9290026481632
"Conservancy_90","!Gawachab","Hartmann's zebra","Grazer","Arid_Grazer",162,128,471,114,443,123,452,102,398,0,-34,309,-48,281,-39,290,-60,235,0,-21.0010257389278,190.38189962563,-29.8250010130829,173.118677157264,-24.0615580086856,179.055347786223,-37.0001436734537,145.220097791513
"Conservancy_90","!Gawachab","Hippopotamus","Grazer","Wetland_Grazer",2,1,41,0,38,1,39,0,34,0,-2,38,-2,36,-2,37,-2,32,0,-67.524361761111,1621.78802310747,-92.5477614447213,1515.95028906885,-68.7646738323425,1554.5054207036,-93.3107642700813,1350.9367520999
"Conservancy_90","!Gawachab","Impala","Mixed","Mixed_Open",626,346,2229,237,2068,333,2142,213,1857,0,-280,1604,-389,1442,-293,1517,-413,1231,0,-44.6888813566699,256.321743756662,-62.1312813222712,230.493240994853,-46.8223202137059,242.412716464381,-66.0037688865726,196.739626699465
"Conservancy_90","!Gawachab","Klipspringer","Browser","Rocky_Browser",5302,3866,4456,3274,4077,3716,4283,2939,3660,0,-1436,-846,-2028,-1226,-1586,-1019,-2363,-1642,0,-27.0915112035935,-15.9565478865763,-38.2561481679794,-23.1156039729018,-29.9135705255515,-19.2198234120515,-44.5693827566111,-30.9749035197548
"Conservancy_90","!Gawachab","Kudu","Browser","Woodland_Browser",162,66,140,29,117,63,134,26,105,0,-96,-22,-133,-45,-98,-27,-136,-57,0,-59.2024241376544,-13.5487221368194,-82.0986631531982,-27.5250198272935,-60.7676885827694,-16.913226130262,-83.9299006023344,-34.9290026481632
"Conservancy_90","!Gawachab","Leopard","Carnivore","Carnivore",,,,,,,,,,,,,,,,,,,,,,,,,,,
"Conservancy_90","!Gawachab","Ostrich","Mixed","Mixed_Open",313,173,1115,118,1034,166,1071,106,928,0,-140,802,-194,721,-146,758,-206,615,0,-44.6888813566699,256.321743756662,-62.1312813222712,230.493240994853,-46.8223202137059,242.412716464381,-66.0037688865726,196.739626699465
"Conservancy_90","!Gawachab","Red Hartebeest","Grazer","General_Grazer",145,94,897,74,841,90,862,66,755,0,-51,752,-71,697,-54,717,-78,611,0,-35.0108203770759,520.290615196147,-48.769505969209,481.928560974575,-37.5231739241461,496.066653072595,-54.0079560994697,422.498288270045
"Conservancy_90","!Gawachab","Red Lechwe","Grazer","Wetland_Grazer",41,13,709,3,665,13,681,3,597,0,-28,668,-38,624,-28,640,-38,556,0,-67.524361761111,1621.78802310747,-92.5477614447213,1515.95028906885,-68.7646738323425,1554.5054207036,-93.3107642700813,1350.9367520999
"Conservancy_90","!Gawachab","Reedbuck","Grazer","Wetland_Grazer",73,24,1260,5,1183,23,1211,5,1062,0,-49,1187,-68,1110,-50,1138,-68,989,0,-67.524361761111,1621.78802310747,-92.5477614447213,1515.95028906885,-68.7646738323425,1554.5054207036,-93.3107642700813,1350.9367520999
"Conservancy_90","!Gawachab","Roan","Grazer","General_Grazer",90,59,561,46,526,56,539,42,472,0,-32,470,-44,435,-34,448,-49,382,0,-35.0108203770759,520.290615196147,-48.769505969209,481.928560974575,-37.5231739241461,496.066653072595,-54.0079560994697,422.498288270045
"Conservancy_90","!Gawachab","Sable","Grazer","General_Grazer",108,70,673,56,631,68,646,50,567,0,-38,564,-53,523,-41,538,-59,458,0,-35.0108203770759,520.290615196147,-48.769505969209,481.928560974575,-37.5231739241461,496.066653072595,-54.0079560994697,422.498288270045
"Conservancy_90","!Gawachab","Spotted Hyaena","Carnivore","Carnivore",,,,,,,,,,,,,,,,,,,,,,,,,,,
"Conservancy_90","!Gawachab","Springbok","Grazer","Arid_Grazer",1195,944,3469,838,3263,907,3334,753,2930,0,-251,2275,-356,2068,-287,2139,-442,1735,0,-21.0010257389278,190.38189962563,-29.8250010130829,173.118677157264,-24.0615580086856,179.055347786223,-37.0001436734537,145.220097791513
"Conservancy_90","!Gawachab","Steenbok","Browser","Shrub_Browser",4584,2450,4144,1612,3614,2355,3983,1447,3245,0,-2134,-440,-2971,-970,-2228,-601,-3136,-1339,0,-46.5514669013139,-9.59125858961822,-64.8229851880741,-21.1521123463112,-48.6118817539308,-13.1076328320691,-68.4203059801842,-29.2088505362145
"Conservancy_90","!Gawachab","Vervet monkey","Omnivore","Omnivore",4593,2450,10376,1612,9501,2355,9972,1447,8531,0,-2143,5784,-2980,4909,-2237,5379,-3145,3938,0,-46.6585136382025,125.928571154685,-64.8934377230791,106.876467569359,-48.7148018913821,117.115453845654,-68.4835538001107,85.7462004893034
"Conservancy_90","!Gawachab","Warthog","Grazer","General_Grazer",310,201,1922,159,1803,194,1847,142,1619,0,-108,1612,-151,1493,-116,1537,-167,1309,0,-35.0108203770759,520.290615196147,-48.769505969209,481.928560974575,-37.5231739241461,496.066653072595,-54.0079560994697,422.498288270045
