"spatial_unit","unit_id","unit","climate_scenario","management_scenario","feeding_group","species_count","species_estimated","mean_species_capacity_animals","median_species_capacity_animals","mean_change_from_current_pct","median_change_from_current_pct"
"Conservancy","Conservancy_1","Okanguati","Current","Current","Browser",7,7,181680,145934,0,0
"Conservancy","Conservancy_1","Okanguati","Current","Current","Carnivore",4,0,,,,
"Conservancy","Conservancy_1","Okanguati","Current","Current","Grazer",12,12,8624,5295,0,0
"Conservancy","Conservancy_1","Okanguati","Current","Current","Mixed",6,6,19474,15096,0,0
"Conservancy","Conservancy_1","Okanguati","Current","Current","Omnivore",3,3,132477,64102,0,0
"Conservancy","Conservancy_1","Okanguati","SSP245_2050","With_Intervention","Browser",7,7,104526,81385,-43.0774050623546,-42.2473574460366
"Conservancy","Conservancy_1","Okanguati","SSP245_2050","With_Intervention","Carnivore",4,0,,,,
"Conservancy","Conservancy_1","Okanguati","SSP245_2050","With_Intervention","Grazer",12,12,20649,14394,169.317433664572,155.038638783968
"Conservancy","Conservancy_1","Okanguati","SSP245_2050","With_Intervention","Mixed",6,6,27099,20828,32.4386002393302,39.8647161377303
"Conservancy","Conservancy_1","Okanguati","SSP245_2050","With_Intervention","Omnivore",3,3,130511,63150,-1.48438283296939,-1.48438283296938
"Conservancy","Conservancy_1","Okanguati","SSP245_2050","Without_Intervention","Browser",7,7,181554,145790,-0.082772791315649,-0.0989874428836474
"Conservancy","Conservancy_1","Okanguati","SSP245_2050","Without_Intervention","Carnivore",4,0,,,,
"Conservancy","Conservancy_1","Okanguati","SSP245_2050","Without_Intervention","Grazer",12,12,8083,4994,-7.25890686735094,-6.76683422169489
"Conservancy","Conservancy_1","Okanguati","SSP245_2050","Without_Intervention","Mixed",6,6,18923,14674,-2.60916736115001,-2.85430069519046
"Conservancy","Conservancy_1","Okanguati","SSP245_2050","Without_Intervention","Omnivore",3,3,130484,63137,-1.50457871531955,-1.50457871531955
"Conservancy","Conservancy_1","Okanguati","SSP245_2090","With_Intervention","Browser",7,7,99980,77857,-45.5507434700543,-44.767037112871
"Conservancy","Conservancy_1","Okanguati","SSP245_2090","With_Intervention","Carnivore",4,0,,,,
"Conservancy","Conservancy_1","Okanguati","SSP245_2090","With_Intervention","Grazer",12,12,19709,13738,157.041222244278,143.421188114158
"Conservancy","Conservancy_1","Okanguati","SSP245_2090","With_Intervention","Mixed",6,6,25879,19890,26.479559437382,33.5642284661823
"Conservancy","Conservancy_1","Okanguati","SSP245_2090","With_Intervention","Omnivore",3,3,124692,60335,-5.87666248146223,-5.87666248146223
"Conservancy","Conservancy_1","Okanguati","SSP245_2090","Without_Intervention","Browser",7,7,173957,139712,-4.25864553376595,-4.26405626524407
"Conservancy","Conservancy_1","Okanguati","SSP245_2090","Without_Intervention","Carnivore",4,0,,,,
"Conservancy","Conservancy_1","Okanguati","SSP245_2090","Without_Intervention","Grazer",12,12,7648,4731,-12.4448917898194,-11.8856296719319
"Conservancy","Conservancy_1","Okanguati","SSP245_2090","Without_Intervention","Mixed",6,6,18033,13985,-7.14561083343845,-7.42466365176925
"Conservancy","Conservancy_1","Okanguati","SSP245_2090","Without_Intervention","Omnivore",3,3,124692,60335,-5.87666248146223,-5.87666248146223
"Conservancy","Conservancy_1","Okanguati","SSP585_2050","With_Intervention","Browser",7,7,101166,78768,-44.9075759516466,-44.1041927190655
"Conservancy","Conservancy_1","Okanguati","SSP585_2050","With_Intervention","Carnivore",4,0,,,,
"Conservancy","Conservancy_1","Okanguati","SSP585_2050","With_Intervention","Grazer",12,12,19985,13932,160.665545190777,146.845357632735
"Conservancy","Conservancy_1","Okanguati","SSP585_2050","With_Intervention","Mixed",6,6,26229,20159,28.1829984042681,35.370602354109
"Conservancy","Conservancy_1","Okanguati","SSP585_2050","With_Intervention","Omnivore",3,3,126316,61121,-4.65044153490986,-4.65044153490986
"Conservancy","Conservancy_1","Okanguati","SSP585_2050","Without_Intervention","Browser",7,7,175718,141103,-3.29457832631959,-3.31028877291696
"Conservancy","Conservancy_1","Okanguati","SSP585_2050","Without_Intervention","Carnivore",4,0,,,,
"Conservancy","Conservancy_1","Okanguati","SSP585_2050","Without_Intervention","Grazer",12,12,7824,4834,-10.2365146569222,-9.76049665299854
"Conservancy","Conservancy_1","Okanguati","SSP585_2050","Without_Intervention","Mixed",6,6,18315,14203,-5.73851056076673,-5.9756402049412
"Conservancy","Conservancy_1","Okanguati","SSP585_2050","Without_Intervention","Omnivore",3,3,126290,61108,-4.66999016251357,-4.66999016251357
"Conservancy","Conservancy_1","Okanguati","SSP585_2090","With_Intervention","Browser",7,7,96237,74942,-47.5892911872443,-46.8349032457321
"Conservancy","Conservancy_1","Okanguati","SSP585_2090","With_Intervention","Carnivore",4,0,,,,
"Conservancy","Conservancy_1","Okanguati","SSP585_2090","With_Intervention","Grazer",12,12,18971,13224,147.423577814457,134.313077844198
"Conservancy","Conservancy_1","Okanguati","SSP585_2090","With_Intervention","Mixed",6,6,24910,19146,21.7463110369955,28.5659378912701
"Conservancy","Conservancy_1","Okanguati","SSP585_2090","With_Intervention","Omnivore",3,3,120025,58077,-9.39944303844226,-9.39944303844226
"Conservancy","Conservancy_1","Okanguati","SSP585_2090","Without_Intervention","Browser",7,7,167445,134481,-7.84286260550423,-7.84809409073633
"Conservancy","Conservancy_1","Okanguati","SSP585_2090","Without_Intervention","Carnivore",4,0,,,,
"Conservancy","Conservancy_1","Okanguati","SSP585_2090","Without_Intervention","Grazer",12,12,7362,4554,-15.7182353587792,-15.1802065831669
"Conservancy","Conservancy_1","Okanguati","SSP585_2090","Without_Intervention","Mixed",6,6,17358,13462,-10.6201826873034,-10.888634645212
"Conservancy","Conservancy_1","Okanguati","SSP585_2090","Without_Intervention","Omnivore",3,3,120025,58077,-9.39944303844226,-9.39944303844226
"Conservancy","Conservancy_10","Salambala","Current","Current","Browser",7,7,93548,88725,0,0
"Conservancy","Conservancy_10","Salambala","Current","Current","Carnivore",4,0,,,,
"Conservancy","Conservancy_10","Salambala","Current","Current","Grazer",12,12,11957,7276,0,0
"Conservancy","Conservancy_10","Salambala","Current","Current","Mixed",6,6,14978,11026,0,0
"Conservancy","Conservancy_10","Salambala","Current","Current","Omnivore",3,3,106232,51402,0,0
"Conservancy","Conservancy_10","Salambala","SSP245_2050","With_Intervention","Browser",7,7,84336,84687,-7.00409430694915,-11.0607043123229
"Conservancy","Conservancy_10","Salambala","SSP245_2050","With_Intervention","Carnivore",4,0,,,,
"Conservancy","Conservancy_10","Salambala","SSP245_2050","With_Intervention","Grazer",12,12,10726,6507,-10.3421399546632,-10.55955831531
"Conservancy","Conservancy_10","Salambala","SSP245_2050","With_Intervention","Mixed",6,6,13407,9731,-10.814277578548,-10.092219174223
"Conservancy","Conservancy_10","Salambala","SSP245_2050","With_Intervention","Omnivore",3,3,99627,48206,-6.21744939025808,-6.21744939025808
"Conservancy","Conservancy_10","Salambala","SSP245_2050","Without_Intervention","Browser",7,7,97151,88368,2.51075111738824,4.39546445930837
"Conservancy","Conservancy_10","Salambala","SSP245_2050","Without_Intervention","Carnivore",4,0,,,,
"Conservancy","Conservancy_10","Salambala","SSP245_2050","Without_Intervention","Grazer",12,12,10380,6168,-13.7421909979408,-15.2192020456038
"Conservancy","Conservancy_10","Salambala","SSP245_2050","Without_Intervention","Mixed",6,6,13657,10085,-7.99529311505794,-8.94731840157508
"Conservancy","Conservancy_10","Salambala","SSP245_2050","Without_Intervention","Omnivore",3,3,100945,48844,-4.97672269543463,-4.97672269543463
"Conservancy","Conservancy_10","Salambala","SSP245_2090","With_Intervention","Browser",7,7,84551,85147,-6.96989597996196,-10.7499418602228
"Conservancy","Conservancy_10","Salambala","SSP245_2090","With_Intervention","Carnivore",4,0,,,,
"Conservancy","Conservancy_10","Salambala","SSP245_2090","With_Intervention","Grazer",12,12,10581,6405,-11.6124261708541,-11.970546980862
"Conservancy","Conservancy_10","Salambala","SSP245_2090","With_Intervention","Mixed",6,6,13276,9640,-11.6081434172988,-10.9864932466513
"Conservancy","Conservancy_10","Salambala","SSP245_2090","With_Intervention","Omnivore",3,3,98968,47888,-6.83757926548479,-6.83757926548479
"Conservancy","Conservancy_10","Salambala","SSP245_2090","Without_Intervention","Browser",7,7,98977,89047,4.08960411025042,6.49648459595789
"Conservancy","Conservancy_10","Salambala","SSP245_2090","Without_Intervention","Carnivore",4,0,,,,
"Conservancy","Conservancy_10","Salambala","SSP245_2090","Without_Intervention","Grazer",12,12,10027,5912,-16.8547206938915,-18.7452773137268
"Conservancy","Conservancy_10","Salambala","SSP245_2090","Without_Intervention","Mixed",6,6,13405,9909,-9.43558894254841,-10.6607647527994
"Conservancy","Conservancy_10","Salambala","SSP245_2090","Without_Intervention","Omnivore",3,3,100327,48545,-5.55787459828845,-5.55787459828845
"Conservancy","Conservancy_10","Salambala","SSP585_2050","With_Intervention","Browser",7,7,84190,83551,-6.28034898834031,-11.5991023446628
"Conservancy","Conservancy_10","Salambala","SSP585_2050","With_Intervention","Carnivore",4,0,,,,
"Conservancy","Conservancy_10","Salambala","SSP585_2050","With_Intervention","Grazer",12,12,10542,6384,-11.9158930441364,-12.248748949238
"Conservancy","Conservancy_10","Salambala","SSP585_2050","With_Intervention","Mixed",6,6,13231,9558,-12.0391565110063,-11.145160308254
"Conservancy","Conservancy_10","Salambala","SSP585_2050","With_Intervention","Omnivore",3,3,100074,48423,-5.79653766716064,-5.79653766716064
"Conservancy","Conservancy_10","Salambala","SSP585_2050","Without_Intervention","Browser",7,7,97902,89045,3.30137754458347,5.20292524871396
"Conservancy","Conservancy_10","Salambala","SSP585_2050","Without_Intervention","Carnivore",4,0,,,,
"Conservancy","Conservancy_10","Salambala","SSP585_2050","Without_Intervention","Grazer",12,12,10455,6213,-13.1193662508272,-14.6030274732471
"Conservancy","Conservancy_10","Salambala","SSP585_2050","Without_Intervention","Mixed",6,6,13759,10161,-7.30032761501028,-8.26260840647722
"Conservancy","Conservancy_10","Salambala","SSP585_2050","Without_Intervention","Omnivore",3,3,101698,49209,-4.26753506238361,-4.26753506238361
"Conservancy","Conservancy_10","Salambala","SSP585_2090","With_Intervention","Browser",7,7,79529,79193,-11.6951554506819,-16.397122400497
"Conservancy","Conservancy_10","Salambala","SSP585_2090","With_Intervention","Carnivore",4,0,,,,
"Conservancy","Conservancy_10","Salambala","SSP585_2090","With_Intervention","Grazer",12,12,9804,5923,-18.1370307158328,-18.5925931675103
"Conservancy","Conservancy_10","Salambala","SSP585_2090","With_Intervention","Mixed",6,6,12347,8925,-17.8437822063404,-17.1007990146555
"Conservancy","Conservancy_10","Salambala","SSP585_2090","With_Intervention","Omnivore",3,3,93663,45321,-11.831475774771,-11.831475774771
"Conservancy","Conservancy_10","Salambala","SSP585_2090","Without_Intervention","Browser",7,7,93917,84501,-1.2299860256885,1.05130713932814
"Conservancy","Conservancy_10","Salambala","SSP585_2090","Without_Intervention","Carnivore",4,0,,,,
"Conservancy","Conservancy_10","Salambala","SSP585_2090","Without_Intervention","Grazer",12,12,9519,5612,-21.0716799891381,-22.8699921577333
"Conservancy","Conservancy_10","Salambala","SSP585_2090","Without_Intervention","Mixed",6,6,12722,9404,-14.0544232874385,-15.2145126791755
"Conservancy","Conservancy_10","Salambala","SSP585_2090","Without_Intervention","Omnivore",3,3,95220,46074,-10.3654804658434,-10.3654804658434
"Conservancy","Conservancy_11","Doro !nawas Area2","Current","Current","Browser",7,7,49484,33819,0,0
"Conservancy","Conservancy_11","Doro !nawas Area2","Current","Current","Carnivore",4,0,,,,
"Conservancy","Conservancy_11","Doro !nawas Area2","Current","Current","Grazer",12,12,5688,3483,0,0
"Conservancy","Conservancy_11","Doro !nawas Area2","Current","Current","Mixed",6,6,8161,6543,0,0
"Conservancy","Conservancy_11","Doro !nawas Area2","Current","Current","Omnivore",3,3,44367,21468,0,0
"Conservancy","Conservancy_11","Doro !nawas Area2","SSP245_2050","With_Intervention","Browser",7,7,46822,31964,-5.50749720291137,-5.48561753649429
"Conservancy","Conservancy_11","Doro !nawas Area2","SSP245_2050","With_Intervention","Carnivore",4,0,,,,
"Conservancy","Conservancy_11","Doro !nawas Area2","SSP245_2050","With_Intervention","Grazer",12,12,16790,11669,220.807088774625,216.428733854147
"Conservancy","Conservancy_11","Doro !nawas Area2","SSP245_2050","With_Intervention","Mixed",6,6,19456,15072,127.052904431831,141.702658917115
"Conservancy","Conservancy_11","Doro !nawas Area2","SSP245_2050","With_Intervention","Omnivore",3,3,82573,39955,86.1110790941096,86.1110790941096
"Conservancy","Conservancy_11","Doro !nawas Area2","SSP245_2050","Without_Intervention","Browser",7,7,44380,29716,-10.9345868722214,-10.8440609610362
"Conservancy","Conservancy_11","Doro !nawas Area2","SSP245_2050","Without_Intervention","Carnivore",4,0,,,,
"Conservancy","Conservancy_11","Doro !nawas Area2","SSP245_2050","Without_Intervention","Grazer",12,12,4804,2909,-16.8941969077524,-16.785224377774
"Conservancy","Conservancy_11","Doro !nawas Area2","SSP245_2050","Without_Intervention","Mixed",6,6,6953,5619,-14.2944354449504,-15.0636664714866
"Conservancy","Conservancy_11","Doro !nawas Area2","SSP245_2050","Without_Intervention","Omnivore",3,3,38359,18561,-13.5430519712747,-13.5430519712747
"Conservancy","Conservancy_11","Doro !nawas Area2","SSP245_2090","With_Intervention","Browser",7,7,44828,30619,-9.51474080762828,-9.46297830760995
"Conservancy","Conservancy_11","Doro !nawas Area2","SSP245_2090","With_Intervention","Carnivore",4,0,,,,
"Conservancy","Conservancy_11","Doro !nawas Area2","SSP245_2090","With_Intervention","Grazer",12,12,16003,11122,205.736530829807,201.572373885134
"Conservancy","Conservancy_11","Doro !nawas Area2","SSP245_2090","With_Intervention","Mixed",6,6,18555,14375,116.562104029019,130.505625728068
"Conservancy","Conservancy_11","Doro !nawas Area2","SSP245_2090","With_Intervention","Omnivore",3,3,78810,38134,77.6301557462136,77.6301557462136
"Conservancy","Conservancy_11","Doro !nawas Area2","SSP245_2090","Without_Intervention","Browser",7,7,41992,28049,-15.7954632811154,-15.7006890588849
"Conservancy","Conservancy_11","Doro !nawas Area2","SSP245_2090","Without_Intervention","Carnivore",4,0,,,,
"Conservancy","Conservancy_11","Doro !nawas Area2","SSP245_2090","Without_Intervention","Grazer",12,12,4507,2733,-22.1978074903745,-22.0806339744836
"Conservancy","Conservancy_11","Doro !nawas Area2","SSP245_2090","Without_Intervention","Mixed",6,6,6533,5285,-19.4070961121372,-20.2270748918103
"Conservancy","Conservancy_11","Doro !nawas Area2","SSP245_2090","Without_Intervention","Omnivore",3,3,36118,17476,-18.5944413701261,-18.5944413701261
"Conservancy","Conservancy_11","Doro !nawas Area2","SSP585_2050","With_Intervention","Browser",7,7,45418,31002,-8.3450178379911,-8.32839828909142
"Conservancy","Conservancy_11","Doro !nawas Area2","SSP585_2050","With_Intervention","Carnivore",4,0,,,,
"Conservancy","Conservancy_11","Doro !nawas Area2","SSP585_2050","With_Intervention","Grazer",12,12,16292,11323,211.278790572203,207.029853217676
"Conservancy","Conservancy_11","Doro !nawas Area2","SSP585_2050","With_Intervention","Mixed",6,6,18877,14624,120.296864898608,134.512035323606
"Conservancy","Conservancy_11","Doro !nawas Area2","SSP585_2050","With_Intervention","Omnivore",3,3,80112,38764,80.5641867409386,80.5641867409386
"Conservancy","Conservancy_11","Doro !nawas Area2","SSP585_2050","Without_Intervention","Browser",7,7,43026,28803,-13.6576895295481,-13.5672859172902
"Conservancy","Conservancy_11","Doro !nawas Area2","SSP585_2050","Without_Intervention","Carnivore",4,0,,,,
"Conservancy","Conservancy_11","Doro !nawas Area2","SSP585_2050","Without_Intervention","Grazer",12,12,4663,2824,-19.316650563204,-19.2133647942855
"Conservancy","Conservancy_11","Doro !nawas Area2","SSP585_2050","Without_Intervention","Mixed",6,6,6746,5452,-16.8441219817947,-17.5860276429771
"Conservancy","Conservancy_11","Doro !nawas Area2","SSP585_2050","Without_Intervention","Omnivore",3,3,37206,18003,-16.1404270071071,-16.1404270071071
"Conservancy","Conservancy_11","Doro !nawas Area2","SSP585_2090","With_Intervention","Browser",7,7,41539,28374,-16.1523494406075,-16.1009724800187
"Conservancy","Conservancy_11","Doro !nawas Area2","SSP585_2090","With_Intervention","Carnivore",4,0,,,,
"Conservancy","Conservancy_11","Doro !nawas Area2","SSP585_2090","With_Intervention","Grazer",12,12,14826,10303,183.233985760064,179.376763055458
"Conservancy","Conservancy_11","Doro !nawas Area2","SSP585_2090","With_Intervention","Mixed",6,6,17190,13318,100.631719340857,113.548642713962
"Conservancy","Conservancy_11","Doro !nawas Area2","SSP585_2090","With_Intervention","Omnivore",3,3,73016,35330,64.5701578328098,64.5701578328098
"Conservancy","Conservancy_11","Doro !nawas Area2","SSP585_2090","Without_Intervention","Browser",7,7,38928,26007,-21.9356434985357,-21.8494825809519
"Conservancy","Conservancy_11","Doro !nawas Area2","SSP585_2090","Without_Intervention","Carnivore",4,0,,,,
"Conservancy","Conservancy_11","Doro !nawas Area2","SSP585_2090","Without_Intervention","Grazer",12,12,4175,2532,-27.9295632221155,-27.8197551793059
"Conservancy","Conservancy_11","Doro !nawas Area2","SSP585_2090","Without_Intervention","Mixed",6,6,6053,4897,-25.3191435436195,-26.0801816873592
"Conservancy","Conservancy_11","Doro !nawas Area2","SSP585_2090","Without_Intervention","Omnivore",3,3,33474,16197,-24.5526793854563,-24.5526793854563
"Conservancy","Conservancy_12","Doro !nawas/Uibasen Twyfelfontein/Sorris Sorri JMA","Current","Current","Browser",7,7,2302,997,0,0
"Conservancy","Conservancy_12","Doro !nawas/Uibasen Twyfelfontein/Sorris Sorri JMA","Current","Current","Carnivore",4,0,,,,
"Conservancy","Conservancy_12","Doro !nawas/Uibasen Twyfelfontein/Sorris Sorri JMA","Current","Current","Grazer",12,12,286,163,0,0
"Conservancy","Conservancy_12","Doro !nawas/Uibasen Twyfelfontein/Sorris Sorri JMA","Current","Current","Mixed",6,6,345,305,0,0
"Conservancy","Conservancy_12","Doro !nawas/Uibasen Twyfelfontein/Sorris Sorri JMA","Current","Current","Omnivore",3,3,1790,866,0,0
"Conservancy","Conservancy_12","Doro !nawas/Uibasen Twyfelfontein/Sorris Sorri JMA","SSP245_2050","With_Intervention","Browser",7,7,3513,2052,75.8769803827425,67.3565830055008
"Conservancy","Conservancy_12","Doro !nawas/Uibasen Twyfelfontein/Sorris Sorri JMA","SSP245_2050","With_Intervention","Carnivore",4,0,,,,
"Conservancy","Conservancy_12","Doro !nawas/Uibasen Twyfelfontein/Sorris Sorri JMA","SSP245_2050","With_Intervention","Grazer",12,12,1583,1093,632.117166031447,569.680139025557
"Conservancy","Conservancy_12","Doro !nawas/Uibasen Twyfelfontein/Sorris Sorri JMA","SSP245_2050","With_Intervention","Mixed",6,6,1758,1372,374.734135238181,434.920749686252
"Conservancy","Conservancy_12","Doro !nawas/Uibasen Twyfelfontein/Sorris Sorri JMA","SSP245_2050","With_Intervention","Omnivore",3,3,7135,3452,298.546767473898,298.546767473898
"Conservancy","Conservancy_12","Doro !nawas/Uibasen Twyfelfontein/Sorris Sorri JMA","SSP245_2050","Without_Intervention","Browser",7,7,1446,295,-51.2579011974964,-43.3569656135653
"Conservancy","Conservancy_12","Doro !nawas/Uibasen Twyfelfontein/Sorris Sorri JMA","SSP245_2050","Without_Intervention","Carnivore",4,0,,,,
"Conservancy","Conservancy_12","Doro !nawas/Uibasen Twyfelfontein/Sorris Sorri JMA","SSP245_2050","Without_Intervention","Grazer",12,12,152,63,-62.5393756510523,-57.7536400371827
"Conservancy","Conservancy_12","Doro !nawas/Uibasen Twyfelfontein/Sorris Sorri JMA","SSP245_2050","Without_Intervention","Mixed",6,6,156,160,-52.1730586697028,-58.060947663842
"Conservancy","Conservancy_12","Doro !nawas/Uibasen Twyfelfontein/Sorris Sorri JMA","SSP245_2050","Without_Intervention","Omnivore",3,3,825,399,-53.9442936424143,-53.9442936424143
"Conservancy","Conservancy_12","Doro !nawas/Uibasen Twyfelfontein/Sorris Sorri JMA","SSP245_2090","With_Intervention","Browser",7,7,3343,1951,67.2706982728822,59.2011290144798
"Conservancy","Conservancy_12","Doro !nawas/Uibasen Twyfelfontein/Sorris Sorri JMA","SSP245_2090","With_Intervention","Carnivore",4,0,,,,
"Conservancy","Conservancy_12","Doro !nawas/Uibasen Twyfelfontein/Sorris Sorri JMA","SSP245_2090","With_Intervention","Grazer",12,12,1504,1039,595.788105859459,536.474834346922
"Conservancy","Conservancy_12","Doro !nawas/Uibasen Twyfelfontein/Sorris Sorri JMA","SSP245_2090","With_Intervention","Mixed",6,6,1671,1305,351.250367594741,408.4214985995
"Conservancy","Conservancy_12","Doro !nawas/Uibasen Twyfelfontein/Sorris Sorri JMA","SSP245_2090","With_Intervention","Omnivore",3,3,6782,3282,278.848913606599,278.848913606599
"Conservancy","Conservancy_12","Doro !nawas/Uibasen Twyfelfontein/Sorris Sorri JMA","SSP245_2090","Without_Intervention","Browser",7,7,1337,246,-56.1008008974135,-48.1532825160794
"Conservancy","Conservancy_12","Doro !nawas/Uibasen Twyfelfontein/Sorris Sorri JMA","SSP245_2090","Without_Intervention","Carnivore",4,0,,,,
"Conservancy","Conservancy_12","Doro !nawas/Uibasen Twyfelfontein/Sorris Sorri JMA","SSP245_2090","Without_Intervention","Grazer",12,12,139,56,-67.0547461897277,-62.2822764776867
"Conservancy","Conservancy_12","Doro !nawas/Uibasen Twyfelfontein/Sorris Sorri JMA","SSP245_2090","Without_Intervention","Mixed",6,6,140,146,-56.8056229088598,-62.6892348053158
"Conservancy","Conservancy_12","Doro !nawas/Uibasen Twyfelfontein/Sorris Sorri JMA","SSP245_2090","Without_Intervention","Omnivore",3,3,740,358,-58.6438625538162,-58.6438625538162
"Conservancy","Conservancy_12","Doro !nawas/Uibasen Twyfelfontein/Sorris Sorri JMA","SSP585_2050","With_Intervention","Browser",7,7,3429,2003,71.6442137263825,63.3289675817632
"Conservancy","Conservancy_12","Doro !nawas/Uibasen Twyfelfontein/Sorris Sorri JMA","SSP585_2050","With_Intervention","Carnivore",4,0,,,,
"Conservancy","Conservancy_12","Doro !nawas/Uibasen Twyfelfontein/Sorris Sorri JMA","SSP585_2050","With_Intervention","Grazer",12,12,1545,1067,614.496174151851,553.561985994593
"Conservancy","Conservancy_12","Doro !nawas/Uibasen Twyfelfontein/Sorris Sorri JMA","SSP585_2050","With_Intervention","Mixed",6,6,1716,1339,363.308180951995,422.046111279034
"Conservancy","Conservancy_12","Doro !nawas/Uibasen Twyfelfontein/Sorris Sorri JMA","SSP585_2050","With_Intervention","Omnivore",3,3,6963,3369,288.954546788381,288.954546788381
"Conservancy","Conservancy_12","Doro !nawas/Uibasen Twyfelfontein/Sorris Sorri JMA","SSP585_2050","Without_Intervention","Browser",7,7,1412,288,-52.4339691213008,-44.7225959783628
"Conservancy","Conservancy_12","Doro !nawas/Uibasen Twyfelfontein/Sorris Sorri JMA","SSP585_2050","Without_Intervention","Carnivore",4,0,,,,
"Conservancy","Conservancy_12","Doro !nawas/Uibasen Twyfelfontein/Sorris Sorri JMA","SSP585_2050","Without_Intervention","Grazer",12,12,148,61,-63.4445064948749,-58.7736203329491
"Conservancy","Conservancy_12","Doro !nawas/Uibasen Twyfelfontein/Sorris Sorri JMA","SSP585_2050","Without_Intervention","Mixed",6,6,152,157,-53.3270233779878,-59.0736213007429
"Conservancy","Conservancy_12","Doro !nawas/Uibasen Twyfelfontein/Sorris Sorri JMA","SSP585_2050","Without_Intervention","Omnivore",3,3,805,389,-55.0558005458662,-55.0558005458662
"Conservancy","Conservancy_12","Doro !nawas/Uibasen Twyfelfontein/Sorris Sorri JMA","SSP585_2090","With_Intervention","Browser",7,7,3092,1805,54.7412740127131,47.2758894260946
"Conservancy","Conservancy_12","Doro !nawas/Uibasen Twyfelfontein/Sorris Sorri JMA","SSP585_2090","With_Intervention","Carnivore",4,0,,,,
"Conservancy","Conservancy_12","Doro !nawas/Uibasen Twyfelfontein/Sorris Sorri JMA","SSP585_2090","With_Intervention","Grazer",12,12,1392,961,543.674015667104,488.803069659889
"Conservancy","Conservancy_12","Doro !nawas/Uibasen Twyfelfontein/Sorris Sorri JMA","SSP585_2090","With_Intervention","Mixed",6,6,1546,1207,317.451420663705,370.340697922336
"Conservancy","Conservancy_12","Doro !nawas/Uibasen Twyfelfontein/Sorris Sorri JMA","SSP585_2090","With_Intervention","Omnivore",3,3,6274,3036,250.472747725763,250.472747725763
"Conservancy","Conservancy_12","Doro !nawas/Uibasen Twyfelfontein/Sorris Sorri JMA","SSP585_2090","Without_Intervention","Browser",7,7,1237,227,-59.3899326689585,-52.0378792561743
"Conservancy","Conservancy_12","Doro !nawas/Uibasen Twyfelfontein/Sorris Sorri JMA","SSP585_2090","Without_Intervention","Carnivore",4,0,,,,
"Conservancy","Conservancy_12","Doro !nawas/Uibasen Twyfelfontein/Sorris Sorri JMA","SSP585_2090","Without_Intervention","Grazer",12,12,129,52,-69.5231575330818,-65.1082634050948
"Conservancy","Conservancy_12","Doro !nawas/Uibasen Twyfelfontein/Sorris Sorri JMA","SSP585_2090","Without_Intervention","Mixed",6,6,129,135,-60.0419461436086,-65.4847305257665
"Conservancy","Conservancy_12","Doro !nawas/Uibasen Twyfelfontein/Sorris Sorri JMA","SSP585_2090","Without_Intervention","Omnivore",3,3,685,331,-61.7424563414786,-61.7424563414786
"Conservancy","Conservancy_13","Kwandu","Current","Current","Browser",7,7,21801,20172,0,0
"Conservancy","Conservancy_13","Kwandu","Current","Current","Carnivore",4,0,,,,
"Conservancy","Conservancy_13","Kwandu","Current","Current","Grazer",12,12,2187,1426,0,0
"Conservancy","Conservancy_13","Kwandu","Current","Current","Mixed",6,6,3312,2489,0,0
"Conservancy","Conservancy_13","Kwandu","Current","Current","Omnivore",3,3,21641,10471,0,0
"Conservancy","Conservancy_13","Kwandu","SSP245_2050","With_Intervention","Browser",7,7,19566,19704,-7.70429197041839,-11.3004163191159
"Conservancy","Conservancy_13","Kwandu","SSP245_2050","With_Intervention","Carnivore",4,0,,,,
"Conservancy","Conservancy_13","Kwandu","SSP245_2050","With_Intervention","Grazer",12,12,1888,1224,-13.1033118542749,-14.1810719185646
"Conservancy","Conservancy_13","Kwandu","SSP245_2050","With_Intervention","Mixed",6,6,2889,2142,-12.8809630131872,-12.4273105313701
"Conservancy","Conservancy_13","Kwandu","SSP245_2050","With_Intervention","Omnivore",3,3,19967,9661,-7.7339230428017,-7.7339230428017
"Conservancy","Conservancy_13","Kwandu","SSP245_2050","Without_Intervention","Browser",7,7,21360,19302,-2.76017927139159,-1.70481570046023
"Conservancy","Conservancy_13","Kwandu","SSP245_2050","Without_Intervention","Carnivore",4,0,,,,
"Conservancy","Conservancy_13","Kwandu","SSP245_2050","Without_Intervention","Grazer",12,12,1917,1229,-12.5061023974754,-13.8114612219672
"Conservancy","Conservancy_13","Kwandu","SSP245_2050","Without_Intervention","Mixed",6,6,2995,2254,-9.06445511538997,-9.61969257302333
"Conservancy","Conservancy_13","Kwandu","SSP245_2050","Without_Intervention","Omnivore",3,3,20210,9779,-6.60912873292042,-6.60912873292043
"Conservancy","Conservancy_13","Kwandu","SSP245_2090","With_Intervention","Browser",7,7,20019,18505,-8.20716034096654,-8.24486483311044
"Conservancy","Conservancy_13","Kwandu","SSP245_2090","With_Intervention","Carnivore",4,0,,,,
"Conservancy","Conservancy_13","Kwandu","SSP245_2090","With_Intervention","Grazer",12,12,2020,1308,-7.53214804306927,-8.27435284188591
"Conservancy","Conservancy_13","Kwandu","SSP245_2090","With_Intervention","Mixed",6,6,3027,2272,-8.59695364251375,-8.56766497187491
"Conservancy","Conservancy_13","Kwandu","SSP245_2090","With_Intervention","Omnivore",3,3,19946,9651,-7.83089153350616,-7.83089153350616
"Conservancy","Conservancy_13","Kwandu","SSP245_2090","Without_Intervention","Browser",7,7,21638,19344,-1.82756877263714,-0.293085636835626
"Conservancy","Conservancy_13","Kwandu","SSP245_2090","Without_Intervention","Carnivore",4,0,,,,
"Conservancy","Conservancy_13","Kwandu","SSP245_2090","Without_Intervention","Grazer",12,12,1843,1176,-16.0612016097133,-17.5890588168475
"Conservancy","Conservancy_13","Kwandu","SSP245_2090","Without_Intervention","Mixed",6,6,2936,2212,-10.6409868844718,-11.4580607178558
"Conservancy","Conservancy_13","Kwandu","SSP245_2090","Without_Intervention","Omnivore",3,3,20012,9683,-7.52652097041308,-7.52652097041309
"Conservancy","Conservancy_13","Kwandu","SSP585_2050","With_Intervention","Browser",7,7,19061,19306,-8.34792234645965,-14.3170655576112
"Conservancy","Conservancy_13","Kwandu","SSP585_2050","With_Intervention","Carnivore",4,0,,,,
"Conservancy","Conservancy_13","Kwandu","SSP585_2050","With_Intervention","Grazer",12,12,1821,1184,-15.8381260126539,-17.0259938617123
"Conservancy","Conservancy_13","Kwandu","SSP585_2050","With_Intervention","Mixed",6,6,2806,2064,-15.5161289024161,-14.715936481303
"Conservancy","Conservancy_13","Kwandu","SSP585_2050","With_Intervention","Omnivore",3,3,19914,9636,-7.97963794675967,-7.97963794675966
"Conservancy","Conservancy_13","Kwandu","SSP585_2050","Without_Intervention","Browser",7,7,21439,19374,-2.39949817616664,-1.34009679357672
"Conservancy","Conservancy_13","Kwandu","SSP585_2050","Without_Intervention","Carnivore",4,0,,,,
"Conservancy","Conservancy_13","Kwandu","SSP585_2050","Without_Intervention","Grazer",12,12,1924,1234,-12.1831773067034,-13.4895332575322
"Conservancy","Conservancy_13","Kwandu","SSP585_2050","Without_Intervention","Mixed",6,6,3007,2262,-8.72397347375462,-9.28142076235713
"Conservancy","Conservancy_13","Kwandu","SSP585_2050","Without_Intervention","Omnivore",3,3,20285,9815,-6.2641891413364,-6.26418914133639
"Conservancy","Conservancy_13","Kwandu","SSP585_2090","With_Intervention","Browser",7,7,18189,18513,-12.8822794590827,-18.1005079879024
"Conservancy","Conservancy_13","Kwandu","SSP585_2090","With_Intervention","Carnivore",4,0,,,,
"Conservancy","Conservancy_13","Kwandu","SSP585_2090","With_Intervention","Grazer",12,12,1658,1074,-23.4397538181052,-24.734870019082
"Conservancy","Conservancy_13","Kwandu","SSP585_2090","With_Intervention","Mixed",6,6,2599,1913,-21.5855336096365,-21.0415836169046
"Conservancy","Conservancy_13","Kwandu","SSP585_2090","With_Intervention","Omnivore",3,3,18612,9006,-13.9933119880245,-13.9933119880245
"Conservancy","Conservancy_13","Kwandu","SSP585_2090","Without_Intervention","Browser",7,7,20504,18331,-6.96999500505473,-5.51683269007896
"Conservancy","Conservancy_13","Kwandu","SSP585_2090","Without_Intervention","Carnivore",4,0,,,,
"Conservancy","Conservancy_13","Kwandu","SSP585_2090","Without_Intervention","Grazer",12,12,1746,1114,-20.4517342087759,-21.8987259261163
"Conservancy","Conservancy_13","Kwandu","SSP585_2090","Without_Intervention","Mixed",6,6,2782,2096,-15.3177627551449,-16.0916288658387
"Conservancy","Conservancy_13","Kwandu","SSP585_2090","Without_Intervention","Omnivore",3,3,18964,9176,-12.3678040685928,-12.3678040685928
"Conservancy","Conservancy_14","Orupembe","Current","Current","Browser",7,7,112461,73504,0,0
"Conservancy","Conservancy_14","Orupembe","Current","Current","Carnivore",4,0,,,,
"Conservancy","Conservancy_14","Orupembe","Current","Current","Grazer",12,12,7113,4014,0,0
"Conservancy","Conservancy_14","Orupembe","Current","Current","Mixed",6,6,12236,10249,0,0
"Conservancy","Conservancy_14","Orupembe","Current","Current","Omnivore",3,3,78095,37788,0,0
"Conservancy","Conservancy_14","Orupembe","SSP245_2050","With_Intervention","Browser",7,7,120783,80658,8.23255506780134,9.73365082884814
"Conservancy","Conservancy_14","Orupembe","SSP245_2050","With_Intervention","Carnivore",4,0,,,,
"Conservancy","Conservancy_14","Orupembe","SSP245_2050","With_Intervention","Grazer",12,12,43964,30495,773.038162505922,648.628917906202
"Conservancy","Conservancy_14","Orupembe","SSP245_2050","With_Intervention","Mixed",6,6,50682,39337,282.707675527976,327.17853534731
"Conservancy","Conservancy_14","Orupembe","SSP245_2050","With_Intervention","Omnivore",3,3,214230,103660,174.31851551914,174.31851551914
"Conservancy","Conservancy_14","Orupembe","SSP245_2050","Without_Intervention","Browser",7,7,107201,68644,-5.37564790186398,-5.19398112010703
"Conservancy","Conservancy_14","Orupembe","SSP245_2050","Without_Intervention","Carnivore",4,0,,,,
"Conservancy","Conservancy_14","Orupembe","SSP245_2050","Without_Intervention","Grazer",12,12,6461,3288,-13.6908818604548,-11.7370251431996
"Conservancy","Conservancy_14","Orupembe","SSP245_2050","Without_Intervention","Mixed",6,6,11196,9481,-7.93201150565971,-8.90699301198868
"Conservancy","Conservancy_14","Orupembe","SSP245_2050","Without_Intervention","Omnivore",3,3,72442,35053,-7.23900876137402,-7.23900876137402
"Conservancy","Conservancy_14","Orupembe","SSP245_2090","With_Intervention","Browser",7,7,113302,75507,1.45265167525072,2.72587450906333
"Conservancy","Conservancy_14","Orupembe","SSP245_2090","With_Intervention","Carnivore",4,0,,,,
"Conservancy","Conservancy_14","Orupembe","SSP245_2090","With_Intervention","Grazer",12,12,41498,28785,724.11641051733,606.633822537795
"Conservancy","Conservancy_14","Orupembe","SSP245_2090","With_Intervention","Mixed",6,6,47792,37096,260.854715315655,302.816693142845
"Conservancy","Conservancy_14","Orupembe","SSP245_2090","With_Intervention","Omnivore",3,3,201783,97637,158.380190433806,158.380190433806
"Conservancy","Conservancy_14","Orupembe","SSP245_2090","Without_Intervention","Browser",7,7,99972,63737,-11.893338442084,-11.6846615632199
"Conservancy","Conservancy_14","Orupembe","SSP245_2090","Without_Intervention","Carnivore",4,0,,,,
"Conservancy","Conservancy_14","Orupembe","SSP245_2090","Without_Intervention","Grazer",12,12,6009,3039,-20.2989282418408,-18.2526837360918
"Conservancy","Conservancy_14","Orupembe","SSP245_2090","Without_Intervention","Mixed",6,6,10397,8821,-14.4268468437678,-15.4705895686017
"Conservancy","Conservancy_14","Orupembe","SSP245_2090","Without_Intervention","Omnivore",3,3,67331,32579,-13.7837660545373,-13.7837660545373
"Conservancy","Conservancy_14","Orupembe","SSP585_2050","With_Intervention","Browser",7,7,118117,78859,5.83453363190906,7.286015080347
"Conservancy","Conservancy_14","Orupembe","SSP585_2050","With_Intervention","Carnivore",4,0,,,,
"Conservancy","Conservancy_14","Orupembe","SSP585_2050","With_Intervention","Grazer",12,12,43022,29842,754.336356070177,632.587892748034
"Conservancy","Conservancy_14","Orupembe","SSP585_2050","With_Intervention","Mixed",6,6,49591,38490,274.464692650887,317.980446684212
"Conservancy","Conservancy_14","Orupembe","SSP585_2050","With_Intervention","Omnivore",3,3,209592,101415,168.379115771531,168.379115771531
"Conservancy","Conservancy_14","Orupembe","SSP585_2050","Without_Intervention","Browser",7,7,104688,66986,-7.61792027954415,-7.43299641942673
"Conservancy","Conservancy_14","Orupembe","SSP585_2050","Without_Intervention","Carnivore",4,0,,,,
"Conservancy","Conservancy_14","Orupembe","SSP585_2050","Without_Intervention","Grazer",12,12,6314,3210,-15.6949965943395,-13.7730551889075
"Conservancy","Conservancy_14","Orupembe","SSP585_2050","Without_Intervention","Mixed",6,6,10934,9261,-10.0839566375984,-11.0506693801476
"Conservancy","Conservancy_14","Orupembe","SSP585_2050","Without_Intervention","Omnivore",3,3,70731,34225,-9.43021664693463,-9.43021664693463
"Conservancy","Conservancy_14","Orupembe","SSP585_2090","With_Intervention","Browser",7,7,109228,72805,-2.18883462761151,-0.949903651458936
"Conservancy","Conservancy_14","Orupembe","SSP585_2090","With_Intervention","Carnivore",4,0,,,,
"Conservancy","Conservancy_14","Orupembe","SSP585_2090","With_Intervention","Grazer",12,12,39986,27736,694.091168052711,580.891747602522
"Conservancy","Conservancy_14","Orupembe","SSP585_2090","With_Intervention","Mixed",6,6,46055,35747,247.738434703834,288.173332731951
"Conservancy","Conservancy_14","Orupembe","SSP585_2090","With_Intervention","Omnivore",3,3,194465,94096,149.010006968687,149.010006968687
"Conservancy","Conservancy_14","Orupembe","SSP585_2090","Without_Intervention","Browser",7,7,96479,61544,-14.9547345849916,-14.7586595008172
"Conservancy","Conservancy_14","Orupembe","SSP585_2090","Without_Intervention","Carnivore",4,0,,,,
"Conservancy","Conservancy_14","Orupembe","SSP585_2090","Without_Intervention","Grazer",12,12,5796,2932,-23.1093136720577,-21.1422800407945
"Conservancy","Conservancy_14","Orupembe","SSP585_2090","Without_Intervention","Mixed",6,6,10033,8511,-17.4254697032421,-18.423243767387
"Conservancy","Conservancy_14","Orupembe","SSP585_2090","Without_Intervention","Omnivore",3,3,64986,31445,-16.7869745612037,-16.7869745612037
"Conservancy","Conservancy_15","Mayuni","Current","Current","Browser",7,7,19728,17392,0,0
"Conservancy","Conservancy_15","Mayuni","Current","Current","Carnivore",4,0,,,,
"Conservancy","Conservancy_15","Mayuni","Current","Current","Grazer",12,12,1476,966,0,0
"Conservancy","Conservancy_15","Mayuni","Current","Current","Mixed",6,6,2578,1957,0,0
"Conservancy","Conservancy_15","Mayuni","Current","Current","Omnivore",3,3,17214,8329,0,0
"Conservancy","Conservancy_15","Mayuni","SSP245_2050","With_Intervention","Browser",7,7,17793,15696,-9.79159731365411,-9.81178657033189
"Conservancy","Conservancy_15","Mayuni","SSP245_2050","With_Intervention","Carnivore",4,0,,,,
"Conservancy","Conservancy_15","Mayuni","SSP245_2050","With_Intervention","Grazer",12,12,1480,977,0.535310039138076,1.09597547083127
"Conservancy","Conservancy_15","Mayuni","SSP245_2050","With_Intervention","Mixed",6,6,2476,1880,-4.38859392413672,-3.96918174205127
"Conservancy","Conservancy_15","Mayuni","SSP245_2050","With_Intervention","Omnivore",3,3,16056,7769,-6.72537919645968,-6.72537919645968
"Conservancy","Conservancy_15","Mayuni","SSP245_2050","Without_Intervention","Browser",7,7,19964,16994,0.0577291798834703,1.6266484273251
"Conservancy","Conservancy_15","Mayuni","SSP245_2050","Without_Intervention","Carnivore",4,0,,,,
"Conservancy","Conservancy_15","Mayuni","SSP245_2050","Without_Intervention","Grazer",12,12,1213,779,-18.8503505848171,-19.3945481349167
"Conservancy","Conservancy_15","Mayuni","SSP245_2050","Without_Intervention","Mixed",6,6,2326,1775,-8.91649036270679,-9.97433575535751
"Conservancy","Conservancy_15","Mayuni","SSP245_2050","Without_Intervention","Omnivore",3,3,16123,7801,-6.34062693860096,-6.34062693860096
"Conservancy","Conservancy_15","Mayuni","SSP245_2090","With_Intervention","Browser",7,7,18295,15389,-8.65956074432617,-6.71418648783376
"Conservancy","Conservancy_15","Mayuni","SSP245_2090","With_Intervention","Carnivore",4,0,,,,
"Conservancy","Conservancy_15","Mayuni","SSP245_2090","With_Intervention","Grazer",12,12,1471,964,-0.588603782772802,-0.191202229875591
"Conservancy","Conservancy_15","Mayuni","SSP245_2090","With_Intervention","Mixed",6,6,2484,1897,-3.80462757645306,-3.85257854056507
"Conservancy","Conservancy_15","Mayuni","SSP245_2090","With_Intervention","Omnivore",3,3,15974,7729,-7.20436750347585,-7.20436750347585
"Conservancy","Conservancy_15","Mayuni","SSP245_2090","Without_Intervention","Browser",7,7,20327,17088,1.47114081146773,3.62935675832794
"Conservancy","Conservancy_15","Mayuni","SSP245_2090","Without_Intervention","Carnivore",4,0,,,,
"Conservancy","Conservancy_15","Mayuni","SSP245_2090","Without_Intervention","Grazer",12,12,1140,724,-24.1770272804817,-25.105175858608
"Conservancy","Conservancy_15","Mayuni","SSP245_2090","Without_Intervention","Mixed",6,6,2268,1735,-10.8487272982477,-12.2907334955828
"Conservancy","Conservancy_15","Mayuni","SSP245_2090","Without_Intervention","Omnivore",3,3,15974,7729,-7.20436750347585,-7.20436750347585
"Conservancy","Conservancy_15","Mayuni","SSP585_2050","With_Intervention","Browser",7,7,17750,15660,-10.0050017866748,-10.0294665021277
"Conservancy","Conservancy_15","Mayuni","SSP585_2050","With_Intervention","Carnivore",4,0,,,,
"Conservancy","Conservancy_15","Mayuni","SSP585_2050","With_Intervention","Grazer",12,12,1496,989,1.69397292596667,2.31012799614044
"Conservancy","Conservancy_15","Mayuni","SSP585_2050","With_Intervention","Mixed",6,6,2490,1890,-3.90036724250191,-3.42505818140498
"Conservancy","Conservancy_15","Mayuni","SSP585_2050","With_Intervention","Omnivore",3,3,16090,7786,-6.52881582164561,-6.52881582164561
"Conservancy","Conservancy_15","Mayuni","SSP585_2050","Without_Intervention","Browser",7,7,20006,17030,0.269811359758108,1.84267412549285
"Conservancy","Conservancy_15","Mayuni","SSP585_2050","Without_Intervention","Carnivore",4,0,,,,
"Conservancy","Conservancy_15","Mayuni","SSP585_2050","Without_Intervention","Grazer",12,12,1216,781,-18.6842437524078,-19.2287202247479
"Conservancy","Conservancy_15","Mayuni","SSP585_2050","Without_Intervention","Mixed",6,6,2331,1779,-8.72532325964993,-9.78575816733019
"Conservancy","Conservancy_15","Mayuni","SSP585_2050","Without_Intervention","Omnivore",3,3,16156,7818,-6.14426407535909,-6.14426407535909
"Conservancy","Conservancy_15","Mayuni","SSP585_2090","With_Intervention","Browser",7,7,17022,14786,-14.1310523829403,-13.5479903080605
"Conservancy","Conservancy_15","Mayuni","SSP585_2090","With_Intervention","Carnivore",4,0,,,,
"Conservancy","Conservancy_15","Mayuni","SSP585_2090","With_Intervention","Grazer",12,12,1362,895,-7.6810641898481,-7.39302440322828
"Conservancy","Conservancy_15","Mayuni","SSP585_2090","With_Intervention","Mixed",6,6,2310,1757,-10.6054860572035,-10.4580023630701
"Conservancy","Conservancy_15","Mayuni","SSP585_2090","With_Intervention","Omnivore",3,3,15063,7288,-12.497081957662,-12.497081957662
"Conservancy","Conservancy_15","Mayuni","SSP585_2090","Without_Intervention","Browser",7,7,19243,16177,-3.93851503314609,-1.8955730123956
"Conservancy","Conservancy_15","Mayuni","SSP585_2090","Without_Intervention","Carnivore",4,0,,,,
"Conservancy","Conservancy_15","Mayuni","SSP585_2090","Without_Intervention","Grazer",12,12,1079,685,-28.2160559280413,-29.0959369613928
"Conservancy","Conservancy_15","Mayuni","SSP585_2090","Without_Intervention","Mixed",6,6,2147,1642,-15.6010941982223,-16.9660610232953
"Conservancy","Conservancy_15","Mayuni","SSP585_2090","Without_Intervention","Omnivore",3,3,15122,7317,-12.1503098319047,-12.1503098319047
"Conservancy","Conservancy_16","Uibasen Twyfelfontein","Current","Current","Browser",7,7,5064,2583,0,0
"Conservancy","Conservancy_16","Uibasen Twyfelfontein","Current","Current","Carnivore",4,0,,,,
"Conservancy","Conservancy_16","Uibasen Twyfelfontein","Current","Current","Grazer",12,12,993,607,0,0
"Conservancy","Conservancy_16","Uibasen Twyfelfontein","Current","Current","Mixed",6,6,1172,965,0,0
"Conservancy","Conservancy_16","Uibasen Twyfelfontein","Current","Current","Omnivore",3,3,5469,2647,0,0
"Conservancy","Conservancy_16","Uibasen Twyfelfontein","SSP245_2050","With_Intervention","Browser",7,7,7520,4716,62.6487937552841,59.2263720852629
"Conservancy","Conservancy_16","Uibasen Twyfelfontein","SSP245_2050","With_Intervention","Carnivore",4,0,,,,
"Conservancy","Conservancy_16","Uibasen Twyfelfontein","SSP245_2050","With_Intervention","Grazer",12,12,3409,2367,274.454560003846,272.370532150323
"Conservancy","Conservancy_16","Uibasen Twyfelfontein","SSP245_2050","With_Intervention","Mixed",6,6,3816,2963,211.58612862182,233.014693283054
"Conservancy","Conservancy_16","Uibasen Twyfelfontein","SSP245_2050","With_Intervention","Omnivore",3,3,15542,7520,184.156378569097,184.156378569097
"Conservancy","Conservancy_16","Uibasen Twyfelfontein","SSP245_2050","Without_Intervention","Browser",7,7,3642,1419,-34.9621878897383,-31.4505218366893
"Conservancy","Conservancy_16","Uibasen Twyfelfontein","SSP245_2050","Without_Intervention","Carnivore",4,0,,,,
"Conservancy","Conservancy_16","Uibasen Twyfelfontein","SSP245_2050","Without_Intervention","Grazer",12,12,793,481,-21.9143297398451,-22.0494468068492
"Conservancy","Conservancy_16","Uibasen Twyfelfontein","SSP245_2050","Without_Intervention","Mixed",6,6,881,742,-24.4210867534989,-25.5293389613808
"Conservancy","Conservancy_16","Uibasen Twyfelfontein","SSP245_2050","Without_Intervention","Omnivore",3,3,3947,1910,-27.8348583744829,-27.8348583744829
"Conservancy","Conservancy_16","Uibasen Twyfelfontein","SSP245_2090","With_Intervention","Browser",7,7,7003,4356,50.9159138397368,48.0528937676668
"Conservancy","Conservancy_16","Uibasen Twyfelfontein","SSP245_2090","With_Intervention","Carnivore",4,0,,,,
"Conservancy","Conservancy_16","Uibasen Twyfelfontein","SSP245_2090","With_Intervention","Grazer",12,12,3203,2224,251.731699318854,249.755114765088
"Conservancy","Conservancy_16","Uibasen Twyfelfontein","SSP245_2090","With_Intervention","Mixed",6,6,3580,2781,192.265452005137,212.333075302954
"Conservancy","Conservancy_16","Uibasen Twyfelfontein","SSP245_2090","With_Intervention","Omnivore",3,3,14553,7042,166.082116170742,166.082116170742
"Conservancy","Conservancy_16","Uibasen Twyfelfontein","SSP245_2090","Without_Intervention","Browser",7,7,3155,1086,-45.9030164017961,-41.7768755987338
"Conservancy","Conservancy_16","Uibasen Twyfelfontein","SSP245_2090","Without_Intervention","Carnivore",4,0,,,,
"Conservancy","Conservancy_16","Uibasen Twyfelfontein","SSP245_2090","Without_Intervention","Grazer",12,12,676,413,-34.5567610024453,-34.6761974065475
"Conservancy","Conservancy_16","Uibasen Twyfelfontein","SSP245_2090","Without_Intervention","Mixed",6,6,737,630,-36.3430300067977,-38.0063421284259
"Conservancy","Conservancy_16","Uibasen Twyfelfontein","SSP245_2090","Without_Intervention","Omnivore",3,3,3292,1593,-39.8082876058183,-39.8082876058183
"Conservancy","Conservancy_16","Uibasen Twyfelfontein","SSP585_2050","With_Intervention","Browser",7,7,7325,4594,58.4382206658235,55.1031038017791
"Conservancy","Conservancy_16","Uibasen Twyfelfontein","SSP585_2050","With_Intervention","Carnivore",4,0,,,,
"Conservancy","Conservancy_16","Uibasen Twyfelfontein","SSP585_2050","With_Intervention","Grazer",12,12,3320,2306,264.742448467822,262.712554971127
"Conservancy","Conservancy_16","Uibasen Twyfelfontein","SSP585_2050","With_Intervention","Mixed",6,6,3717,2886,203.506406282224,224.379413426057
"Conservancy","Conservancy_16","Uibasen Twyfelfontein","SSP585_2050","With_Intervention","Omnivore",3,3,15139,7325,176.789865638275,176.789865638275
"Conservancy","Conservancy_16","Uibasen Twyfelfontein","SSP585_2050","Without_Intervention","Browser",7,7,3548,1383,-36.6367880858351,-33.2177982277021
"Conservancy","Conservancy_16","Uibasen Twyfelfontein","SSP585_2050","Without_Intervention","Carnivore",4,0,,,,
"Conservancy","Conservancy_16","Uibasen Twyfelfontein","SSP585_2050","Without_Intervention","Grazer",12,12,773,468,-23.9149783336323,-24.0467100978417
"Conservancy","Conservancy_16","Uibasen Twyfelfontein","SSP585_2050","Without_Intervention","Mixed",6,6,858,723,-26.3609020740258,-27.4382482002168
"Conservancy","Conservancy_16","Uibasen Twyfelfontein","SSP585_2050","Without_Intervention","Omnivore",3,3,3846,1861,-29.6870874838327,-29.6870874838327
"Conservancy","Conservancy_16","Uibasen Twyfelfontein","SSP585_2090","With_Intervention","Browser",7,7,6483,4032,39.7010123784523,37.0521746305188
"Conservancy","Conservancy_16","Uibasen Twyfelfontein","SSP585_2090","With_Intervention","Carnivore",4,0,,,,
"Conservancy","Conservancy_16","Uibasen Twyfelfontein","SSP585_2090","With_Intervention","Grazer",12,12,2965,2058,225.597922407212,223.768178298691
"Conservancy","Conservancy_16","Uibasen Twyfelfontein","SSP585_2090","With_Intervention","Mixed",6,6,3314,2574,170.550047653704,189.12585163731
"Conservancy","Conservancy_16","Uibasen Twyfelfontein","SSP585_2090","With_Intervention","Omnivore",3,3,13472,6519,146.311219522041,146.311219522041
"Conservancy","Conservancy_16","Uibasen Twyfelfontein","SSP585_2090","Without_Intervention","Browser",7,7,2921,1005,-49.9343562399613,-46.1125697541405
"Conservancy","Conservancy_16","Uibasen Twyfelfontein","SSP585_2090","Without_Intervention","Carnivore",4,0,,,,
"Conservancy","Conservancy_16","Uibasen Twyfelfontein","SSP585_2090","Without_Intervention","Grazer",12,12,625,382,-39.4470573839669,-39.5574664719937
"Conservancy","Conservancy_16","Uibasen Twyfelfontein","SSP585_2090","Without_Intervention","Mixed",6,6,682,583,-41.0951588064302,-42.6377773979639
"Conservancy","Conservancy_16","Uibasen Twyfelfontein","SSP585_2090","Without_Intervention","Omnivore",3,3,3046,1474,-44.3017927904922,-44.3017927904922
"Conservancy","Conservancy_17","Oskop","Current","Current","Browser",7,7,4458,3218,0,0
"Conservancy","Conservancy_17","Oskop","Current","Current","Carnivore",4,0,,,,
"Conservancy","Conservancy_17","Oskop","Current","Current","Grazer",12,12,2467,1741,0,0
"Conservancy","Conservancy_17","Oskop","Current","Current","Mixed",6,6,2763,2116,0,0
"Conservancy","Conservancy_17","Oskop","Current","Current","Omnivore",3,3,11059,5351,0,0
"Conservancy","Conservancy_17","Oskop","SSP245_2050","With_Intervention","Browser",7,7,4138,2978,-7.28252325147894,-7.14023406016674
"Conservancy","Conservancy_17","Oskop","SSP245_2050","With_Intervention","Carnivore",4,0,,,,
"Conservancy","Conservancy_17","Oskop","SSP245_2050","With_Intervention","Grazer",12,12,2349,1658,-4.75540759903324,-4.75650892559336
"Conservancy","Conservancy_17","Oskop","SSP245_2050","With_Intervention","Mixed",6,6,2625,2010,-5.05169365091158,-4.99906672680111
"Conservancy","Conservancy_17","Oskop","SSP245_2050","With_Intervention","Omnivore",3,3,10471,5067,-5.32025254661833,-5.32025254661833
"Conservancy","Conservancy_17","Oskop","SSP245_2050","Without_Intervention","Browser",7,7,4138,2978,-7.28252325147894,-7.14023406016674
"Conservancy","Conservancy_17","Oskop","SSP245_2050","Without_Intervention","Carnivore",4,0,,,,
"Conservancy","Conservancy_17","Oskop","SSP245_2050","Without_Intervention","Grazer",12,12,2349,1658,-4.75540759903324,-4.75650892559336
"Conservancy","Conservancy_17","Oskop","SSP245_2050","Without_Intervention","Mixed",6,6,2625,2010,-5.05169365091158,-4.99906672680111
"Conservancy","Conservancy_17","Oskop","SSP245_2050","Without_Intervention","Omnivore",3,3,10471,5067,-5.32025254661833,-5.32025254661833
"Conservancy","Conservancy_17","Oskop","SSP245_2090","With_Intervention","Browser",7,7,4010,2886,-10.1466987499673,-10.0088050753338
"Conservancy","Conservancy_17","Oskop","SSP245_2090","With_Intervention","Carnivore",4,0,,,,
"Conservancy","Conservancy_17","Oskop","SSP245_2090","With_Intervention","Grazer",12,12,2277,1607,-7.69764931532011,-7.69871662032724
"Conservancy","Conservancy_17","Oskop","SSP245_2090","With_Intervention","Mixed",6,6,2544,1948,-7.98478266718879,-7.93378146405223
"Conservancy","Conservancy_17","Oskop","SSP245_2090","With_Intervention","Omnivore",3,3,10147,4910,-8.24504539440647,-8.24504539440646
"Conservancy","Conservancy_17","Oskop","SSP245_2090","Without_Intervention","Browser",7,7,4010,2886,-10.1466987499673,-10.0088050753338
"Conservancy","Conservancy_17","Oskop","SSP245_2090","Without_Intervention","Carnivore",4,0,,,,
"Conservancy","Conservancy_17","Oskop","SSP245_2090","Without_Intervention","Grazer",12,12,2277,1607,-7.69764931532011,-7.69871662032724
"Conservancy","Conservancy_17","Oskop","SSP245_2090","Without_Intervention","Mixed",6,6,2544,1948,-7.98478266718879,-7.93378146405223
"Conservancy","Conservancy_17","Oskop","SSP245_2090","Without_Intervention","Omnivore",3,3,10147,4910,-8.24504539440647,-8.24504539440646
"Conservancy","Conservancy_17","Oskop","SSP585_2050","With_Intervention","Browser",7,7,4019,2892,-9.94207814319348,-9.80387044684927
"Conservancy","Conservancy_17","Oskop","SSP585_2050","With_Intervention","Carnivore",4,0,,,,
"Conservancy","Conservancy_17","Oskop","SSP585_2050","With_Intervention","Grazer",12,12,2282,1611,-7.48745155139834,-7.48852128695165
"Conservancy","Conservancy_17","Oskop","SSP585_2050","With_Intervention","Mixed",6,6,2549,1952,-7.77523878464773,-7.72412143778594
"Conservancy","Conservancy_17","Oskop","SSP585_2050","With_Intervention","Omnivore",3,3,10170,4921,-8.03609420146529,-8.03609420146529
"Conservancy","Conservancy_17","Oskop","SSP585_2050","Without_Intervention","Browser",7,7,4019,2892,-9.94207814319348,-9.80387044684927
"Conservancy","Conservancy_17","Oskop","SSP585_2050","Without_Intervention","Carnivore",4,0,,,,
"Conservancy","Conservancy_17","Oskop","SSP585_2050","Without_Intervention","Grazer",12,12,2282,1611,-7.48745155139834,-7.48852128695165
"Conservancy","Conservancy_17","Oskop","SSP585_2050","Without_Intervention","Mixed",6,6,2549,1952,-7.77523878464773,-7.72412143778594
"Conservancy","Conservancy_17","Oskop","SSP585_2050","Without_Intervention","Omnivore",3,3,10170,4921,-8.03609420146529,-8.03609420146529
"Conservancy","Conservancy_17","Oskop","SSP585_2090","With_Intervention","Browser",7,7,3660,2634,-17.9816646844415,-17.8557949669504
"Conservancy","Conservancy_17","Oskop","SSP585_2090","With_Intervention","Carnivore",4,0,,,,
"Conservancy","Conservancy_17","Oskop","SSP585_2090","With_Intervention","Grazer",12,12,2078,1467,-15.7461657663069,-15.7471400051912
"Conservancy","Conservancy_17","Oskop","SSP585_2090","With_Intervention","Mixed",6,6,2322,1778,-16.0082618630136,-15.9617078274672
"Conservancy","Conservancy_17","Oskop","SSP585_2090","With_Intervention","Omnivore",3,3,9263,4482,-16.2458303811884,-16.2458303811884
"Conservancy","Conservancy_17","Oskop","SSP585_2090","Without_Intervention","Browser",7,7,3660,2634,-17.9816646844415,-17.8557949669504
"Conservancy","Conservancy_17","Oskop","SSP585_2090","Without_Intervention","Carnivore",4,0,,,,
"Conservancy","Conservancy_17","Oskop","SSP585_2090","Without_Intervention","Grazer",12,12,2078,1467,-15.7461657663069,-15.7471400051912
"Conservancy","Conservancy_17","Oskop","SSP585_2090","Without_Intervention","Mixed",6,6,2322,1778,-16.0082618630136,-15.9617078274672
"Conservancy","Conservancy_17","Oskop","SSP585_2090","Without_Intervention","Omnivore",3,3,9263,4482,-16.2458303811884,-16.2458303811884
"Conservancy","Conservancy_18","//Huab","Current","Current","Browser",7,7,225863,179002,0,0
"Conservancy","Conservancy_18","//Huab","Current","Current","Carnivore",4,0,,,,
"Conservancy","Conservancy_18","//Huab","Current","Current","Grazer",12,12,13215,8008,0,0
"Conservancy","Conservancy_18","//Huab","Current","Current","Mixed",6,6,26558,20647,0,0
"Conservancy","Conservancy_18","//Huab","Current","Current","Omnivore",3,3,172132,83290,0,0
"Conservancy","Conservancy_18","//Huab","SSP245_2050","With_Intervention","Browser",7,7,138346,106250,-39.4098582278785,-38.6090475081971
"Conservancy","Conservancy_18","//Huab","SSP245_2050","With_Intervention","Carnivore",4,0,,,,
"Conservancy","Conservancy_18","//Huab","SSP245_2050","With_Intervention","Grazer",12,12,30144,21009,149.849013520644,141.111110917867
"Conservancy","Conservancy_18","//Huab","SSP245_2050","With_Intervention","Mixed",6,6,38618,29716,38.7019530211459,46.2127645980289
"Conservancy","Conservancy_18","//Huab","SSP245_2050","With_Intervention","Omnivore",3,3,181863,87998,5.65309861568034,5.65309861568034
"Conservancy","Conservancy_18","//Huab","SSP245_2050","Without_Intervention","Browser",7,7,228966,181962,1.45907135579539,1.39651396243397
"Conservancy","Conservancy_18","//Huab","SSP245_2050","Without_Intervention","Carnivore",4,0,,,,
"Conservancy","Conservancy_18","//Huab","SSP245_2050","Without_Intervention","Grazer",12,12,11876,7268,-11.4973808497812,-10.9015287349399
"Conservancy","Conservancy_18","//Huab","SSP245_2050","Without_Intervention","Mixed",6,6,25408,19761,-3.90066515244364,-4.36356903484409
"Conservancy","Conservancy_18","//Huab","SSP245_2050","Without_Intervention","Omnivore",3,3,169390,81963,-1.59329161578554,-1.59329161578554
"Conservancy","Conservancy_18","//Huab","SSP245_2090","With_Intervention","Browser",7,7,133316,102461,-41.6006541406497,-40.8949177268704
"Conservancy","Conservancy_18","//Huab","SSP245_2090","With_Intervention","Carnivore",4,0,,,,
"Conservancy","Conservancy_18","//Huab","SSP245_2090","With_Intervention","Grazer",12,12,28873,20123,139.297580666769,130.945273754079
"Conservancy","Conservancy_18","//Huab","SSP245_2090","With_Intervention","Mixed",6,6,37042,28502,33.0583738258353,40.2463279929614
"Conservancy","Conservancy_18","//Huab","SSP245_2090","With_Intervention","Omnivore",3,3,174675,84520,1.47729814991991,1.47729814991991
"Conservancy","Conservancy_18","//Huab","SSP245_2090","Without_Intervention","Browser",7,7,221584,176211,-1.79336175324881,-1.86298481791529
"Conservancy","Conservancy_18","//Huab","SSP245_2090","Without_Intervention","Carnivore",4,0,,,,
"Conservancy","Conservancy_18","//Huab","SSP245_2090","Without_Intervention","Grazer",12,12,11259,6901,-16.3179699764876,-15.650329485723
"Conservancy","Conservancy_18","//Huab","SSP245_2090","Without_Intervention","Mixed",6,6,24358,18945,-7.80353530201613,-8.31523435639185
"Conservancy","Conservancy_18","//Huab","SSP245_2090","Without_Intervention","Omnivore",3,3,163163,78950,-5.21056389514885,-5.21056389514885
"Conservancy","Conservancy_18","//Huab","SSP585_2050","With_Intervention","Browser",7,7,133927,102854,-41.345348629946,-40.5673091753936
"Conservancy","Conservancy_18","//Huab","SSP585_2050","With_Intervention","Carnivore",4,0,,,,
"Conservancy","Conservancy_18","//Huab","SSP585_2050","With_Intervention","Grazer",12,12,29184,20340,141.894642186724,133.434643990526
"Conservancy","Conservancy_18","//Huab","SSP585_2050","With_Intervention","Mixed",6,6,37388,28769,34.2824185308617,41.5539647935916
"Conservancy","Conservancy_18","//Huab","SSP585_2050","With_Intervention","Omnivore",3,3,176064,85192,2.2842426973976,2.2842426973976
"Conservancy","Conservancy_18","//Huab","SSP585_2050","Without_Intervention","Browser",7,7,221636,176134,-1.78935915439419,-1.84994956811024
"Conservancy","Conservancy_18","//Huab","SSP585_2050","Without_Intervention","Carnivore",4,0,,,,
"Conservancy","Conservancy_18","//Huab","SSP585_2050","Without_Intervention","Grazer",12,12,11496,7035,-14.3292545694979,-13.7525305934952
"Conservancy","Conservancy_18","//Huab","SSP585_2050","Without_Intervention","Mixed",6,6,24594,19129,-6.97662561571549,-7.42527983754715
"Conservancy","Conservancy_18","//Huab","SSP585_2050","Without_Intervention","Omnivore",3,3,163966,79338,-4.74398940016313,-4.74398940016313
"Conservancy","Conservancy_18","//Huab","SSP585_2090","With_Intervention","Browser",7,7,123717,95085,-45.8052562503964,-45.1517829875568
"Conservancy","Conservancy_18","//Huab","SSP585_2090","With_Intervention","Carnivore",4,0,,,,
"Conservancy","Conservancy_18","//Huab","SSP585_2090","With_Intervention","Grazer",12,12,26792,18672,122.047717681397,114.29771810116
"Conservancy","Conservancy_18","//Huab","SSP585_2090","With_Intervention","Mixed",6,6,34373,26448,23.4697756353682,30.1395841252949
"Conservancy","Conservancy_18","//Huab","SSP585_2090","With_Intervention","Omnivore",3,3,162090,78431,-5.83368884366527,-5.83368884366527
"Conservancy","Conservancy_18","//Huab","SSP585_2090","Without_Intervention","Browser",7,7,205638,163532,-8.86038918343372,-8.92501342433604
"Conservancy","Conservancy_18","//Huab","SSP585_2090","Without_Intervention","Carnivore",4,0,,,,
"Conservancy","Conservancy_18","//Huab","SSP585_2090","Without_Intervention","Grazer",12,12,10448,6404,-22.3464771177458,-21.7265869089654
"Conservancy","Conservancy_18","//Huab","SSP585_2090","Without_Intervention","Mixed",6,6,22605,17581,-14.4409018516719,-14.9157177852176
"Conservancy","Conservancy_18","//Huab","SSP585_2090","Without_Intervention","Omnivore",3,3,151419,73267,-12.0330705020178,-12.0330705020178
"Conservancy","Conservancy_19","Omatendeka","Current","Current","Browser",7,7,211717,166986,0,0
"Conservancy","Conservancy_19","Omatendeka","Current","Current","Carnivore",4,0,,,,
"Conservancy","Conservancy_19","Omatendeka","Current","Current","Grazer",12,12,14592,9075,0,0
"Conservancy","Conservancy_19","Omatendeka","Current","Current","Mixed",6,6,27081,21046,0,0
"Conservancy","Conservancy_19","Omatendeka","Current","Current","Omnivore",3,3,168746,81651,0,0
"Conservancy","Conservancy_19","Omatendeka","SSP245_2050","With_Intervention","Browser",7,7,167082,129953,-21.4726237283802,-21.1716376740629
"Conservancy","Conservancy_19","Omatendeka","SSP245_2050","With_Intervention","Carnivore",4,0,,,,
"Conservancy","Conservancy_19","Omatendeka","SSP245_2050","With_Intervention","Grazer",12,12,24184,16676,74.8183725200305,71.6658443831141
"Conservancy","Conservancy_19","Omatendeka","SSP245_2050","With_Intervention","Mixed",6,6,34227,26420,22.7541196067776,26.8315003853213
"Conservancy","Conservancy_19","Omatendeka","SSP245_2050","With_Intervention","Omnivore",3,3,177126,85706,4.96583472617428,4.96583472617428
"Conservancy","Conservancy_19","Omatendeka","SSP245_2050","Without_Intervention","Browser",7,7,214747,169757,1.50137023457805,1.44870218108493
"Conservancy","Conservancy_19","Omatendeka","SSP245_2050","Without_Intervention","Carnivore",4,0,,,,
"Conservancy","Conservancy_19","Omatendeka","SSP245_2050","Without_Intervention","Grazer",12,12,13404,8146,-9.05417102341665,-8.70462160760169
"Conservancy","Conservancy_19","Omatendeka","SSP245_2050","Without_Intervention","Mixed",6,6,26072,20272,-3.3504160865612,-3.75819661333574
"Conservancy","Conservancy_19","Omatendeka","SSP245_2050","Without_Intervention","Omnivore",3,3,166385,80509,-1.39897459639912,-1.39897459639912
"Conservancy","Conservancy_19","Omatendeka","SSP245_2090","With_Intervention","Browser",7,7,161217,125504,-24.2084671751815,-24.0162397534084
"Conservancy","Conservancy_19","Omatendeka","SSP245_2090","With_Intervention","Carnivore",4,0,,,,
"Conservancy","Conservancy_19","Omatendeka","SSP245_2090","With_Intervention","Grazer",12,12,23012,15864,66.2690844149027,63.3078104954929
"Conservancy","Conservancy_19","Omatendeka","SSP245_2090","With_Intervention","Mixed",6,6,32705,25245,17.3457806832564,21.1896159354732
"Conservancy","Conservancy_19","Omatendeka","SSP245_2090","With_Intervention","Omnivore",3,3,169829,82175,0.641861229819002,0.641861229819004
"Conservancy","Conservancy_19","Omatendeka","SSP245_2090","Without_Intervention","Browser",7,7,207536,164186,-1.88430958217083,-1.94789750111352
"Conservancy","Conservancy_19","Omatendeka","SSP245_2090","Without_Intervention","Carnivore",4,0,,,,
"Conservancy","Conservancy_19","Omatendeka","SSP245_2090","Without_Intervention","Grazer",12,12,12659,7652,-14.3066823929681,-13.8949470997
"Conservancy","Conservancy_19","Omatendeka","SSP245_2090","Without_Intervention","Mixed",6,6,24905,19365,-7.59653271428063,-8.06818562163281
"Conservancy","Conservancy_19","Omatendeka","SSP245_2090","Without_Intervention","Omnivore",3,3,159825,77335,-5.28642044048835,-5.28642044048836
"Conservancy","Conservancy_19","Omatendeka","SSP585_2050","With_Intervention","Browser",7,7,161571,125661,-24.063802555759,-23.7678786304953
"Conservancy","Conservancy_19","Omatendeka","SSP585_2050","With_Intervention","Carnivore",4,0,,,,
"Conservancy","Conservancy_19","Omatendeka","SSP585_2050","With_Intervention","Grazer",12,12,23399,16135,69.1463857209146,66.0946756043606
"Conservancy","Conservancy_19","Omatendeka","SSP585_2050","With_Intervention","Mixed",6,6,33111,25559,18.7480364107321,22.6943258466828
"Conservancy","Conservancy_19","Omatendeka","SSP585_2050","With_Intervention","Omnivore",3,3,171325,82899,1.52835136761428,1.52835136761428
"Conservancy","Conservancy_19","Omatendeka","SSP585_2050","Without_Intervention","Browser",7,7,207644,164136,-1.85722853136305,-1.90769682933203
"Conservancy","Conservancy_19","Omatendeka","SSP585_2050","Without_Intervention","Carnivore",4,0,,,,
"Conservancy","Conservancy_19","Omatendeka","SSP585_2050","Without_Intervention","Grazer",12,12,12972,7885,-11.9805865758609,-11.6453809347776
"Conservancy","Conservancy_19","Omatendeka","SSP585_2050","Without_Intervention","Mixed",6,6,25220,19610,-6.51022720585548,-6.90187509921469
"Conservancy","Conservancy_19","Omatendeka","SSP585_2050","Without_Intervention","Omnivore",3,3,160917,77863,-4.63941386048149,-4.63941386048149
"Conservancy","Conservancy_19","Omatendeka","SSP585_2090","With_Intervention","Browser",7,7,151549,117980,-28.7529480905406,-28.5730608265512
"Conservancy","Conservancy_19","Omatendeka","SSP585_2090","With_Intervention","Carnivore",4,0,,,,
"Conservancy","Conservancy_19","Omatendeka","SSP585_2090","With_Intervention","Grazer",12,12,21617,14902,56.1814619792381,53.4016182676981
"Conservancy","Conservancy_19","Omatendeka","SSP585_2090","With_Intervention","Mixed",6,6,30728,23719,10.2554514884823,13.8638708950898
"Conservancy","Conservancy_19","Omatendeka","SSP585_2090","With_Intervention","Omnivore",3,3,159591,77222,-5.42505717176342,-5.42505717176342
"Conservancy","Conservancy_19","Omatendeka","SSP585_2090","Without_Intervention","Browser",7,7,195099,154350,-7.76352796246339,-7.82406462157497
"Conservancy","Conservancy_19","Omatendeka","SSP585_2090","Without_Intervention","Carnivore",4,0,,,,
"Conservancy","Conservancy_19","Omatendeka","SSP585_2090","Without_Intervention","Grazer",12,12,11884,7182,-19.5651940860962,-19.1740728698016
"Conservancy","Conservancy_19","Omatendeka","SSP585_2090","Without_Intervention","Mixed",6,6,23396,18192,-13.1902818638877,-13.6387963176282
"Conservancy","Conservancy_19","Omatendeka","SSP585_2090","Without_Intervention","Omnivore",3,3,150191,72673,-10.9956822745102,-10.9956822745102
"Conservancy","Conservancy_2","Iipumbu ya Tshilongo","Current","Current","Browser",7,7,120745,92910,0,0
"Conservancy","Conservancy_2","Iipumbu ya Tshilongo","Current","Current","Carnivore",4,0,,,,
"Conservancy","Conservancy_2","Iipumbu ya Tshilongo","Current","Current","Grazer",12,12,29877,20886,0,0
"Conservancy","Conservancy_2","Iipumbu ya Tshilongo","Current","Current","Mixed",6,6,37352,28685,0,0
"Conservancy","Conservancy_2","Iipumbu ya Tshilongo","Current","Current","Omnivore",3,3,172031,83241,0,0
"Conservancy","Conservancy_2","Iipumbu ya Tshilongo","SSP245_2050","With_Intervention","Browser",7,7,100151,75795,-17.5353327291655,-16.9425963492606
"Conservancy","Conservancy_2","Iipumbu ya Tshilongo","SSP245_2050","With_Intervention","Carnivore",4,0,,,,
"Conservancy","Conservancy_2","Iipumbu ya Tshilongo","SSP245_2050","With_Intervention","Grazer",12,12,32898,23103,10.5530280850394,10.6139014018619
"Conservancy","Conservancy_2","Iipumbu ya Tshilongo","SSP245_2050","With_Intervention","Mixed",6,6,39237,30102,4.15341616437238,5.11249302701936
"Conservancy","Conservancy_2","Iipumbu ya Tshilongo","SSP245_2050","With_Intervention","Omnivore",3,3,170394,82449,-0.951695042116636,-0.951695042116636
"Conservancy","Conservancy_2","Iipumbu ya Tshilongo","SSP245_2050","Without_Intervention","Browser",7,7,120873,93058,0.124688698527035,0.100952899409566
"Conservancy","Conservancy_2","Iipumbu ya Tshilongo","SSP245_2050","Without_Intervention","Carnivore",4,0,,,,
"Conservancy","Conservancy_2","Iipumbu ya Tshilongo","SSP245_2050","Without_Intervention","Grazer",12,12,29137,20373,-2.56664543930693,-2.4579104650551
"Conservancy","Conservancy_2","Iipumbu ya Tshilongo","SSP245_2050","Without_Intervention","Mixed",6,6,36644,28150,-1.80906831869623,-1.90613956411656
"Conservancy","Conservancy_2","Iipumbu ya Tshilongo","SSP245_2050","Without_Intervention","Omnivore",3,3,169001,81775,-1.7610696319678,-1.7610696319678
"Conservancy","Conservancy_2","Iipumbu ya Tshilongo","SSP245_2090","With_Intervention","Browser",7,7,97621,73894,-19.6145439626806,-19.0659404133721
"Conservancy","Conservancy_2","Iipumbu ya Tshilongo","SSP245_2090","With_Intervention","Carnivore",4,0,,,,
"Conservancy","Conservancy_2","Iipumbu ya Tshilongo","SSP245_2090","With_Intervention","Grazer",12,12,31742,22289,6.65481305791418,6.71608992538389
"Conservancy","Conservancy_2","Iipumbu ya Tshilongo","SSP245_2090","With_Intervention","Mixed",6,6,37918,29090,0.677737792174231,1.57510649962044
"Conservancy","Conservancy_2","Iipumbu ya Tshilongo","SSP245_2090","With_Intervention","Omnivore",3,3,164948,79814,-4.11696698012394,-4.11696698012394
"Conservancy","Conservancy_2","Iipumbu ya Tshilongo","SSP245_2090","Without_Intervention","Browser",7,7,118081,90995,-2.15736235028361,-2.21425637102793
"Conservancy","Conservancy_2","Iipumbu ya Tshilongo","SSP245_2090","Without_Intervention","Carnivore",4,0,,,,
"Conservancy","Conservancy_2","Iipumbu ya Tshilongo","SSP245_2090","Without_Intervention","Grazer",12,12,28057,19614,-6.19865323650225,-6.08981771086084
"Conservancy","Conservancy_2","Iipumbu ya Tshilongo","SSP245_2090","Without_Intervention","Mixed",6,6,35388,27186,-5.13138204793564,-5.27118073487324
"Conservancy","Conservancy_2","Iipumbu ya Tshilongo","SSP245_2090","Without_Intervention","Omnivore",3,3,163703,79211,-4.8409327475859,-4.8409327475859
"Conservancy","Conservancy_2","Iipumbu ya Tshilongo","SSP585_2050","With_Intervention","Browser",7,7,96427,72916,-20.6243116509592,-20.0150084211925
"Conservancy","Conservancy_2","Iipumbu ya Tshilongo","SSP585_2050","With_Intervention","Carnivore",4,0,,,,
"Conservancy","Conservancy_2","Iipumbu ya Tshilongo","SSP585_2050","With_Intervention","Grazer",12,12,31720,22276,6.59526911066982,6.65367990788446
"Conservancy","Conservancy_2","Iipumbu ya Tshilongo","SSP585_2050","With_Intervention","Mixed",6,6,37823,29018,0.396695904136536,1.32421386265383
"Conservancy","Conservancy_2","Iipumbu ya Tshilongo","SSP585_2050","With_Intervention","Omnivore",3,3,164190,79447,-4.5580196220114,-4.5580196220114
"Conservancy","Conservancy_2","Iipumbu ya Tshilongo","SSP585_2050","Without_Intervention","Browser",7,7,116424,89630,-3.56211407191622,-3.58347607152014
"Conservancy","Conservancy_2","Iipumbu ya Tshilongo","SSP585_2050","Without_Intervention","Carnivore",4,0,,,,
"Conservancy","Conservancy_2","Iipumbu ya Tshilongo","SSP585_2050","Without_Intervention","Grazer",12,12,28082,19636,-6.09241466529506,-5.98774145194739
"Conservancy","Conservancy_2","Iipumbu ya Tshilongo","SSP585_2050","Without_Intervention","Mixed",6,6,35314,27127,-5.37707879160109,-5.46845434523994
"Conservancy","Conservancy_2","Iipumbu ya Tshilongo","SSP585_2050","Without_Intervention","Omnivore",3,3,162842,78795,-5.34137982312065,-5.34137982312065
"Conservancy","Conservancy_2","Iipumbu ya Tshilongo","SSP585_2090","With_Intervention","Browser",7,7,92772,70220,-23.6085356504859,-23.0857946126575
"Conservancy","Conservancy_2","Iipumbu ya Tshilongo","SSP585_2090","With_Intervention","Carnivore",4,0,,,,
"Conservancy","Conservancy_2","Iipumbu ya Tshilongo","SSP585_2090","With_Intervention","Grazer",12,12,30184,21195,1.42034944885809,1.47852066079717
"Conservancy","Conservancy_2","Iipumbu ya Tshilongo","SSP585_2090","With_Intervention","Mixed",6,6,36053,27660,-4.27474639316864,-3.41974812459507
"Conservancy","Conservancy_2","Iipumbu ya Tshilongo","SSP585_2090","With_Intervention","Omnivore",3,3,156820,75880,-8.842234112891,-8.842234112891
"Conservancy","Conservancy_2","Iipumbu ya Tshilongo","SSP585_2090","Without_Intervention","Browser",7,7,112199,86458,-7.03292904484856,-7.08484666590591
"Conservancy","Conservancy_2","Iipumbu ya Tshilongo","SSP585_2090","Without_Intervention","Carnivore",4,0,,,,
"Conservancy","Conservancy_2","Iipumbu ya Tshilongo","SSP585_2090","Without_Intervention","Grazer",12,12,26685,18655,-10.7843851629847,-10.6810576028596
"Conservancy","Conservancy_2","Iipumbu ya Tshilongo","SSP585_2090","Without_Intervention","Mixed",6,6,33651,25851,-9.7907858161756,-9.9205936522232
"Conservancy","Conservancy_2","Iipumbu ya Tshilongo","SSP585_2090","Without_Intervention","Omnivore",3,3,155637,75308,-9.52985771718369,-9.52985771718369
"Conservancy","Conservancy_20","//Gamaseb","Current","Current","Browser",7,7,21655,7984,0,0
"Conservancy","Conservancy_20","//Gamaseb","Current","Current","Carnivore",4,0,,,,
"Conservancy","Conservancy_20","//Gamaseb","Current","Current","Grazer",12,12,3843,2302,0,0
"Conservancy","Conservancy_20","//Gamaseb","Current","Current","Mixed",6,6,4293,3722,0,0
"Conservancy","Conservancy_20","//Gamaseb","Current","Current","Omnivore",3,3,20085,9719,0,0
"Conservancy","Conservancy_20","//Gamaseb","SSP245_2050","With_Intervention","Browser",7,7,30865,16618,71.361148753295,56.3047432197327
"Conservancy","Conservancy_20","//Gamaseb","SSP245_2050","With_Intervention","Carnivore",4,0,,,,
"Conservancy","Conservancy_20","//Gamaseb","SSP245_2050","With_Intervention","Grazer",12,12,12346,8424,277.608451173606,265.980972471608
"Conservancy","Conservancy_20","//Gamaseb","SSP245_2050","With_Intervention","Mixed",6,6,13702,10803,203.176838361334,231.391851740284
"Conservancy","Conservancy_20","//Gamaseb","SSP245_2050","With_Intervention","Omnivore",3,3,56270,27228,180.15909320602,180.15909320602
"Conservancy","Conservancy_20","//Gamaseb","SSP245_2050","Without_Intervention","Browser",7,7,16861,4711,-30.2731533602702,-25.2027549612024
"Conservancy","Conservancy_20","//Gamaseb","SSP245_2050","Without_Intervention","Carnivore",4,0,,,,
"Conservancy","Conservancy_20","//Gamaseb","SSP245_2050","Without_Intervention","Grazer",12,12,2769,1570,-32.5828454771554,-31.7734003017455
"Conservancy","Conservancy_20","//Gamaseb","SSP245_2050","Without_Intervention","Mixed",6,6,2966,2682,-29.7495682895425,-32.1302024790163
"Conservancy","Conservancy_20","//Gamaseb","SSP245_2050","Without_Intervention","Omnivore",3,3,13930,6740,-30.6437065815688,-30.6437065815688
"Conservancy","Conservancy_20","//Gamaseb","SSP245_2090","With_Intervention","Browser",7,7,29513,15805,63.3953173821767,49.2816346302783
"Conservancy","Conservancy_20","//Gamaseb","SSP245_2090","With_Intervention","Carnivore",4,0,,,,
"Conservancy","Conservancy_20","//Gamaseb","SSP245_2090","With_Intervention","Grazer",12,12,11794,8044,260.51857518857,249.444164002778
"Conservancy","Conservancy_20","//Gamaseb","SSP245_2090","With_Intervention","Mixed",6,6,13082,10319,189.493234809301,216.342034711951
"Conservancy","Conservancy_20","//Gamaseb","SSP245_2090","With_Intervention","Omnivore",3,3,53713,25990,167.428781223354,167.428781223354
"Conservancy","Conservancy_20","//Gamaseb","SSP245_2090","Without_Intervention","Browser",7,7,15962,4284,-34.9455939728538,-29.5846277780764
"Conservancy","Conservancy_20","//Gamaseb","SSP245_2090","Without_Intervention","Carnivore",4,0,,,,
"Conservancy","Conservancy_20","//Gamaseb","SSP245_2090","Without_Intervention","Grazer",12,12,2527,1412,-39.6176816757211,-38.6583348502596
"Conservancy","Conservancy_20","//Gamaseb","SSP245_2090","Without_Intervention","Mixed",6,6,2694,2461,-35.8829900241496,-38.6380546680114
"Conservancy","Conservancy_20","//Gamaseb","SSP245_2090","Without_Intervention","Omnivore",3,3,12746,6167,-36.541197457371,-36.541197457371
"Conservancy","Conservancy_20","//Gamaseb","SSP585_2050","With_Intervention","Browser",7,7,29742,16015,65.1337020678958,50.6180311773965
"Conservancy","Conservancy_20","//Gamaseb","SSP585_2050","With_Intervention","Carnivore",4,0,,,,
"Conservancy","Conservancy_20","//Gamaseb","SSP585_2050","With_Intervention","Grazer",12,12,11897,8118,263.884664546321,252.678892597218
"Conservancy","Conservancy_20","//Gamaseb","SSP585_2050","With_Intervention","Mixed",6,6,13204,10410,192.155699484159,219.347974661403
"Conservancy","Conservancy_20","//Gamaseb","SSP585_2050","With_Intervention","Omnivore",3,3,54225,26238,169.976094990865,169.976094990865
"Conservancy","Conservancy_20","//Gamaseb","SSP585_2050","Without_Intervention","Browser",7,7,16250,4545,-32.7735669988116,-27.9005895161126
"Conservancy","Conservancy_20","//Gamaseb","SSP585_2050","Without_Intervention","Carnivore",4,0,,,,
"Conservancy","Conservancy_20","//Gamaseb","SSP585_2050","Without_Intervention","Grazer",12,12,2671,1515,-34.9389744540685,-34.1635691307939
"Conservancy","Conservancy_20","//Gamaseb","SSP585_2050","Without_Intervention","Mixed",6,6,2862,2587,-32.2340276344282,-34.5161673461617
"Conservancy","Conservancy_20","//Gamaseb","SSP585_2050","Without_Intervention","Omnivore",3,3,13437,6502,-33.100351268013,-33.100351268013
"Conservancy","Conservancy_20","//Gamaseb","SSP585_2090","With_Intervention","Browser",7,7,26574,14234,47.1377423882667,34.4204080423087
"Conservancy","Conservancy_20","//Gamaseb","SSP585_2090","With_Intervention","Carnivore",4,0,,,,
"Conservancy","Conservancy_20","//Gamaseb","SSP585_2090","With_Intervention","Grazer",12,12,10620,7243,224.653039064203,214.679151529487
"Conservancy","Conservancy_20","//Gamaseb","SSP585_2090","With_Intervention","Mixed",6,6,11780,9292,160.689533923437,184.870883513546
"Conservancy","Conservancy_20","//Gamaseb","SSP585_2090","With_Intervention","Omnivore",3,3,48369,23404,140.821616704416,140.821616704416
"Conservancy","Conservancy_20","//Gamaseb","SSP585_2090","Without_Intervention","Browser",7,7,14377,3865,-41.3730251067795,-36.562486734938
"Conservancy","Conservancy_20","//Gamaseb","SSP585_2090","Without_Intervention","Carnivore",4,0,,,,
"Conservancy","Conservancy_20","//Gamaseb","SSP585_2090","Without_Intervention","Grazer",12,12,2280,1274,-45.4896857353378,-44.6323500121924
"Conservancy","Conservancy_20","//Gamaseb","SSP585_2090","Without_Intervention","Mixed",6,6,2431,2219,-42.1635375269062,-44.6276628370264
"Conservancy","Conservancy_20","//Gamaseb","SSP585_2090","Without_Intervention","Omnivore",3,3,11496,5563,-42.7639162111469,-42.7639162111469
"Conservancy","Conservancy_21","Ehi-Rovipuka","Current","Current","Browser",7,7,300271,239127,0,0
"Conservancy","Conservancy_21","Ehi-Rovipuka","Current","Current","Carnivore",4,0,,,,
"Conservancy","Conservancy_21","Ehi-Rovipuka","Current","Current","Grazer",12,12,21412,13616,0,0
"Conservancy","Conservancy_21","Ehi-Rovipuka","Current","Current","Mixed",6,6,39374,30474,0,0
"Conservancy","Conservancy_21","Ehi-Rovipuka","Current","Current","Omnivore",3,3,243323,117737,0,0
"Conservancy","Conservancy_21","Ehi-Rovipuka","SSP245_2050","With_Intervention","Browser",7,7,235861,185616,-21.7784600581717,-21.4809500158814
"Conservancy","Conservancy_21","Ehi-Rovipuka","SSP245_2050","With_Intervention","Carnivore",4,0,,,,
"Conservancy","Conservancy_21","Ehi-Rovipuka","SSP245_2050","With_Intervention","Grazer",12,12,32009,22103,55.8418367205225,53.62381792707
"Conservancy","Conservancy_21","Ehi-Rovipuka","SSP245_2050","With_Intervention","Mixed",6,6,46338,35700,14.7923387613888,17.9885118852762
"Conservancy","Conservancy_21","Ehi-Rovipuka","SSP245_2050","With_Intervention","Omnivore",3,3,243777,117956,0.186417641081157,0.186417641081154
"Conservancy","Conservancy_21","Ehi-Rovipuka","SSP245_2050","Without_Intervention","Browser",7,7,310886,248336,3.6348109500569,3.53859635866373
"Conservancy","Conservancy_21","Ehi-Rovipuka","SSP245_2050","Without_Intervention","Carnivore",4,0,,,,
"Conservancy","Conservancy_21","Ehi-Rovipuka","SSP245_2050","Without_Intervention","Grazer",12,12,19120,11777,-11.8902126874434,-11.4411862167597
"Conservancy","Conservancy_21","Ehi-Rovipuka","SSP245_2050","Without_Intervention","Mixed",6,6,37704,29200,-3.68576630483635,-4.28543769721786
"Conservancy","Conservancy_21","Ehi-Rovipuka","SSP245_2050","Without_Intervention","Omnivore",3,3,241430,116821,-0.778027842118367,-0.778027842118367
"Conservancy","Conservancy_21","Ehi-Rovipuka","SSP245_2090","With_Intervention","Browser",7,7,228507,179944,-24.2021319724847,-23.9677736584072
"Conservancy","Conservancy_21","Ehi-Rovipuka","SSP245_2090","With_Intervention","Carnivore",4,0,,,,
"Conservancy","Conservancy_21","Ehi-Rovipuka","SSP245_2090","With_Intervention","Grazer",12,12,30541,21082,48.6066825431187,46.526976023361
"Conservancy","Conservancy_21","Ehi-Rovipuka","SSP245_2090","With_Intervention","Mixed",6,6,44422,34225,10.1008113767028,13.1048930633193
"Conservancy","Conservancy_21","Ehi-Rovipuka","SSP245_2090","With_Intervention","Omnivore",3,3,234575,113504,-3.59544141418126,-3.59544141418126
"Conservancy","Conservancy_21","Ehi-Rovipuka","SSP245_2090","Without_Intervention","Browser",7,7,301279,240781,0.447767943608683,0.341064725127891
"Conservancy","Conservancy_21","Ehi-Rovipuka","SSP245_2090","Without_Intervention","Carnivore",4,0,,,,
"Conservancy","Conservancy_21","Ehi-Rovipuka","SSP245_2090","Without_Intervention","Grazer",12,12,18097,11085,-16.7985163679677,-16.299476410474
"Conservancy","Conservancy_21","Ehi-Rovipuka","SSP245_2090","Without_Intervention","Mixed",6,6,36106,27964,-7.68471671267766,-8.34919893389332
"Conservancy","Conservancy_21","Ehi-Rovipuka","SSP245_2090","Without_Intervention","Omnivore",3,3,232502,112501,-4.44720438013963,-4.44720438013964
"Conservancy","Conservancy_21","Ehi-Rovipuka","SSP585_2050","With_Intervention","Browser",7,7,228108,179516,-24.3496292422323,-24.0614558687589
"Conservancy","Conservancy_21","Ehi-Rovipuka","SSP585_2050","With_Intervention","Carnivore",4,0,,,,
"Conservancy","Conservancy_21","Ehi-Rovipuka","SSP585_2050","With_Intervention","Grazer",12,12,30948,21370,50.6729555601579,48.529155482688
"Conservancy","Conservancy_21","Ehi-Rovipuka","SSP585_2050","With_Intervention","Mixed",6,6,44806,34520,10.9972707713228,14.0863933700251
"Conservancy","Conservancy_21","Ehi-Rovipuka","SSP585_2050","With_Intervention","Omnivore",3,3,235732,114064,-3.11992780013402,-3.11992780013403
"Conservancy","Conservancy_21","Ehi-Rovipuka","SSP585_2050","Without_Intervention","Browser",7,7,300673,240179,0.230367406672988,0.136922145191329
"Conservancy","Conservancy_21","Ehi-Rovipuka","SSP585_2050","Without_Intervention","Carnivore",4,0,,,,
"Conservancy","Conservancy_21","Ehi-Rovipuka","SSP585_2050","Without_Intervention","Grazer",12,12,18481,11381,-14.8438245310742,-14.4078723179626
"Conservancy","Conservancy_21","Ehi-Rovipuka","SSP585_2050","Without_Intervention","Mixed",6,6,36454,28232,-6.87758831993451,-7.46010223114996
"Conservancy","Conservancy_21","Ehi-Rovipuka","SSP585_2050","Without_Intervention","Omnivore",3,3,233458,112964,-4.05435198990265,-4.05435198990265
"Conservancy","Conservancy_21","Ehi-Rovipuka","SSP585_2090","With_Intervention","Browser",7,7,214987,169296,-28.6870130629202,-28.4663052039695
"Conservancy","Conservancy_21","Ehi-Rovipuka","SSP585_2090","With_Intervention","Carnivore",4,0,,,,
"Conservancy","Conservancy_21","Ehi-Rovipuka","SSP585_2090","With_Intervention","Grazer",12,12,28743,19840,39.8566879744907,37.8988085161213
"Conservancy","Conservancy_21","Ehi-Rovipuka","SSP585_2090","With_Intervention","Mixed",6,6,41802,32206,3.60647803666402,6.43457159648916
"Conservancy","Conservancy_21","Ehi-Rovipuka","SSP585_2090","With_Intervention","Omnivore",3,3,220725,106802,-9.28744411470665,-9.28744411470665
"Conservancy","Conservancy_21","Ehi-Rovipuka","SSP585_2090","Without_Intervention","Browser",7,7,283445,226526,-5.49858741176388,-5.59862921966162
"Conservancy","Conservancy_21","Ehi-Rovipuka","SSP585_2090","Without_Intervention","Carnivore",4,0,,,,
"Conservancy","Conservancy_21","Ehi-Rovipuka","SSP585_2090","Without_Intervention","Grazer",12,12,17036,10437,-21.670260232436,-21.2022970796956
"Conservancy","Conservancy_21","Ehi-Rovipuka","SSP585_2090","Without_Intervention","Mixed",6,6,33979,26317,-13.1243593232751,-13.7473039599156
"Conservancy","Conservancy_21","Ehi-Rovipuka","SSP585_2090","Without_Intervention","Omnivore",3,3,218775,105859,-10.0885849629075,-10.0885849629075
"Conservancy","Conservancy_22","/Audi","Current","Current","Browser",7,7,54106,43458,0,0
"Conservancy","Conservancy_22","/Audi","Current","Current","Carnivore",4,0,,,,
"Conservancy","Conservancy_22","/Audi","Current","Current","Grazer",12,12,2357,1459,0,0
"Conservancy","Conservancy_22","/Audi","Current","Current","Mixed",6,6,5586,4333,0,0
"Conservancy","Conservancy_22","/Audi","Current","Current","Omnivore",3,3,38707,18729,0,0
"Conservancy","Conservancy_22","/Audi","SSP245_2050","With_Intervention","Browser",7,7,30277,23598,-44.6138520290424,-43.800077600582
"Conservancy","Conservancy_22","/Audi","SSP245_2050","With_Intervention","Carnivore",4,0,,,,
"Conservancy","Conservancy_22","/Audi","SSP245_2050","With_Intervention","Grazer",12,12,5835,4065,184.143929475219,165.526455277308
"Conservancy","Conservancy_22","/Audi","SSP245_2050","With_Intervention","Mixed",6,6,7701,5920,30.9813985873613,38.5923049294694
"Conservancy","Conservancy_22","/Audi","SSP245_2050","With_Intervention","Omnivore",3,3,37297,18047,-3.6416245454624,-3.6416245454624
"Conservancy","Conservancy_22","/Audi","SSP245_2050","Without_Intervention","Browser",7,7,52294,42008,-3.34611080056917,-3.3519801795027
"Conservancy","Conservancy_22","/Audi","SSP245_2050","Without_Intervention","Carnivore",4,0,,,,
"Conservancy","Conservancy_22","/Audi","SSP245_2050","Without_Intervention","Grazer",12,12,2245,1392,-4.99603497696115,-4.86175573810642
"Conservancy","Conservancy_22","/Audi","SSP245_2050","Without_Intervention","Mixed",6,6,5366,4162,-3.89134441313634,-3.94623836382743
"Conservancy","Conservancy_22","/Audi","SSP245_2050","Without_Intervention","Omnivore",3,3,37297,18047,-3.6416245454624,-3.6416245454624
"Conservancy","Conservancy_22","/Audi","SSP245_2090","With_Intervention","Browser",7,7,29006,22608,-46.9378232131159,-46.1581670583318
"Conservancy","Conservancy_22","/Audi","SSP245_2090","With_Intervention","Carnivore",4,0,,,,
"Conservancy","Conservancy_22","/Audi","SSP245_2090","With_Intervention","Grazer",12,12,5590,3895,172.229068823517,154.392150093596
"Conservancy","Conservancy_22","/Audi","SSP245_2090","With_Intervention","Mixed",6,6,7378,5671,25.4880239925184,32.779835784069
"Conservancy","Conservancy_22","/Audi","SSP245_2090","With_Intervention","Omnivore",3,3,35733,17290,-7.68339567694556,-7.68339567694556
"Conservancy","Conservancy_22","/Audi","SSP245_2090","Without_Intervention","Browser",7,7,50100,40246,-7.4003428571589,-7.40596474205001
"Conservancy","Conservancy_22","/Audi","SSP245_2090","Without_Intervention","Carnivore",4,0,,,,
"Conservancy","Conservancy_22","/Audi","SSP245_2090","Without_Intervention","Grazer",12,12,2151,1334,-8.9806946974115,-8.85207760987003
"Conservancy","Conservancy_22","/Audi","SSP245_2090","Without_Intervention","Mixed",6,6,5141,3988,-7.92258560947274,-7.97516484749756
"Conservancy","Conservancy_22","/Audi","SSP245_2090","Without_Intervention","Omnivore",3,3,35733,17290,-7.68339567694556,-7.68339567694556
"Conservancy","Conservancy_22","/Audi","SSP585_2050","With_Intervention","Browser",7,7,29134,22708,-46.7036158574723,-45.9205885720335
"Conservancy","Conservancy_22","/Audi","SSP585_2050","With_Intervention","Carnivore",4,0,,,,
"Conservancy","Conservancy_22","/Audi","SSP585_2050","With_Intervention","Grazer",12,12,5614,3912,173.410924990371,155.496881770191
"Conservancy","Conservancy_22","/Audi","SSP585_2050","With_Intervention","Mixed",6,6,7410,5696,26.0353911843379,33.3587318108855
"Conservancy","Conservancy_22","/Audi","SSP585_2050","With_Intervention","Omnivore",3,3,35889,17366,-7.27945734029594,-7.27945734029594
"Conservancy","Conservancy_22","/Audi","SSP585_2050","Without_Intervention","Browser",7,7,50319,40422,-6.99525381438236,-7.00089855415051
"Conservancy","Conservancy_22","/Audi","SSP585_2050","Without_Intervention","Carnivore",4,0,,,,
"Conservancy","Conservancy_22","/Audi","SSP585_2050","Without_Intervention","Grazer",12,12,2160,1340,-8.58203032317081,-8.45289036335846
"Conservancy","Conservancy_22","/Audi","SSP585_2050","Without_Intervention","Mixed",6,6,5164,4005,-7.51961966137258,-7.5724126519097
"Conservancy","Conservancy_22","/Audi","SSP585_2050","Without_Intervention","Omnivore",3,3,35889,17366,-7.27945734029594,-7.27945734029594
"Conservancy","Conservancy_22","/Audi","SSP585_2090","With_Intervention","Browser",7,7,26880,20951,-50.8265513166195,-50.1040315208826
"Conservancy","Conservancy_22","/Audi","SSP585_2090","With_Intervention","Carnivore",4,0,,,,
"Conservancy","Conservancy_22","/Audi","SSP585_2090","With_Intervention","Grazer",12,12,5180,3609,152.278903690583,135.749146568501
"Conservancy","Conservancy_22","/Audi","SSP585_2090","With_Intervention","Mixed",6,6,6838,5256,16.2916366281353,23.0490749345663
"Conservancy","Conservancy_22","/Audi","SSP585_2090","With_Intervention","Omnivore",3,3,33114,16023,-14.4488471310415,-14.4488471310415
"Conservancy","Conservancy_22","/Audi","SSP585_2090","Without_Intervention","Browser",7,7,46428,37296,-14.186801599303,-14.1920062456187
"Conservancy","Conservancy_22","/Audi","SSP585_2090","Without_Intervention","Carnivore",4,0,,,,
"Conservancy","Conservancy_22","/Audi","SSP585_2090","Without_Intervention","Grazer",12,12,1993,1236,-15.6498647075419,-15.5307931748122
"Conservancy","Conservancy_22","/Audi","SSP585_2090","Without_Intervention","Mixed",6,6,4764,3696,-14.6702851407487,-14.718962113467
"Conservancy","Conservancy_22","/Audi","SSP585_2090","Without_Intervention","Omnivore",3,3,33114,16023,-14.4488471310415,-14.4488471310415
"Conservancy","Conservancy_23","Uukolonkadhi Ruacana","Current","Current","Browser",7,7,401811,321827,0,0
"Conservancy","Conservancy_23","Uukolonkadhi Ruacana","Current","Current","Carnivore",4,0,,,,
"Conservancy","Conservancy_23","Uukolonkadhi Ruacana","Current","Current","Grazer",12,12,29141,18817,0,0
"Conservancy","Conservancy_23","Uukolonkadhi Ruacana","Current","Current","Mixed",6,6,53323,41154,0,0
"Conservancy","Conservancy_23","Uukolonkadhi Ruacana","Current","Current","Omnivore",3,3,340446,164732,0,0
"Conservancy","Conservancy_23","Uukolonkadhi Ruacana","SSP245_2050","With_Intervention","Browser",7,7,300411,236052,-25.7127123822758,-25.0880600186806
"Conservancy","Conservancy_23","Uukolonkadhi Ruacana","SSP245_2050","With_Intervention","Carnivore",4,0,,,,
"Conservancy","Conservancy_23","Uukolonkadhi Ruacana","SSP245_2050","With_Intervention","Grazer",12,12,47649,33065,70.3627139914673,68.1994915929433
"Conservancy","Conservancy_23","Uukolonkadhi Ruacana","SSP245_2050","With_Intervention","Mixed",6,6,66050,50810,20.4036202130552,24.1494715839922
"Conservancy","Conservancy_23","Uukolonkadhi Ruacana","SSP245_2050","With_Intervention","Omnivore",3,3,336165,162661,-1.25737396860967,-1.25737396860967
"Conservancy","Conservancy_23","Uukolonkadhi Ruacana","SSP245_2050","Without_Intervention","Browser",7,7,410845,328370,2.1890209576028,2.20691710612463
"Conservancy","Conservancy_23","Uukolonkadhi Ruacana","SSP245_2050","Without_Intervention","Carnivore",4,0,,,,
"Conservancy","Conservancy_23","Uukolonkadhi Ruacana","SSP245_2050","Without_Intervention","Grazer",12,12,29046,18536,-0.784890188588701,-0.503222362548553
"Conservancy","Conservancy_23","Uukolonkadhi Ruacana","SSP245_2050","Without_Intervention","Mixed",6,6,53744,41537,0.972325281731665,0.735224652591803
"Conservancy","Conservancy_23","Uukolonkadhi Ruacana","SSP245_2050","Without_Intervention","Omnivore",3,3,335851,162508,-1.34975807860601,-1.349758078606
"Conservancy","Conservancy_23","Uukolonkadhi Ruacana","SSP245_2090","With_Intervention","Browser",7,7,291068,228528,-28.0411709121732,-27.4163765348706
"Conservancy","Conservancy_23","Uukolonkadhi Ruacana","SSP245_2090","With_Intervention","Carnivore",4,0,,,,
"Conservancy","Conservancy_23","Uukolonkadhi Ruacana","SSP245_2090","With_Intervention","Grazer",12,12,45892,31838,64.0296788092934,61.9588038052096
"Conservancy","Conservancy_23","Uukolonkadhi Ruacana","SSP245_2090","With_Intervention","Mixed",6,6,63709,49017,16.1663134447596,19.7422259351385
"Conservancy","Conservancy_23","Uukolonkadhi Ruacana","SSP245_2090","With_Intervention","Omnivore",3,3,324009,156779,-4.82801486410855,-4.82801486410855
"Conservancy","Conservancy_23","Uukolonkadhi Ruacana","SSP245_2090","Without_Intervention","Browser",7,7,398403,318378,-0.908550007420211,-0.897122946682176
"Conservancy","Conservancy_23","Uukolonkadhi Ruacana","SSP245_2090","Without_Intervention","Carnivore",4,0,,,,
"Conservancy","Conservancy_23","Uukolonkadhi Ruacana","SSP245_2090","Without_Intervention","Grazer",12,12,28049,17876,-4.24658095656253,-3.96547003884277
"Conservancy","Conservancy_23","Uukolonkadhi Ruacana","SSP245_2090","Without_Intervention","Mixed",6,6,51985,40185,-2.30197110915631,-2.56813110013434
"Conservancy","Conservancy_23","Uukolonkadhi Ruacana","SSP245_2090","Without_Intervention","Omnivore",3,3,323847,156700,-4.87555488446941,-4.87555488446941
"Conservancy","Conservancy_23","Uukolonkadhi Ruacana","SSP585_2050","With_Intervention","Browser",7,7,289722,227444,-28.3780145058387,-27.7457912576241
"Conservancy","Conservancy_23","Uukolonkadhi Ruacana","SSP585_2050","With_Intervention","Carnivore",4,0,,,,
"Conservancy","Conservancy_23","Uukolonkadhi Ruacana","SSP585_2050","With_Intervention","Grazer",12,12,46046,31953,64.6375867616101,62.5446586392206
"Conservancy","Conservancy_23","Uukolonkadhi Ruacana","SSP585_2050","With_Intervention","Mixed",6,6,63791,49075,16.2791190936072,19.901598616199
"Conservancy","Conservancy_23","Uukolonkadhi Ruacana","SSP585_2050","With_Intervention","Omnivore",3,3,324435,156985,-4.70290509042437,-4.70290509042437
"Conservancy","Conservancy_23","Uukolonkadhi Ruacana","SSP585_2050","Without_Intervention","Browser",7,7,396461,316873,-1.3888859207172,-1.37151130028786
"Conservancy","Conservancy_23","Uukolonkadhi Ruacana","SSP585_2050","Without_Intervention","Carnivore",4,0,,,,
"Conservancy","Conservancy_23","Uukolonkadhi Ruacana","SSP585_2050","Without_Intervention","Grazer",12,12,28034,17890,-4.24261254465873,-3.97119302093312
"Conservancy","Conservancy_23","Uukolonkadhi Ruacana","SSP585_2050","Without_Intervention","Mixed",6,6,51866,40086,-2.55529689548424,-2.78345366005422
"Conservancy","Conservancy_23","Uukolonkadhi Ruacana","SSP585_2050","Without_Intervention","Omnivore",3,3,324107,156826,-4.79928863075513,-4.79928863075513
"Conservancy","Conservancy_23","Uukolonkadhi Ruacana","SSP585_2090","With_Intervention","Browser",7,7,278657,218784,-31.1096535542959,-30.5115529198491
"Conservancy","Conservancy_23","Uukolonkadhi Ruacana","SSP585_2090","With_Intervention","Carnivore",4,0,,,,
"Conservancy","Conservancy_23","Uukolonkadhi Ruacana","SSP585_2090","With_Intervention","Grazer",12,12,43933,30479,57.0271280393642,55.0447522756288
"Conservancy","Conservancy_23","Uukolonkadhi Ruacana","SSP585_2090","With_Intervention","Mixed",6,6,60991,46925,11.2089140281968,14.6320291051649
"Conservancy","Conservancy_23","Uukolonkadhi Ruacana","SSP585_2090","With_Intervention","Omnivore",3,3,310186,150090,-8.88844264345668,-8.88844264345668
"Conservancy","Conservancy_23","Uukolonkadhi Ruacana","SSP585_2090","Without_Intervention","Browser",7,7,381412,304800,-5.13458486418351,-5.12367508561511
"Conservancy","Conservancy_23","Uukolonkadhi Ruacana","SSP585_2090","Without_Intervention","Carnivore",4,0,,,,
"Conservancy","Conservancy_23","Uukolonkadhi Ruacana","SSP585_2090","Without_Intervention","Grazer",12,12,26851,17113,-8.33521049673009,-8.06596669284029
"Conservancy","Conservancy_23","Uukolonkadhi Ruacana","SSP585_2090","Without_Intervention","Mixed",6,6,49767,38470,-6.47095350939678,-6.72594541384406
"Conservancy","Conservancy_23","Uukolonkadhi Ruacana","SSP585_2090","Without_Intervention","Omnivore",3,3,310033,150016,-8.93344428599341,-8.93344428599341
"Conservancy","Conservancy_24","Uukwaluudhi","Current","Current","Browser",7,7,225463,180896,0,0
"Conservancy","Conservancy_24","Uukwaluudhi","Current","Current","Carnivore",4,0,,,,
"Conservancy","Conservancy_24","Uukwaluudhi","Current","Current","Grazer",12,12,11104,6794,0,0
"Conservancy","Conservancy_24","Uukwaluudhi","Current","Current","Mixed",6,6,24581,19049,0,0
"Conservancy","Conservancy_24","Uukwaluudhi","Current","Current","Omnivore",3,3,165994,80319,0,0
"Conservancy","Conservancy_24","Uukwaluudhi","SSP245_2050","With_Intervention","Browser",7,7,157856,124544,-30.3878247962419,-29.8168815577046
"Conservancy","Conservancy_24","Uukwaluudhi","SSP245_2050","With_Intervention","Carnivore",4,0,,,,
"Conservancy","Conservancy_24","Uukwaluudhi","SSP245_2050","With_Intervention","Grazer",12,12,20977,14486,107.166276288739,98.6457423383968
"Conservancy","Conservancy_24","Uukwaluudhi","SSP245_2050","With_Intervention","Mixed",6,6,30586,23555,19.9989333764363,24.8886792919365
"Conservancy","Conservancy_24","Uukwaluudhi","SSP245_2050","With_Intervention","Omnivore",3,3,161784,78282,-2.53624976369988,-2.53624976369988
"Conservancy","Conservancy_24","Uukwaluudhi","SSP245_2050","Without_Intervention","Browser",7,7,223284,179252,-0.946438630690249,-0.966693571452157
"Conservancy","Conservancy_24","Uukwaluudhi","SSP245_2050","Without_Intervention","Carnivore",4,0,,,,
"Conservancy","Conservancy_24","Uukwaluudhi","SSP245_2050","Without_Intervention","Grazer",12,12,10304,6343,-8.1729966382825,-7.72552587602294
"Conservancy","Conservancy_24","Uukwaluudhi","SSP245_2050","Without_Intervention","Mixed",6,6,23640,18328,-3.59225082228322,-3.85411403606212
"Conservancy","Conservancy_24","Uukwaluudhi","SSP245_2050","Without_Intervention","Omnivore",3,3,161780,78280,-2.53866870186598,-2.53866870186599
"Conservancy","Conservancy_24","Uukwaluudhi","SSP245_2090","With_Intervention","Browser",7,7,152474,120312,-32.7585594274602,-32.2114243259085
"Conservancy","Conservancy_24","Uukwaluudhi","SSP245_2090","With_Intervention","Carnivore",4,0,,,,
"Conservancy","Conservancy_24","Uukwaluudhi","SSP245_2090","With_Intervention","Grazer",12,12,20164,13922,99.0820945259395,90.9154660460552
"Conservancy","Conservancy_24","Uukwaluudhi","SSP245_2090","With_Intervention","Mixed",6,6,29443,22676,15.535513803994,20.2214822223759
"Conservancy","Conservancy_24","Uukwaluudhi","SSP245_2090","With_Intervention","Omnivore",3,3,155903,75437,-6.07893090889192,-6.07893090889192
"Conservancy","Conservancy_24","Uukwaluudhi","SSP245_2090","Without_Intervention","Browser",7,7,215771,173236,-4.27608910501257,-4.29741802727805
"Conservancy","Conservancy_24","Uukwaluudhi","SSP245_2090","Without_Intervention","Carnivore",4,0,,,,
"Conservancy","Conservancy_24","Uukwaluudhi","SSP245_2090","Without_Intervention","Grazer",12,12,9844,6067,-12.4326666180019,-11.9275875708193
"Conservancy","Conservancy_24","Uukwaluudhi","SSP245_2090","Without_Intervention","Mixed",6,6,22730,17624,-7.26229898181419,-7.55825195276553
"Conservancy","Conservancy_24","Uukwaluudhi","SSP245_2090","Without_Intervention","Omnivore",3,3,155903,75437,-6.07893090889192,-6.07893090889192
"Conservancy","Conservancy_24","Uukwaluudhi","SSP585_2050","With_Intervention","Browser",7,7,152128,120044,-32.9102523526239,-32.3648093369016
"Conservancy","Conservancy_24","Uukwaluudhi","SSP585_2050","With_Intervention","Carnivore",4,0,,,,
"Conservancy","Conservancy_24","Uukwaluudhi","SSP585_2050","With_Intervention","Grazer",12,12,20208,13955,99.5677958358853,91.3608119612047
"Conservancy","Conservancy_24","Uukwaluudhi","SSP585_2050","With_Intervention","Mixed",6,6,29468,22694,15.6150143827316,20.325151735457
"Conservancy","Conservancy_24","Uukwaluudhi","SSP585_2050","With_Intervention","Omnivore",3,3,155894,75432,-6.08459345000666,-6.08459345000666
"Conservancy","Conservancy_24","Uukwaluudhi","SSP585_2050","Without_Intervention","Browser",7,7,215158,172728,-4.55122179320229,-4.57074267248638
"Conservancy","Conservancy_24","Uukwaluudhi","SSP585_2050","Without_Intervention","Carnivore",4,0,,,,
"Conservancy","Conservancy_24","Uukwaluudhi","SSP585_2050","Without_Intervention","Grazer",12,12,9929,6112,-11.5149827628976,-11.0837844688969
"Conservancy","Conservancy_24","Uukwaluudhi","SSP585_2050","Without_Intervention","Mixed",6,6,22780,17661,-7.10081809001991,-7.35315755750147
"Conservancy","Conservancy_24","Uukwaluudhi","SSP585_2050","Without_Intervention","Omnivore",3,3,155892,75432,-6.08552765602191,-6.08552765602191
"Conservancy","Conservancy_24","Uukwaluudhi","SSP585_2090","With_Intervention","Browser",7,7,145322,114668,-35.9126912636375,-35.3912495264423
"Conservancy","Conservancy_24","Uukwaluudhi","SSP585_2090","With_Intervention","Carnivore",4,0,,,,
"Conservancy","Conservancy_24","Uukwaluudhi","SSP585_2090","With_Intervention","Grazer",12,12,19217,13269,89.7367570450065,81.9536314836949
"Conservancy","Conservancy_24","Uukwaluudhi","SSP585_2090","With_Intervention","Mixed",6,6,28061,21612,10.1135038707661,14.5794201180799
"Conservancy","Conservancy_24","Uukwaluudhi","SSP585_2090","With_Intervention","Omnivore",3,3,148588,71897,-10.4859370835891,-10.4859370835891
"Conservancy","Conservancy_24","Uukwaluudhi","SSP585_2090","Without_Intervention","Browser",7,7,205651,165112,-8.76558562489327,-8.78595642297674
"Conservancy","Conservancy_24","Uukwaluudhi","SSP585_2090","Without_Intervention","Carnivore",4,0,,,,
"Conservancy","Conservancy_24","Uukwaluudhi","SSP585_2090","Without_Intervention","Grazer",12,12,9382,5782,-16.5497752249149,-16.0677553251587
"Conservancy","Conservancy_24","Uukwaluudhi","SSP585_2090","Without_Intervention","Mixed",6,6,21663,16797,-11.6154622274057,-11.8978962709569
"Conservancy","Conservancy_24","Uukwaluudhi","SSP585_2090","Without_Intervention","Omnivore",3,3,148588,71897,-10.4859370835891,-10.4859370835891
"Conservancy","Conservancy_25","Okamatapati","Current","Current","Browser",7,7,501581,402902,0,0
"Conservancy","Conservancy_25","Okamatapati","Current","Current","Carnivore",4,0,,,,
"Conservancy","Conservancy_25","Okamatapati","Current","Current","Grazer",12,12,21653,13420,0,0
"Conservancy","Conservancy_25","Okamatapati","Current","Current","Mixed",6,6,51592,40016,0,0
"Conservancy","Conservancy_25","Okamatapati","Current","Current","Omnivore",3,3,358251,173347,0,0
"Conservancy","Conservancy_25","Okamatapati","SSP245_2050","With_Intervention","Browser",7,7,222208,170041,-56.4219426525471,-55.3914719539504
"Conservancy","Conservancy_25","Okamatapati","SSP245_2050","With_Intervention","Carnivore",4,0,,,,
"Conservancy","Conservancy_25","Okamatapati","SSP245_2050","With_Intervention","Grazer",12,12,62610,43897,236.636049134262,212.30423321523
"Conservancy","Conservancy_25","Okamatapati","SSP245_2050","With_Intervention","Mixed",6,6,76571,58763,39.6582592943679,49.3541362962408
"Conservancy","Conservancy_25","Okamatapati","SSP245_2050","With_Intervention","Omnivore",3,3,342258,165609,-4.46421157509763,-4.46421157509763
"Conservancy","Conservancy_25","Okamatapati","SSP245_2050","Without_Intervention","Browser",7,7,480335,385869,-4.23286585479763,-4.23601982840253
"Conservancy","Conservancy_25","Okamatapati","SSP245_2050","Without_Intervention","Carnivore",4,0,,,,
"Conservancy","Conservancy_25","Okamatapati","SSP245_2050","Without_Intervention","Grazer",12,12,20528,12736,-5.38509402106378,-5.28945163380239
"Conservancy","Conservancy_25","Okamatapati","SSP245_2050","Without_Intervention","Mixed",6,6,49195,38160,-4.61039019497619,-4.64938008465667
"Conservancy","Conservancy_25","Okamatapati","SSP245_2050","Without_Intervention","Omnivore",3,3,342258,165609,-4.46421157509763,-4.46421157509763
"Conservancy","Conservancy_25","Okamatapati","SSP245_2090","With_Intervention","Browser",7,7,214250,163958,-57.9820593369625,-56.9894609636118
"Conservancy","Conservancy_25","Okamatapati","SSP245_2090","With_Intervention","Carnivore",4,0,,,,
"Conservancy","Conservancy_25","Okamatapati","SSP245_2090","With_Intervention","Grazer",12,12,60318,42289,224.305348581186,200.867785227634
"Conservancy","Conservancy_25","Okamatapati","SSP245_2090","With_Intervention","Mixed",6,6,73778,56620,34.5669649181168,43.9064948167968
"Conservancy","Conservancy_25","Okamatapati","SSP245_2090","With_Intervention","Omnivore",3,3,329828,159594,-7.93391115727374,-7.93391115727373
"Conservancy","Conservancy_25","Okamatapati","SSP245_2090","Without_Intervention","Browser",7,7,463109,372037,-7.66681013179582,-7.6707245175576
"Conservancy","Conservancy_25","Okamatapati","SSP245_2090","Without_Intervention","Carnivore",4,0,,,,
"Conservancy","Conservancy_25","Okamatapati","SSP245_2090","Without_Intervention","Grazer",12,12,19747,12254,-9.02612378746673,-8.9132867978001
"Conservancy","Conservancy_25","Okamatapati","SSP245_2090","Without_Intervention","Mixed",6,6,47385,36757,-8.11223670226082,-8.15804725568018
"Conservancy","Conservancy_25","Okamatapati","SSP245_2090","Without_Intervention","Omnivore",3,3,329828,159594,-7.93391115727374,-7.93391115727373
"Conservancy","Conservancy_25","Okamatapati","SSP585_2050","With_Intervention","Browser",7,7,214785,164360,-57.8776373453181,-56.881598805709
"Conservancy","Conservancy_25","Okamatapati","SSP585_2050","With_Intervention","Carnivore",4,0,,,,
"Conservancy","Conservancy_25","Okamatapati","SSP585_2050","With_Intervention","Grazer",12,12,60518,42430,225.388111720433,201.869319346125
"Conservancy","Conservancy_25","Okamatapati","SSP585_2050","With_Intervention","Mixed",6,6,74012,56799,34.9921397566424,44.3640386218377
"Conservancy","Conservancy_25","Okamatapati","SSP585_2050","With_Intervention","Omnivore",3,3,330823,160076,-7.65602254235335,-7.65602254235335
"Conservancy","Conservancy_25","Okamatapati","SSP585_2050","Without_Intervention","Browser",7,7,464288,372978,-7.43231122527061,-7.43536170357808
"Conservancy","Conservancy_25","Okamatapati","SSP585_2050","Without_Intervention","Carnivore",4,0,,,,
"Conservancy","Conservancy_25","Okamatapati","SSP585_2050","Without_Intervention","Grazer",12,12,19842,12310,-8.54657813297351,-8.45408676451221
"Conservancy","Conservancy_25","Okamatapati","SSP585_2050","Without_Intervention","Mixed",6,6,47552,36885,-7.79739777509516,-7.83510270463192
"Conservancy","Conservancy_25","Okamatapati","SSP585_2050","Without_Intervention","Omnivore",3,3,330823,160076,-7.65602254235335,-7.65602254235335
"Conservancy","Conservancy_25","Okamatapati","SSP585_2090","With_Intervention","Browser",7,7,201647,154314,-60.4536015794794,-59.5193803084941
"Conservancy","Conservancy_25","Okamatapati","SSP585_2090","With_Intervention","Carnivore",4,0,,,,
"Conservancy","Conservancy_25","Okamatapati","SSP585_2090","With_Intervention","Grazer",12,12,56770,39802,205.231803463079,183.172659703542
"Conservancy","Conservancy_25","Okamatapati","SSP585_2090","With_Intervention","Mixed",6,6,69439,53289,26.6523914812443,35.4426411182102
"Conservancy","Conservancy_25","Okamatapati","SSP585_2090","With_Intervention","Omnivore",3,3,310429,150207,-13.3489055253827,-13.3489055253827
"Conservancy","Conservancy_25","Okamatapati","SSP585_2090","Without_Intervention","Browser",7,7,435870,350156,-13.0974930589159,-13.1011776378494
"Conservancy","Conservancy_25","Okamatapati","SSP585_2090","Without_Intervention","Carnivore",4,0,,,,
"Conservancy","Conservancy_25","Okamatapati","SSP585_2090","Without_Intervention","Grazer",12,12,18585,11533,-14.3769772009373,-14.2707668784815
"Conservancy","Conservancy_25","Okamatapati","SSP585_2090","Without_Intervention","Mixed",6,6,44598,34595,-13.5167607227771,-13.559880848917
"Conservancy","Conservancy_25","Okamatapati","SSP585_2090","Without_Intervention","Omnivore",3,3,310429,150207,-13.3489055253827,-13.3489055253827
"Conservancy","Conservancy_26","Otjituuo","Current","Current","Browser",7,7,992244,797131,0,0
"Conservancy","Conservancy_26","Otjituuo","Current","Current","Carnivore",4,0,,,,
"Conservancy","Conservancy_26","Otjituuo","Current","Current","Grazer",12,12,42687,26464,0,0
"Conservancy","Conservancy_26","Otjituuo","Current","Current","Mixed",6,6,101913,79046,0,0
"Conservancy","Conservancy_26","Otjituuo","Current","Current","Omnivore",3,3,708446,342797,0,0
"Conservancy","Conservancy_26","Otjituuo","SSP245_2050","With_Intervention","Browser",7,7,444809,340630,-55.8944600677133,-54.8651674142637
"Conservancy","Conservancy_26","Otjituuo","SSP245_2050","With_Intervention","Carnivore",4,0,,,,
"Conservancy","Conservancy_26","Otjituuo","SSP245_2050","With_Intervention","Grazer",12,12,123771,86763,237.775114759529,213.211950025158
"Conservancy","Conservancy_26","Otjituuo","SSP245_2050","With_Intervention","Mixed",6,6,151696,116422,40.0934895278359,49.7858253346624
"Conservancy","Conservancy_26","Otjituuo","SSP245_2050","With_Intervention","Omnivore",3,3,679719,328897,-4.05492398295103,-4.05492398295103
"Conservancy","Conservancy_26","Otjituuo","SSP245_2050","Without_Intervention","Browser",7,7,954472,766775,-3.80696057628637,-3.80794599341739
"Conservancy","Conservancy_26","Otjituuo","SSP245_2050","Without_Intervention","Carnivore",4,0,,,,
"Conservancy","Conservancy_26","Otjituuo","SSP245_2050","Without_Intervention","Grazer",12,12,40681,25246,-4.87785732878776,-4.7872272107597
"Conservancy","Conservancy_26","Otjituuo","SSP245_2050","Without_Intervention","Mixed",6,6,97645,75742,-4.15464335932905,-4.1931144071051
"Conservancy","Conservancy_26","Otjituuo","SSP245_2050","Without_Intervention","Omnivore",3,3,679719,328897,-4.05492398295103,-4.05492398295103
"Conservancy","Conservancy_26","Otjituuo","SSP245_2090","With_Intervention","Browser",7,7,428665,328267,-57.4951978599204,-56.5032580596823
"Conservancy","Conservancy_26","Otjituuo","SSP245_2090","With_Intervention","Carnivore",4,0,,,,
"Conservancy","Conservancy_26","Otjituuo","SSP245_2090","With_Intervention","Grazer",12,12,119279,83614,225.517159923845,201.845388101052
"Conservancy","Conservancy_26","Otjituuo","SSP245_2090","With_Intervention","Mixed",6,6,146191,112197,35.0093659810352,44.3499686369893
"Conservancy","Conservancy_26","Otjituuo","SSP245_2090","With_Intervention","Omnivore",3,3,655051,316960,-7.53690929588264,-7.53690929588264
"Conservancy","Conservancy_26","Otjituuo","SSP245_2090","Without_Intervention","Browser",7,7,919859,738971,-7.29518941147367,-7.29619356808471
"Conservancy","Conservancy_26","Otjituuo","SSP245_2090","Without_Intervention","Carnivore",4,0,,,,
"Conservancy","Conservancy_26","Otjituuo","SSP245_2090","Without_Intervention","Grazer",12,12,39201,24328,-8.34281354021238,-8.2541683347231
"Conservancy","Conservancy_26","Otjituuo","SSP245_2090","Without_Intervention","Mixed",6,6,94098,72991,-7.63535043752257,-7.67294007493534
"Conservancy","Conservancy_26","Otjituuo","SSP245_2090","Without_Intervention","Omnivore",3,3,655051,316960,-7.53690929588264,-7.53690929588264
"Conservancy","Conservancy_26","Otjituuo","SSP585_2050","With_Intervention","Browser",7,7,429402,328831,-57.4221479366438,-56.4285040980668
"Conservancy","Conservancy_26","Otjituuo","SSP585_2050","With_Intervention","Carnivore",4,0,,,,
"Conservancy","Conservancy_26","Otjituuo","SSP585_2050","With_Intervention","Grazer",12,12,119484,83758,226.076392225268,202.363955046688
"Conservancy","Conservancy_26","Otjituuo","SSP585_2050","With_Intervention","Mixed",6,6,146442,112389,35.2413280076831,44.5979767337023
"Conservancy","Conservancy_26","Otjituuo","SSP585_2050","With_Intervention","Omnivore",3,3,656177,317505,-7.3780368514203,-7.3780368514203
"Conservancy","Conservancy_26","Otjituuo","SSP585_2050","Without_Intervention","Browser",7,7,921413,740218,-7.13866115170121,-7.13961245116466
"Conservancy","Conservancy_26","Otjituuo","SSP585_2050","Without_Intervention","Carnivore",4,0,,,,
"Conservancy","Conservancy_26","Otjituuo","SSP585_2050","Without_Intervention","Grazer",12,12,39272,24372,-8.1724704473999,-8.08497904881045
"Conservancy","Conservancy_26","Otjituuo","SSP585_2050","Without_Intervention","Mixed",6,6,94263,73119,-7.47430294051297,-7.51144164252663
"Conservancy","Conservancy_26","Otjituuo","SSP585_2050","Without_Intervention","Omnivore",3,3,656177,317505,-7.3780368514203,-7.3780368514203
"Conservancy","Conservancy_26","Otjituuo","SSP585_2090","With_Intervention","Browser",7,7,404979,310129,-59.8438075462862,-58.9066798617974
"Conservancy","Conservancy_26","Otjituuo","SSP585_2090","With_Intervention","Carnivore",4,0,,,,
"Conservancy","Conservancy_26","Otjituuo","SSP585_2090","With_Intervention","Grazer",12,12,112688,78994,207.52999342215,185.166264653657
"Conservancy","Conservancy_26","Otjituuo","SSP585_2090","With_Intervention","Mixed",6,6,138113,105997,27.5491848850479,36.373649138483
"Conservancy","Conservancy_26","Otjituuo","SSP585_2090","With_Intervention","Omnivore",3,3,618856,299446,-12.6460894303661,-12.6460894303661
"Conservancy","Conservancy_26","Otjituuo","SSP585_2090","Without_Intervention","Browser",7,7,869031,698138,-12.4177261233993,-12.4186747939026
"Conservancy","Conservancy_26","Otjituuo","SSP585_2090","Without_Intervention","Carnivore",4,0,,,,
"Conservancy","Conservancy_26","Otjituuo","SSP585_2090","Without_Intervention","Grazer",12,12,37035,22983,-13.4074622846669,-13.3237152966118
"Conservancy","Conservancy_26","Otjituuo","SSP585_2090","Without_Intervention","Mixed",6,6,88898,68958,-12.7390910661291,-12.7746036344404
"Conservancy","Conservancy_26","Otjituuo","SSP585_2090","Without_Intervention","Omnivore",3,3,618856,299446,-12.6460894303661,-12.6460894303661
"Conservancy","Conservancy_27","Ozonahi","Current","Current","Browser",7,7,511743,410851,0,0
"Conservancy","Conservancy_27","Ozonahi","Current","Current","Carnivore",4,0,,,,
"Conservancy","Conservancy_27","Ozonahi","Current","Current","Grazer",12,12,23439,14441,0,0
"Conservancy","Conservancy_27","Ozonahi","Current","Current","Mixed",6,6,54002,41870,0,0
"Conservancy","Conservancy_27","Ozonahi","Current","Current","Omnivore",3,3,370112,179087,0,0
"Conservancy","Conservancy_27","Ozonahi","SSP245_2050","With_Intervention","Browser",7,7,231290,177073,-55.5270138978277,-54.4967061439967
"Conservancy","Conservancy_27","Ozonahi","SSP245_2050","With_Intervention","Carnivore",4,0,,,,
"Conservancy","Conservancy_27","Ozonahi","SSP245_2050","With_Intervention","Grazer",12,12,64651,45322,216.016668735953,196.268001455285
"Conservancy","Conservancy_27","Ozonahi","SSP245_2050","With_Intervention","Mixed",6,6,79175,60763,38.2018188679654,47.505152551808
"Conservancy","Conservancy_27","Ozonahi","SSP245_2050","With_Intervention","Omnivore",3,3,354451,171509,-4.2314765995848,-4.23147659958481
"Conservancy","Conservancy_27","Ozonahi","SSP245_2050","Without_Intervention","Browser",7,7,495752,398198,-3.10924883404521,-3.1302918550803
"Conservancy","Conservancy_27","Ozonahi","SSP245_2050","Without_Intervention","Carnivore",4,0,,,,
"Conservancy","Conservancy_27","Ozonahi","SSP245_2050","Without_Intervention","Grazer",12,12,21536,13338,-8.99343448350477,-8.56546563508674
"Conservancy","Conservancy_27","Ozonahi","SSP245_2050","Without_Intervention","Mixed",6,6,51128,39655,-5.14014790286122,-5.34223553881882
"Conservancy","Conservancy_27","Ozonahi","SSP245_2050","Without_Intervention","Omnivore",3,3,354451,171509,-4.2314765995848,-4.23147659958481
"Conservancy","Conservancy_27","Ozonahi","SSP245_2090","With_Intervention","Browser",7,7,223023,170767,-57.1146594585953,-56.1239385037546
"Conservancy","Conservancy_27","Ozonahi","SSP245_2090","With_Intervention","Carnivore",4,0,,,,
"Conservancy","Conservancy_27","Ozonahi","SSP245_2090","With_Intervention","Grazer",12,12,62195,43600,203.99570262553,185.005823703859
"Conservancy","Conservancy_27","Ozonahi","SSP245_2090","With_Intervention","Mixed",6,6,76198,58479,33.0129003998315,41.9587784203232
"Conservancy","Conservancy_27","Ozonahi","SSP245_2090","With_Intervention","Omnivore",3,3,341281,165136,-7.79002558568756,-7.79002558568756
"Conservancy","Conservancy_27","Ozonahi","SSP245_2090","Without_Intervention","Browser",7,7,478218,384143,-6.53372822790193,-6.55751685056399
"Conservancy","Conservancy_27","Ozonahi","SSP245_2090","Without_Intervention","Carnivore",4,0,,,,
"Conservancy","Conservancy_27","Ozonahi","SSP245_2090","Without_Intervention","Grazer",12,12,20591,12765,-13.1295514425477,-12.6498279637694
"Conservancy","Conservancy_27","Ozonahi","SSP245_2090","Without_Intervention","Mixed",6,6,49134,38110,-8.81026848137876,-9.03672090096877
"Conservancy","Conservancy_27","Ozonahi","SSP245_2090","Without_Intervention","Omnivore",3,3,341281,165136,-7.79002558568756,-7.79002558568756
"Conservancy","Conservancy_27","Ozonahi","SSP585_2050","With_Intervention","Browser",7,7,223571,171163,-57.0112728261633,-56.0153506893881
"Conservancy","Conservancy_27","Ozonahi","SSP585_2050","With_Intervention","Carnivore",4,0,,,,
"Conservancy","Conservancy_27","Ozonahi","SSP585_2050","With_Intervention","Grazer",12,12,62493,43810,205.469877713053,186.380304870963
"Conservancy","Conservancy_27","Ozonahi","SSP585_2050","With_Intervention","Mixed",6,6,76532,58735,33.5894424047557,42.5822854917923
"Conservancy","Conservancy_27","Ozonahi","SSP585_2050","With_Intervention","Omnivore",3,3,342622,165785,-7.42767906572308,-7.42767906572308
"Conservancy","Conservancy_27","Ozonahi","SSP585_2050","Without_Intervention","Browser",7,7,479208,384909,-6.34261903129763,-6.36296549258789
"Conservancy","Conservancy_27","Ozonahi","SSP585_2050","Without_Intervention","Carnivore",4,0,,,,
"Conservancy","Conservancy_27","Ozonahi","SSP585_2050","Without_Intervention","Grazer",12,12,20817,12893,-12.0319369198467,-11.6181412088195
"Conservancy","Conservancy_27","Ozonahi","SSP585_2050","Without_Intervention","Mixed",6,6,49421,38331,-8.30626044383717,-8.5016553795634
"Conservancy","Conservancy_27","Ozonahi","SSP585_2050","Without_Intervention","Omnivore",3,3,342622,165785,-7.42767906572308,-7.42767906572308
"Conservancy","Conservancy_27","Ozonahi","SSP585_2090","With_Intervention","Browser",7,7,210110,160880,-59.597671431209,-58.6643136162325
"Conservancy","Conservancy_27","Ozonahi","SSP585_2090","With_Intervention","Carnivore",4,0,,,,
"Conservancy","Conservancy_27","Ozonahi","SSP585_2090","With_Intervention","Grazer",12,12,58594,41075,186.394296175038,168.503938843924
"Conservancy","Conservancy_27","Ozonahi","SSP585_2090","With_Intervention","Mixed",6,6,71786,55093,25.3114666366524,33.7393747387077
"Conservancy","Conservancy_27","Ozonahi","SSP585_2090","With_Intervention","Omnivore",3,3,321521,155574,-13.1289536096938,-13.1289536096938
"Conservancy","Conservancy_27","Ozonahi","SSP585_2090","Without_Intervention","Browser",7,7,450529,361902,-11.9453382373348,-11.9677506548988
"Conservancy","Conservancy_27","Ozonahi","SSP585_2090","Without_Intervention","Carnivore",4,0,,,,
"Conservancy","Conservancy_27","Ozonahi","SSP585_2090","Without_Intervention","Grazer",12,12,19399,12026,-18.1595682935191,-17.7075986218532
"Conservancy","Conservancy_27","Ozonahi","SSP585_2090","Without_Intervention","Mixed",6,6,46289,35904,-14.0901720888468,-14.3035233638007
"Conservancy","Conservancy_27","Ozonahi","SSP585_2090","Without_Intervention","Omnivore",3,3,321521,155574,-13.1289536096938,-13.1289536096938
"Conservancy","Conservancy_28","N#a Jaqna","Current","Current","Browser",7,7,1463408,1175383,0,0
"Conservancy","Conservancy_28","N#a Jaqna","Current","Current","Carnivore",4,0,,,,
"Conservancy","Conservancy_28","N#a Jaqna","Current","Current","Grazer",12,12,65591,40494,0,0
"Conservancy","Conservancy_28","N#a Jaqna","Current","Current","Mixed",6,6,152981,118621,0,0
"Conservancy","Conservancy_28","N#a Jaqna","Current","Current","Omnivore",3,3,1054398,510193,0,0
"Conservancy","Conservancy_28","N#a Jaqna","SSP245_2050","With_Intervention","Browser",7,7,658125,503618,-55.7607309185903,-54.717788173932
"Conservancy","Conservancy_28","N#a Jaqna","SSP245_2050","With_Intervention","Carnivore",4,0,,,,
"Conservancy","Conservancy_28","N#a Jaqna","SSP245_2050","With_Intervention","Grazer",12,12,185484,130046,225.822347749983,204.352348617853
"Conservancy","Conservancy_28","N#a Jaqna","SSP245_2050","With_Intervention","Mixed",6,6,226833,174078,39.6653687009822,49.1884642310197
"Conservancy","Conservancy_28","N#a Jaqna","SSP245_2050","With_Intervention","Omnivore",3,3,1014010,490650,-3.83048500838444,-3.83048500838444
"Conservancy","Conservancy_28","N#a Jaqna","SSP245_2050","Without_Intervention","Browser",7,7,1420593,1141147,-2.92083023197444,-2.91816088246248
"Conservancy","Conservancy_28","N#a Jaqna","SSP245_2050","Without_Intervention","Carnivore",4,0,,,,
"Conservancy","Conservancy_28","N#a Jaqna","SSP245_2050","Without_Intervention","Grazer",12,12,61159,37915,-7.46045464500434,-7.11206177177627
"Conservancy","Conservancy_28","N#a Jaqna","SSP245_2050","Without_Intervention","Mixed",6,6,145950,113205,-4.4541670594796,-4.61250440552883
"Conservancy","Conservancy_28","N#a Jaqna","SSP245_2050","Without_Intervention","Omnivore",3,3,1013998,490644,-3.83161358462754,-3.83161358462754
"Conservancy","Conservancy_28","N#a Jaqna","SSP245_2090","With_Intervention","Browser",7,7,637370,487750,-57.1554182141383,-56.1460953869476
"Conservancy","Conservancy_28","N#a Jaqna","SSP245_2090","With_Intervention","Carnivore",4,0,,,,
"Conservancy","Conservancy_28","N#a Jaqna","SSP245_2090","With_Intervention","Grazer",12,12,179528,125869,215.355863234971,194.577576398102
"Conservancy","Conservancy_28","N#a Jaqna","SSP245_2090","With_Intervention","Mixed",6,6,219572,168506,35.1963748536795,44.4124989486583
"Conservancy","Conservancy_28","N#a Jaqna","SSP245_2090","With_Intervention","Omnivore",3,3,981626,474980,-6.9018115551769,-6.9018115551769
"Conservancy","Conservancy_28","N#a Jaqna","SSP245_2090","Without_Intervention","Browser",7,7,1376691,1105922,-5.91972091300332,-5.91814290238197
"Conservancy","Conservancy_28","N#a Jaqna","SSP245_2090","Without_Intervention","Carnivore",4,0,,,,
"Conservancy","Conservancy_28","N#a Jaqna","SSP245_2090","Without_Intervention","Grazer",12,12,58991,36589,-10.8212360605799,-10.4452979771109
"Conservancy","Conservancy_28","N#a Jaqna","SSP245_2090","Without_Intervention","Mixed",6,6,141158,109491,-7.57576012129754,-7.74651816152869
"Conservancy","Conservancy_28","N#a Jaqna","SSP245_2090","Without_Intervention","Omnivore",3,3,981622,474978,-6.90217555299963,-6.90217555299963
"Conservancy","Conservancy_28","N#a Jaqna","SSP585_2050","With_Intervention","Browser",7,7,635994,486682,-57.2483787876963,-56.2405066609892
"Conservancy","Conservancy_28","N#a Jaqna","SSP585_2050","With_Intervention","Carnivore",4,0,,,,
"Conservancy","Conservancy_28","N#a Jaqna","SSP585_2050","With_Intervention","Grazer",12,12,179247,125673,214.866033122864,194.117995958219
"Conservancy","Conservancy_28","N#a Jaqna","SSP585_2050","With_Intervention","Mixed",6,6,219206,168224,34.9688706724972,44.171736994095
"Conservancy","Conservancy_28","N#a Jaqna","SSP585_2050","With_Intervention","Omnivore",3,3,979912,474151,-7.06437618998895,-7.06437618998895
"Conservancy","Conservancy_28","N#a Jaqna","SSP585_2050","Without_Intervention","Browser",7,7,1372823,1102774,-6.18531265826461,-6.1827315974548
"Conservancy","Conservancy_28","N#a Jaqna","SSP585_2050","Without_Intervention","Carnivore",4,0,,,,
"Conservancy","Conservancy_28","N#a Jaqna","SSP585_2050","Without_Intervention","Grazer",12,12,59103,36640,-10.5722129755486,-10.235540829539
"Conservancy","Conservancy_28","N#a Jaqna","SSP585_2050","Without_Intervention","Mixed",6,6,141043,109398,-7.66706406348419,-7.82007509653345
"Conservancy","Conservancy_28","N#a Jaqna","SSP585_2050","Without_Intervention","Omnivore",3,3,979900,474145,-7.0654664418448,-7.0654664418448
"Conservancy","Conservancy_28","N#a Jaqna","SSP585_2090","With_Intervention","Browser",7,7,600350,459420,-59.6439552310878,-58.6932521488348
"Conservancy","Conservancy_28","N#a Jaqna","SSP585_2090","With_Intervention","Carnivore",4,0,,,,
"Conservancy","Conservancy_28","N#a Jaqna","SSP585_2090","With_Intervention","Grazer",12,12,169102,118559,197.040360192339,177.468838982411
"Conservancy","Conservancy_28","N#a Jaqna","SSP585_2090","With_Intervention","Mixed",6,6,206819,158719,27.3442116222143,36.0250792524165
"Conservancy","Conservancy_28","N#a Jaqna","SSP585_2090","With_Intervention","Omnivore",3,3,924612,447393,-12.3089993233767,-12.3089993233767
"Conservancy","Conservancy_28","N#a Jaqna","SSP585_2090","Without_Intervention","Browser",7,7,1296733,1041690,-11.383877397402,-11.3823902744292
"Conservancy","Conservancy_28","N#a Jaqna","SSP585_2090","Without_Intervention","Carnivore",4,0,,,,
"Conservancy","Conservancy_28","N#a Jaqna","SSP585_2090","Without_Intervention","Grazer",12,12,55565,34464,-16.0010084536876,-15.6468822465571
"Conservancy","Conservancy_28","N#a Jaqna","SSP585_2090","Without_Intervention","Mixed",6,6,132959,103132,-12.9438339220318,-13.1046850617485
"Conservancy","Conservancy_28","N#a Jaqna","SSP585_2090","Without_Intervention","Omnivore",3,3,924609,447391,-12.3093413620112,-12.3093413620112
"Conservancy","Conservancy_29","!Han /Awab","Current","Current","Browser",7,7,86992,62335,0,0
"Conservancy","Conservancy_29","!Han /Awab","Current","Current","Carnivore",4,0,,,,
"Conservancy","Conservancy_29","!Han /Awab","Current","Current","Grazer",12,12,37747,26501,0,0
"Conservancy","Conservancy_29","!Han /Awab","Current","Current","Mixed",6,6,43176,33188,0,0
"Conservancy","Conservancy_29","!Han /Awab","Current","Current","Omnivore",3,3,178528,86385,0,0
"Conservancy","Conservancy_29","!Han /Awab","SSP245_2050","With_Intervention","Browser",7,7,75103,53083,-14.1250055717733,-14.5696195360687
"Conservancy","Conservancy_29","!Han /Awab","SSP245_2050","With_Intervention","Carnivore",4,0,,,,
"Conservancy","Conservancy_29","!Han /Awab","SSP245_2050","With_Intervention","Grazer",12,12,39620,27892,5.22949352675604,5.25009733566598
"Conservancy","Conservancy_29","!Han /Awab","SSP245_2050","With_Intervention","Mixed",6,6,44439,34107,2.42288152945152,2.99339859295298
"Conservancy","Conservancy_29","!Han /Awab","SSP245_2050","With_Intervention","Omnivore",3,3,178719,86477,0.10679584261166,0.106795842611661
"Conservancy","Conservancy_29","!Han /Awab","SSP245_2050","Without_Intervention","Browser",7,7,72845,51149,-16.8458581687755,-16.1314585725894
"Conservancy","Conservancy_29","!Han /Awab","SSP245_2050","Without_Intervention","Carnivore",4,0,,,,
"Conservancy","Conservancy_29","!Han /Awab","SSP245_2050","Without_Intervention","Grazer",12,12,37214,26168,-1.25090293342726,-1.2559319411151
"Conservancy","Conservancy_29","!Han /Awab","SSP245_2050","Without_Intervention","Mixed",6,6,41820,32125,-3.51037896982002,-3.11047391410129
"Conservancy","Conservancy_29","!Han /Awab","SSP245_2050","Without_Intervention","Omnivore",3,3,168814,81684,-5.44152533618962,-5.44152533618962
"Conservancy","Conservancy_29","!Han /Awab","SSP245_2090","With_Intervention","Browser",7,7,71662,50540,-18.1194120195582,-18.3679541526302
"Conservancy","Conservancy_29","!Han /Awab","SSP245_2090","With_Intervention","Carnivore",4,0,,,,
"Conservancy","Conservancy_29","!Han /Awab","SSP245_2090","With_Intervention","Grazer",12,12,38267,26940,1.64167492244954,1.65975463630987
"Conservancy","Conservancy_29","!Han /Awab","SSP245_2090","With_Intervention","Mixed",6,6,42867,32900,-1.22372523597672,-0.649354054972862
"Conservancy","Conservancy_29","!Han /Awab","SSP245_2090","With_Intervention","Omnivore",3,3,172106,83277,-3.59711220051779,-3.59711220051779
"Conservancy","Conservancy_29","!Han /Awab","SSP245_2090","Without_Intervention","Browser",7,7,69165,48407,-21.1314849540156,-20.3738912691988
"Conservancy","Conservancy_29","!Han /Awab","SSP245_2090","Without_Intervention","Carnivore",4,0,,,,
"Conservancy","Conservancy_29","!Han /Awab","SSP245_2090","Without_Intervention","Grazer",12,12,35949,25280,-4.59779367823665,-4.60516526277462
"Conservancy","Conservancy_29","!Han /Awab","SSP245_2090","Without_Intervention","Mixed",6,6,40324,30977,-6.99322659555932,-6.57482931072259
"Conservancy","Conservancy_29","!Han /Awab","SSP245_2090","Without_Intervention","Omnivore",3,3,162378,78570,-9.04642298465332,-9.04642298465332
"Conservancy","Conservancy_29","!Han /Awab","SSP585_2050","With_Intervention","Browser",7,7,72054,50927,-17.6115080189468,-18.0362472228632
"Conservancy","Conservancy_29","!Han /Awab","SSP585_2050","With_Intervention","Carnivore",4,0,,,,
"Conservancy","Conservancy_29","!Han /Awab","SSP585_2050","With_Intervention","Grazer",12,12,38012,26760,0.957611094609393,0.977352553091182
"Conservancy","Conservancy_29","!Han /Awab","SSP585_2050","With_Intervention","Mixed",6,6,42635,32722,-1.73511015124829,-1.18781644166826
"Conservancy","Conservancy_29","!Han /Awab","SSP585_2050","With_Intervention","Omnivore",3,3,171463,82966,-3.957290475035,-3.957290475035
"Conservancy","Conservancy_29","!Han /Awab","SSP585_2050","Without_Intervention","Browser",7,7,69887,49071,-20.2234265209945,-19.5380380838536
"Conservancy","Conservancy_29","!Han /Awab","SSP585_2050","Without_Intervention","Carnivore",4,0,,,,
"Conservancy","Conservancy_29","!Han /Awab","SSP585_2050","Without_Intervention","Grazer",12,12,35702,25105,-5.26234523240081,-5.26720724934289
"Conservancy","Conservancy_29","!Han /Awab","SSP585_2050","Without_Intervention","Mixed",6,6,40121,30820,-7.42997928424306,-7.04643211723789
"Conservancy","Conservancy_29","!Han /Awab","SSP585_2050","Without_Intervention","Omnivore",3,3,161956,78366,-9.28274380419497,-9.28274380419497
"Conservancy","Conservancy_29","!Han /Awab","SSP585_2090","With_Intervention","Browser",7,7,64395,45418,-26.4212021228675,-26.6555222345378
"Conservancy","Conservancy_29","!Han /Awab","SSP585_2090","With_Intervention","Carnivore",4,0,,,,
"Conservancy","Conservancy_29","!Han /Awab","SSP585_2090","With_Intervention","Grazer",12,12,34390,24212,-8.65365337549622,-8.63724213780281
"Conservancy","Conservancy_29","!Han /Awab","SSP585_2090","With_Intervention","Mixed",6,6,38525,29567,-11.2299995604017,-10.7131427536319
"Conservancy","Conservancy_29","!Han /Awab","SSP585_2090","With_Intervention","Omnivore",3,3,154671,74841,-13.3634894908634,-13.3634894908634
"Conservancy","Conservancy_29","!Han /Awab","SSP585_2090","Without_Intervention","Browser",7,7,62158,43507,-29.1198264212283,-28.4384553785726
"Conservancy","Conservancy_29","!Han /Awab","SSP585_2090","Without_Intervention","Carnivore",4,0,,,,
"Conservancy","Conservancy_29","!Han /Awab","SSP585_2090","Without_Intervention","Grazer",12,12,32313,22724,-14.2458532119055,-14.2522510785172
"Conservancy","Conservancy_29","!Han /Awab","SSP585_2090","Without_Intervention","Mixed",6,6,36246,27843,-16.4008431859994,-16.0238006633337
"Conservancy","Conservancy_29","!Han /Awab","SSP585_2090","Without_Intervention","Omnivore",3,3,145952,70622,-18.2472320740765,-18.2472320740765
"Conservancy","Conservancy_3","Otjitanda","Current","Current","Browser",7,7,157234,125116,0,0
"Conservancy","Conservancy_3","Otjitanda","Current","Current","Carnivore",4,0,,,,
"Conservancy","Conservancy_3","Otjitanda","Current","Current","Grazer",12,12,8189,5006,0,0
"Conservancy","Conservancy_3","Otjitanda","Current","Current","Mixed",6,6,17498,13601,0,0
"Conservancy","Conservancy_3","Otjitanda","Current","Current","Omnivore",3,3,116538,56389,0,0
"Conservancy","Conservancy_3","Otjitanda","SSP245_2050","With_Intervention","Browser",7,7,96725,74642,-39.1331675683964,-38.3755845912693
"Conservancy","Conservancy_3","Otjitanda","SSP245_2050","With_Intervention","Carnivore",4,0,,,,
"Conservancy","Conservancy_3","Otjitanda","SSP245_2050","With_Intervention","Grazer",12,12,20273,14128,176.093543918657,163.500087168321
"Conservancy","Conservancy_3","Otjitanda","SSP245_2050","With_Intervention","Mixed",6,6,26210,20162,42.5631451753378,50.6449258191911
"Conservancy","Conservancy_3","Otjitanda","SSP245_2050","With_Intervention","Omnivore",3,3,124513,60248,6.84340454883123,6.84340454883123
"Conservancy","Conservancy_3","Otjitanda","SSP245_2050","Without_Intervention","Browser",7,7,162105,129276,3.16563233632631,3.12212329724489
"Conservancy","Conservancy_3","Otjitanda","SSP245_2050","Without_Intervention","Carnivore",4,0,,,,
"Conservancy","Conservancy_3","Otjitanda","SSP245_2050","Without_Intervention","Grazer",12,12,7683,4736,-7.45023865863406,-6.83657017462964
"Conservancy","Conservancy_3","Otjitanda","SSP245_2050","Without_Intervention","Mixed",6,6,17287,13439,-0.877475992249822,-1.22733972889989
"Conservancy","Conservancy_3","Otjitanda","SSP245_2050","Without_Intervention","Omnivore",3,3,117619,56912,0.927376620478152,0.927376620478152
"Conservancy","Conservancy_3","Otjitanda","SSP245_2090","With_Intervention","Browser",7,7,92120,71128,-42.0212510810875,-41.3462270597122
"Conservancy","Conservancy_3","Otjitanda","SSP245_2090","With_Intervention","Carnivore",4,0,,,,
"Conservancy","Conservancy_3","Otjitanda","SSP245_2090","With_Intervention","Grazer",12,12,19191,13373,161.325107610423,149.425819461122
"Conservancy","Conservancy_3","Otjitanda","SSP245_2090","With_Intervention","Mixed",6,6,24846,19113,35.1637184193208,42.8057735188926
"Conservancy","Conservancy_3","Otjitanda","SSP245_2090","With_Intervention","Omnivore",3,3,118194,57191,1.42130994353254,1.42130994353254
"Conservancy","Conservancy_3","Otjitanda","SSP245_2090","Without_Intervention","Browser",7,7,154572,123317,-1.61732913190993,-1.66489991461064
"Conservancy","Conservancy_3","Otjitanda","SSP245_2090","Without_Intervention","Carnivore",4,0,,,,
"Conservancy","Conservancy_3","Otjitanda","SSP245_2090","Without_Intervention","Grazer",12,12,7217,4454,-13.2609167737915,-12.58814834068
"Conservancy","Conservancy_3","Otjitanda","SSP245_2090","Without_Intervention","Mixed",6,6,16376,12731,-6.05240556928619,-6.43412872654155
"Conservancy","Conservancy_3","Otjitanda","SSP245_2090","Without_Intervention","Omnivore",3,3,111793,54094,-4.07105280078194,-4.07105280078194
"Conservancy","Conservancy_3","Otjitanda","SSP585_2050","With_Intervention","Browser",7,7,94408,72848,-40.5926519995214,-39.8453029006991
"Conservancy","Conservancy_3","Otjitanda","SSP585_2050","With_Intervention","Carnivore",4,0,,,,
"Conservancy","Conservancy_3","Otjitanda","SSP585_2050","With_Intervention","Grazer",12,12,19800,13798,169.648428337058,157.346869515027
"Conservancy","Conservancy_3","Otjitanda","SSP585_2050","With_Intervention","Mixed",6,6,25594,19689,39.2115194338579,47.1049431853793
"Conservancy","Conservancy_3","Otjitanda","SSP585_2050","With_Intervention","Omnivore",3,3,121570,58824,4.31819996654017,4.31819996654017
"Conservancy","Conservancy_3","Otjitanda","SSP585_2050","Without_Intervention","Browser",7,7,158209,126162,0.684379202123545,0.641689780468192
"Conservancy","Conservancy_3","Otjitanda","SSP585_2050","Without_Intervention","Carnivore",4,0,,,,
"Conservancy","Conservancy_3","Otjitanda","SSP585_2050","Without_Intervention","Grazer",12,12,7498,4621,-9.69436390659747,-9.09409012598406
"Conservancy","Conservancy_3","Otjitanda","SSP585_2050","Without_Intervention","Mixed",6,6,16869,13115,-3.2678536958452,-3.61193867715142
"Conservancy","Conservancy_3","Otjitanda","SSP585_2050","Without_Intervention","Omnivore",3,3,114784,55541,-1.50511212509443,-1.50511212509443
"Conservancy","Conservancy_3","Otjitanda","SSP585_2090","With_Intervention","Browser",7,7,88970,68695,-44.0042833503881,-43.3508539598065
"Conservancy","Conservancy_3","Otjitanda","SSP585_2090","With_Intervention","Carnivore",4,0,,,,
"Conservancy","Conservancy_3","Otjitanda","SSP585_2090","With_Intervention","Grazer",12,12,18536,12917,152.405210716752,140.911883930306
"Conservancy","Conservancy_3","Otjitanda","SSP585_2090","With_Intervention","Mixed",6,6,23998,18460,30.5476956066978,37.9288286616458
"Conservancy","Conservancy_3","Otjitanda","SSP585_2090","With_Intervention","Omnivore",3,3,114156,55237,-2.04383776612836,-2.04383776612836
"Conservancy","Conservancy_3","Otjitanda","SSP585_2090","Without_Intervention","Browser",7,7,149273,119087,-4.99083822229258,-5.03673965949135
"Conservancy","Conservancy_3","Otjitanda","SSP585_2090","Without_Intervention","Carnivore",4,0,,,,
"Conservancy","Conservancy_3","Otjitanda","SSP585_2090","Without_Intervention","Grazer",12,12,6971,4302,-16.2199678753861,-15.5710976657185
"Conservancy","Conservancy_3","Otjitanda","SSP585_2090","Without_Intervention","Mixed",6,6,15815,12296,-9.26795765374805,-9.6364136023888
"Conservancy","Conservancy_3","Otjitanda","SSP585_2090","Without_Intervention","Omnivore",3,3,107964,52240,-7.35741445959695,-7.35741445959695
"Conservancy","Conservancy_30","!Khob !naub","Current","Current","Browser",7,7,75410,47390,0,0
"Conservancy","Conservancy_30","!Khob !naub","Current","Current","Carnivore",4,0,,,,
"Conservancy","Conservancy_30","!Khob !naub","Current","Current","Grazer",12,12,16749,11244,0,0
"Conservancy","Conservancy_30","!Khob !naub","Current","Current","Mixed",6,6,20344,16145,0,0
"Conservancy","Conservancy_30","!Khob !naub","Current","Current","Omnivore",3,3,93859,45415,0,0
"Conservancy","Conservancy_30","!Khob !naub","SSP245_2050","With_Intervention","Browser",7,7,62232,37425,-18.7733399454384,-17.670784123732
"Conservancy","Conservancy_30","!Khob !naub","SSP245_2050","With_Intervention","Carnivore",4,0,,,,
"Conservancy","Conservancy_30","!Khob !naub","SSP245_2050","With_Intervention","Grazer",12,12,25714,17737,57.7671266544236,57.7513603760863
"Conservancy","Conservancy_30","!Khob !naub","SSP245_2050","With_Intervention","Mixed",6,6,28858,22534,38.4939343154601,42.7624342407812
"Conservancy","Conservancy_30","!Khob !naub","SSP245_2050","With_Intervention","Omnivore",3,3,118766,57468,26.5376245771499,26.5376245771499
"Conservancy","Conservancy_30","!Khob !naub","SSP245_2050","Without_Intervention","Browser",7,7,44762,22547,-44.9271982486313,-43.2142757517316
"Conservancy","Conservancy_30","!Khob !naub","SSP245_2050","Without_Intervention","Carnivore",4,0,,,,
"Conservancy","Conservancy_30","!Khob !naub","SSP245_2050","Without_Intervention","Grazer",12,12,12283,8083,-27.4767071796059,-27.768944926968
"Conservancy","Conservancy_30","!Khob !naub","SSP245_2050","Without_Intervention","Mixed",6,6,13935,11246,-31.4454531803034,-31.907419121668
"Conservancy","Conservancy_30","!Khob !naub","SSP245_2050","Without_Intervention","Omnivore",3,3,60648,29346,-35.3835386464344,-35.3835386464344
"Conservancy","Conservancy_30","!Khob !naub","SSP245_2090","With_Intervention","Browser",7,7,57066,33531,-26.1212178727069,-24.0992910338706
"Conservancy","Conservancy_30","!Khob !naub","SSP245_2090","With_Intervention","Carnivore",4,0,,,,
"Conservancy","Conservancy_30","!Khob !naub","SSP245_2090","With_Intervention","Grazer",12,12,24309,16755,49.0707126379242,49.0176600960803
"Conservancy","Conservancy_30","!Khob !naub","SSP245_2090","With_Intervention","Mixed",6,6,27135,21209,30.1924429704302,34.1989682972168
"Conservancy","Conservancy_30","!Khob !naub","SSP245_2090","With_Intervention","Omnivore",3,3,111024,53721,18.28903590178,18.28903590178
"Conservancy","Conservancy_30","!Khob !naub","SSP245_2090","Without_Intervention","Browser",7,7,38929,18100,-53.263144243646,-51.3212632035615
"Conservancy","Conservancy_30","!Khob !naub","SSP245_2090","Without_Intervention","Carnivore",4,0,,,,
"Conservancy","Conservancy_30","!Khob !naub","SSP245_2090","Without_Intervention","Grazer",12,12,11227,7334,-33.9314737582251,-34.2651868908898
"Conservancy","Conservancy_30","!Khob !naub","SSP245_2090","Without_Intervention","Mixed",6,6,12531,10161,-38.3133593451262,-38.8747061499795
"Conservancy","Conservancy_30","!Khob !naub","SSP245_2090","Without_Intervention","Omnivore",3,3,53764,26015,-42.7178512145622,-42.7178512145622
"Conservancy","Conservancy_30","!Khob !naub","SSP585_2050","With_Intervention","Browser",7,7,60299,36262,-21.2967157939044,-20.2309987285237
"Conservancy","Conservancy_30","!Khob !naub","SSP585_2050","With_Intervention","Carnivore",4,0,,,,
"Conservancy","Conservancy_30","!Khob !naub","SSP585_2050","With_Intervention","Grazer",12,12,24917,17187,52.8737968183891,52.8585643046277
"Conservancy","Conservancy_30","!Khob !naub","SSP585_2050","With_Intervention","Mixed",6,6,27963,21835,34.197301092108,38.3338603554488
"Conservancy","Conservancy_30","!Khob !naub","SSP585_2050","With_Intervention","Omnivore",3,3,115081,55684,22.6113909384993,22.6113909384993
"Conservancy","Conservancy_30","!Khob !naub","SSP585_2050","Without_Intervention","Browser",7,7,43372,21848,-46.6363233563601,-44.976556729387
"Conservancy","Conservancy_30","!Khob !naub","SSP585_2050","Without_Intervention","Carnivore",4,0,,,,
"Conservancy","Conservancy_30","!Khob !naub","SSP585_2050","Without_Intervention","Grazer",12,12,11904,7834,-29.7131947172796,-29.9962879214908
"Conservancy","Conservancy_30","!Khob !naub","SSP585_2050","Without_Intervention","Mixed",6,6,13505,10899,-33.5624644727071,-34.008913456594
"Conservancy","Conservancy_30","!Khob !naub","SSP585_2050","Without_Intervention","Omnivore",3,3,58774,28439,-37.3802247158065,-37.3802247158065
"Conservancy","Conservancy_30","!Khob !naub","SSP585_2090","With_Intervention","Browser",7,7,52038,30577,-32.6301538860877,-30.7863186999657
"Conservancy","Conservancy_30","!Khob !naub","SSP585_2090","With_Intervention","Carnivore",4,0,,,,
"Conservancy","Conservancy_30","!Khob !naub","SSP585_2090","With_Intervention","Grazer",12,12,22168,15279,35.9384033589267,35.8900212582909
"Conservancy","Conservancy_30","!Khob !naub","SSP585_2090","With_Intervention","Mixed",6,6,24745,19340,18.7230532527276,22.3766451830431
"Conservancy","Conservancy_30","!Khob !naub","SSP585_2090","With_Intervention","Omnivore",3,3,101244,48989,7.86816079286142,7.86816079286142
"Conservancy","Conservancy_30","!Khob !naub","SSP585_2090","Without_Intervention","Browser",7,7,35499,16505,-57.3808960203131,-55.6100080164588
"Conservancy","Conservancy_30","!Khob !naub","SSP585_2090","Without_Intervention","Carnivore",4,0,,,,
"Conservancy","Conservancy_30","!Khob !naub","SSP585_2090","Without_Intervention","Grazer",12,12,10238,6688,-39.7488515085156,-40.053165341827
"Conservancy","Conservancy_30","!Khob !naub","SSP585_2090","Without_Intervention","Mixed",6,6,11428,9267,-43.745572668651,-44.2572704924428
"Conservancy","Conservancy_30","!Khob !naub","SSP585_2090","Without_Intervention","Omnivore",3,3,49029,23724,-47.762575082311,-47.762575082311
"Conservancy","Conservancy_31","Anabeb","Current","Current","Browser",7,7,85233,62433,0,0
"Conservancy","Conservancy_31","Anabeb","Current","Current","Carnivore",4,0,,,,
"Conservancy","Conservancy_31","Anabeb","Current","Current","Grazer",12,12,5107,3160,0,0
"Conservancy","Conservancy_31","Anabeb","Current","Current","Mixed",6,6,9636,7736,0,0
"Conservancy","Conservancy_31","Anabeb","Current","Current","Omnivore",3,3,62260,30126,0,0
"Conservancy","Conservancy_31","Anabeb","SSP245_2050","With_Intervention","Browser",7,7,73767,53143,-13.9984049470204,-14.8805239069442
"Conservancy","Conservancy_31","Anabeb","SSP245_2050","With_Intervention","Carnivore",4,0,,,,
"Conservancy","Conservancy_31","Anabeb","SSP245_2050","With_Intervention","Grazer",12,12,14070,9619,224.184838232051,204.438492241405
"Conservancy","Conservancy_31","Anabeb","SSP245_2050","With_Intervention","Mixed",6,6,18183,14184,79.2863191330619,91.0122581613913
"Conservancy","Conservancy_31","Anabeb","SSP245_2050","With_Intervention","Omnivore",3,3,87699,42435,40.8595428990152,40.8595428990152
"Conservancy","Conservancy_31","Anabeb","SSP245_2050","Without_Intervention","Browser",7,7,81995,59887,-3.88572451183314,-3.88863660801664
"Conservancy","Conservancy_31","Anabeb","SSP245_2050","Without_Intervention","Carnivore",4,0,,,,
"Conservancy","Conservancy_31","Anabeb","SSP245_2050","Without_Intervention","Grazer",12,12,4581,2796,-12.2552577129588,-11.5127880079423
"Conservancy","Conservancy_31","Anabeb","SSP245_2050","Without_Intervention","Mixed",6,6,8915,7180,-7.1105397887809,-7.60921512426406
"Conservancy","Conservancy_31","Anabeb","SSP245_2050","Without_Intervention","Omnivore",3,3,58613,28361,-5.85722254592939,-5.85722254592939
"Conservancy","Conservancy_31","Anabeb","SSP245_2090","With_Intervention","Browser",7,7,69993,50370,-18.4269170009279,-19.1892864945293
"Conservancy","Conservancy_31","Anabeb","SSP245_2090","With_Intervention","Carnivore",4,0,,,,
"Conservancy","Conservancy_31","Anabeb","SSP245_2090","With_Intervention","Grazer",12,12,13306,9094,206.460130503356,187.827719392108
"Conservancy","Conservancy_31","Anabeb","SSP245_2090","With_Intervention","Mixed",6,6,17205,13424,69.6678835770232,80.7241883973774
"Conservancy","Conservancy_31","Anabeb","SSP245_2090","With_Intervention","Omnivore",3,3,83027,40174,33.3553042748369,33.3553042748369
"Conservancy","Conservancy_31","Anabeb","SSP245_2090","Without_Intervention","Browser",7,7,77828,56792,-8.79768193967771,-8.78057835849776
"Conservancy","Conservancy_31","Anabeb","SSP245_2090","Without_Intervention","Carnivore",4,0,,,,
"Conservancy","Conservancy_31","Anabeb","SSP245_2090","Without_Intervention","Grazer",12,12,4286,2608,-18.2963682340087,-17.451401615497
"Conservancy","Conservancy_31","Anabeb","SSP245_2090","Without_Intervention","Mixed",6,6,8396,6767,-12.4501321757072,-13.0145044312272
"Conservancy","Conservancy_31","Anabeb","SSP245_2090","Without_Intervention","Omnivore",3,3,55386,26800,-11.0401711900234,-11.0401711900234
"Conservancy","Conservancy_31","Anabeb","SSP585_2050","With_Intervention","Browser",7,7,71351,51390,-16.8221126688577,-17.673776735566
"Conservancy","Conservancy_31","Anabeb","SSP585_2050","With_Intervention","Carnivore",4,0,,,,
"Conservancy","Conservancy_31","Anabeb","SSP585_2050","With_Intervention","Grazer",12,12,13623,9313,213.884418417488,194.760753918078
"Conservancy","Conservancy_31","Anabeb","SSP585_2050","With_Intervention","Mixed",6,6,17600,13730,73.5370436104964,84.8893799582408
"Conservancy","Conservancy_31","Anabeb","SSP585_2050","With_Intervention","Omnivore",3,3,84867,41065,36.3114960325547,36.3114960325547
"Conservancy","Conservancy_31","Anabeb","SSP585_2050","Without_Intervention","Browser",7,7,79272,57882,-7.08632504906646,-7.08770808707062
"Conservancy","Conservancy_31","Anabeb","SSP585_2050","Without_Intervention","Carnivore",4,0,,,,
"Conservancy","Conservancy_31","Anabeb","SSP585_2050","Without_Intervention","Grazer",12,12,4433,2705,-15.1126933056643,-14.3961486273944
"Conservancy","Conservancy_31","Anabeb","SSP585_2050","Without_Intervention","Mixed",6,6,8621,6944,-10.1745588010781,-10.6615193120481
"Conservancy","Conservancy_31","Anabeb","SSP585_2050","Without_Intervention","Omnivore",3,3,56669,27420,-8.98071853470238,-8.98071853470238
"Conservancy","Conservancy_31","Anabeb","SSP585_2090","With_Intervention","Browser",7,7,65622,47214,-23.5268771072155,-24.2138100774522
"Conservancy","Conservancy_31","Anabeb","SSP585_2090","With_Intervention","Carnivore",4,0,,,,
"Conservancy","Conservancy_31","Anabeb","SSP585_2090","With_Intervention","Grazer",12,12,12485,8533,187.561250212071,170.074438328993
"Conservancy","Conservancy_31","Anabeb","SSP585_2090","With_Intervention","Mixed",6,6,16140,12593,59.1646940219554,69.5380517340244
"Conservancy","Conservancy_31","Anabeb","SSP585_2090","With_Intervention","Omnivore",3,3,77872,37680,25.0761214618207,25.0761214618207
"Conservancy","Conservancy_31","Anabeb","SSP585_2090","Without_Intervention","Browser",7,7,72937,53210,-14.5359311233765,-14.518899605485
"Conservancy","Conservancy_31","Anabeb","SSP585_2090","Without_Intervention","Carnivore",4,0,,,,
"Conservancy","Conservancy_31","Anabeb","SSP585_2090","Without_Intervention","Grazer",12,12,4018,2445,-23.4244176523753,-22.6302268490165
"Conservancy","Conservancy_31","Anabeb","SSP585_2090","Without_Intervention","Mixed",6,6,7868,6342,-17.9503820501214,-18.4852946358362
"Conservancy","Conservancy_31","Anabeb","SSP585_2090","Without_Intervention","Omnivore",3,3,51902,25114,-16.6372456839296,-16.6372456839296
"Conservancy","Conservancy_32","Ozondundu","Current","Current","Browser",7,7,119961,96344,0,0
"Conservancy","Conservancy_32","Ozondundu","Current","Current","Carnivore",4,0,,,,
"Conservancy","Conservancy_32","Ozondundu","Current","Current","Grazer",12,12,5115,3175,0,0
"Conservancy","Conservancy_32","Ozondundu","Current","Current","Mixed",6,6,12272,9520,0,0
"Conservancy","Conservancy_32","Ozondundu","Current","Current","Omnivore",3,3,85420,41332,0,0
"Conservancy","Conservancy_32","Ozondundu","SSP245_2050","With_Intervention","Browser",7,7,86452,68470,-28.279575588926,-27.8207641817174
"Conservancy","Conservancy_32","Ozondundu","SSP245_2050","With_Intervention","Carnivore",4,0,,,,
"Conservancy","Conservancy_32","Ozondundu","SSP245_2050","With_Intervention","Grazer",12,12,9825,6749,116.004896281079,103.648222405385
"Conservancy","Conservancy_32","Ozondundu","SSP245_2050","With_Intervention","Mixed",6,6,15065,11612,18.4759638327098,23.2234592856997
"Conservancy","Conservancy_32","Ozondundu","SSP245_2050","With_Intervention","Omnivore",3,3,82826,40077,-3.03709970820899,-3.03709970820899
"Conservancy","Conservancy_32","Ozondundu","SSP245_2050","Without_Intervention","Browser",7,7,116309,93435,-3.03784714241003,-3.03709970820899
"Conservancy","Conservancy_32","Ozondundu","SSP245_2050","Without_Intervention","Carnivore",4,0,,,,
"Conservancy","Conservancy_32","Ozondundu","SSP245_2050","Without_Intervention","Grazer",12,12,4957,3076,-3.0635935773143,-3.06506700754808
"Conservancy","Conservancy_32","Ozondundu","SSP245_2050","Without_Intervention","Mixed",6,6,11898,9229,-3.0494387625901,-3.04086558520392
"Conservancy","Conservancy_32","Ozondundu","SSP245_2050","Without_Intervention","Omnivore",3,3,82826,40077,-3.03709970820899,-3.03709970820899
"Conservancy","Conservancy_32","Ozondundu","SSP245_2090","With_Intervention","Browser",7,7,82006,64950,-31.967359553122,-31.5375084221057
"Conservancy","Conservancy_32","Ozondundu","SSP245_2090","With_Intervention","Carnivore",4,0,,,,
"Conservancy","Conservancy_32","Ozondundu","SSP245_2090","With_Intervention","Grazer",12,12,9329,6409,105.122587462029,93.3816625242034
"Conservancy","Conservancy_32","Ozondundu","SSP245_2090","With_Intervention","Mixed",6,6,14300,11023,12.4564350463027,16.9682224876902
"Conservancy","Conservancy_32","Ozondundu","SSP245_2090","With_Intervention","Omnivore",3,3,78601,38033,-7.9829933240444,-7.9829933240444
"Conservancy","Conservancy_32","Ozondundu","SSP245_2090","Without_Intervention","Browser",7,7,110376,88670,-7.98378432139207,-7.9829933240444
"Conservancy","Conservancy_32","Ozondundu","SSP245_2090","Without_Intervention","Carnivore",4,0,,,,
"Conservancy","Conservancy_32","Ozondundu","SSP245_2090","Without_Intervention","Grazer",12,12,4704,2919,-8.01103135088678,-8.01259065792044
"Conservancy","Conservancy_32","Ozondundu","SSP245_2090","Without_Intervention","Mixed",6,6,11291,8758,-7.99605154278067,-7.98697868986053
"Conservancy","Conservancy_32","Ozondundu","SSP245_2090","Without_Intervention","Omnivore",3,3,78601,38033,-7.9829933240444,-7.9829933240444
"Conservancy","Conservancy_32","Ozondundu","SSP585_2050","With_Intervention","Browser",7,7,83190,65887,-30.9851412847474,-30.5436531463314
"Conservancy","Conservancy_32","Ozondundu","SSP585_2050","With_Intervention","Carnivore",4,0,,,,
"Conservancy","Conservancy_32","Ozondundu","SSP585_2050","With_Intervention","Grazer",12,12,9454,6494,107.852279592287,95.9620967505174
"Conservancy","Conservancy_32","Ozondundu","SSP585_2050","With_Intervention","Mixed",6,6,14496,11174,14.0052752375956,18.573542824654
"Conservancy","Conservancy_32","Ozondundu","SSP585_2050","With_Intervention","Omnivore",3,3,79701,38565,-6.69562328389173,-6.69562328389173
"Conservancy","Conservancy_32","Ozondundu","SSP585_2050","Without_Intervention","Browser",7,7,111921,89909,-6.6963425293472,-6.69562328389172
"Conservancy","Conservancy_32","Ozondundu","SSP585_2050","Without_Intervention","Carnivore",4,0,,,,
"Conservancy","Conservancy_32","Ozondundu","SSP585_2050","Without_Intervention","Grazer",12,12,4770,2960,-6.72111796278848,-6.72253582405054
"Conservancy","Conservancy_32","Ozondundu","SSP585_2050","Without_Intervention","Mixed",6,6,11449,8881,-6.70749698297605,-6.69924713454068
"Conservancy","Conservancy_32","Ozondundu","SSP585_2050","Without_Intervention","Omnivore",3,3,79701,38565,-6.69562328389173,-6.69562328389173
"Conservancy","Conservancy_32","Ozondundu","SSP585_2090","With_Intervention","Browser",7,7,76779,60810,-36.3035613529499,-35.9011966395178
"Conservancy","Conservancy_32","Ozondundu","SSP585_2090","With_Intervention","Carnivore",4,0,,,,
"Conservancy","Conservancy_32","Ozondundu","SSP585_2090","With_Intervention","Grazer",12,12,8733,6000,92.0229356862067,81.0325467033442
"Conservancy","Conservancy_32","Ozondundu","SSP585_2090","With_Intervention","Mixed",6,6,13387,10319,5.28044976416053,9.50382339604884
"Conservancy","Conservancy_32","Ozondundu","SSP585_2090","With_Intervention","Omnivore",3,3,73587,35607,-13.8523906096429,-13.8523906096429
"Conservancy","Conservancy_32","Ozondundu","SSP585_2090","Without_Intervention","Browser",7,7,103335,83014,-13.8531311524295,-13.8523906096429
"Conservancy","Conservancy_32","Ozondundu","SSP585_2090","Without_Intervention","Carnivore",4,0,,,,
"Conservancy","Conservancy_32","Ozondundu","SSP585_2090","Without_Intervention","Grazer",12,12,4404,2733,-13.8786402027535,-13.8801000478202
"Conservancy","Conservancy_32","Ozondundu","SSP585_2090","Without_Intervention","Mixed",6,6,10571,8200,-13.8646158967682,-13.8561217648935
"Conservancy","Conservancy_32","Ozondundu","SSP585_2090","Without_Intervention","Omnivore",3,3,73587,35607,-13.8523906096429,-13.8523906096429
"Conservancy","Conservancy_33","Sesfontein","Current","Current","Browser",7,7,40091,19230,0,0
"Conservancy","Conservancy_33","Sesfontein","Current","Current","Carnivore",4,0,,,,
"Conservancy","Conservancy_33","Sesfontein","Current","Current","Grazer",12,12,3020,1378,0,0
"Conservancy","Conservancy_33","Sesfontein","Current","Current","Mixed",6,6,4172,3830,0,0
"Conservancy","Conservancy_33","Sesfontein","Current","Current","Omnivore",3,3,25316,12250,0,0
"Conservancy","Conservancy_33","Sesfontein","SSP245_2050","With_Intervention","Browser",7,7,56364,32883,53.7081975850357,50.2668544550704
"Conservancy","Conservancy_33","Sesfontein","SSP245_2050","With_Intervention","Carnivore",4,0,,,,
"Conservancy","Conservancy_33","Sesfontein","SSP245_2050","With_Intervention","Grazer",12,12,18554,12627,1283.89052402234,736.492523695762
"Conservancy","Conservancy_33","Sesfontein","SSP245_2050","With_Intervention","Mixed",6,6,21165,16693,368.003729175207,440.53684921128
"Conservancy","Conservancy_33","Sesfontein","SSP245_2050","With_Intervention","Omnivore",3,3,90092,43593,255.871735523714,255.871735523714
"Conservancy","Conservancy_33","Sesfontein","SSP245_2050","Without_Intervention","Browser",7,7,38199,17387,-6.73621978471977,-5.62227130122337
"Conservancy","Conservancy_33","Sesfontein","SSP245_2050","Without_Intervention","Carnivore",4,0,,,,
"Conservancy","Conservancy_33","Sesfontein","SSP245_2050","Without_Intervention","Grazer",12,12,2947,1324,-6.51060569821382,-3.8908656702238
"Conservancy","Conservancy_33","Sesfontein","SSP245_2050","Without_Intervention","Mixed",6,6,3958,3678,-4.91896702787841,-5.65381836246725
"Conservancy","Conservancy_33","Sesfontein","SSP245_2050","Without_Intervention","Omnivore",3,3,23805,11519,-5.9675006578233,-5.9675006578233
"Conservancy","Conservancy_33","Sesfontein","SSP245_2090","With_Intervention","Browser",7,7,53244,30989,45.0424997103187,41.8882868154461
"Conservancy","Conservancy_33","Sesfontein","SSP245_2090","With_Intervention","Carnivore",4,0,,,,
"Conservancy","Conservancy_33","Sesfontein","SSP245_2090","With_Intervention","Grazer",12,12,17588,11968,1211.74471361345,692.87743564568
"Conservancy","Conservancy_33","Sesfontein","SSP245_2090","With_Intervention","Mixed",6,6,20049,15814,343.301051590976,412.012414891899
"Conservancy","Conservancy_33","Sesfontein","SSP245_2090","With_Intervention","Omnivore",3,3,85277,41263,236.851442182989,236.851442182989
"Conservancy","Conservancy_33","Sesfontein","SSP245_2090","Without_Intervention","Browser",7,7,35865,16166,-12.7788403980317,-11.5497271694487
"Conservancy","Conservancy_33","Sesfontein","SSP245_2090","Without_Intervention","Carnivore",4,0,,,,
"Conservancy","Conservancy_33","Sesfontein","SSP245_2090","Without_Intervention","Grazer",12,12,2783,1248,-12.2381655974604,-9.44920412918404
"Conservancy","Conservancy_33","Sesfontein","SSP245_2090","Without_Intervention","Mixed",6,6,3717,3461,-10.6844691158349,-11.4871800613386
"Conservancy","Conservancy_33","Sesfontein","SSP245_2090","Without_Intervention","Omnivore",3,3,22310,10795,-11.8732741672561,-11.8732741672561
"Conservancy","Conservancy_33","Sesfontein","SSP585_2050","With_Intervention","Browser",7,7,54688,31882,49.0894976301547,45.7821252095666
"Conservancy","Conservancy_33","Sesfontein","SSP585_2050","With_Intervention","Carnivore",4,0,,,,
"Conservancy","Conservancy_33","Sesfontein","SSP585_2050","With_Intervention","Grazer",12,12,18026,12268,1244.57415778447,712.711348805624
"Conservancy","Conservancy_33","Sesfontein","SSP585_2050","With_Intervention","Mixed",6,6,20558,16215,354.581358301507,425.042063131317
"Conservancy","Conservancy_33","Sesfontein","SSP585_2050","With_Intervention","Omnivore",3,3,87485,42332,245.577076981489,245.577076981489
"Conservancy","Conservancy_33","Sesfontein","SSP585_2050","Without_Intervention","Browser",7,7,36995,16789,-9.78351132631174,-8.64706282252032
"Conservancy","Conservancy_33","Sesfontein","SSP585_2050","Without_Intervention","Carnivore",4,0,,,,
"Conservancy","Conservancy_33","Sesfontein","SSP585_2050","Without_Intervention","Grazer",12,12,2859,1284,-9.4616216750168,-6.82091471201116
"Conservancy","Conservancy_33","Sesfontein","SSP585_2050","Without_Intervention","Mixed",6,6,3834,3565,-7.90149582630783,-8.64863954439089
"Conservancy","Conservancy_33","Sesfontein","SSP585_2050","Without_Intervention","Omnivore",3,3,23042,11149,-8.98122763195277,-8.98122763195277
"Conservancy","Conservancy_33","Sesfontein","SSP585_2090","With_Intervention","Browser",7,7,49886,29023,35.8705873654596,32.9306602189161
"Conservancy","Conservancy_33","Sesfontein","SSP585_2090","With_Intervention","Carnivore",4,0,,,,
"Conservancy","Conservancy_33","Sesfontein","SSP585_2090","With_Intervention","Grazer",12,12,16490,11221,1129.86415944339,643.378499009651
"Conservancy","Conservancy_33","Sesfontein","SSP585_2090","With_Intervention","Mixed",6,6,18795,14825,315.571068612489,379.987588746885
"Conservancy","Conservancy_33","Sesfontein","SSP585_2090","With_Intervention","Omnivore",3,3,79932,38677,215.738574968622,215.738574968622
"Conservancy","Conservancy_33","Sesfontein","SSP585_2090","Without_Intervention","Browser",7,7,33570,15107,-18.4126690115447,-17.2341109499238
"Conservancy","Conservancy_33","Sesfontein","SSP585_2090","Without_Intervention","Carnivore",4,0,,,,
"Conservancy","Conservancy_33","Sesfontein","SSP585_2090","Without_Intervention","Grazer",12,12,2607,1168,-17.8561715520666,-15.1951816938868
"Conservancy","Conservancy_33","Sesfontein","SSP585_2090","Without_Intervention","Mixed",6,6,3479,3241,-16.3927990507515,-17.1614349654649
"Conservancy","Conservancy_33","Sesfontein","SSP585_2090","Without_Intervention","Omnivore",3,3,20876,10101,-17.536864735368,-17.536864735368
"Conservancy","Conservancy_34","George Mukoya","Current","Current","Browser",7,7,75243,64769,0,0
"Conservancy","Conservancy_34","George Mukoya","Current","Current","Carnivore",4,0,,,,
"Conservancy","Conservancy_34","George Mukoya","Current","Current","Grazer",12,12,3145,1931,0,0
"Conservancy","Conservancy_34","George Mukoya","Current","Current","Mixed",6,6,7697,5905,0,0
"Conservancy","Conservancy_34","George Mukoya","Current","Current","Omnivore",3,3,55576,26892,0,0
"Conservancy","Conservancy_34","George Mukoya","SSP245_2050","With_Intervention","Browser",7,7,65502,54295,-14.0153490657295,-12.5327499221622
"Conservancy","Conservancy_34","George Mukoya","SSP245_2050","With_Intervention","Carnivore",4,0,,,,
"Conservancy","Conservancy_34","George Mukoya","SSP245_2050","With_Intervention","Grazer",12,12,4479,2869,50.4500591210333,46.70605283645
"Conservancy","Conservancy_34","George Mukoya","SSP245_2050","With_Intervention","Mixed",6,6,8441,6498,7.92759571540517,9.62930439330626
"Conservancy","Conservancy_34","George Mukoya","SSP245_2050","With_Intervention","Omnivore",3,3,53404,25841,-3.90698659383269,-3.90698659383269
"Conservancy","Conservancy_34","George Mukoya","SSP245_2050","Without_Intervention","Browser",7,7,74257,61337,-2.62919426186895,-0.816614681703571
"Conservancy","Conservancy_34","George Mukoya","SSP245_2050","Without_Intervention","Carnivore",4,0,,,,
"Conservancy","Conservancy_34","George Mukoya","SSP245_2050","Without_Intervention","Grazer",12,12,3099,1919,-2.91372466265312,-2.13346511110422
"Conservancy","Conservancy_34","George Mukoya","SSP245_2050","Without_Intervention","Mixed",6,6,7556,5837,-1.64783083714814,-2.05876800734456
"Conservancy","Conservancy_34","George Mukoya","SSP245_2050","Without_Intervention","Omnivore",3,3,53440,25858,-3.84296646461402,-3.84296646461402
"Conservancy","Conservancy_34","George Mukoya","SSP245_2090","With_Intervention","Browser",7,7,64612,52564,-15.6915398672584,-13.5288499797916
"Conservancy","Conservancy_34","George Mukoya","SSP245_2090","With_Intervention","Carnivore",4,0,,,,
"Conservancy","Conservancy_34","George Mukoya","SSP245_2090","With_Intervention","Grazer",12,12,4484,2863,50.3897947334809,46.7027042578759
"Conservancy","Conservancy_34","George Mukoya","SSP245_2090","With_Intervention","Mixed",6,6,8378,6464,7.12227814907187,8.72620034788735
"Conservancy","Conservancy_34","George Mukoya","SSP245_2090","With_Intervention","Omnivore",3,3,52444,25376,-5.63522112049536,-5.63522112049536
"Conservancy","Conservancy_34","George Mukoya","SSP245_2090","Without_Intervention","Browser",7,7,73206,59749,-4.37556185128772,-2.08164579979288
"Conservancy","Conservancy_34","George Mukoya","SSP245_2090","Without_Intervention","Carnivore",4,0,,,,
"Conservancy","Conservancy_34","George Mukoya","SSP245_2090","Without_Intervention","Grazer",12,12,3083,1911,-3.57824342116591,-2.75523366275609
"Conservancy","Conservancy_34","George Mukoya","SSP245_2090","Without_Intervention","Mixed",6,6,7466,5778,-2.7989069609364,-3.28096940185923
"Conservancy","Conservancy_34","George Mukoya","SSP245_2090","Without_Intervention","Omnivore",3,3,52444,25376,-5.63522112049536,-5.63522112049536
"Conservancy","Conservancy_34","George Mukoya","SSP585_2050","With_Intervention","Browser",7,7,64479,53221,-15.4741314769565,-13.8558674549704
"Conservancy","Conservancy_34","George Mukoya","SSP585_2050","With_Intervention","Carnivore",4,0,,,,
"Conservancy","Conservancy_34","George Mukoya","SSP585_2050","With_Intervention","Grazer",12,12,4414,2824,48.1768837598318,44.5180809521497
"Conservancy","Conservancy_34","George Mukoya","SSP585_2050","With_Intervention","Mixed",6,6,8311,6401,6.26951424166219,7.91596836420979
"Conservancy","Conservancy_34","George Mukoya","SSP585_2050","With_Intervention","Omnivore",3,3,52481,25394,-5.56835193183412,-5.56835193183412
"Conservancy","Conservancy_34","George Mukoya","SSP585_2050","Without_Intervention","Browser",7,7,72933,60243,-4.36552090608761,-2.58532041621689
"Conservancy","Conservancy_34","George Mukoya","SSP585_2050","Without_Intervention","Carnivore",4,0,,,,
"Conservancy","Conservancy_34","George Mukoya","SSP585_2050","Without_Intervention","Grazer",12,12,3044,1885,-4.64509692351765,-3.87875733592748
"Conservancy","Conservancy_34","George Mukoya","SSP585_2050","Without_Intervention","Mixed",6,6,7421,5733,-3.40172521875097,-3.80532580943169
"Conservancy","Conservancy_34","George Mukoya","SSP585_2050","Without_Intervention","Omnivore",3,3,52487,25397,-5.55764149085274,-5.55764149085274
"Conservancy","Conservancy_34","George Mukoya","SSP585_2090","With_Intervention","Browser",7,7,60879,49570,-20.5408906700733,-18.5334216264656
"Conservancy","Conservancy_34","George Mukoya","SSP585_2090","With_Intervention","Carnivore",4,0,,,,
"Conservancy","Conservancy_34","George Mukoya","SSP585_2090","With_Intervention","Grazer",12,12,4224,2698,41.6887388977418,38.2093818130597
"Conservancy","Conservancy_34","George Mukoya","SSP585_2090","With_Intervention","Mixed",6,6,7893,6090,0.928446154863032,2.44525659951118
"Conservancy","Conservancy_34","George Mukoya","SSP585_2090","With_Intervention","Omnivore",3,3,49431,23918,-11.0565675257451,-11.0565675257451
"Conservancy","Conservancy_34","George Mukoya","SSP585_2090","Without_Intervention","Browser",7,7,69008,56323,-9.85907639582467,-7.6966387033284
"Conservancy","Conservancy_34","George Mukoya","SSP585_2090","Without_Intervention","Carnivore",4,0,,,,
"Conservancy","Conservancy_34","George Mukoya","SSP585_2090","Without_Intervention","Grazer",12,12,2906,1802,-9.10734423917433,-8.33152224830767
"Conservancy","Conservancy_34","George Mukoya","SSP585_2090","Without_Intervention","Mixed",6,6,7038,5447,-8.3727565866663,-8.82718537319008
"Conservancy","Conservancy_34","George Mukoya","SSP585_2090","Without_Intervention","Omnivore",3,3,49437,23921,-11.0465099176842,-11.0465099176842
"Conservancy","Conservancy_35","Muduva Nyangana","Current","Current","Browser",7,7,96268,79662,0,0
"Conservancy","Conservancy_35","Muduva Nyangana","Current","Current","Carnivore",4,0,,,,
"Conservancy","Conservancy_35","Muduva Nyangana","Current","Current","Grazer",12,12,4388,2688,0,0
"Conservancy","Conservancy_35","Muduva Nyangana","Current","Current","Mixed",6,6,10165,7845,0,0
"Conservancy","Conservancy_35","Muduva Nyangana","Current","Current","Omnivore",3,3,70736,34227,0,0
"Conservancy","Conservancy_35","Muduva Nyangana","SSP245_2050","With_Intervention","Browser",7,7,82775,68459,-14.0340429091091,-14.0404471628086
"Conservancy","Conservancy_35","Muduva Nyangana","SSP245_2050","With_Intervention","Carnivore",4,0,,,,
"Conservancy","Conservancy_35","Muduva Nyangana","SSP245_2050","With_Intervention","Grazer",12,12,5618,3590,34.6232444168614,31.7750792325022
"Conservancy","Conservancy_35","Muduva Nyangana","SSP245_2050","With_Intervention","Mixed",6,6,10622,8180,2.97680552782153,4.64002061631767
"Conservancy","Conservancy_35","Muduva Nyangana","SSP245_2050","With_Intervention","Omnivore",3,3,67267,32548,-4.90491022955557,-4.90491022955557
"Conservancy","Conservancy_35","Muduva Nyangana","SSP245_2050","Without_Intervention","Browser",7,7,94220,76189,-2.87565621296266,-1.86505529530379
"Conservancy","Conservancy_35","Muduva Nyangana","SSP245_2050","Without_Intervention","Carnivore",4,0,,,,
"Conservancy","Conservancy_35","Muduva Nyangana","SSP245_2050","Without_Intervention","Grazer",12,12,4064,2516,-8.99125811202213,-8.09209343284336
"Conservancy","Conservancy_35","Muduva Nyangana","SSP245_2050","Without_Intervention","Mixed",6,6,9695,7513,-4.34910172314591,-4.7589065474483
"Conservancy","Conservancy_35","Muduva Nyangana","SSP245_2050","Without_Intervention","Omnivore",3,3,67502,32662,-4.57218274485036,-4.57218274485036
"Conservancy","Conservancy_35","Muduva Nyangana","SSP245_2090","With_Intervention","Browser",7,7,82577,66195,-15.1240981121004,-13.8912980788671
"Conservancy","Conservancy_35","Muduva Nyangana","SSP245_2090","With_Intervention","Carnivore",4,0,,,,
"Conservancy","Conservancy_35","Muduva Nyangana","SSP245_2090","With_Intervention","Grazer",12,12,5633,3568,34.359936473576,31.7217712181981
"Conservancy","Conservancy_35","Muduva Nyangana","SSP245_2090","With_Intervention","Mixed",6,6,10592,8188,2.76136329923737,4.21069300156363
"Conservancy","Conservancy_35","Muduva Nyangana","SSP245_2090","With_Intervention","Omnivore",3,3,66216,32040,-6.39024443514729,-6.39024443514729
"Conservancy","Conservancy_35","Muduva Nyangana","SSP245_2090","Without_Intervention","Browser",7,7,92757,74707,-4.50930802899563,-3.3432750636979
"Conservancy","Conservancy_35","Muduva Nyangana","SSP245_2090","Without_Intervention","Carnivore",4,0,,,,
"Conservancy","Conservancy_35","Muduva Nyangana","SSP245_2090","Without_Intervention","Grazer",12,12,3973,2464,-11.2278407845281,-10.2605267691571
"Conservancy","Conservancy_35","Muduva Nyangana","SSP245_2090","Without_Intervention","Mixed",6,6,9512,7376,-6.11787029751239,-6.57973541085373
"Conservancy","Conservancy_35","Muduva Nyangana","SSP245_2090","Without_Intervention","Omnivore",3,3,66216,32040,-6.39024443514729,-6.39024443514729
"Conservancy","Conservancy_35","Muduva Nyangana","SSP585_2050","With_Intervention","Browser",7,7,79553,68694,-16.1587321592154,-17.7861669946539
"Conservancy","Conservancy_35","Muduva Nyangana","SSP585_2050","With_Intervention","Carnivore",4,0,,,,
"Conservancy","Conservancy_35","Muduva Nyangana","SSP585_2050","With_Intervention","Grazer",12,12,5335,3450,28.6213190459938,25.646860108429
"Conservancy","Conservancy_35","Muduva Nyangana","SSP585_2050","With_Intervention","Mixed",6,6,10189,7804,-1.31006883789691,0.554999124216472
"Conservancy","Conservancy_35","Muduva Nyangana","SSP585_2050","With_Intervention","Omnivore",3,3,65786,31832,-6.998010237201,-6.998010237201
"Conservancy","Conservancy_35","Muduva Nyangana","SSP585_2050","Without_Intervention","Browser",7,7,92669,74935,-4.47423167056365,-3.48017887387503
"Conservancy","Conservancy_35","Muduva Nyangana","SSP585_2050","Without_Intervention","Carnivore",4,0,,,,
"Conservancy","Conservancy_35","Muduva Nyangana","SSP585_2050","Without_Intervention","Grazer",12,12,3997,2475,-10.4893041649026,-9.60491181504244
"Conservancy","Conservancy_35","Muduva Nyangana","SSP585_2050","Without_Intervention","Mixed",6,6,9536,7389,-5.9234279328141,-6.32650935615674
"Conservancy","Conservancy_35","Muduva Nyangana","SSP585_2050","Without_Intervention","Omnivore",3,3,66391,32125,-6.14289844544994,-6.14289844544994
"Conservancy","Conservancy_35","Muduva Nyangana","SSP585_2090","With_Intervention","Browser",7,7,74903,64411,-21.1719348632921,-22.5511605535506
"Conservancy","Conservancy_35","Muduva Nyangana","SSP585_2090","With_Intervention","Carnivore",4,0,,,,
"Conservancy","Conservancy_35","Muduva Nyangana","SSP585_2090","With_Intervention","Grazer",12,12,5011,3235,20.7045431547598,17.9558015705229
"Conservancy","Conservancy_35","Muduva Nyangana","SSP585_2090","With_Intervention","Mixed",6,6,9577,7339,-7.21532973126157,-5.49995786523463
"Conservancy","Conservancy_35","Muduva Nyangana","SSP585_2090","With_Intervention","Omnivore",3,3,61773,29890,-12.6711929649561,-12.6711929649561
"Conservancy","Conservancy_35","Muduva Nyangana","SSP585_2090","Without_Intervention","Browser",7,7,87334,70339,-10.0921098855117,-8.9942675903265
"Conservancy","Conservancy_35","Muduva Nyangana","SSP585_2090","Without_Intervention","Carnivore",4,0,,,,
"Conservancy","Conservancy_35","Muduva Nyangana","SSP585_2090","Without_Intervention","Grazer",12,12,3741,2320,-16.418071585776,-15.5073009564885
"Conservancy","Conservancy_35","Muduva Nyangana","SSP585_2090","Without_Intervention","Mixed",6,6,8956,6944,-11.6067155824475,-12.0415818158499
"Conservancy","Conservancy_35","Muduva Nyangana","SSP585_2090","Without_Intervention","Omnivore",3,3,62345,30167,-11.8631119989958,-11.8631119989958
"Conservancy","Conservancy_36","Shamungwa","Current","Current","Browser",7,7,8440,7073,0,0
"Conservancy","Conservancy_36","Shamungwa","Current","Current","Carnivore",4,0,,,,
"Conservancy","Conservancy_36","Shamungwa","Current","Current","Grazer",12,12,358,221,0,0
"Conservancy","Conservancy_36","Shamungwa","Current","Current","Mixed",6,6,866,668,0,0
"Conservancy","Conservancy_36","Shamungwa","Current","Current","Omnivore",3,3,6142,2972,0,0
"Conservancy","Conservancy_36","Shamungwa","SSP245_2050","With_Intervention","Browser",7,7,6875,5502,-19.7705237963007,-18.0737518087434
"Conservancy","Conservancy_36","Shamungwa","SSP245_2050","With_Intervention","Carnivore",4,0,,,,
"Conservancy","Conservancy_36","Shamungwa","SSP245_2050","With_Intervention","Grazer",12,12,562,369,69.6509432389019,63.2383587644985
"Conservancy","Conservancy_36","Shamungwa","SSP245_2050","With_Intervention","Mixed",6,6,977,754,10.245361963349,12.7881319274579
"Conservancy","Conservancy_36","Shamungwa","SSP245_2050","With_Intervention","Omnivore",3,3,5839,2825,-4.93374807191972,-4.93374807191972
"Conservancy","Conservancy_36","Shamungwa","SSP245_2050","Without_Intervention","Browser",7,7,8189,6601,-4.20947473597737,-2.52024959565209
"Conservancy","Conservancy_36","Shamungwa","SSP245_2050","Without_Intervention","Carnivore",4,0,,,,
"Conservancy","Conservancy_36","Shamungwa","SSP245_2050","Without_Intervention","Grazer",12,12,348,216,-3.79779175034383,-3.38351032102326
"Conservancy","Conservancy_36","Shamungwa","SSP245_2050","Without_Intervention","Mixed",6,6,837,649,-3.20921342855009,-3.54941324329817
"Conservancy","Conservancy_36","Shamungwa","SSP245_2050","Without_Intervention","Omnivore",3,3,5839,2825,-4.93374807191972,-4.93374807191972
"Conservancy","Conservancy_36","Shamungwa","SSP245_2090","With_Intervention","Browser",7,7,6752,5382,-21.3075886781019,-19.5048944328589
"Conservancy","Conservancy_36","Shamungwa","SSP245_2090","With_Intervention","Carnivore",4,0,,,,
"Conservancy","Conservancy_36","Shamungwa","SSP245_2090","With_Intervention","Grazer",12,12,553,362,66.6180811203266,60.3482125276837
"Conservancy","Conservancy_36","Shamungwa","SSP245_2090","With_Intervention","Mixed",6,6,959,741,8.27506560561567,10.7471924354066
"Conservancy","Conservancy_36","Shamungwa","SSP245_2090","With_Intervention","Omnivore",3,3,5725,2770,-6.7823033502349,-6.7823033502349
"Conservancy","Conservancy_36","Shamungwa","SSP245_2090","Without_Intervention","Browser",7,7,8040,6459,-6.05650423059817,-4.26120650496002
"Conservancy","Conservancy_36","Shamungwa","SSP245_2090","Without_Intervention","Carnivore",4,0,,,,
"Conservancy","Conservancy_36","Shamungwa","SSP245_2090","Without_Intervention","Grazer",12,12,343,213,-5.36760927502506,-4.94659809434016
"Conservancy","Conservancy_36","Shamungwa","SSP245_2090","Without_Intervention","Mixed",6,6,822,638,-4.91150457430605,-5.26492089308454
"Conservancy","Conservancy_36","Shamungwa","SSP245_2090","Without_Intervention","Omnivore",3,3,5725,2770,-6.7823033502349,-6.7823033502349
"Conservancy","Conservancy_36","Shamungwa","SSP585_2050","With_Intervention","Browser",7,7,6583,5558,-21.8093920231052,-22.0502110713234
"Conservancy","Conservancy_36","Shamungwa","SSP585_2050","With_Intervention","Carnivore",4,0,,,,
"Conservancy","Conservancy_36","Shamungwa","SSP585_2050","With_Intervention","Grazer",12,12,535,355,62.365259922488,55.8437914054539
"Conservancy","Conservancy_36","Shamungwa","SSP585_2050","With_Intervention","Mixed",6,6,936,718,5.50293560326442,8.28119374525044
"Conservancy","Conservancy_36","Shamungwa","SSP585_2050","With_Intervention","Omnivore",3,3,5714,2765,-6.97675951183595,-6.97675951183595
"Conservancy","Conservancy_36","Shamungwa","SSP585_2050","Without_Intervention","Browser",7,7,8067,6502,-5.6458443826337,-3.98179028996407
"Conservancy","Conservancy_36","Shamungwa","SSP585_2050","Without_Intervention","Carnivore",4,0,,,,
"Conservancy","Conservancy_36","Shamungwa","SSP585_2050","Without_Intervention","Grazer",12,12,343,213,-5.24000810406443,-4.83192193559535
"Conservancy","Conservancy_36","Shamungwa","SSP585_2050","Without_Intervention","Mixed",6,6,825,639,-4.66039412057658,-4.99551531185869
"Conservancy","Conservancy_36","Shamungwa","SSP585_2050","Without_Intervention","Omnivore",3,3,5751,2783,-6.35927504437118,-6.35927504437118
"Conservancy","Conservancy_36","Shamungwa","SSP585_2090","With_Intervention","Browser",7,7,6179,5196,-26.7120385197482,-26.8063090869681
"Conservancy","Conservancy_36","Shamungwa","SSP585_2090","With_Intervention","Carnivore",4,0,,,,
"Conservancy","Conservancy_36","Shamungwa","SSP585_2090","With_Intervention","Grazer",12,12,502,333,52.3936642192949,46.2997680655499
"Conservancy","Conservancy_36","Shamungwa","SSP585_2090","With_Intervention","Mixed",6,6,878,674,-0.976742398811384,1.60657436102201
"Conservancy","Conservancy_36","Shamungwa","SSP585_2090","With_Intervention","Omnivore",3,3,5354,2590,-12.8348623016691,-12.8348623016691
"Conservancy","Conservancy_36","Shamungwa","SSP585_2090","Without_Intervention","Browser",7,7,7568,6080,-11.5733384493036,-9.88346962903512
"Conservancy","Conservancy_36","Shamungwa","SSP585_2090","Without_Intervention","Carnivore",4,0,,,,
"Conservancy","Conservancy_36","Shamungwa","SSP585_2090","Without_Intervention","Grazer",12,12,323,200,-10.9248988678134,-10.5286115796027
"Conservancy","Conservancy_36","Shamungwa","SSP585_2090","Without_Intervention","Mixed",6,6,774,601,-10.4955789274402,-10.8282408637581
"Conservancy","Conservancy_36","Shamungwa","SSP585_2090","Without_Intervention","Omnivore",3,3,5389,2608,-12.2565149968685,-12.2565149968685
"Conservancy","Conservancy_37","King Nehale","Current","Current","Browser",7,7,50013,39417,0,0
"Conservancy","Conservancy_37","King Nehale","Current","Current","Carnivore",4,0,,,,
"Conservancy","Conservancy_37","King Nehale","Current","Current","Grazer",12,12,7709,5304,0,0
"Conservancy","Conservancy_37","King Nehale","Current","Current","Mixed",6,6,10658,8194,0,0
"Conservancy","Conservancy_37","King Nehale","Current","Current","Omnivore",3,3,55407,26810,0,0
"Conservancy","Conservancy_37","King Nehale","SSP245_2050","With_Intervention","Browser",7,7,40302,32861,-18.4777760690715,-19.6802233388736
"Conservancy","Conservancy_37","King Nehale","SSP245_2050","With_Intervention","Carnivore",4,0,,,,
"Conservancy","Conservancy_37","King Nehale","SSP245_2050","With_Intervention","Grazer",12,12,9055,6324,18.293005477834,19.2309624338569
"Conservancy","Conservancy_37","King Nehale","SSP245_2050","With_Intervention","Mixed",6,6,11550,8847,6.86273842812819,8.55350279068306
"Conservancy","Conservancy_37","King Nehale","SSP245_2050","With_Intervention","Omnivore",3,3,54919,26574,-0.880915507040132,-0.880915507040132
"Conservancy","Conservancy_37","King Nehale","SSP245_2050","Without_Intervention","Browser",7,7,50269,39478,0.389195107493715,0.554587056211308
"Conservancy","Conservancy_37","King Nehale","SSP245_2050","Without_Intervention","Carnivore",4,0,,,,
"Conservancy","Conservancy_37","King Nehale","SSP245_2050","Without_Intervention","Grazer",12,12,7517,5194,-2.94043346914345,-2.08246533765629
"Conservancy","Conservancy_37","King Nehale","SSP245_2050","Without_Intervention","Mixed",6,6,10551,8123,-0.905196056303609,-1.04879236294302
"Conservancy","Conservancy_37","King Nehale","SSP245_2050","Without_Intervention","Omnivore",3,3,54413,26329,-1.79389990889891,-1.79389990889892
"Conservancy","Conservancy_37","King Nehale","SSP245_2090","With_Intervention","Browser",7,7,38322,30336,-23.2707719631042,-23.3620285245494
"Conservancy","Conservancy_37","King Nehale","SSP245_2090","With_Intervention","Carnivore",4,0,,,,
"Conservancy","Conservancy_37","King Nehale","SSP245_2090","With_Intervention","Grazer",12,12,9075,6346,18.4768550637004,19.648183709623
"Conservancy","Conservancy_37","King Nehale","SSP245_2090","With_Intervention","Mixed",6,6,11460,8792,5.87919185827324,7.66486918055428
"Conservancy","Conservancy_37","King Nehale","SSP245_2090","With_Intervention","Omnivore",3,3,53404,25840,-3.61568223217125,-3.61568223217126
"Conservancy","Conservancy_37","King Nehale","SSP245_2090","Without_Intervention","Browser",7,7,48950,38397,-2.28361446080792,-2.06713147292525
"Conservancy","Conservancy_37","King Nehale","SSP245_2090","Without_Intervention","Carnivore",4,0,,,,
"Conservancy","Conservancy_37","King Nehale","SSP245_2090","Without_Intervention","Grazer",12,12,7304,5054,-5.79679643279499,-4.72206641686536
"Conservancy","Conservancy_37","King Nehale","SSP245_2090","Without_Intervention","Mixed",6,6,10279,7916,-3.46462007164467,-3.61423877260036
"Conservancy","Conservancy_37","King Nehale","SSP245_2090","Without_Intervention","Omnivore",3,3,52874,25584,-4.57101089366504,-4.57101089366504
"Conservancy","Conservancy_37","King Nehale","SSP585_2050","With_Intervention","Browser",7,7,37683,29326,-24.9863791445672,-24.6322309216315
"Conservancy","Conservancy_37","King Nehale","SSP585_2050","With_Intervention","Carnivore",4,0,,,,
"Conservancy","Conservancy_37","King Nehale","SSP585_2050","With_Intervention","Grazer",12,12,9162,6399,19.712915219921,20.6501498113852
"Conservancy","Conservancy_37","King Nehale","SSP585_2050","With_Intervention","Mixed",6,6,11483,8814,6.0187035587951,7.85978328024196
"Conservancy","Conservancy_37","King Nehale","SSP585_2050","With_Intervention","Omnivore",3,3,53153,25719,-4.06800292687261,-4.06800292687261
"Conservancy","Conservancy_37","King Nehale","SSP585_2050","Without_Intervention","Browser",7,7,48493,38083,-3.15618331551031,-2.99673286903333
"Conservancy","Conservancy_37","King Nehale","SSP585_2050","Without_Intervention","Carnivore",4,0,,,,
"Conservancy","Conservancy_37","King Nehale","SSP585_2050","Without_Intervention","Grazer",12,12,7251,5010,-6.37621165977717,-5.54853387992858
"Conservancy","Conservancy_37","King Nehale","SSP585_2050","Without_Intervention","Mixed",6,6,10178,7835,-4.41022224843066,-4.54906687411591
"Conservancy","Conservancy_37","King Nehale","SSP585_2050","Without_Intervention","Omnivore",3,3,52489,25398,-5.26598541659198,-5.26598541659198
"Conservancy","Conservancy_37","King Nehale","SSP585_2090","With_Intervention","Browser",7,7,36226,28131,-27.9404168288586,-27.5007612739426
"Conservancy","Conservancy_37","King Nehale","SSP585_2090","With_Intervention","Carnivore",4,0,,,,
"Conservancy","Conservancy_37","King Nehale","SSP585_2090","With_Intervention","Grazer",12,12,8852,6191,15.5808542249569,16.7145932453552
"Conservancy","Conservancy_37","King Nehale","SSP585_2090","With_Intervention","Mixed",6,6,11103,8525,2.49208050639715,4.28284895207604
"Conservancy","Conservancy_37","King Nehale","SSP585_2090","With_Intervention","Omnivore",3,3,51194,24771,-7.60375748379762,-7.60375748379762
"Conservancy","Conservancy_37","King Nehale","SSP585_2090","Without_Intervention","Browser",7,7,46856,36753,-6.46459451967402,-6.25697678445452
"Conservancy","Conservancy_37","King Nehale","SSP585_2090","Without_Intervention","Carnivore",4,0,,,,
"Conservancy","Conservancy_37","King Nehale","SSP585_2090","Without_Intervention","Grazer",12,12,6993,4839,-9.79880315087145,-8.76993684480192
"Conservancy","Conservancy_37","King Nehale","SSP585_2090","Without_Intervention","Mixed",6,6,9841,7579,-7.57565895758959,-7.71775986446173
"Conservancy","Conservancy_37","King Nehale","SSP585_2090","Without_Intervention","Omnivore",3,3,50619,24493,-8.64052307813692,-8.64052307813692
"Conservancy","Conservancy_38","Doro !nawas Area1","Current","Current","Browser",7,7,27745,7767,0,0
"Conservancy","Conservancy_38","Doro !nawas Area1","Current","Current","Carnivore",4,0,,,,
"Conservancy","Conservancy_38","Doro !nawas Area1","Current","Current","Grazer",12,12,3177,1455,0,0
"Conservancy","Conservancy_38","Doro !nawas Area1","Current","Current","Mixed",6,6,3461,3339,0,0
"Conservancy","Conservancy_38","Doro !nawas Area1","Current","Current","Omnivore",3,3,18017,8718,0,0
"Conservancy","Conservancy_38","Doro !nawas Area1","SSP245_2050","With_Intervention","Browser",7,7,64395,38514,249.524854275273,174.290413378854
"Conservancy","Conservancy_38","Doro !nawas Area1","SSP245_2050","With_Intervention","Carnivore",4,0,,,,
"Conservancy","Conservancy_38","Doro !nawas Area1","SSP245_2050","With_Intervention","Grazer",12,12,29709,20569,1759.85456509114,1189.90381299953
"Conservancy","Conservancy_38","Doro !nawas Area1","SSP245_2050","With_Intervention","Mixed",6,6,33030,25725,785.326159893964,944.793811510729
"Conservancy","Conservancy_38","Doro !nawas Area1","SSP245_2050","With_Intervention","Omnivore",3,3,133805,64744,642.646308921232,642.646308921232
"Conservancy","Conservancy_38","Doro !nawas Area1","SSP245_2050","Without_Intervention","Browser",7,7,24735,4796,-22.8594788907092,-14.3300574242895
"Conservancy","Conservancy_38","Doro !nawas Area1","SSP245_2050","Without_Intervention","Carnivore",4,0,,,,
"Conservancy","Conservancy_38","Doro !nawas Area1","SSP245_2050","Without_Intervention","Grazer",12,12,2619,1078,-38.3919984694958,-25.9104391927053
"Conservancy","Conservancy_38","Doro !nawas Area1","SSP245_2050","Without_Intervention","Mixed",6,6,2659,2750,-21.7335492971954,-25.8624701356596
"Conservancy","Conservancy_38","Doro !nawas Area1","SSP245_2050","Without_Intervention","Omnivore",3,3,14011,6780,-22.2330516539137,-22.2330516539137
"Conservancy","Conservancy_38","Doro !nawas Area1","SSP245_2090","With_Intervention","Browser",7,7,61383,36674,232.959119957352,161.402817927313
"Conservancy","Conservancy_38","Doro !nawas Area1","SSP245_2090","With_Intervention","Carnivore",4,0,,,,
"Conservancy","Conservancy_38","Doro !nawas Area1","SSP245_2090","With_Intervention","Grazer",12,12,28335,19617,1673.69284359232,1130.18823424505
"Conservancy","Conservancy_38","Doro !nawas Area1","SSP245_2090","With_Intervention","Mixed",6,6,31498,24533,744.253175240095,896.303547108133
"Conservancy","Conservancy_38","Doro !nawas Area1","SSP245_2090","With_Intervention","Omnivore",3,3,127579,61732,608.094617375402,608.094617375402
"Conservancy","Conservancy_38","Doro !nawas Area1","SSP245_2090","Without_Intervention","Browser",7,7,23300,4299,-28.5728650164906,-19.6681977795174
"Conservancy","Conservancy_38","Doro !nawas Area1","SSP245_2090","Without_Intervention","Carnivore",4,0,,,,
"Conservancy","Conservancy_38","Doro !nawas Area1","SSP245_2090","Without_Intervention","Grazer",12,12,2440,990,-45.1756272168225,-32.0073652991163
"Conservancy","Conservancy_38","Doro !nawas Area1","SSP245_2090","Without_Intervention","Mixed",6,6,2455,2563,-27.5457090638055,-31.8948893221738
"Conservancy","Conservancy_38","Doro !nawas Area1","SSP245_2090","Without_Intervention","Omnivore",3,3,12968,6275,-28.0250821562875,-28.0250821562875
"Conservancy","Conservancy_38","Doro !nawas Area1","SSP585_2050","With_Intervention","Browser",7,7,63017,37690,242.046568939401,168.421402338004
"Conservancy","Conservancy_38","Doro !nawas Area1","SSP585_2050","With_Intervention","Carnivore",4,0,,,,
"Conservancy","Conservancy_38","Doro !nawas Area1","SSP585_2050","With_Intervention","Grazer",12,12,29074,20129,1720.08494707933,1162.320566189
"Conservancy","Conservancy_38","Doro !nawas Area1","SSP585_2050","With_Intervention","Mixed",6,6,32324,25175,766.392910520323,922.450850084858
"Conservancy","Conservancy_38","Doro !nawas Area1","SSP585_2050","With_Intervention","Omnivore",3,3,130943,63360,626.76341429411,626.76341429411
"Conservancy","Conservancy_38","Doro !nawas Area1","SSP585_2050","Without_Intervention","Browser",7,7,24205,4693,-24.5165225689643,-16.167963645597
"Conservancy","Conservancy_38","Doro !nawas Area1","SSP585_2050","Without_Intervention","Carnivore",4,0,,,,
"Conservancy","Conservancy_38","Doro !nawas Area1","SSP585_2050","Without_Intervention","Grazer",12,12,2563,1055,-39.7268488847457,-27.5075411305935
"Conservancy","Conservancy_38","Doro !nawas Area1","SSP585_2050","Without_Intervention","Mixed",6,6,2602,2691,-23.4173059323869,-27.4593241326777
"Conservancy","Conservancy_38","Doro !nawas Area1","SSP585_2050","Without_Intervention","Omnivore",3,3,13710,6634,-23.9054477800713,-23.9054477800713
"Conservancy","Conservancy_38","Doro !nawas Area1","SSP585_2090","With_Intervention","Browser",7,7,56707,33880,207.591695138911,141.48828494608
"Conservancy","Conservancy_38","Doro !nawas Area1","SSP585_2090","With_Intervention","Carnivore",4,0,,,,
"Conservancy","Conservancy_38","Doro !nawas Area1","SSP585_2090","With_Intervention","Grazer",12,12,26176,18122,1538.5426878805,1036.45299245431
"Conservancy","Conservancy_38","Doro !nawas Area1","SSP585_2090","With_Intervention","Mixed",6,6,29098,22664,679.925869923583,820.390012299391
"Conservancy","Conservancy_38","Doro !nawas Area1","SSP585_2090","With_Intervention","Omnivore",3,3,117859,57028,554.142391416839,554.142391416839
"Conservancy","Conservancy_38","Doro !nawas Area1","SSP585_2090","Without_Intervention","Browser",7,7,21526,3972,-34.0118451904138,-25.7853193264887
"Conservancy","Conservancy_38","Doro !nawas Area1","SSP585_2090","Without_Intervention","Carnivore",4,0,,,,
"Conservancy","Conservancy_38","Doro !nawas Area1","SSP585_2090","Without_Intervention","Grazer",12,12,2254,914,-49.3493389403396,-37.1842078392926
"Conservancy","Conservancy_38","Doro !nawas Area1","SSP585_2090","Without_Intervention","Mixed",6,6,2268,2368,-33.0625660627451,-37.0804531479538
"Conservancy","Conservancy_38","Doro !nawas Area1","SSP585_2090","Without_Intervention","Omnivore",3,3,11980,5797,-33.5055256564514,-33.5055256564514
"Conservancy","Conservancy_39","African Wild Dog","Current","Current","Browser",7,7,617537,495993,0,0
"Conservancy","Conservancy_39","African Wild Dog","Current","Current","Carnivore",4,0,,,,
"Conservancy","Conservancy_39","African Wild Dog","Current","Current","Grazer",12,12,26988,16705,0,0
"Conservancy","Conservancy_39","African Wild Dog","Current","Current","Mixed",6,6,63852,49522,0,0
"Conservancy","Conservancy_39","African Wild Dog","Current","Current","Omnivore",3,3,442113,213926,0,0
"Conservancy","Conservancy_39","African Wild Dog","SSP245_2050","With_Intervention","Browser",7,7,275751,211130,-56.0662491567082,-55.0413993639187
"Conservancy","Conservancy_39","African Wild Dog","SSP245_2050","With_Intervention","Carnivore",4,0,,,,
"Conservancy","Conservancy_39","African Wild Dog","SSP245_2050","With_Intervention","Grazer",12,12,76960,53951,230.777800349728,207.6093485897
"Conservancy","Conservancy_39","African Wild Dog","SSP245_2050","With_Intervention","Mixed",6,6,94275,72352,39.0071514975637,48.5698325067063
"Conservancy","Conservancy_39","African Wild Dog","SSP245_2050","With_Intervention","Omnivore",3,3,422178,204280,-4.50898023320483,-4.50898023320483
"Conservancy","Conservancy_39","African Wild Dog","SSP245_2050","Without_Intervention","Browser",7,7,592586,476047,-4.03382022324605,-4.04246122146394
"Conservancy","Conservancy_39","African Wild Dog","SSP245_2050","Without_Intervention","Carnivore",4,0,,,,
"Conservancy","Conservancy_39","African Wild Dog","SSP245_2050","Without_Intervention","Grazer",12,12,25307,15702,-6.64469290100763,-6.43379014153294
"Conservancy","Conservancy_39","African Wild Dog","SSP245_2050","Without_Intervention","Mixed",6,6,60673,47064,-4.89910611438679,-4.98641549084028
"Conservancy","Conservancy_39","African Wild Dog","SSP245_2050","Without_Intervention","Omnivore",3,3,422178,204280,-4.50898023320483,-4.50898023320483
"Conservancy","Conservancy_39","African Wild Dog","SSP245_2090","With_Intervention","Browser",7,7,265536,203312,-57.693525096921,-56.7068744923431
"Conservancy","Conservancy_39","African Wild Dog","SSP245_2090","With_Intervention","Carnivore",4,0,,,,
"Conservancy","Conservancy_39","African Wild Dog","SSP245_2090","With_Intervention","Grazer",12,12,74095,51942,218.458997880767,196.154102878225
"Conservancy","Conservancy_39","African Wild Dog","SSP245_2090","With_Intervention","Mixed",6,6,90768,69660,33.8362085904654,43.0424601526734
"Conservancy","Conservancy_39","African Wild Dog","SSP245_2090","With_Intervention","Omnivore",3,3,406488,196688,-8.05794877653048,-8.05794877653048
"Conservancy","Conservancy_39","African Wild Dog","SSP245_2090","Without_Intervention","Browser",7,7,570759,458519,-7.56812327854274,-7.57708539429613
"Conservancy","Conservancy_39","African Wild Dog","SSP245_2090","Without_Intervention","Carnivore",4,0,,,,
"Conservancy","Conservancy_39","African Wild Dog","SSP245_2090","Without_Intervention","Grazer",12,12,24334,15101,-10.2617848859362,-10.0441960535798
"Conservancy","Conservancy_39","African Wild Dog","SSP245_2090","Without_Intervention","Mixed",6,6,58398,45299,-8.46085211286261,-8.55091163080898
"Conservancy","Conservancy_39","African Wild Dog","SSP245_2090","Without_Intervention","Omnivore",3,3,406488,196688,-8.05794877653048,-8.05794877653048
"Conservancy","Conservancy_39","African Wild Dog","SSP585_2050","With_Intervention","Browser",7,7,266739,204231,-57.5020003550477,-56.5106412777537
"Conservancy","Conservancy_39","African Wild Dog","SSP585_2050","With_Intervention","Carnivore",4,0,,,,
"Conservancy","Conservancy_39","African Wild Dog","SSP585_2050","With_Intervention","Grazer",12,12,74445,52188,219.968370660111,197.557032803297
"Conservancy","Conservancy_39","African Wild Dog","SSP585_2050","With_Intervention","Mixed",6,6,91194,69988,34.4645291880687,43.714714618501
"Conservancy","Conservancy_39","African Wild Dog","SSP585_2050","With_Intervention","Omnivore",3,3,408382,197604,-7.6295537684286,-7.6295537684286
"Conservancy","Conservancy_39","African Wild Dog","SSP585_2050","Without_Intervention","Browser",7,7,573221,460490,-7.16992688923399,-7.17828540162828
"Conservancy","Conservancy_39","African Wild Dog","SSP585_2050","Without_Intervention","Carnivore",4,0,,,,
"Conservancy","Conservancy_39","African Wild Dog","SSP585_2050","Without_Intervention","Grazer",12,12,24480,15189,-9.69544895542179,-9.49144070252998
"Conservancy","Conservancy_39","African Wild Dog","SSP585_2050","Without_Intervention","Mixed",6,6,58691,45526,-8.00692619141382,-8.09138138775918
"Conservancy","Conservancy_39","African Wild Dog","SSP585_2050","Without_Intervention","Omnivore",3,3,408382,197604,-7.6295537684286,-7.6295537684286
"Conservancy","Conservancy_39","African Wild Dog","SSP585_2090","With_Intervention","Browser",7,7,249203,190806,-60.295827791025,-59.3698797820137
"Conservancy","Conservancy_39","African Wild Dog","SSP585_2090","With_Intervention","Carnivore",4,0,,,,
"Conservancy","Conservancy_39","African Wild Dog","SSP585_2090","With_Intervention","Grazer",12,12,69536,48746,198.866714354049,177.934103531697
"Conservancy","Conservancy_39","African Wild Dog","SSP585_2090","With_Intervention","Mixed",6,6,85184,65375,25.6026395075192,34.2424865468747
"Conservancy","Conservancy_39","African Wild Dog","SSP585_2090","With_Intervention","Omnivore",3,3,381482,184588,-13.7140258507885,-13.7140258507885
"Conservancy","Conservancy_39","African Wild Dog","SSP585_2090","Without_Intervention","Browser",7,7,535647,430312,-13.2543305893179,-13.2627414301129
"Conservancy","Conservancy_39","African Wild Dog","SSP585_2090","Without_Intervention","Carnivore",4,0,,,,
"Conservancy","Conservancy_39","African Wild Dog","SSP585_2090","Without_Intervention","Grazer",12,12,22837,14172,-15.7822993631291,-15.5780948810618
"Conservancy","Conservancy_39","African Wild Dog","SSP585_2090","Without_Intervention","Mixed",6,6,54805,42512,-14.0921457816935,-14.1766655463751
"Conservancy","Conservancy_39","African Wild Dog","SSP585_2090","Without_Intervention","Omnivore",3,3,381482,184588,-13.7140258507885,-13.7140258507885
"Conservancy","Conservancy_4","Orupupa","Current","Current","Browser",7,7,186882,149691,0,0
"Conservancy","Conservancy_4","Orupupa","Current","Current","Carnivore",4,0,,,,
"Conservancy","Conservancy_4","Orupupa","Current","Current","Grazer",12,12,9216,5644,0,0
"Conservancy","Conservancy_4","Orupupa","Current","Current","Mixed",6,6,20362,15792,0,0
"Conservancy","Conservancy_4","Orupupa","Current","Current","Omnivore",3,3,137272,66422,0,0
"Conservancy","Conservancy_4","Orupupa","SSP245_2050","With_Intervention","Browser",7,7,140431,111038,-25.19185129498,-24.7695588961487
"Conservancy","Conservancy_4","Orupupa","SSP245_2050","With_Intervention","Carnivore",4,0,,,,
"Conservancy","Conservancy_4","Orupupa","SSP245_2050","With_Intervention","Grazer",12,12,16254,11170,92.2067258095603,84.8480032024902
"Conservancy","Conservancy_4","Orupupa","SSP245_2050","With_Intervention","Mixed",6,6,24756,19087,17.7754918327037,21.9880356336738
"Conservancy","Conservancy_4","Orupupa","SSP245_2050","With_Intervention","Omnivore",3,3,135479,65554,-1.30636791313825,-1.30636791313825
"Conservancy","Conservancy_4","Orupupa","SSP245_2050","Without_Intervention","Browser",7,7,186354,149432,-0.248518160811848,-0.281892351577747
"Conservancy","Conservancy_4","Orupupa","SSP245_2050","Without_Intervention","Carnivore",4,0,,,,
"Conservancy","Conservancy_4","Orupupa","SSP245_2050","Without_Intervention","Grazer",12,12,8525,5256,-8.59004422883993,-8.06986596606092
"Conservancy","Conservancy_4","Orupupa","SSP245_2050","Without_Intervention","Mixed",6,6,19636,15233,-3.30573624337556,-3.58975808530888
"Conservancy","Conservancy_4","Orupupa","SSP245_2050","Without_Intervention","Omnivore",3,3,134614,65136,-1.93640923552373,-1.93640923552373
"Conservancy","Conservancy_4","Orupupa","SSP245_2090","With_Intervention","Browser",7,7,134756,106567,-28.2115489117147,-27.8196346846462
"Conservancy","Conservancy_4","Orupupa","SSP245_2090","With_Intervention","Carnivore",4,0,,,,
"Conservancy","Conservancy_4","Orupupa","SSP245_2090","With_Intervention","Grazer",12,12,15546,10683,83.809174925986,76.7872365662464
"Conservancy","Conservancy_4","Orupupa","SSP245_2090","With_Intervention","Mixed",6,6,23705,18277,12.7870356846686,16.8083647601931
"Conservancy","Conservancy_4","Orupupa","SSP245_2090","With_Intervention","Omnivore",3,3,129833,62823,-5.41916242237818,-5.41916242237818
"Conservancy","Conservancy_4","Orupupa","SSP245_2090","Without_Intervention","Browser",7,7,178990,143548,-4.18546877974858,-4.22261911397861
"Conservancy","Conservancy_4","Orupupa","SSP245_2090","Without_Intervention","Carnivore",4,0,,,,
"Conservancy","Conservancy_4","Orupupa","SSP245_2090","Without_Intervention","Grazer",12,12,8088,4993,-13.447198356008,-12.8694511600412
"Conservancy","Conservancy_4","Orupupa","SSP245_2090","Without_Intervention","Mixed",6,6,18760,14555,-7.57965312990279,-7.89606200027166
"Conservancy","Conservancy_4","Orupupa","SSP245_2090","Without_Intervention","Omnivore",3,3,128953,62397,-6.06019893909749,-6.0601989390975
"Conservancy","Conservancy_4","Orupupa","SSP585_2050","With_Intervention","Browser",7,7,135392,107054,-27.8759865250327,-27.4683875808397
"Conservancy","Conservancy_4","Orupupa","SSP585_2050","With_Intervention","Carnivore",4,0,,,,
"Conservancy","Conservancy_4","Orupupa","SSP585_2050","With_Intervention","Grazer",12,12,15672,10770,85.3235322451333,78.228024509319
"Conservancy","Conservancy_4","Orupupa","SSP585_2050","With_Intervention","Mixed",6,6,23869,18403,13.5545386303035,17.6163447200544
"Conservancy","Conservancy_4","Orupupa","SSP585_2050","With_Intervention","Omnivore",3,3,130622,63204,-4.84486765933837,-4.84486765933837
"Conservancy","Conservancy_4","Orupupa","SSP585_2050","Without_Intervention","Browser",7,7,179664,144067,-3.82940641739845,-3.86152433631455
"Conservancy","Conservancy_4","Orupupa","SSP585_2050","Without_Intervention","Carnivore",4,0,,,,
"Conservancy","Conservancy_4","Orupupa","SSP585_2050","Without_Intervention","Grazer",12,12,8220,5068,-11.8556404725089,-11.3551136576287
"Conservancy","Conservancy_4","Orupupa","SSP585_2050","Without_Intervention","Mixed",6,6,18932,14687,-6.77105195578505,-7.04439647959283
"Conservancy","Conservancy_4","Orupupa","SSP585_2050","Without_Intervention","Omnivore",3,3,129786,62800,-5.45353391438057,-5.45353391438057
"Conservancy","Conservancy_4","Orupupa","SSP585_2090","With_Intervention","Browser",7,7,127243,100625,-32.214187773683,-31.8440317437478
"Conservancy","Conservancy_4","Orupupa","SSP585_2090","With_Intervention","Carnivore",4,0,,,,
"Conservancy","Conservancy_4","Orupupa","SSP585_2090","With_Intervention","Grazer",12,12,14680,10088,73.5631681876918,66.9325932097277
"Conservancy","Conservancy_4","Orupupa","SSP585_2090","With_Intervention","Mixed",6,6,22383,17258,6.4993836875365,10.2965743463756
"Conservancy","Conservancy_4","Orupupa","SSP585_2090","With_Intervention","Omnivore",3,3,122595,59320,-10.6921212948194,-10.6921212948194
"Conservancy","Conservancy_4","Orupupa","SSP585_2090","Without_Intervention","Browser",7,7,169010,135543,-9.52806183219034,-9.56312754131859
"Conservancy","Conservancy_4","Orupupa","SSP585_2090","Without_Intervention","Carnivore",4,0,,,,
"Conservancy","Conservancy_4","Orupupa","SSP585_2090","Without_Intervention","Grazer",12,12,7638,4715,-18.269861994494,-17.7245462647836
"Conservancy","Conservancy_4","Orupupa","SSP585_2090","Without_Intervention","Mixed",6,6,17714,13743,-12.7317027063145,-13.0303592369576
"Conservancy","Conservancy_4","Orupupa","SSP585_2090","Without_Intervention","Omnivore",3,3,121764,58918,-11.2975555801955,-11.2975555801955
"Conservancy","Conservancy_40","Torra","Current","Current","Browser",7,7,56468,26980,0,0
"Conservancy","Conservancy_40","Torra","Current","Current","Carnivore",4,0,,,,
"Conservancy","Conservancy_40","Torra","Current","Current","Grazer",12,12,8134,4906,0,0
"Conservancy","Conservancy_40","Torra","Current","Current","Mixed",6,6,9862,8414,0,0
"Conservancy","Conservancy_40","Torra","Current","Current","Omnivore",3,3,49413,23910,0,0
"Conservancy","Conservancy_40","Torra","SSP245_2050","With_Intervention","Browser",7,7,90698,56091,80.7829813781799,74.618058464234
"Conservancy","Conservancy_40","Torra","SSP245_2050","With_Intervention","Carnivore",4,0,,,,
"Conservancy","Conservancy_40","Torra","SSP245_2050","With_Intervention","Grazer",12,12,39810,27588,483.509396933138,462.336695332515
"Conservancy","Conservancy_40","Torra","SSP245_2050","With_Intervention","Mixed",6,6,44611,34703,325.578621028202,368.988675609927
"Conservancy","Conservancy_40","Torra","SSP245_2050","With_Intervention","Omnivore",3,3,182342,88230,269.017154476112,269.017154476112
"Conservancy","Conservancy_40","Torra","SSP245_2050","Without_Intervention","Browser",7,7,46171,18170,-24.2397698655652,-21.2866969911493
"Conservancy","Conservancy_40","Torra","SSP245_2050","Without_Intervention","Carnivore",4,0,,,,
"Conservancy","Conservancy_40","Torra","SSP245_2050","Without_Intervention","Grazer",12,12,5469,2987,-40.2259760241385,-38.784122754834
"Conservancy","Conservancy_40","Torra","SSP245_2050","Without_Intervention","Mixed",6,6,6466,5849,-32.4990884764086,-36.0510360668977
"Conservancy","Conservancy_40","Torra","SSP245_2050","Without_Intervention","Omnivore",3,3,33830,16369,-31.5356275640361,-31.5356275640361
"Conservancy","Conservancy_40","Torra","SSP245_2090","With_Intervention","Browser",7,7,85570,52723,70.2634796661258,64.6349738506721
"Conservancy","Conservancy_40","Torra","SSP245_2090","With_Intervention","Carnivore",4,0,,,,
"Conservancy","Conservancy_40","Torra","SSP245_2090","With_Intervention","Grazer",12,12,37749,26156,453.230089023754,433.148174179743
"Conservancy","Conservancy_40","Torra","SSP245_2090","With_Intervention","Mixed",6,6,42265,32883,303.174120700448,344.296295479206
"Conservancy","Conservancy_40","Torra","SSP245_2090","With_Intervention","Omnivore",3,3,172588,83510,249.277136586294,249.277136586294
"Conservancy","Conservancy_40","Torra","SSP245_2090","Without_Intervention","Browser",7,7,42876,16364,-30.4347747032196,-27.3161967008065
"Conservancy","Conservancy_40","Torra","SSP245_2090","Without_Intervention","Carnivore",4,0,,,,
"Conservancy","Conservancy_40","Torra","SSP245_2090","Without_Intervention","Grazer",12,12,4853,2456,-48.4643730816455,-46.8852864036279
"Conservancy","Conservancy_40","Torra","SSP245_2090","Without_Intervention","Mixed",6,6,5722,5241,-39.8639115496639,-43.7267511674687
"Conservancy","Conservancy_40","Torra","SSP245_2090","Without_Intervention","Omnivore",3,3,30302,14662,-38.6769862554151,-38.6769862554151
"Conservancy","Conservancy_40","Torra","SSP585_2050","With_Intervention","Browser",7,7,88462,54701,76.3157219136011,70.3099689574358
"Conservancy","Conservancy_40","Torra","SSP585_2050","With_Intervention","Carnivore",4,0,,,,
"Conservancy","Conservancy_40","Torra","SSP585_2050","With_Intervention","Grazer",12,12,38838,26914,469.247047588323,448.591356188895
"Conservancy","Conservancy_40","Torra","SSP585_2050","With_Intervention","Mixed",6,6,43519,33854,315.162422046037,357.510429196173
"Conservancy","Conservancy_40","Torra","SSP585_2050","With_Intervention","Omnivore",3,3,177873,86068,259.972273649282,259.972273649282
"Conservancy","Conservancy_40","Torra","SSP585_2050","Without_Intervention","Browser",7,7,44990,17679,-26.2198319873272,-23.3209265078668
"Conservancy","Conservancy_40","Torra","SSP585_2050","Without_Intervention","Carnivore",4,0,,,,
"Conservancy","Conservancy_40","Torra","SSP585_2050","Without_Intervention","Grazer",12,12,5327,2905,-41.8127848084677,-40.4022975943773
"Conservancy","Conservancy_40","Torra","SSP585_2050","Without_Intervention","Mixed",6,6,6296,5697,-34.2660295801389,-37.7430771712997
"Conservancy","Conservancy_40","Torra","SSP585_2050","Without_Intervention","Omnivore",3,3,32941,15939,-33.3350136263926,-33.3350136263926
"Conservancy","Conservancy_40","Torra","SSP585_2090","With_Intervention","Browser",7,7,79293,48852,57.7689240276218,52.5557933217609
"Conservancy","Conservancy_40","Torra","SSP585_2090","With_Intervention","Carnivore",4,0,,,,
"Conservancy","Conservancy_40","Torra","SSP585_2090","With_Intervention","Grazer",12,12,34983,24239,412.681490777127,394.071347179973
"Conservancy","Conservancy_40","Torra","SSP585_2090","With_Intervention","Mixed",6,6,39166,30472,273.619451235338,311.727172788762
"Conservancy","Conservancy_40","Torra","SSP585_2090","With_Intervention","Omnivore",3,3,159935,77388,223.669216997663,223.669216997663
"Conservancy","Conservancy_40","Torra","SSP585_2090","Without_Intervention","Browser",7,7,39719,15151,-35.5695277151677,-32.6739262565008
"Conservancy","Conservancy_40","Torra","SSP585_2090","Without_Intervention","Carnivore",4,0,,,,
"Conservancy","Conservancy_40","Torra","SSP585_2090","Without_Intervention","Grazer",12,12,4497,2275,-52.2455370600104,-50.7825250794741
"Conservancy","Conservancy_40","Torra","SSP585_2090","Without_Intervention","Mixed",6,6,5302,4856,-44.2847595684753,-47.8651242370557
"Conservancy","Conservancy_40","Torra","SSP585_2090","Without_Intervention","Omnivore",3,3,28070,13582,-43.1922223186536,-43.1922223186536
"Conservancy","Conservancy_41","Ondjou","Current","Current","Browser",7,7,1383818,1114259,0,0
"Conservancy","Conservancy_41","Ondjou","Current","Current","Carnivore",4,0,,,,
"Conservancy","Conservancy_41","Ondjou","Current","Current","Grazer",12,12,64133,39447,0,0
"Conservancy","Conservancy_41","Ondjou","Current","Current","Mixed",6,6,146836,113787,0,0
"Conservancy","Conservancy_41","Ondjou","Current","Current","Omnivore",3,3,1005020,486300,0,0
"Conservancy","Conservancy_41","Ondjou","SSP245_2050","With_Intervention","Browser",7,7,627417,481075,-55.4063613252516,-54.3447011473148
"Conservancy","Conservancy_41","Ondjou","SSP245_2050","With_Intervention","Carnivore",4,0,,,,
"Conservancy","Conservancy_41","Ondjou","SSP245_2050","With_Intervention","Grazer",12,12,176098,123463,213.362012738695,194.535801965467
"Conservancy","Conservancy_41","Ondjou","SSP245_2050","With_Intervention","Mixed",6,6,215521,165387,38.4000560127828,47.6437352833233
"Conservancy","Conservancy_41","Ondjou","SSP245_2050","With_Intervention","Omnivore",3,3,964412,466651,-4.04050327163114,-4.04050327163114
"Conservancy","Conservancy_41","Ondjou","SSP245_2050","Without_Intervention","Browser",7,7,1348016,1083590,-2.6427297330217,-2.56995977108415
"Conservancy","Conservancy_41","Ondjou","SSP245_2050","Without_Intervention","Carnivore",4,0,,,,
"Conservancy","Conservancy_41","Ondjou","SSP245_2050","Without_Intervention","Grazer",12,12,58620,36299,-9.67547753679612,-9.14979944405399
"Conservancy","Conservancy_41","Ondjou","SSP245_2050","Without_Intervention","Mixed",6,6,139099,107872,-5.04220708586389,-5.30368702232775
"Conservancy","Conservancy_41","Ondjou","SSP245_2050","Without_Intervention","Omnivore",3,3,964412,466651,-4.04050327163114,-4.04050327163114
"Conservancy","Conservancy_41","Ondjou","SSP245_2090","With_Intervention","Browser",7,7,607343,465128,-56.8499874319949,-55.7996101408373
"Conservancy","Conservancy_41","Ondjou","SSP245_2090","With_Intervention","Carnivore",4,0,,,,
"Conservancy","Conservancy_41","Ondjou","SSP245_2090","With_Intervention","Grazer",12,12,170556,119575,203.491274620636,185.260366962463
"Conservancy","Conservancy_41","Ondjou","SSP245_2090","With_Intervention","Mixed",6,6,208710,160168,34.0260439067376,42.9756394769813
"Conservancy","Conservancy_41","Ondjou","SSP245_2090","With_Intervention","Omnivore",3,3,933620,451752,-7.10434416218127,-7.10434416218127
"Conservancy","Conservancy_41","Ondjou","SSP245_2090","Without_Intervention","Browser",7,7,1307767,1050775,-5.56357821482355,-5.47440519937892
"Conservancy","Conservancy_41","Ondjou","SSP245_2090","Without_Intervention","Carnivore",4,0,,,,
"Conservancy","Conservancy_41","Ondjou","SSP245_2090","Without_Intervention","Grazer",12,12,56367,34938,-13.3018393454655,-12.722652596651
"Conservancy","Conservancy_41","Ondjou","SSP245_2090","Without_Intervention","Mixed",6,6,134427,104263,-8.19996699061149,-8.48941486855571
"Conservancy","Conservancy_41","Ondjou","SSP245_2090","Without_Intervention","Omnivore",3,3,933620,451752,-7.10434416218127,-7.10434416218127
"Conservancy","Conservancy_41","Ondjou","SSP585_2050","With_Intervention","Browser",7,7,606525,465057,-56.8911902356051,-55.8649366078884
"Conservancy","Conservancy_41","Ondjou","SSP585_2050","With_Intervention","Carnivore",4,0,,,,
"Conservancy","Conservancy_41","Ondjou","SSP585_2050","With_Intervention","Grazer",12,12,170235,119352,202.927705774258,184.728359574658
"Conservancy","Conservancy_41","Ondjou","SSP585_2050","With_Intervention","Mixed",6,6,208344,159880,33.7916236748603,42.7275166065314
"Conservancy","Conservancy_41","Ondjou","SSP585_2050","With_Intervention","Omnivore",3,3,932300,451113,-7.23569374032031,-7.23569374032031
"Conservancy","Conservancy_41","Ondjou","SSP585_2050","Without_Intervention","Browser",7,7,1303128,1047509,-5.88460995876337,-5.81431608334656
"Conservancy","Conservancy_41","Ondjou","SSP585_2050","Without_Intervention","Carnivore",4,0,,,,
"Conservancy","Conservancy_41","Ondjou","SSP585_2050","Without_Intervention","Grazer",12,12,56669,35091,-12.6825414581833,-12.1744249005006
"Conservancy","Conservancy_41","Ondjou","SSP585_2050","Without_Intervention","Mixed",6,6,134467,104280,-8.20399363354172,-8.45673407500694
"Conservancy","Conservancy_41","Ondjou","SSP585_2050","Without_Intervention","Omnivore",3,3,932300,451113,-7.23569374032031,-7.23569374032031
"Conservancy","Conservancy_41","Ondjou","SSP585_2090","With_Intervention","Browser",7,7,569921,436469,-59.508693275658,-58.5230204254489
"Conservancy","Conservancy_41","Ondjou","SSP585_2090","With_Intervention","Carnivore",4,0,,,,
"Conservancy","Conservancy_41","Ondjou","SSP585_2090","With_Intervention","Grazer",12,12,160048,112208,184.793059035491,167.685351506551
"Conservancy","Conservancy_41","Ondjou","SSP585_2090","With_Intervention","Mixed",6,6,195851,150300,25.7685104130576,34.1667236602078
"Conservancy","Conservancy_41","Ondjou","SSP585_2090","With_Intervention","Omnivore",3,3,876098,423918,-12.8278608923998,-12.8278608923998
"Conservancy","Conservancy_41","Ondjou","SSP585_2090","Without_Intervention","Browser",7,7,1227193,986035,-11.3819543230978,-11.2982675538687
"Conservancy","Conservancy_41","Ondjou","SSP585_2090","Without_Intervention","Carnivore",4,0,,,,
"Conservancy","Conservancy_41","Ondjou","SSP585_2090","Without_Intervention","Grazer",12,12,52894,32786,-18.6437922047376,-18.1002639186533
"Conservancy","Conservancy_41","Ondjou","SSP585_2090","Without_Intervention","Mixed",6,6,126145,97839,-13.856026271883,-14.1276543918571
"Conservancy","Conservancy_41","Ondjou","SSP585_2090","Without_Intervention","Omnivore",3,3,876098,423918,-12.8278608923998,-12.8278608923998
"Conservancy","Conservancy_42","#Gaingu","Current","Current","Browser",7,7,490,97,0,0
"Conservancy","Conservancy_42","#Gaingu","Current","Current","Carnivore",4,0,,,,
"Conservancy","Conservancy_42","#Gaingu","Current","Current","Grazer",12,12,56,24,0,0
"Conservancy","Conservancy_42","#Gaingu","Current","Current","Mixed",6,6,57,58,0,0
"Conservancy","Conservancy_42","#Gaingu","Current","Current","Omnivore",3,3,294,142,0,0
"Conservancy","Conservancy_42","#Gaingu","SSP245_2050","With_Intervention","Browser",7,7,842,407,182.11438184487,99.6775129703608
"Conservancy","Conservancy_42","#Gaingu","SSP245_2050","With_Intervention","Carnivore",4,0,,,,
"Conservancy","Conservancy_42","#Gaingu","SSP245_2050","With_Intervention","Grazer",12,12,306,206,1427.47956803838,673.521514109901
"Conservancy","Conservancy_42","#Gaingu","SSP245_2050","With_Intervention","Mixed",6,6,337,269,452.00079172468,553.528566658752
"Conservancy","Conservancy_42","#Gaingu","SSP245_2050","With_Intervention","Omnivore",3,3,1397,676,374.852829763711,374.852829763711
"Conservancy","Conservancy_42","#Gaingu","SSP245_2050","Without_Intervention","Browser",7,7,464,85,-8.2910417052648,-6.06733997203236
"Conservancy","Conservancy_42","#Gaingu","SSP245_2050","Without_Intervention","Carnivore",4,0,,,,
"Conservancy","Conservancy_42","#Gaingu","SSP245_2050","Without_Intervention","Grazer",12,12,48,19,-37.8668018318932,-19.682220051836
"Conservancy","Conservancy_42","#Gaingu","SSP245_2050","Without_Intervention","Mixed",6,6,49,51,-14.4414838304204,-16.9054422864544
"Conservancy","Conservancy_42","#Gaingu","SSP245_2050","Without_Intervention","Omnivore",3,3,257,124,-12.6592778356125,-12.6592778356125
"Conservancy","Conservancy_42","#Gaingu","SSP245_2090","With_Intervention","Browser",7,7,802,388,168.687328583198,90.1726983962497
"Conservancy","Conservancy_42","#Gaingu","SSP245_2090","With_Intervention","Carnivore",4,0,,,,
"Conservancy","Conservancy_42","#Gaingu","SSP245_2090","With_Intervention","Grazer",12,12,291,196,1354.7994849664,636.71386755405
"Conservancy","Conservancy_42","#Gaingu","SSP245_2090","With_Intervention","Mixed",6,6,321,257,425.732844869383,522.430048485675
"Conservancy","Conservancy_42","#Gaingu","SSP245_2090","With_Intervention","Omnivore",3,3,1330,644,352.255495599819,352.255495599819
"Conservancy","Conservancy_42","#Gaingu","SSP245_2090","Without_Intervention","Browser",7,7,442,81,-12.6586247659687,-10.540825468035
"Conservancy","Conservancy_42","#Gaingu","SSP245_2090","Without_Intervention","Carnivore",4,0,,,,
"Conservancy","Conservancy_42","#Gaingu","SSP245_2090","Without_Intervention","Grazer",12,12,46,19,-40.8258574015165,-23.5073052092484
"Conservancy","Conservancy_42","#Gaingu","SSP245_2090","Without_Intervention","Mixed",6,6,46,48,-18.5161558457787,-20.8627697870024
"Conservancy","Conservancy_42","#Gaingu","SSP245_2090","Without_Intervention","Omnivore",3,3,245,118,-16.8188263216923,-16.8188263216923
"Conservancy","Conservancy_42","#Gaingu","SSP585_2050","With_Intervention","Browser",7,7,817,395,173.617121444784,93.6616876675468
"Conservancy","Conservancy_42","#Gaingu","SSP585_2050","With_Intervention","Carnivore",4,0,,,,
"Conservancy","Conservancy_42","#Gaingu","SSP585_2050","With_Intervention","Grazer",12,12,297,200,1381.49531083338,650.232290326273
"Conservancy","Conservancy_42","#Gaingu","SSP585_2050","With_Intervention","Mixed",6,6,327,261,435.379610412084,533.851279482304
"Conservancy","Conservancy_42","#Gaingu","SSP585_2050","With_Intervention","Omnivore",3,3,1355,656,360.553897997995,360.553897997995
"Conservancy","Conservancy_42","#Gaingu","SSP585_2050","Without_Intervention","Browser",7,7,450,83,-11.0566263396766,-8.89998278112301
"Conservancy","Conservancy_42","#Gaingu","SSP585_2050","Without_Intervention","Carnivore",4,0,,,,
"Conservancy","Conservancy_42","#Gaingu","SSP585_2050","Without_Intervention","Grazer",12,12,47,19,-39.7404968485604,-22.1042911583559
"Conservancy","Conservancy_42","#Gaingu","SSP585_2050","Without_Intervention","Mixed",6,6,47,49,-17.0215951092032,-19.4112501844929
"Conservancy","Conservancy_42","#Gaingu","SSP585_2050","Without_Intervention","Omnivore",3,3,249,121,-15.2931334988725,-15.2931334988725
"Conservancy","Conservancy_42","#Gaingu","SSP585_2090","With_Intervention","Browser",7,7,729,352,144.15361974196,72.8145122623332
"Conservancy","Conservancy_42","#Gaingu","SSP585_2090","With_Intervention","Carnivore",4,0,,,,
"Conservancy","Conservancy_42","#Gaingu","SSP585_2090","With_Intervention","Grazer",12,12,265,178,1221.8668033443,569.40720263044
"Conservancy","Conservancy_42","#Gaingu","SSP585_2090","With_Intervention","Mixed",6,6,292,233,377.707763703964,465.567783350845
"Conservancy","Conservancy_42","#Gaingu","SSP585_2090","With_Intervention","Omnivore",3,3,1209,585,310.94550970976,310.94550970976
"Conservancy","Conservancy_42","#Gaingu","SSP585_2090","Without_Intervention","Browser",7,7,402,74,-20.6200946015917,-18.6953400683325
"Conservancy","Conservancy_42","#Gaingu","SSP585_2090","Without_Intervention","Carnivore",4,0,,,,
"Conservancy","Conservancy_42","#Gaingu","SSP585_2090","Without_Intervention","Grazer",12,12,42,17,-46.2197861103825,-30.4798801268093
"Conservancy","Conservancy_42","#Gaingu","SSP585_2090","Without_Intervention","Mixed",6,6,42,44,-25.9436913704503,-28.0764032972066
"Conservancy","Conservancy_42","#Gaingu","SSP585_2090","Without_Intervention","Omnivore",3,3,222,108,-24.4010793301557,-24.4010793301557
"Conservancy","Conservancy_43","#Gaingu","Current","Current","Browser",7,7,121149,56753,0,0
"Conservancy","Conservancy_43","#Gaingu","Current","Current","Carnivore",4,0,,,,
"Conservancy","Conservancy_43","#Gaingu","Current","Current","Grazer",12,12,14374,8273,0,0
"Conservancy","Conservancy_43","#Gaingu","Current","Current","Mixed",6,6,17883,15625,0,0
"Conservancy","Conservancy_43","#Gaingu","Current","Current","Omnivore",3,3,94374,45665,0,0
"Conservancy","Conservancy_43","#Gaingu","SSP245_2050","With_Intervention","Browser",7,7,169581,98742,54.5709178975149,49.753507744788
"Conservancy","Conservancy_43","#Gaingu","SSP245_2050","With_Intervention","Carnivore",4,0,,,,
"Conservancy","Conservancy_43","#Gaingu","SSP245_2050","With_Intervention","Grazer",12,12,58740,40073,423.175821693877,384.392866069798
"Conservancy","Conservancy_43","#Gaingu","SSP245_2050","With_Intervention","Mixed",6,6,66660,52490,249.930130321527,288.639649288725
"Conservancy","Conservancy_43","#Gaingu","SSP245_2050","With_Intervention","Omnivore",3,3,281324,136125,198.096483524853,198.096483524853
"Conservancy","Conservancy_43","#Gaingu","SSP245_2050","Without_Intervention","Browser",7,7,114352,51626,-7.05118609534054,-6.37213740703591
"Conservancy","Conservancy_43","#Gaingu","SSP245_2050","Without_Intervention","Carnivore",4,0,,,,
"Conservancy","Conservancy_43","#Gaingu","SSP245_2050","Without_Intervention","Grazer",12,12,12410,6898,-18.040590954653,-16.6210653557105
"Conservancy","Conservancy_43","#Gaingu","SSP245_2050","Without_Intervention","Mixed",6,6,15498,13792,-12.4965392343359,-14.0258139193893
"Conservancy","Conservancy_43","#Gaingu","SSP245_2050","Without_Intervention","Omnivore",3,3,83774,40536,-11.2314247742304,-11.2314247742304
"Conservancy","Conservancy_43","#Gaingu","SSP245_2090","With_Intervention","Browser",7,7,161090,93619,46.6998557538902,42.1956696254724
"Conservancy","Conservancy_43","#Gaingu","SSP245_2090","With_Intervention","Carnivore",4,0,,,,
"Conservancy","Conservancy_43","#Gaingu","SSP245_2090","With_Intervention","Grazer",12,12,55718,38002,396.094654390478,359.358645714809
"Conservancy","Conservancy_43","#Gaingu","SSP245_2090","With_Intervention","Mixed",6,6,63223,49794,231.916983893644,268.573839127801
"Conservancy","Conservancy_43","#Gaingu","SSP245_2090","With_Intervention","Omnivore",3,3,266845,129119,182.753763879503,182.753763879503
"Conservancy","Conservancy_43","#Gaingu","SSP245_2090","Without_Intervention","Browser",7,7,108451,48728,-12.022867827383,-11.3098557250299
"Conservancy","Conservancy_43","#Gaingu","SSP245_2090","Without_Intervention","Carnivore",4,0,,,,
"Conservancy","Conservancy_43","#Gaingu","SSP245_2090","Without_Intervention","Grazer",12,12,11451,6217,-25.4830220677039,-23.8026794717662
"Conservancy","Conservancy_43","#Gaingu","SSP245_2090","Without_Intervention","Mixed",6,6,14347,12825,-18.7764916898741,-20.5664647576374
"Conservancy","Conservancy_43","#Gaingu","SSP245_2090","Without_Intervention","Omnivore",3,3,78175,37826,-17.1648241228164,-17.1648241228164
"Conservancy","Conservancy_43","#Gaingu","SSP585_2050","With_Intervention","Browser",7,7,165258,96143,50.5721373331217,45.9215428414444
"Conservancy","Conservancy_43","#Gaingu","SSP585_2050","With_Intervention","Carnivore",4,0,,,,
"Conservancy","Conservancy_43","#Gaingu","SSP585_2050","With_Intervention","Grazer",12,12,57308,39096,410.415743749326,372.575374422642
"Conservancy","Conservancy_43","#Gaingu","SSP585_2050","With_Intervention","Mixed",6,6,65021,51200,241.319982099581,279.081276369481
"Conservancy","Conservancy_43","#Gaingu","SSP585_2050","With_Intervention","Omnivore",3,3,274337,132744,190.692640917747,190.692640917747
"Conservancy","Conservancy_43","#Gaingu","SSP585_2050","Without_Intervention","Browser",7,7,111269,50105,-9.65200557828427,-8.94029623467987
"Conservancy","Conservancy_43","#Gaingu","SSP585_2050","Without_Intervention","Carnivore",4,0,,,,
"Conservancy","Conservancy_43","#Gaingu","SSP585_2050","Without_Intervention","Grazer",12,12,12080,6710,-20.2924395377034,-18.8913445026218
"Conservancy","Conservancy_43","#Gaingu","SSP585_2050","Without_Intervention","Mixed",6,6,15072,13420,-14.8860741952597,-16.4047585850796
"Conservancy","Conservancy_43","#Gaingu","SSP585_2050","Without_Intervention","Omnivore",3,3,81454,39413,-13.6895081144991,-13.6895081144991
"Conservancy","Conservancy_43","#Gaingu","SSP585_2090","With_Intervention","Browser",7,7,146625,85182,33.5050237398229,29.4195361561866
"Conservancy","Conservancy_43","#Gaingu","SSP585_2090","With_Intervention","Carnivore",4,0,,,,
"Conservancy","Conservancy_43","#Gaingu","SSP585_2090","With_Intervention","Grazer",12,12,50747,34612,351.837039725215,318.376000229232
"Conservancy","Conservancy_43","#Gaingu","SSP585_2090","With_Intervention","Mixed",6,6,57576,45347,202.268425940606,235.653536103394
"Conservancy","Conservancy_43","#Gaingu","SSP585_2090","With_Intervention","Omnivore",3,3,242980,117571,157.466486213591,157.466486213591
"Conservancy","Conservancy_43","#Gaingu","SSP585_2090","Without_Intervention","Browser",7,7,98622,44245,-20.0451052355427,-19.3701318482075
"Conservancy","Conservancy_43","#Gaingu","SSP585_2090","Without_Intervention","Carnivore",4,0,,,,
"Conservancy","Conservancy_43","#Gaingu","SSP585_2090","Without_Intervention","Grazer",12,12,10421,5653,-32.2090754983595,-30.6754976111341
"Conservancy","Conservancy_43","#Gaingu","SSP585_2090","Without_Intervention","Mixed",6,6,13048,11667,-26.1267024405879,-27.7657495882752
"Conservancy","Conservancy_43","#Gaingu","SSP585_2090","Without_Intervention","Omnivore",3,3,71076,34392,-24.6862593514101,-24.6862593514101
"Conservancy","Conservancy_44","Sheya Shuushona","Current","Current","Browser",7,7,616585,488748,0,0
"Conservancy","Conservancy_44","Sheya Shuushona","Current","Current","Carnivore",4,0,,,,
"Conservancy","Conservancy_44","Sheya Shuushona","Current","Current","Grazer",12,12,67655,46296,0,0
"Conservancy","Conservancy_44","Sheya Shuushona","Current","Current","Mixed",6,6,104988,80942,0,0
"Conservancy","Conservancy_44","Sheya Shuushona","Current","Current","Omnivore",3,3,583860,282513,0,0
"Conservancy","Conservancy_44","Sheya Shuushona","SSP245_2050","With_Intervention","Browser",7,7,457005,358338,-26.1614085354464,-25.8256711017298
"Conservancy","Conservancy_44","Sheya Shuushona","SSP245_2050","With_Intervention","Carnivore",4,0,,,,
"Conservancy","Conservancy_44","Sheya Shuushona","SSP245_2050","With_Intervention","Grazer",12,12,89899,62678,35.6841859343299,34.9875339673171
"Conservancy","Conservancy_44","Sheya Shuushona","SSP245_2050","With_Intervention","Mixed",6,6,118137,90764,10.1380546145909,12.7450869412378
"Conservancy","Conservancy_44","Sheya Shuushona","SSP245_2050","With_Intervention","Omnivore",3,3,570570,276082,-2.27629113220031,-2.27629113220031
"Conservancy","Conservancy_44","Sheya Shuushona","SSP245_2050","Without_Intervention","Browser",7,7,612778,486075,-0.592548740084426,-0.617039312683795
"Conservancy","Conservancy_44","Sheya Shuushona","SSP245_2050","Without_Intervention","Carnivore",4,0,,,,
"Conservancy","Conservancy_44","Sheya Shuushona","SSP245_2050","Without_Intervention","Grazer",12,12,64812,44128,-4.38416280259725,-4.32427027022039
"Conservancy","Conservancy_44","Sheya Shuushona","SSP245_2050","Without_Intervention","Mixed",6,6,101889,78575,-2.80292447285403,-2.96722878087019
"Conservancy","Conservancy_44","Sheya Shuushona","SSP245_2050","Without_Intervention","Omnivore",3,3,570552,276074,-2.27930300415021,-2.27930300415021
"Conservancy","Conservancy_44","Sheya Shuushona","SSP245_2090","With_Intervention","Browser",7,7,439309,341968,-29.1944770380202,-28.5669409501018
"Conservancy","Conservancy_44","Sheya Shuushona","SSP245_2090","With_Intervention","Carnivore",4,0,,,,
"Conservancy","Conservancy_44","Sheya Shuushona","SSP245_2090","With_Intervention","Grazer",12,12,87382,60922,31.8886138007769,31.2061417455208
"Conservancy","Conservancy_44","Sheya Shuushona","SSP245_2090","With_Intervention","Mixed",6,6,114503,88002,6.71906759074903,9.26554136581441
"Conservancy","Conservancy_44","Sheya Shuushona","SSP245_2090","With_Intervention","Omnivore",3,3,550638,266438,-5.69013420468628,-5.69013420468628
"Conservancy","Conservancy_44","Sheya Shuushona","SSP245_2090","Without_Intervention","Browser",7,7,592842,470343,-3.82108937949984,-3.85882111655677
"Conservancy","Conservancy_44","Sheya Shuushona","SSP245_2090","Without_Intervention","Carnivore",4,0,,,,
"Conservancy","Conservancy_44","Sheya Shuushona","SSP245_2090","Without_Intervention","Grazer",12,12,62294,42379,-8.12671382657647,-8.06136421883036
"Conservancy","Conservancy_44","Sheya Shuushona","SSP245_2090","Without_Intervention","Mixed",6,6,98161,75703,-6.33404775745992,-6.51935695249044
"Conservancy","Conservancy_44","Sheya Shuushona","SSP245_2090","Without_Intervention","Omnivore",3,3,550452,266348,-5.72195293012806,-5.72195293012806
"Conservancy","Conservancy_44","Sheya Shuushona","SSP585_2050","With_Intervention","Browser",7,7,438623,342179,-29.2530511994112,-28.7138505187453
"Conservancy","Conservancy_44","Sheya Shuushona","SSP585_2050","With_Intervention","Carnivore",4,0,,,,
"Conservancy","Conservancy_44","Sheya Shuushona","SSP585_2050","With_Intervention","Grazer",12,12,87086,60717,31.4447084532636,30.7647069926303
"Conservancy","Conservancy_44","Sheya Shuushona","SSP585_2050","With_Intervention","Mixed",6,6,114172,87738,6.41518593906275,8.9539975067909
"Conservancy","Conservancy_44","Sheya Shuushona","SSP585_2050","With_Intervention","Omnivore",3,3,549636,265953,-5.86173087556959,-5.86173087556959
"Conservancy","Conservancy_44","Sheya Shuushona","SSP585_2050","Without_Intervention","Browser",7,7,590080,468070,-4.27474416220973,-4.29839343500917
"Conservancy","Conservancy_44","Sheya Shuushona","SSP585_2050","Without_Intervention","Carnivore",4,0,,,,
"Conservancy","Conservancy_44","Sheya Shuushona","SSP585_2050","Without_Intervention","Grazer",12,12,62407,42490,-7.93163525703021,-7.87389591564347
"Conservancy","Conservancy_44","Sheya Shuushona","SSP585_2050","Without_Intervention","Mixed",6,6,98111,75661,-6.40660855792142,-6.56506500634978
"Conservancy","Conservancy_44","Sheya Shuushona","SSP585_2050","Without_Intervention","Omnivore",3,3,549405,265841,-5.90123579467134,-5.90123579467134
"Conservancy","Conservancy_44","Sheya Shuushona","SSP585_2090","With_Intervention","Browser",7,7,417621,325821,-32.6388676022562,-32.1319658052374
"Conservancy","Conservancy_44","Sheya Shuushona","SSP585_2090","With_Intervention","Carnivore",4,0,,,,
"Conservancy","Conservancy_44","Sheya Shuushona","SSP585_2090","With_Intervention","Grazer",12,12,82708,57663,24.8303946270213,24.1867977060214
"Conservancy","Conservancy_44","Sheya Shuushona","SSP585_2090","With_Intervention","Mixed",6,6,108496,83377,1.13270251377264,3.53657464231521
"Conservancy","Conservancy_44","Sheya Shuushona","SSP585_2090","With_Intervention","Omnivore",3,3,522527,252835,-10.5048003521276,-10.5048003521277
"Conservancy","Conservancy_44","Sheya Shuushona","SSP585_2090","Without_Intervention","Browser",7,7,562776,446494,-8.69858824682902,-8.73485360075472
"Conservancy","Conservancy_44","Sheya Shuushona","SSP585_2090","Without_Intervention","Carnivore",4,0,,,,
"Conservancy","Conservancy_44","Sheya Shuushona","SSP585_2090","Without_Intervention","Grazer",12,12,59107,40209,-12.8288346068541,-12.7663101960939
"Conservancy","Conservancy_44","Sheya Shuushona","SSP585_2090","Without_Intervention","Mixed",6,6,93155,71842,-11.1093637375502,-11.2870687987546
"Conservancy","Conservancy_44","Sheya Shuushona","SSP585_2090","Without_Intervention","Omnivore",3,3,522440,252793,-10.5197046623076,-10.5197046623076
"Conservancy","Conservancy_45","!Khoro !goreb","Current","Current","Browser",7,7,146245,115279,0,0
"Conservancy","Conservancy_45","!Khoro !goreb","Current","Current","Carnivore",4,0,,,,
"Conservancy","Conservancy_45","!Khoro !goreb","Current","Current","Grazer",12,12,8106,4950,0,0
"Conservancy","Conservancy_45","!Khoro !goreb","Current","Current","Mixed",6,6,16671,13000,0,0
"Conservancy","Conservancy_45","!Khoro !goreb","Current","Current","Omnivore",3,3,109471,52970,0,0
"Conservancy","Conservancy_45","!Khoro !goreb","SSP245_2050","With_Intervention","Browser",7,7,91766,70035,-37.9538644656422,-37.2089971240781
"Conservancy","Conservancy_45","!Khoro !goreb","SSP245_2050","With_Intervention","Carnivore",4,0,,,,
"Conservancy","Conservancy_45","!Khoro !goreb","SSP245_2050","With_Intervention","Grazer",12,12,20405,14211,180.447371397561,168.498006097134
"Conservancy","Conservancy_45","!Khoro !goreb","SSP245_2050","With_Intervention","Mixed",6,6,25995,20018,48.273411554899,56.9322506709203
"Conservancy","Conservancy_45","!Khoro !goreb","SSP245_2050","With_Intervention","Omnivore",3,3,121823,58947,11.2831526196149,11.2831526196149
"Conservancy","Conservancy_45","!Khoro !goreb","SSP245_2050","Without_Intervention","Browser",7,7,147103,116243,0.659028793319156,0.632754891405279
"Conservancy","Conservancy_45","!Khoro !goreb","SSP245_2050","Without_Intervention","Carnivore",4,0,,,,
"Conservancy","Conservancy_45","!Khoro !goreb","SSP245_2050","Without_Intervention","Grazer",12,12,7668,4704,-6.12875847149026,-5.76637153554963
"Conservancy","Conservancy_45","!Khoro !goreb","SSP245_2050","Without_Intervention","Mixed",6,6,16298,12707,-2.03849597198487,-2.24112118008629
"Conservancy","Conservancy_45","!Khoro !goreb","SSP245_2050","Without_Intervention","Omnivore",3,3,108560,52529,-0.832143036207541,-0.832143036207538
"Conservancy","Conservancy_45","!Khoro !goreb","SSP245_2090","With_Intervention","Browser",7,7,87981,67160,-40.5100186221912,-39.8263216388111
"Conservancy","Conservancy_45","!Khoro !goreb","SSP245_2090","With_Intervention","Carnivore",4,0,,,,
"Conservancy","Conservancy_45","!Khoro !goreb","SSP245_2090","With_Intervention","Grazer",12,12,19586,13642,169.214740749025,157.739403412255
"Conservancy","Conservancy_45","!Khoro !goreb","SSP245_2090","With_Intervention","Mixed",6,6,24947,19210,42.2903161387876,50.6100290285308
"Conservancy","Conservancy_45","!Khoro !goreb","SSP245_2090","With_Intervention","Omnivore",3,3,116887,56558,6.7738694047704,6.7738694047704
"Conservancy","Conservancy_45","!Khoro !goreb","SSP245_2090","Without_Intervention","Browser",7,7,142125,112374,-2.73179509290269,-2.76078341730438
"Conservancy","Conservancy_45","!Khoro !goreb","SSP245_2090","Without_Intervention","Carnivore",4,0,,,,
"Conservancy","Conservancy_45","!Khoro !goreb","SSP245_2090","Without_Intervention","Grazer",12,12,7341,4506,-10.2254291522995,-9.82645789129983
"Conservancy","Conservancy_45","!Khoro !goreb","SSP245_2090","Without_Intervention","Mixed",6,6,15682,12226,-5.71206140877639,-5.92834588865867
"Conservancy","Conservancy_45","!Khoro !goreb","SSP245_2090","Without_Intervention","Omnivore",3,3,104683,50653,-4.37347062701636,-4.37347062701636
"Conservancy","Conservancy_45","!Khoro !goreb","SSP585_2050","With_Intervention","Browser",7,7,88487,67531,-40.1713483414437,-39.4495124867978
"Conservancy","Conservancy_45","!Khoro !goreb","SSP585_2050","With_Intervention","Carnivore",4,0,,,,
"Conservancy","Conservancy_45","!Khoro !goreb","SSP585_2050","With_Intervention","Grazer",12,12,19680,13706,170.480288254877,158.954999888361
"Conservancy","Conservancy_45","!Khoro !goreb","SSP585_2050","With_Intervention","Mixed",6,6,25070,19305,42.9964455327396,51.3475166576667
"Conservancy","Conservancy_45","!Khoro !goreb","SSP585_2050","With_Intervention","Omnivore",3,3,117482,56846,7.31826205599779,7.31826205599779
"Conservancy","Conservancy_45","!Khoro !goreb","SSP585_2050","Without_Intervention","Browser",7,7,141825,112069,-2.95335243319426,-2.97859505678396
"Conservancy","Conservancy_45","!Khoro !goreb","SSP585_2050","Without_Intervention","Carnivore",4,0,,,,
"Conservancy","Conservancy_45","!Khoro !goreb","SSP585_2050","Without_Intervention","Grazer",12,12,7395,4537,-9.46881352576488,-9.12087143260882
"Conservancy","Conservancy_45","!Khoro !goreb","SSP585_2050","Without_Intervention","Mixed",6,6,15715,12252,-5.54246356403445,-5.73761461015201
"Conservancy","Conservancy_45","!Khoro !goreb","SSP585_2050","Without_Intervention","Omnivore",3,3,104671,50647,-4.38509510947593,-4.38509510947593
"Conservancy","Conservancy_45","!Khoro !goreb","SSP585_2090","With_Intervention","Browser",7,7,81359,62105,-44.9877914785565,-44.3565866992149
"Conservancy","Conservancy_45","!Khoro !goreb","SSP585_2090","With_Intervention","Carnivore",4,0,,,,
"Conservancy","Conservancy_45","!Khoro !goreb","SSP585_2090","With_Intervention","Grazer",12,12,18111,12614,148.943119332481,138.331939184819
"Conservancy","Conservancy_45","!Khoro !goreb","SSP585_2090","With_Intervention","Mixed",6,6,23069,17764,31.57701303863,39.2703439011991
"Conservancy","Conservancy_45","!Khoro !goreb","SSP585_2090","With_Intervention","Omnivore",3,3,108087,52300,-1.26464222592624,-1.26464222592624
"Conservancy","Conservancy_45","!Khoro !goreb","SSP585_2090","Without_Intervention","Browser",7,7,131424,103914,-10.0551237193437,-10.0818155333299
"Conservancy","Conservancy_45","!Khoro !goreb","SSP585_2090","Without_Intervention","Carnivore",4,0,,,,
"Conservancy","Conservancy_45","!Khoro !goreb","SSP585_2090","Without_Intervention","Grazer",12,12,6789,4168,-16.9630541200522,-16.5953286510497
"Conservancy","Conservancy_45","!Khoro !goreb","SSP585_2090","Without_Intervention","Mixed",6,6,14503,11306,-12.8025749893575,-13.0015069380366
"Conservancy","Conservancy_45","!Khoro !goreb","SSP585_2090","Without_Intervention","Omnivore",3,3,96807,46842,-11.5682191249817,-11.5682191249817
"Conservancy","Conservancy_46","Otjimboyo","Current","Current","Browser",7,7,6979,3254,0,0
"Conservancy","Conservancy_46","Otjimboyo","Current","Current","Carnivore",4,0,,,,
"Conservancy","Conservancy_46","Otjimboyo","Current","Current","Grazer",12,12,1900,1227,0,0
"Conservancy","Conservancy_46","Otjimboyo","Current","Current","Mixed",6,6,2131,1734,0,0
"Conservancy","Conservancy_46","Otjimboyo","Current","Current","Omnivore",3,3,9242,4472,0,0
"Conservancy","Conservancy_46","Otjimboyo","SSP245_2050","With_Intervention","Browser",7,7,8818,4890,36.4515935458382,32.7788617066983
"Conservancy","Conservancy_46","Otjimboyo","SSP245_2050","With_Intervention","Carnivore",4,0,,,,
"Conservancy","Conservancy_46","Otjimboyo","SSP245_2050","With_Intervention","Grazer",12,12,3723,2553,104.880024442718,105.159690565788
"Conservancy","Conservancy_46","Otjimboyo","SSP245_2050","With_Intervention","Mixed",6,6,4130,3243,88.9460088758562,96.4116334593439
"Conservancy","Conservancy_46","Otjimboyo","SSP245_2050","With_Intervention","Omnivore",3,3,16860,8158,82.4232004579773,82.4232004579773
"Conservancy","Conservancy_46","Otjimboyo","SSP245_2050","Without_Intervention","Browser",7,7,4987,1633,-37.3755731226972,-32.9490240007494
"Conservancy","Conservancy_46","Otjimboyo","SSP245_2050","Without_Intervention","Carnivore",4,0,,,,
"Conservancy","Conservancy_46","Otjimboyo","SSP245_2050","Without_Intervention","Grazer",12,12,1116,681,-44.5649522664807,-44.7863798228811
"Conservancy","Conservancy_46","Otjimboyo","SSP245_2050","Without_Intervention","Mixed",6,6,1206,1031,-41.8833681738355,-44.5053862231783
"Conservancy","Conservancy_46","Otjimboyo","SSP245_2050","Without_Intervention","Omnivore",3,3,5322,2575,-42.4188037865906,-42.4188037865906
"Conservancy","Conservancy_46","Otjimboyo","SSP245_2090","With_Intervention","Browser",7,7,8189,4469,25.7944184720592,22.8295478020327
"Conservancy","Conservancy_46","Otjimboyo","SSP245_2090","With_Intervention","Carnivore",4,0,,,,
"Conservancy","Conservancy_46","Otjimboyo","SSP245_2090","With_Intervention","Grazer",12,12,3417,2339,87.6959390010842,87.9319363844536
"Conservancy","Conservancy_46","Otjimboyo","SSP245_2090","With_Intervention","Mixed",6,6,3787,2978,73.3709070568377,79.9618309586304
"Conservancy","Conservancy_46","Otjimboyo","SSP245_2090","With_Intervention","Omnivore",3,3,15468,7485,67.3622440871563,67.3622440871563
"Conservancy","Conservancy_46","Otjimboyo","SSP245_2090","Without_Intervention","Browser",7,7,4473,1309,-45.8265309491155,-40.9341558620843
"Conservancy","Conservancy_46","Otjimboyo","SSP245_2090","Without_Intervention","Carnivore",4,0,,,,
"Conservancy","Conservancy_46","Otjimboyo","SSP245_2090","Without_Intervention","Grazer",12,12,887,528,-57.283092446697,-57.5332142887035
"Conservancy","Conservancy_46","Otjimboyo","SSP245_2090","Without_Intervention","Mixed",6,6,950,832,-53.5488247886109,-56.7440890257809
"Conservancy","Conservancy_46","Otjimboyo","SSP245_2090","Without_Intervention","Omnivore",3,3,4275,2068,-53.7490388607912,-53.7490388607912
"Conservancy","Conservancy_46","Otjimboyo","SSP585_2050","With_Intervention","Browser",7,7,8578,4757,32.7371868091899,29.1654988525219
"Conservancy","Conservancy_46","Otjimboyo","SSP585_2050","With_Intervention","Carnivore",4,0,,,,
"Conservancy","Conservancy_46","Otjimboyo","SSP585_2050","With_Intervention","Grazer",12,12,3622,2484,99.2944931343458,99.5664827294083
"Conservancy","Conservancy_46","Otjimboyo","SSP585_2050","With_Intervention","Mixed",6,6,4018,3155,83.7963349092763,91.0575374985155
"Conservancy","Conservancy_46","Otjimboyo","SSP585_2050","With_Intervention","Omnivore",3,3,16401,7936,77.4517018077839,77.4517018077839
"Conservancy","Conservancy_46","Otjimboyo","SSP585_2050","Without_Intervention","Browser",7,7,4850,1588,-39.0950844150277,-34.786343351169
"Conservancy","Conservancy_46","Otjimboyo","SSP585_2050","Without_Intervention","Carnivore",4,0,,,,
"Conservancy","Conservancy_46","Otjimboyo","SSP585_2050","Without_Intervention","Grazer",12,12,1085,662,-46.1123074309431,-46.3278713844822
"Conservancy","Conservancy_46","Otjimboyo","SSP585_2050","Without_Intervention","Mixed",6,6,1172,1002,-43.4978810332425,-46.0517413038285
"Conservancy","Conservancy_46","Otjimboyo","SSP585_2050","Without_Intervention","Omnivore",3,3,5174,2504,-44.0169270688093,-44.0169270688093
"Conservancy","Conservancy_46","Otjimboyo","SSP585_2090","With_Intervention","Browser",7,7,7556,4123,16.0657459154271,13.3304069774175
"Conservancy","Conservancy_46","Otjimboyo","SSP585_2090","With_Intervention","Carnivore",4,0,,,,
"Conservancy","Conservancy_46","Otjimboyo","SSP585_2090","With_Intervention","Grazer",12,12,3152,2158,73.178483072874,73.3962155248821
"Conservancy","Conservancy_46","Otjimboyo","SSP585_2090","With_Intervention","Mixed",6,6,3494,2748,59.9616957623458,66.042661855813
"Conservancy","Conservancy_46","Otjimboyo","SSP585_2090","With_Intervention","Omnivore",3,3,14272,6906,54.4178209182726,54.4178209182726
"Conservancy","Conservancy_46","Otjimboyo","SSP585_2090","Without_Intervention","Browser",7,7,4127,1208,-50.0159252136804,-45.5017102949665
"Conservancy","Conservancy_46","Otjimboyo","SSP585_2090","Without_Intervention","Carnivore",4,0,,,,
"Conservancy","Conservancy_46","Otjimboyo","SSP585_2090","Without_Intervention","Grazer",12,12,819,488,-60.5876391885035,-60.8184287267852
"Conservancy","Conservancy_46","Otjimboyo","SSP585_2090","Without_Intervention","Mixed",6,6,876,768,-57.1418618892621,-60.0902045585648
"Conservancy","Conservancy_46","Otjimboyo","SSP585_2090","Without_Intervention","Omnivore",3,3,3944,1908,-57.3265225241278,-57.3265225241278
"Conservancy","Conservancy_47","Tsiseb","Current","Current","Browser",7,7,82895,23317,0,0
"Conservancy","Conservancy_47","Tsiseb","Current","Current","Carnivore",4,0,,,,
"Conservancy","Conservancy_47","Tsiseb","Current","Current","Grazer",12,12,11801,6403,0,0
"Conservancy","Conservancy_47","Tsiseb","Current","Current","Mixed",6,6,12730,11777,0,0
"Conservancy","Conservancy_47","Tsiseb","Current","Current","Omnivore",3,3,62122,30059,0,0
"Conservancy","Conservancy_47","Tsiseb","SSP245_2050","With_Intervention","Browser",7,7,145442,76843,143.904865293185,99.7624386831615
"Conservancy","Conservancy_47","Tsiseb","SSP245_2050","With_Intervention","Carnivore",4,0,,,,
"Conservancy","Conservancy_47","Tsiseb","SSP245_2050","With_Intervention","Grazer",12,12,57779,39349,598.67196711103,512.347499825634
"Conservancy","Conservancy_47","Tsiseb","SSP245_2050","With_Intervention","Mixed",6,6,64009,50554,371.560105318238,436.77811029756
"Conservancy","Conservancy_47","Tsiseb","SSP245_2050","With_Intervention","Omnivore",3,3,262843,127182,323.105066118622,323.105066118622
"Conservancy","Conservancy_47","Tsiseb","SSP245_2050","Without_Intervention","Browser",7,7,74056,16074,-19.6292010696815,-13.4275179343439
"Conservancy","Conservancy_47","Tsiseb","SSP245_2050","Without_Intervention","Carnivore",4,0,,,,
"Conservancy","Conservancy_47","Tsiseb","SSP245_2050","Without_Intervention","Grazer",12,12,8871,3967,-37.4436467564197,-32.3559404620832
"Conservancy","Conservancy_47","Tsiseb","SSP245_2050","Without_Intervention","Mixed",6,6,9189,9085,-26.0057376672472,-30.0897182436517
"Conservancy","Conservancy_47","Tsiseb","SSP245_2050","Without_Intervention","Omnivore",3,3,46660,22577,-24.8902652980098,-24.8902652980098
"Conservancy","Conservancy_47","Tsiseb","SSP245_2090","With_Intervention","Browser",7,7,138068,72666,131.013890736025,89.4975899822627
"Conservancy","Conservancy_47","Tsiseb","SSP245_2090","With_Intervention","Carnivore",4,0,,,,
"Conservancy","Conservancy_47","Tsiseb","SSP245_2090","With_Intervention","Grazer",12,12,54765,37283,561.871003503718,480.188906093674
"Conservancy","Conservancy_47","Tsiseb","SSP245_2090","With_Intervention","Mixed",6,6,60652,47917,346.861734011063,408.561010007984
"Conservancy","Conservancy_47","Tsiseb","SSP245_2090","With_Intervention","Omnivore",3,3,249047,120507,300.897651010681,300.897651010681
"Conservancy","Conservancy_47","Tsiseb","SSP245_2090","Without_Intervention","Browser",7,7,69589,14410,-25.7902807212521,-19.0734642778781
"Conservancy","Conservancy_47","Tsiseb","SSP245_2090","Without_Intervention","Carnivore",4,0,,,,
"Conservancy","Conservancy_47","Tsiseb","SSP245_2090","Without_Intervention","Grazer",12,12,7972,3463,-46.7075831784471,-40.9474230816584
"Conservancy","Conservancy_47","Tsiseb","SSP245_2090","Without_Intervention","Mixed",6,6,8192,8234,-33.5968454638586,-38.2010786573395
"Conservancy","Conservancy_47","Tsiseb","SSP245_2090","Without_Intervention","Omnivore",3,3,42127,20384,-32.1877385020159,-32.1877385020159
"Conservancy","Conservancy_47","Tsiseb","SSP585_2050","With_Intervention","Browser",7,7,142544,75308,139.036595078397,95.7794780459667
"Conservancy","Conservancy_47","Tsiseb","SSP585_2050","With_Intervention","Carnivore",4,0,,,,
"Conservancy","Conservancy_47","Tsiseb","SSP585_2050","With_Intervention","Grazer",12,12,56626,38563,584.717091710145,500.118714343073
"Conservancy","Conservancy_47","Tsiseb","SSP585_2050","With_Intervention","Mixed",6,6,62731,49545,362.144981187136,426.058751395775
"Conservancy","Conservancy_47","Tsiseb","SSP585_2050","With_Intervention","Omnivore",3,3,257595,124643,314.657531971239,314.657531971239
"Conservancy","Conservancy_47","Tsiseb","SSP585_2050","Without_Intervention","Browser",7,7,72569,15740,-21.2654363290878,-15.1733483486096
"Conservancy","Conservancy_47","Tsiseb","SSP585_2050","Without_Intervention","Carnivore",4,0,,,,
"Conservancy","Conservancy_47","Tsiseb","SSP585_2050","Without_Intervention","Grazer",12,12,8686,3882,-38.8065083294065,-33.8023538278559
"Conservancy","Conservancy_47","Tsiseb","SSP585_2050","Without_Intervention","Mixed",6,6,8996,8897,-27.5522950556317,-31.5687010777376
"Conservancy","Conservancy_47","Tsiseb","SSP585_2050","Without_Intervention","Omnivore",3,3,45690,22108,-26.4514093621005,-26.4514093621005
"Conservancy","Conservancy_47","Tsiseb","SSP585_2090","With_Intervention","Browser",7,7,126884,66778,112.297313126473,74.1468949046535
"Conservancy","Conservancy_47","Tsiseb","SSP585_2090","With_Intervention","Carnivore",4,0,,,,
"Conservancy","Conservancy_47","Tsiseb","SSP585_2090","With_Intervention","Grazer",12,12,50327,34262,508.236575685882,433.174436558484
"Conservancy","Conservancy_47","Tsiseb","SSP585_2090","With_Intervention","Mixed",6,6,55737,44035,310.652731461488,367.351603489724
"Conservancy","Conservancy_47","Tsiseb","SSP585_2090","With_Intervention","Omnivore",3,3,228867,110742,268.41340990488,268.41340990488
"Conservancy","Conservancy_47","Tsiseb","SSP585_2090","Without_Intervention","Browser",7,7,63951,13241,-31.8059252103712,-25.631125194952
"Conservancy","Conservancy_47","Tsiseb","SSP585_2090","Without_Intervention","Carnivore",4,0,,,,
"Conservancy","Conservancy_47","Tsiseb","SSP585_2090","Without_Intervention","Grazer",12,12,7324,3181,-51.0613094823092,-45.7619984034187
"Conservancy","Conservancy_47","Tsiseb","SSP585_2090","Without_Intervention","Mixed",6,6,7526,7565,-38.9969968802615,-43.2325509526704
"Conservancy","Conservancy_47","Tsiseb","SSP585_2090","Without_Intervention","Omnivore",3,3,38703,18727,-37.6983862041239,-37.6983862041239
"Conservancy","Conservancy_48","Sorris Sorris","Current","Current","Browser",7,7,75893,50438,0,0
"Conservancy","Conservancy_48","Sorris Sorris","Current","Current","Carnivore",4,0,,,,
"Conservancy","Conservancy_48","Sorris Sorris","Current","Current","Grazer",12,12,11825,7649,0,0
"Conservancy","Conservancy_48","Sorris Sorris","Current","Current","Mixed",6,6,15564,12409,0,0
"Conservancy","Conservancy_48","Sorris Sorris","Current","Current","Omnivore",3,3,78215,37846,0,0
"Conservancy","Conservancy_48","Sorris Sorris","SSP245_2050","With_Intervention","Browser",7,7,80931,55236,7.58217393154067,9.46217794982855
"Conservancy","Conservancy_48","Sorris Sorris","SSP245_2050","With_Intervention","Carnivore",4,0,,,,
"Conservancy","Conservancy_48","Sorris Sorris","SSP245_2050","With_Intervention","Grazer",12,12,29749,20691,165.533861769611,164.583581070402
"Conservancy","Conservancy_48","Sorris Sorris","SSP245_2050","With_Intervention","Mixed",6,6,34376,26618,112.680155470688,123.390679633765
"Conservancy","Conservancy_48","Sorris Sorris","SSP245_2050","With_Intervention","Omnivore",3,3,145306,70309,85.7778608729483,85.7778608729483
"Conservancy","Conservancy_48","Sorris Sorris","SSP245_2050","Without_Intervention","Browser",7,7,73031,48289,-3.94013552287672,-3.9811644693857
"Conservancy","Conservancy_48","Sorris Sorris","SSP245_2050","Without_Intervention","Carnivore",4,0,,,,
"Conservancy","Conservancy_48","Sorris Sorris","SSP245_2050","Without_Intervention","Grazer",12,12,10462,6626,-12.3424025526083,-12.2970120315578
"Conservancy","Conservancy_48","Sorris Sorris","SSP245_2050","Without_Intervention","Mixed",6,6,14012,11221,-9.50930413264591,-10.1278322084966
"Conservancy","Conservancy_48","Sorris Sorris","SSP245_2050","Without_Intervention","Omnivore",3,3,71854,34768,-8.13203804759631,-8.13203804759631
"Conservancy","Conservancy_48","Sorris Sorris","SSP245_2090","With_Intervention","Browser",7,7,77235,52705,2.66270625271096,4.45782627727107
"Conservancy","Conservancy_48","Sorris Sorris","SSP245_2090","With_Intervention","Carnivore",4,0,,,,
"Conservancy","Conservancy_48","Sorris Sorris","SSP245_2090","With_Intervention","Grazer",12,12,28386,19743,153.363830388689,152.456827294652
"Conservancy","Conservancy_48","Sorris Sorris","SSP245_2090","With_Intervention","Mixed",6,6,32801,25399,102.937076997109,113.153367691239
"Conservancy","Conservancy_48","Sorris Sorris","SSP245_2090","With_Intervention","Omnivore",3,3,138649,67088,77.2674975933073,77.2674975933073
"Conservancy","Conservancy_48","Sorris Sorris","SSP245_2090","Without_Intervention","Browser",7,7,69686,46063,-8.34857714153392,-8.41486283644069
"Conservancy","Conservancy_48","Sorris Sorris","SSP245_2090","Without_Intervention","Carnivore",4,0,,,,
"Conservancy","Conservancy_48","Sorris Sorris","SSP245_2090","Without_Intervention","Grazer",12,12,9744,6135,-18.5734442289416,-18.51650593751
"Conservancy","Conservancy_48","Sorris Sorris","SSP245_2090","Without_Intervention","Mixed",6,6,13123,10520,-15.1320853950379,-15.8695184206893
"Conservancy","Conservancy_48","Sorris Sorris","SSP245_2090","Without_Intervention","Omnivore",3,3,67703,32759,-13.4400257989365,-13.4400257989365
"Conservancy","Conservancy_48","Sorris Sorris","SSP585_2050","With_Intervention","Browser",7,7,78644,53663,4.53362208761668,6.3647793831497
"Conservancy","Conservancy_48","Sorris Sorris","SSP585_2050","With_Intervention","Carnivore",4,0,,,,
"Conservancy","Conservancy_48","Sorris Sorris","SSP585_2050","With_Intervention","Grazer",12,12,28925,20118,158.179474203582,157.254501380097
"Conservancy","Conservancy_48","Sorris Sorris","SSP585_2050","With_Intervention","Mixed",6,6,33421,25879,106.767913104428,117.18199440608
"Conservancy","Conservancy_48","Sorris Sorris","SSP585_2050","With_Intervention","Omnivore",3,3,141252,68348,80.5951975624503,80.5951975624503
"Conservancy","Conservancy_48","Sorris Sorris","SSP585_2050","Without_Intervention","Browser",7,7,70882,46841,-6.78574932593516,-6.81893914576002
"Conservancy","Conservancy_48","Sorris Sorris","SSP585_2050","Without_Intervention","Carnivore",4,0,,,,
"Conservancy","Conservancy_48","Sorris Sorris","SSP585_2050","Without_Intervention","Grazer",12,12,10167,6439,-14.8214137718737,-14.7793583966942
"Conservancy","Conservancy_48","Sorris Sorris","SSP585_2050","Without_Intervention","Mixed",6,6,13610,10899,-12.1087557515645,-12.7105930845026
"Conservancy","Conservancy_48","Sorris Sorris","SSP585_2050","Without_Intervention","Omnivore",3,3,69767,33758,-10.8005080759975,-10.8005080759975
"Conservancy","Conservancy_48","Sorris Sorris","SSP585_2090","With_Intervention","Browser",7,7,71373,48708,-5.12648152886663,-3.46867422241637
"Conservancy","Conservancy_48","Sorris Sorris","SSP585_2090","With_Intervention","Carnivore",4,0,,,,
"Conservancy","Conservancy_48","Sorris Sorris","SSP585_2090","With_Intervention","Grazer",12,12,26228,18242,134.098154925152,133.260374591953
"Conservancy","Conservancy_48","Sorris Sorris","SSP585_2090","With_Intervention","Mixed",6,6,30307,23468,87.5112628480202,96.9506716270331
"Conservancy","Conservancy_48","Sorris Sorris","SSP585_2090","With_Intervention","Omnivore",3,3,128114,61991,63.7974811606976,63.7974811606976
"Conservancy","Conservancy_48","Sorris Sorris","SSP585_2090","Without_Intervention","Browser",7,7,64420,42589,-15.2697170790026,-15.3326665614907
"Conservancy","Conservancy_48","Sorris Sorris","SSP585_2090","Without_Intervention","Carnivore",4,0,,,,
"Conservancy","Conservancy_48","Sorris Sorris","SSP585_2090","Without_Intervention","Grazer",12,12,9004,5669,-24.7492837819387,-24.6961525137539
"Conservancy","Conservancy_48","Sorris Sorris","SSP585_2090","Without_Intervention","Mixed",6,6,12129,9723,-21.5595627297476,-22.2406444741282
"Conservancy","Conservancy_48","Sorris Sorris","SSP585_2090","Without_Intervention","Omnivore",3,3,62581,30281,-19.9885977150743,-19.9885977150743
"Conservancy","Conservancy_49","Okangundumba","Current","Current","Browser",7,7,179526,144143,0,0
"Conservancy","Conservancy_49","Okangundumba","Current","Current","Carnivore",4,0,,,,
"Conservancy","Conservancy_49","Okangundumba","Current","Current","Grazer",12,12,7958,4920,0,0
"Conservancy","Conservancy_49","Okangundumba","Current","Current","Mixed",6,6,18668,14480,0,0
"Conservancy","Conservancy_49","Okangundumba","Current","Current","Omnivore",3,3,128881,62362,0,0
"Conservancy","Conservancy_49","Okangundumba","SSP245_2050","With_Intervention","Browser",7,7,100456,78179,-44.6395469285179,-43.8546532818503
"Conservancy","Conservancy_49","Okangundumba","SSP245_2050","With_Intervention","Carnivore",4,0,,,,
"Conservancy","Conservancy_49","Okangundumba","SSP245_2050","With_Intervention","Grazer",12,12,20072,13995,188.802169373662,170.442969218491
"Conservancy","Conservancy_49","Okangundumba","SSP245_2050","With_Intervention","Mixed",6,6,26274,20193,33.6421866801787,41.514605253672
"Conservancy","Conservancy_49","Okangundumba","SSP245_2050","With_Intervention","Omnivore",3,3,126215,61072,-2.0681333276687,-2.0681333276687
"Conservancy","Conservancy_49","Okangundumba","SSP245_2050","Without_Intervention","Browser",7,7,176764,141982,-1.52954552920132,-1.52063076243957
"Conservancy","Conservancy_49","Okangundumba","SSP245_2050","Without_Intervention","Carnivore",4,0,,,,
"Conservancy","Conservancy_49","Okangundumba","SSP245_2050","Without_Intervention","Grazer",12,12,7587,4705,-5.18562656060922,-4.90003651883697
"Conservancy","Conservancy_49","Okangundumba","SSP245_2050","Without_Intervention","Mixed",6,6,18135,14067,-2.75236676155778,-2.85745953149829
"Conservancy","Conservancy_49","Okangundumba","SSP245_2050","Without_Intervention","Omnivore",3,3,126055,60994,-2.19257221945693,-2.19257221945693
"Conservancy","Conservancy_49","Okangundumba","SSP245_2090","With_Intervention","Browser",7,7,95691,74482,-47.2631318167541,-46.5259752229721
"Conservancy","Conservancy_49","Okangundumba","SSP245_2090","With_Intervention","Carnivore",4,0,,,,
"Conservancy","Conservancy_49","Okangundumba","SSP245_2090","With_Intervention","Grazer",12,12,19078,13302,174.483764889539,157.04386685736
"Conservancy","Conservancy_49","Okangundumba","SSP245_2090","With_Intervention","Mixed",6,6,24986,19203,27.0964525032024,34.5758757883391
"Conservancy","Conservancy_49","Okangundumba","SSP245_2090","With_Intervention","Omnivore",3,3,120086,58106,-6.82365025944262,-6.82365025944262
"Conservancy","Conservancy_49","Okangundumba","SSP245_2090","Without_Intervention","Browser",7,7,168632,135471,-6.05566101438212,-6.04959172593017
"Conservancy","Conservancy_49","Okangundumba","SSP245_2090","Without_Intervention","Carnivore",4,0,,,,
"Conservancy","Conservancy_49","Okangundumba","SSP245_2090","Without_Intervention","Grazer",12,12,7186,4460,-10.2970534120806,-9.96644898617282
"Conservancy","Conservancy_49","Okangundumba","SSP245_2090","Without_Intervention","Mixed",6,6,17250,13381,-7.47600680785318,-7.59824042495559
"Conservancy","Conservancy_49","Okangundumba","SSP245_2090","Without_Intervention","Omnivore",3,3,120086,58106,-6.82365025944262,-6.82365025944262
"Conservancy","Conservancy_49","Okangundumba","SSP585_2050","With_Intervention","Browser",7,7,96642,75211,-46.7413627204725,-45.9862285335103
"Conservancy","Conservancy_49","Okangundumba","SSP585_2050","With_Intervention","Carnivore",4,0,,,,
"Conservancy","Conservancy_49","Okangundumba","SSP585_2050","With_Intervention","Grazer",12,12,19310,13464,177.845445738522,160.182647133199
"Conservancy","Conservancy_49","Okangundumba","SSP585_2050","With_Intervention","Mixed",6,6,25277,19427,28.5709898249638,36.14478974988
"Conservancy","Conservancy_49","Okangundumba","SSP585_2050","With_Intervention","Omnivore",3,3,121425,58754,-5.78476848867955,-5.78476848867955
"Conservancy","Conservancy_49","Okangundumba","SSP585_2050","Without_Intervention","Browser",7,7,170056,136593,-5.26675110351818,-5.25817502066417
"Conservancy","Conservancy_49","Okangundumba","SSP585_2050","Without_Intervention","Carnivore",4,0,,,,
"Conservancy","Conservancy_49","Okangundumba","SSP585_2050","Without_Intervention","Grazer",12,12,7299,4526,-8.78407019899517,-8.50931805658614
"Conservancy","Conservancy_49","Okangundumba","SSP585_2050","Without_Intervention","Mixed",6,6,17447,13534,-6.4431603820548,-6.54426851108243
"Conservancy","Conservancy_49","Okangundumba","SSP585_2050","Without_Intervention","Omnivore",3,3,121271,58679,-5.90461575673576,-5.90461575673576
"Conservancy","Conservancy_49","Okangundumba","SSP585_2090","With_Intervention","Browser",7,7,90269,70262,-50.2513226301581,-49.5559338635166
"Conservancy","Conservancy_49","Okangundumba","SSP585_2090","With_Intervention","Carnivore",4,0,,,,
"Conservancy","Conservancy_49","Okangundumba","SSP585_2090","With_Intervention","Grazer",12,12,17997,12548,158.931205129906,142.479466648252
"Conservancy","Conservancy_49","Okangundumba","SSP585_2090","With_Intervention","Mixed",6,6,23570,18115,19.8949840011338,26.9506167453887
"Conservancy","Conservancy_49","Okangundumba","SSP585_2090","With_Intervention","Omnivore",3,3,113282,54814,-12.1031767117564,-12.1031767117564
"Conservancy","Conservancy_49","Okangundumba","SSP585_2090","Without_Intervention","Browser",7,7,159077,127795,-11.3787030105617,-11.3729776180556
"Conservancy","Conservancy_49","Okangundumba","SSP585_2090","Without_Intervention","Carnivore",4,0,,,,
"Conservancy","Conservancy_49","Okangundumba","SSP585_2090","Without_Intervention","Grazer",12,12,6779,4207,-15.3797710832502,-15.0678992522197
"Conservancy","Conservancy_49","Okangundumba","SSP585_2090","Without_Intervention","Mixed",6,6,16273,12623,-12.7185696565995,-12.8338773143072
"Conservancy","Conservancy_49","Okangundumba","SSP585_2090","Without_Intervention","Omnivore",3,3,113282,54814,-12.1031767117564,-12.1031767117564
"Conservancy","Conservancy_5","Omuramba ua Mbinda","Current","Current","Browser",7,7,521392,418843,0,0
"Conservancy","Conservancy_5","Omuramba ua Mbinda","Current","Current","Carnivore",4,0,,,,
"Conservancy","Conservancy_5","Omuramba ua Mbinda","Current","Current","Grazer",12,12,22337,13854,0,0
"Conservancy","Conservancy_5","Omuramba ua Mbinda","Current","Current","Mixed",6,6,53455,41463,0,0
"Conservancy","Conservancy_5","Omuramba ua Mbinda","Current","Current","Omnivore",3,3,371720,179865,0,0
"Conservancy","Conservancy_5","Omuramba ua Mbinda","SSP245_2050","With_Intervention","Browser",7,7,229771,175851,-56.6499900196484,-55.6263378303788
"Conservancy","Conservancy_5","Omuramba ua Mbinda","SSP245_2050","With_Intervention","Carnivore",4,0,,,,
"Conservancy","Conservancy_5","Omuramba ua Mbinda","SSP245_2050","With_Intervention","Grazer",12,12,64591,45284,237.388012572797,212.548116038556
"Conservancy","Conservancy_5","Omuramba ua Mbinda","SSP245_2050","With_Intervention","Mixed",6,6,79024,60646,39.0889031750382,48.7715141606956
"Conservancy","Conservancy_5","Omuramba ua Mbinda","SSP245_2050","With_Intervention","Omnivore",3,3,353386,170993,-4.93226893236694,-4.93226893236694
"Conservancy","Conservancy_5","Omuramba ua Mbinda","SSP245_2050","Without_Intervention","Browser",7,7,496244,398659,-4.82172083488181,-4.8232027211034
"Conservancy","Conservancy_5","Omuramba ua Mbinda","SSP245_2050","Without_Intervention","Carnivore",4,0,,,,
"Conservancy","Conservancy_5","Omuramba ua Mbinda","SSP245_2050","Without_Intervention","Grazer",12,12,21148,13124,-5.42083375782596,-5.37019807790382
"Conservancy","Conservancy_5","Omuramba ua Mbinda","SSP245_2050","Without_Intervention","Mixed",6,6,50764,39377,-5.0167221710851,-5.03668814402203
"Conservancy","Conservancy_5","Omuramba ua Mbinda","SSP245_2050","Without_Intervention","Omnivore",3,3,353386,170993,-4.93226893236694,-4.93226893236694
"Conservancy","Conservancy_5","Omuramba ua Mbinda","SSP245_2090","With_Intervention","Browser",7,7,222489,170279,-58.0237018890608,-57.0325675144843
"Conservancy","Conservancy_5","Omuramba ua Mbinda","SSP245_2090","With_Intervention","Carnivore",4,0,,,,
"Conservancy","Conservancy_5","Omuramba ua Mbinda","SSP245_2090","With_Intervention","Grazer",12,12,62540,43846,226.673752167645,202.622931390277
"Conservancy","Conservancy_5","Omuramba ua Mbinda","SSP245_2090","With_Intervention","Mixed",6,6,76516,58721,34.6739049071643,44.0489335411142
"Conservancy","Conservancy_5","Omuramba ua Mbinda","SSP245_2090","With_Intervention","Omnivore",3,3,342173,165567,-7.94887026987967,-7.94887026987967
"Conservancy","Conservancy_5","Omuramba ua Mbinda","SSP245_2090","Without_Intervention","Browser",7,7,480498,386009,-7.84182998240525,-7.84326484678349
"Conservancy","Conservancy_5","Omuramba ua Mbinda","SSP245_2090","Without_Intervention","Carnivore",4,0,,,,
"Conservancy","Conservancy_5","Omuramba ua Mbinda","SSP245_2090","Without_Intervention","Grazer",12,12,20477,12708,-8.42193240805048,-8.37290345270316
"Conservancy","Conservancy_5","Omuramba ua Mbinda","SSP245_2090","Without_Intervention","Mixed",6,6,49153,38128,-8.03064371651684,-8.04997614766214
"Conservancy","Conservancy_5","Omuramba ua Mbinda","SSP245_2090","Without_Intervention","Omnivore",3,3,342173,165567,-7.94887026987967,-7.94887026987967
"Conservancy","Conservancy_5","Omuramba ua Mbinda","SSP585_2050","With_Intervention","Browser",7,7,223274,170880,-57.8755964046567,-56.8809688050258
"Conservancy","Conservancy_5","Omuramba ua Mbinda","SSP585_2050","With_Intervention","Carnivore",4,0,,,,
"Conservancy","Conservancy_5","Omuramba ua Mbinda","SSP585_2050","With_Intervention","Grazer",12,12,62760,44000,227.825265787174,203.689678571367
"Conservancy","Conservancy_5","Omuramba ua Mbinda","SSP585_2050","With_Intervention","Mixed",6,6,76786,58928,35.1487204884602,44.5567911456175
"Conservancy","Conservancy_5","Omuramba ua Mbinda","SSP585_2050","With_Intervention","Omnivore",3,3,343379,166151,-7.62427746462181,-7.62427746462181
"Conservancy","Conservancy_5","Omuramba ua Mbinda","SSP585_2050","Without_Intervention","Browser",7,7,482192,387370,-7.51685972923023,-7.51829965326016
"Conservancy","Conservancy_5","Omuramba ua Mbinda","SSP585_2050","Without_Intervention","Carnivore",4,0,,,,
"Conservancy","Conservancy_5","Omuramba ua Mbinda","SSP585_2050","Without_Intervention","Grazer",12,12,20549,12753,-8.09900772535602,-8.04980588298166
"Conservancy","Conservancy_5","Omuramba ua Mbinda","SSP585_2050","Without_Intervention","Mixed",6,6,49326,38262,-7.70633926266233,-7.7257398642698
"Conservancy","Conservancy_5","Omuramba ua Mbinda","SSP585_2050","Without_Intervention","Omnivore",3,3,343379,166151,-7.62427746462181,-7.62427746462181
"Conservancy","Conservancy_5","Omuramba ua Mbinda","SSP585_2090","With_Intervention","Browser",7,7,208321,159438,-60.6965849702,-59.7687252487339
"Conservancy","Conservancy_5","Omuramba ua Mbinda","SSP585_2090","With_Intervention","Carnivore",4,0,,,,
"Conservancy","Conservancy_5","Omuramba ua Mbinda","SSP585_2090","With_Intervention","Grazer",12,12,58549,41048,205.825601972701,183.31020094072
"Conservancy","Conservancy_5","Omuramba ua Mbinda","SSP585_2090","With_Intervention","Mixed",6,6,71635,54975,26.0831474689571,34.859668276109
"Conservancy","Conservancy_5","Omuramba ua Mbinda","SSP585_2090","With_Intervention","Omnivore",3,3,320354,155010,-13.8185629261918,-13.8185629261918
"Conservancy","Conservancy_5","Omuramba ua Mbinda","SSP585_2090","Without_Intervention","Browser",7,7,449859,361395,-13.7183481235447,-13.7196914929796
"Conservancy","Conservancy_5","Omuramba ua Mbinda","SSP585_2090","Without_Intervention","Carnivore",4,0,,,,
"Conservancy","Conservancy_5","Omuramba ua Mbinda","SSP585_2090","Without_Intervention","Grazer",12,12,19171,11898,-14.261459987991,-14.2155573918746
"Conservancy","Conservancy_5","Omuramba ua Mbinda","SSP585_2090","Without_Intervention","Mixed",6,6,46019,35697,-13.8951220424821,-13.913221730157
"Conservancy","Conservancy_5","Omuramba ua Mbinda","SSP585_2090","Without_Intervention","Omnivore",3,3,320354,155010,-13.8185629261918,-13.8185629261918
"Conservancy","Conservancy_50","Sanitatas","Current","Current","Browser",7,7,53332,36305,0,0
"Conservancy","Conservancy_50","Sanitatas","Current","Current","Carnivore",4,0,,,,
"Conservancy","Conservancy_50","Sanitatas","Current","Current","Grazer",12,12,3876,2353,0,0
"Conservancy","Conservancy_50","Sanitatas","Current","Current","Mixed",6,6,6463,5294,0,0
"Conservancy","Conservancy_50","Sanitatas","Current","Current","Omnivore",3,3,39708,19214,0,0
"Conservancy","Conservancy_50","Sanitatas","SSP245_2050","With_Intervention","Browser",7,7,53044,36147,-0.585320047894002,-0.435567987337165
"Conservancy","Conservancy_50","Sanitatas","SSP245_2050","With_Intervention","Carnivore",4,0,,,,
"Conservancy","Conservancy_50","Sanitatas","SSP245_2050","With_Intervention","Grazer",12,12,18251,12665,477.50295647734,438.318441950384
"Conservancy","Conservancy_50","Sanitatas","SSP245_2050","With_Intervention","Mixed",6,6,21242,16474,206.926693923106,236.037979236845
"Conservancy","Conservancy_50","Sanitatas","SSP245_2050","With_Intervention","Omnivore",3,3,90764,43918,128.578494027674,128.578494027674
"Conservancy","Conservancy_50","Sanitatas","SSP245_2050","Without_Intervention","Browser",7,7,54850,37417,2.92549049061179,2.84272686394123
"Conservancy","Conservancy_50","Sanitatas","SSP245_2050","Without_Intervention","Carnivore",4,0,,,,
"Conservancy","Conservancy_50","Sanitatas","SSP245_2050","Without_Intervention","Grazer",12,12,3469,2051,-14.1747939772799,-12.804139236724
"Conservancy","Conservancy_50","Sanitatas","SSP245_2050","Without_Intervention","Mixed",6,6,6122,5043,-4.53001723177688,-5.5143093164829
"Conservancy","Conservancy_50","Sanitatas","SSP245_2050","Without_Intervention","Omnivore",3,3,39042,18891,-1.67641806730509,-1.67641806730509
"Conservancy","Conservancy_50","Sanitatas","SSP245_2090","With_Intervention","Browser",7,7,50675,34606,-4.95337976877252,-4.68117248797546
"Conservancy","Conservancy_50","Sanitatas","SSP245_2090","With_Intervention","Carnivore",4,0,,,,
"Conservancy","Conservancy_50","Sanitatas","SSP245_2090","With_Intervention","Grazer",12,12,17204,11936,444.165108343089,407.326590304095
"Conservancy","Conservancy_50","Sanitatas","SSP245_2090","With_Intervention","Mixed",6,6,20062,15559,189.953917638627,217.353542439522
"Conservancy","Conservancy_50","Sanitatas","SSP245_2090","With_Intervention","Omnivore",3,3,85928,41578,116.400311073667,116.400311073667
"Conservancy","Conservancy_50","Sanitatas","SSP245_2090","Without_Intervention","Browser",7,7,52551,35946,-1.29603184556538,-1.44652927296064
"Conservancy","Conservancy_50","Sanitatas","SSP245_2090","Without_Intervention","Carnivore",4,0,,,,
"Conservancy","Conservancy_50","Sanitatas","SSP245_2090","Without_Intervention","Grazer",12,12,3200,1881,-21.6574670486532,-20.0563437726367
"Conservancy","Conservancy_50","Sanitatas","SSP245_2090","Without_Intervention","Mixed",6,6,5747,4738,-10.2065966545335,-11.3215897105921
"Conservancy","Conservancy_50","Sanitatas","SSP245_2090","Without_Intervention","Omnivore",3,3,37025,17915,-6.7575139268254,-6.7575139268254
"Conservancy","Conservancy_50","Sanitatas","SSP585_2050","With_Intervention","Browser",7,7,51692,35218,-3.1262910940979,-2.99359793291847
"Conservancy","Conservancy_50","Sanitatas","SSP585_2050","With_Intervention","Carnivore",4,0,,,,
"Conservancy","Conservancy_50","Sanitatas","SSP585_2050","With_Intervention","Grazer",12,12,17796,12349,463.110564183998,424.900283016109
"Conservancy","Conservancy_50","Sanitatas","SSP585_2050","With_Intervention","Mixed",6,6,20711,16062,199.244764358937,227.629093434168
"Conservancy","Conservancy_50","Sanitatas","SSP585_2050","With_Intervention","Omnivore",3,3,88483,42814,122.833975621224,122.833975621224
"Conservancy","Conservancy_50","Sanitatas","SSP585_2050","Without_Intervention","Browser",7,7,53396,36409,0.180330385957048,0.176079334582173
"Conservancy","Conservancy_50","Sanitatas","SSP585_2050","Without_Intervention","Carnivore",4,0,,,,
"Conservancy","Conservancy_50","Sanitatas","SSP585_2050","Without_Intervention","Grazer",12,12,3378,1998,-16.4331683232049,-15.0951996116788
"Conservancy","Conservancy_50","Sanitatas","SSP585_2050","Without_Intervention","Mixed",6,6,5959,4910,-7.05613995642381,-8.02408519440267
"Conservancy","Conservancy_50","Sanitatas","SSP585_2050","Without_Intervention","Omnivore",3,3,38003,18388,-4.2942722752703,-4.2942722752703
"Conservancy","Conservancy_50","Sanitatas","SSP585_2090","With_Intervention","Browser",7,7,48583,33187,-8.86779629031367,-8.5890782514409
"Conservancy","Conservancy_50","Sanitatas","SSP585_2090","With_Intervention","Carnivore",4,0,,,,
"Conservancy","Conservancy_50","Sanitatas","SSP585_2090","With_Intervention","Grazer",12,12,16480,11434,421.276106108414,385.990072640448
"Conservancy","Conservancy_50","Sanitatas","SSP585_2090","With_Intervention","Mixed",6,6,19221,14907,177.800780368609,204.049979094581
"Conservancy","Conservancy_50","Sanitatas","SSP585_2090","With_Intervention","Omnivore",3,3,82339,39841,107.361150741699,107.361150741699
"Conservancy","Conservancy_50","Sanitatas","SSP585_2090","Without_Intervention","Browser",7,7,50456,34535,-5.21012222496872,-5.36013569306753
"Conservancy","Conservancy_50","Sanitatas","SSP585_2090","Without_Intervention","Carnivore",4,0,,,,
"Conservancy","Conservancy_50","Sanitatas","SSP585_2090","Without_Intervention","Grazer",12,12,3070,1805,-24.8081097526573,-23.2752949823481
"Conservancy","Conservancy_50","Sanitatas","SSP585_2090","Without_Intervention","Mixed",6,6,5518,4548,-13.7954804302216,-14.8534126699918
"Conservancy","Conservancy_50","Sanitatas","SSP585_2090","Without_Intervention","Omnivore",3,3,35554,17203,-10.461999035909,-10.461999035909
"Conservancy","Conservancy_51","Epupa","Current","Current","Browser",7,7,442793,354811,0,0
"Conservancy","Conservancy_51","Epupa","Current","Current","Carnivore",4,0,,,,
"Conservancy","Conservancy_51","Epupa","Current","Current","Grazer",12,12,19072,11844,0,0
"Conservancy","Conservancy_51","Epupa","Current","Current","Mixed",6,6,45404,35263,0,0
"Conservancy","Conservancy_51","Epupa","Current","Current","Omnivore",3,3,315470,152647,0,0
"Conservancy","Conservancy_51","Epupa","SSP245_2050","With_Intervention","Browser",7,7,257999,200388,-42.3547687873086,-41.5501263342814
"Conservancy","Conservancy_51","Epupa","SSP245_2050","With_Intervention","Carnivore",4,0,,,,
"Conservancy","Conservancy_51","Epupa","SSP245_2050","With_Intervention","Grazer",12,12,51415,35830,212.275809974064,190.44152562485
"Conservancy","Conservancy_51","Epupa","SSP245_2050","With_Intervention","Mixed",6,6,67301,51745,40.5986549711418,49.0891950265797
"Conservancy","Conservancy_51","Epupa","SSP245_2050","With_Intervention","Omnivore",3,3,323433,156500,2.52407988515156,2.52407988515156
"Conservancy","Conservancy_51","Epupa","SSP245_2050","Without_Intervention","Browser",7,7,445424,357070,0.602736096419781,0.618330687007416
"Conservancy","Conservancy_51","Epupa","SSP245_2050","Without_Intervention","Carnivore",4,0,,,,
"Conservancy","Conservancy_51","Epupa","SSP245_2050","Without_Intervention","Grazer",12,12,19058,11839,-0.111629672176956,-0.0570982229799536
"Conservancy","Conservancy_51","Epupa","SSP245_2050","Without_Intervention","Mixed",6,6,45568,35382,0.368446039205364,0.369519402160737
"Conservancy","Conservancy_51","Epupa","SSP245_2050","Without_Intervention","Omnivore",3,3,317002,153388,0.48542032824227,0.48542032824227
"Conservancy","Conservancy_51","Epupa","SSP245_2090","With_Intervention","Browser",7,7,246943,191833,-44.8223548883933,-44.0693908791997
"Conservancy","Conservancy_51","Epupa","SSP245_2090","With_Intervention","Carnivore",4,0,,,,
"Conservancy","Conservancy_51","Epupa","SSP245_2090","With_Intervention","Grazer",12,12,49113,34224,198.275697078384,177.429517070966
"Conservancy","Conservancy_51","Epupa","SSP245_2090","With_Intervention","Mixed",6,6,64319,49451,34.3736257791985,42.4822031792705
"Conservancy","Conservancy_51","Epupa","SSP245_2090","With_Intervention","Omnivore",3,3,309240,149632,-1.97507249562494,-1.97507249562494
"Conservancy","Conservancy_51","Epupa","SSP245_2090","Without_Intervention","Browser",7,7,426589,342014,-3.64840203865743,-3.63190834679479
"Conservancy","Conservancy_51","Epupa","SSP245_2090","Without_Intervention","Carnivore",4,0,,,,
"Conservancy","Conservancy_51","Epupa","SSP245_2090","Without_Intervention","Grazer",12,12,18248,11334,-4.34570417688439,-4.29429415437409
"Conservancy","Conservancy_51","Epupa","SSP245_2090","Without_Intervention","Mixed",6,6,43641,33883,-3.87845989489637,-3.8724258664687
"Conservancy","Conservancy_51","Epupa","SSP245_2090","Without_Intervention","Omnivore",3,3,303607,146907,-3.76043390357669,-3.76043390357669
"Conservancy","Conservancy_51","Epupa","SSP585_2050","With_Intervention","Browser",7,7,250421,194503,-44.047843179151,-43.2672467252948
"Conservancy","Conservancy_51","Epupa","SSP585_2050","With_Intervention","Carnivore",4,0,,,,
"Conservancy","Conservancy_51","Epupa","SSP585_2050","With_Intervention","Grazer",12,12,49905,34777,203.102292680447,181.909421353551
"Conservancy","Conservancy_51","Epupa","SSP585_2050","With_Intervention","Mixed",6,6,65324,50225,36.4685833611075,44.7097597459673
"Conservancy","Conservancy_51","Epupa","SSP585_2050","With_Intervention","Omnivore",3,3,313933,151903,-0.487392157768255,-0.487392157768254
"Conservancy","Conservancy_51","Epupa","SSP585_2050","Without_Intervention","Browser",7,7,432352,346592,-2.34948291803483,-2.33433348260253
"Conservancy","Conservancy_51","Epupa","SSP585_2050","Without_Intervention","Carnivore",4,0,,,,
"Conservancy","Conservancy_51","Epupa","SSP585_2050","Without_Intervention","Grazer",12,12,18499,11491,-3.04320327923341,-2.99029148413306
"Conservancy","Conservancy_51","Epupa","SSP585_2050","Without_Intervention","Mixed",6,6,44231,34344,-2.57704115554481,-2.57589110947447
"Conservancy","Conservancy_51","Epupa","SSP585_2050","Without_Intervention","Omnivore",3,3,307699,148887,-2.46334754201789,-2.46334754201789
"Conservancy","Conservancy_51","Epupa","SSP585_2090","With_Intervention","Browser",7,7,238609,185357,-46.6847258873768,-45.9564827135494
"Conservancy","Conservancy_51","Epupa","SSP585_2090","With_Intervention","Carnivore",4,0,,,,
"Conservancy","Conservancy_51","Epupa","SSP585_2090","With_Intervention","Grazer",12,12,47457,33071,188.221400882279,168.077739527323
"Conservancy","Conservancy_51","Epupa","SSP585_2090","With_Intervention","Mixed",6,6,62150,47784,29.842544335252,37.6777694999623
"Conservancy","Conservancy_51","Epupa","SSP585_2090","With_Intervention","Omnivore",3,3,298809,144585,-5.28137267971695,-5.28137267971695
"Conservancy","Conservancy_51","Epupa","SSP585_2090","Without_Intervention","Browser",7,7,412182,330462,-6.90249788170482,-6.88657469988894
"Conservancy","Conservancy_51","Epupa","SSP585_2090","Without_Intervention","Carnivore",4,0,,,,
"Conservancy","Conservancy_51","Epupa","SSP585_2090","Without_Intervention","Grazer",12,12,17632,10952,-7.57575072179378,-7.52604658465227
"Conservancy","Conservancy_51","Epupa","SSP585_2090","Without_Intervention","Mixed",6,6,42167,32739,-7.12455910773858,-7.11889559170101
"Conservancy","Conservancy_51","Epupa","SSP585_2090","Without_Intervention","Omnivore",3,3,293354,141945,-7.01075952730706,-7.01075952730707
"Conservancy","Conservancy_52","Ongongo","Current","Current","Browser",7,7,58740,46392,0,0
"Conservancy","Conservancy_52","Ongongo","Current","Current","Carnivore",4,0,,,,
"Conservancy","Conservancy_52","Ongongo","Current","Current","Grazer",12,12,2722,1691,0,0
"Conservancy","Conservancy_52","Ongongo","Current","Current","Mixed",6,6,6154,4808,0,0
"Conservancy","Conservancy_52","Ongongo","Current","Current","Omnivore",3,3,42120,20381,0,0
"Conservancy","Conservancy_52","Ongongo","SSP245_2050","With_Intervention","Browser",7,7,35595,27132,-40.1384169397357,-39.1693799693641
"Conservancy","Conservancy_52","Ongongo","SSP245_2050","With_Intervention","Carnivore",4,0,,,,
"Conservancy","Conservancy_52","Ongongo","SSP245_2050","With_Intervention","Grazer",12,12,7831,5451,235.024354666593,212.234024852164
"Conservancy","Conservancy_52","Ongongo","SSP245_2050","With_Intervention","Mixed",6,6,9994,7699,53.6482887834608,63.5823936614653
"Conservancy","Conservancy_52","Ongongo","SSP245_2050","With_Intervention","Omnivore",3,3,46936,22711,11.4334788996831,11.4334788996831
"Conservancy","Conservancy_52","Ongongo","SSP245_2050","Without_Intervention","Browser",7,7,57509,45427,-2.0909728080183,-2.09277070696862
"Conservancy","Conservancy_52","Ongongo","SSP245_2050","Without_Intervention","Carnivore",4,0,,,,
"Conservancy","Conservancy_52","Ongongo","SSP245_2050","Without_Intervention","Grazer",12,12,2545,1589,-7.3970491408297,-6.95465425796569
"Conservancy","Conservancy_52","Ongongo","SSP245_2050","Without_Intervention","Mixed",6,6,5904,4615,-3.89195467033357,-4.08219163472047
"Conservancy","Conservancy_52","Ongongo","SSP245_2050","Without_Intervention","Omnivore",3,3,40818,19751,-3.09056257398161,-3.09056257398161
"Conservancy","Conservancy_52","Ongongo","SSP245_2090","With_Intervention","Browser",7,7,34098,26002,-42.6478525071748,-41.7363484210752
"Conservancy","Conservancy_52","Ongongo","SSP245_2090","With_Intervention","Carnivore",4,0,,,,
"Conservancy","Conservancy_52","Ongongo","SSP245_2090","With_Intervention","Grazer",12,12,7441,5179,218.234127453834,196.626134915335
"Conservancy","Conservancy_52","Ongongo","SSP245_2090","With_Intervention","Mixed",6,6,9512,7328,46.2709824439324,55.6907106095464
"Conservancy","Conservancy_52","Ongongo","SSP245_2090","With_Intervention","Omnivore",3,3,44752,21654,6.24809837667627,6.24809837667627
"Conservancy","Conservancy_52","Ongongo","SSP245_2090","Without_Intervention","Browser",7,7,54977,43432,-6.39864693201919,-6.40311489497217
"Conservancy","Conservancy_52","Ongongo","SSP245_2090","Without_Intervention","Carnivore",4,0,,,,
"Conservancy","Conservancy_52","Ongongo","SSP245_2090","Without_Intervention","Grazer",12,12,2416,1510,-12.2312073876832,-11.7464516856461
"Conservancy","Conservancy_52","Ongongo","SSP245_2090","Without_Intervention","Mixed",6,6,5627,4398,-8.38041073478715,-8.58696295537584
"Conservancy","Conservancy_52","Ongongo","SSP245_2090","Without_Intervention","Omnivore",3,3,38963,18853,-7.49522206745888,-7.49522206745888
"Conservancy","Conservancy_52","Ongongo","SSP585_2050","With_Intervention","Browser",7,7,34423,26238,-42.1100842852246,-41.1719759901777
"Conservancy","Conservancy_52","Ongongo","SSP585_2050","With_Intervention","Carnivore",4,0,,,,
"Conservancy","Conservancy_52","Ongongo","SSP585_2050","With_Intervention","Grazer",12,12,7574,5272,224.010044000348,201.968731787271
"Conservancy","Conservancy_52","Ongongo","SSP585_2050","With_Intervention","Mixed",6,6,9665,7445,48.5945749329631,58.2020652401294
"Conservancy","Conservancy_52","Ongongo","SSP585_2050","With_Intervention","Omnivore",3,3,45391,21964,7.76692930542536,7.76692930542536
"Conservancy","Conservancy_52","Ongongo","SSP585_2050","Without_Intervention","Browser",7,7,55613,43928,-5.32015753223594,-5.3219037218563
"Conservancy","Conservancy_52","Ongongo","SSP585_2050","Without_Intervention","Carnivore",4,0,,,,
"Conservancy","Conservancy_52","Ongongo","SSP585_2050","Without_Intervention","Grazer",12,12,2461,1537,-10.4492327062512,-10.0214684803945
"Conservancy","Conservancy_52","Ongongo","SSP585_2050","Without_Intervention","Mixed",6,6,5709,4462,-7.06094523877995,-7.24514389236669
"Conservancy","Conservancy_52","Ongongo","SSP585_2050","Without_Intervention","Omnivore",3,3,39472,19099,-6.28656992457249,-6.28656992457249
"Conservancy","Conservancy_52","Ongongo","SSP585_2090","With_Intervention","Browser",7,7,32471,24760,-45.3849536304745,-44.512968107349
"Conservancy","Conservancy_52","Ongongo","SSP585_2090","With_Intervention","Carnivore",4,0,,,,
"Conservancy","Conservancy_52","Ongongo","SSP585_2090","With_Intervention","Grazer",12,12,7088,4933,203.127413019166,182.544203117664
"Conservancy","Conservancy_52","Ongongo","SSP585_2090","With_Intervention","Mixed",6,6,9060,6980,39.3180548124319,48.2905401081184
"Conservancy","Conservancy_52","Ongongo","SSP585_2090","With_Intervention","Omnivore",3,3,42622,20624,1.19228935369174,1.19228935369175
"Conservancy","Conservancy_52","Ongongo","SSP585_2090","Without_Intervention","Browser",7,7,52348,41354,-10.8756381604154,-10.8799347171211
"Conservancy","Conservancy_52","Ongongo","SSP585_2090","Without_Intervention","Carnivore",4,0,,,,
"Conservancy","Conservancy_52","Ongongo","SSP585_2090","Without_Intervention","Grazer",12,12,2300,1438,-16.4263585966633,-15.9645857079268
"Conservancy","Conservancy_52","Ongongo","SSP585_2090","Without_Intervention","Mixed",6,6,5358,4188,-12.7612376039076,-12.9588866870046
"Conservancy","Conservancy_52","Ongongo","SSP585_2090","Without_Intervention","Omnivore",3,3,37099,17951,-11.9198054606688,-11.9198054606688
"Conservancy","Conservancy_53","Otjiu-West","Current","Current","Browser",7,7,131408,103911,0,0
"Conservancy","Conservancy_53","Otjiu-West","Current","Current","Carnivore",4,0,,,,
"Conservancy","Conservancy_53","Otjiu-West","Current","Current","Grazer",12,12,6396,3951,0,0
"Conservancy","Conservancy_53","Otjiu-West","Current","Current","Mixed",6,6,14095,10998,0,0
"Conservancy","Conservancy_53","Otjiu-West","Current","Current","Omnivore",3,3,95397,46160,0,0
"Conservancy","Conservancy_53","Otjiu-West","SSP245_2050","With_Intervention","Browser",7,7,79408,60658,-40.2931113176923,-39.5207900726895
"Conservancy","Conservancy_53","Otjiu-West","SSP245_2050","With_Intervention","Carnivore",4,0,,,,
"Conservancy","Conservancy_53","Otjiu-West","SSP245_2050","With_Intervention","Grazer",12,12,17948,12508,221.83677672322,202.774285155605
"Conservancy","Conservancy_53","Otjiu-West","SSP245_2050","With_Intervention","Mixed",6,6,22799,17550,53.1578296268277,62.8813102652008
"Conservancy","Conservancy_53","Otjiu-West","SSP245_2050","With_Intervention","Omnivore",3,3,106486,51525,11.6235692294545,11.6235692294545
"Conservancy","Conservancy_53","Otjiu-West","SSP245_2050","Without_Intervention","Browser",7,7,133172,105558,1.41168370812387,1.3912069036886
"Conservancy","Conservancy_53","Otjiu-West","SSP245_2050","Without_Intervention","Carnivore",4,0,,,,
"Conservancy","Conservancy_53","Otjiu-West","SSP245_2050","Without_Intervention","Grazer",12,12,5926,3691,-8.73090877078699,-8.01180812180396
"Conservancy","Conservancy_53","Otjiu-West","SSP245_2050","Without_Intervention","Mixed",6,6,13741,10722,-2.22037548454663,-2.52673223896018
"Conservancy","Conservancy_53","Otjiu-West","SSP245_2050","Without_Intervention","Omnivore",3,3,94860,45900,-0.563417230420228,-0.563417230420228
"Conservancy","Conservancy_53","Otjiu-West","SSP245_2090","With_Intervention","Browser",7,7,76011,58101,-42.8362924526172,-42.1540287992919
"Conservancy","Conservancy_53","Otjiu-West","SSP245_2090","With_Intervention","Carnivore",4,0,,,,
"Conservancy","Conservancy_53","Otjiu-West","SSP245_2090","With_Intervention","Grazer",12,12,17092,11911,206.456226326537,188.324700556152
"Conservancy","Conservancy_53","Otjiu-West","SSP245_2090","With_Intervention","Mixed",6,6,21736,16732,46.0352316699641,55.290975881898
"Conservancy","Conservancy_53","Otjiu-West","SSP245_2090","With_Intervention","Omnivore",3,3,101639,49180,6.54256764111254,6.54256764111254
"Conservancy","Conservancy_53","Otjiu-West","SSP245_2090","Without_Intervention","Browser",7,7,127594,101180,-2.82443652307882,-2.84680797722909
"Conservancy","Conservancy_53","Otjiu-West","SSP245_2090","Without_Intervention","Carnivore",4,0,,,,
"Conservancy","Conservancy_53","Otjiu-West","SSP245_2090","Without_Intervention","Grazer",12,12,5630,3509,-13.3924021616744,-12.6455319366089
"Conservancy","Conservancy_53","Otjiu-West","SSP245_2090","Without_Intervention","Mixed",6,6,13121,10237,-6.6117655129105,-6.92399452509624
"Conservancy","Conservancy_53","Otjiu-West","SSP245_2090","Without_Intervention","Omnivore",3,3,90744,43908,-4.87802678328378,-4.87802678328378
"Conservancy","Conservancy_53","Otjiu-West","SSP585_2050","With_Intervention","Browser",7,7,76790,58657,-42.2620759408649,-41.513512481242
"Conservancy","Conservancy_53","Otjiu-West","SSP585_2050","With_Intervention","Carnivore",4,0,,,,
"Conservancy","Conservancy_53","Otjiu-West","SSP585_2050","With_Intervention","Grazer",12,12,17357,12096,211.241640788732,192.806540101939
"Conservancy","Conservancy_53","Otjiu-West","SSP585_2050","With_Intervention","Mixed",6,6,22048,16972,48.1136709719103,57.5169029908193
"Conservancy","Conservancy_53","Otjiu-West","SSP585_2050","With_Intervention","Omnivore",3,3,102978,49828,7.94598037664536,7.94598037664536
"Conservancy","Conservancy_53","Otjiu-West","SSP585_2050","Without_Intervention","Browser",7,7,128772,102069,-1.93966988097324,-1.95949589944079
"Conservancy","Conservancy_53","Otjiu-West","SSP585_2050","Without_Intervention","Carnivore",4,0,,,,
"Conservancy","Conservancy_53","Otjiu-West","SSP585_2050","Without_Intervention","Grazer",12,12,5730,3569,-11.7470807976127,-11.0515978907325
"Conservancy","Conservancy_53","Otjiu-West","SSP585_2050","Without_Intervention","Mixed",6,6,13287,10368,-5.45154065644307,-5.74824935021383
"Conservancy","Conservancy_53","Otjiu-West","SSP585_2050","Without_Intervention","Omnivore",3,3,91725,44383,-3.84976621353956,-3.84976621353956
"Conservancy","Conservancy_53","Otjiu-West","SSP585_2090","With_Intervention","Browser",7,7,72329,55284,-45.6061687673491,-44.9535404967105
"Conservancy","Conservancy_53","Otjiu-West","SSP585_2090","With_Intervention","Carnivore",4,0,,,,
"Conservancy","Conservancy_53","Otjiu-West","SSP585_2090","With_Intervention","Grazer",12,12,16266,11336,191.648886437556,174.393032915362
"Conservancy","Conservancy_53","Otjiu-West","SSP585_2090","With_Intervention","Mixed",6,6,20685,15923,38.9742396580747,47.782520888335
"Conservancy","Conservancy_53","Otjiu-West","SSP585_2090","With_Intervention","Omnivore",3,3,96722,46801,1.38805977445155,1.38805977445155
"Conservancy","Conservancy_53","Otjiu-West","SSP585_2090","Without_Intervention","Browser",7,7,121393,96260,-7.547905567593,-7.5692263675255
"Conservancy","Conservancy_53","Otjiu-West","SSP585_2090","Without_Intervention","Carnivore",4,0,,,,
"Conservancy","Conservancy_53","Otjiu-West","SSP585_2090","Without_Intervention","Grazer",12,12,5357,3339,-17.5982843697662,-16.8877044026861
"Conservancy","Conservancy_53","Otjiu-West","SSP585_2090","Without_Intervention","Mixed",6,6,12483,9740,-11.1494250889262,-11.4472995593232
"Conservancy","Conservancy_53","Otjiu-West","SSP585_2090","Without_Intervention","Omnivore",3,3,86333,41774,-9.50144370225248,-9.50144370225248
"Conservancy","Conservancy_54","Marienfluss","Current","Current","Browser",7,7,39116,15140,0,0
"Conservancy","Conservancy_54","Marienfluss","Current","Current","Carnivore",4,0,,,,
"Conservancy","Conservancy_54","Marienfluss","Current","Current","Grazer",12,12,3298,1438,0,0
"Conservancy","Conservancy_54","Marienfluss","Current","Current","Mixed",6,6,4078,3908,0,0
"Conservancy","Conservancy_54","Marienfluss","Current","Current","Omnivore",3,3,23749,11491,0,0
"Conservancy","Conservancy_54","Marienfluss","SSP245_2050","With_Intervention","Browser",7,7,77036,47114,147.374081978384,123.369457734437
"Conservancy","Conservancy_54","Marienfluss","SSP245_2050","With_Intervention","Carnivore",4,0,,,,
"Conservancy","Conservancy_54","Marienfluss","SSP245_2050","With_Intervention","Grazer",12,12,34103,23618,3289.02673463144,1399.35364070924
"Conservancy","Conservancy_54","Marienfluss","SSP245_2050","With_Intervention","Mixed",6,6,38137,29686,759.837885769844,921.48757900749
"Conservancy","Conservancy_54","Marienfluss","SSP245_2050","With_Intervention","Omnivore",3,3,155585,75283,555.132325945106,555.132325945106
"Conservancy","Conservancy_54","Marienfluss","SSP245_2050","Without_Intervention","Browser",7,7,36618,12698,-10.5727903917968,-7.95542960928796
"Conservancy","Conservancy_54","Marienfluss","SSP245_2050","Without_Intervention","Carnivore",4,0,,,,
"Conservancy","Conservancy_54","Marienfluss","SSP245_2050","Without_Intervention","Grazer",12,12,3219,1377,-9.61825603765659,-4.22365773078928
"Conservancy","Conservancy_54","Marienfluss","SSP245_2050","Without_Intervention","Mixed",6,6,3809,3719,-6.36884866166875,-7.41438589133488
"Conservancy","Conservancy_54","Marienfluss","SSP245_2050","Without_Intervention","Omnivore",3,3,21806,10551,-8.18115761548985,-8.18115761548985
"Conservancy","Conservancy_54","Marienfluss","SSP245_2090","With_Intervention","Browser",7,7,72581,44315,132.859293767048,110.397380776156
"Conservancy","Conservancy_54","Marienfluss","SSP245_2090","With_Intervention","Carnivore",4,0,,,,
"Conservancy","Conservancy_54","Marienfluss","SSP245_2090","With_Intervention","Grazer",12,12,32239,22327,3103.7790489338,1317.34951403596
"Conservancy","Conservancy_54","Marienfluss","SSP245_2090","With_Intervention","Mixed",6,6,36035,28050,712.407495427384,865.171190902496
"Conservancy","Conservancy_54","Marienfluss","SSP245_2090","With_Intervention","Omnivore",3,3,146925,71093,518.667087678288,518.667087678288
"Conservancy","Conservancy_54","Marienfluss","SSP245_2090","Without_Intervention","Browser",7,7,34096,11547,-17.5178346093711,-14.5939107514708
"Conservancy","Conservancy_54","Marienfluss","SSP245_2090","Without_Intervention","Carnivore",4,0,,,,
"Conservancy","Conservancy_54","Marienfluss","SSP245_2090","Without_Intervention","Grazer",12,12,3025,1290,-16.1851568999975,-10.2994896800884
"Conservancy","Conservancy_54","Marienfluss","SSP245_2090","Without_Intervention","Mixed",6,6,3548,3476,-12.7586595623945,-13.917271409621
"Conservancy","Conservancy_54","Marienfluss","SSP245_2090","Without_Intervention","Omnivore",3,3,20233,9790,-14.8033586978487,-14.8033586978487
"Conservancy","Conservancy_54","Marienfluss","SSP585_2050","With_Intervention","Browser",7,7,75716,46303,143.122175922558,119.537649345583
"Conservancy","Conservancy_54","Marienfluss","SSP585_2050","With_Intervention","Carnivore",4,0,,,,
"Conservancy","Conservancy_54","Marienfluss","SSP585_2050","With_Intervention","Grazer",12,12,33525,23218,3231.60692811508,1373.94576199919
"Conservancy","Conservancy_54","Marienfluss","SSP585_2050","With_Intervention","Mixed",6,6,37490,29182,745.24236855745,904.150491327098
"Conservancy","Conservancy_54","Marienfluss","SSP585_2050","With_Intervention","Omnivore",3,3,152939,74003,543.991871268068,543.991871268068
"Conservancy","Conservancy_54","Marienfluss","SSP585_2050","Without_Intervention","Browser",7,7,35959,12449,-12.238820443175,-9.63380891561857
"Conservancy","Conservancy_54","Marienfluss","SSP585_2050","Without_Intervention","Carnivore",4,0,,,,
"Conservancy","Conservancy_54","Marienfluss","SSP585_2050","Without_Intervention","Grazer",12,12,3163,1353,-11.2697676093143,-5.91067689367464
"Conservancy","Conservancy_54","Marienfluss","SSP585_2050","Without_Intervention","Mixed",6,6,3741,3653,-8.05022581012093,-9.09015964107337
"Conservancy","Conservancy_54","Marienfluss","SSP585_2050","Without_Intervention","Omnivore",3,3,21408,10359,-9.85542090266953,-9.85542090266953
"Conservancy","Conservancy_54","Marienfluss","SSP585_2090","With_Intervention","Browser",7,7,70512,43047,126.20768308765,104.395288133412
"Conservancy","Conservancy_54","Marienfluss","SSP585_2090","With_Intervention","Carnivore",4,0,,,,
"Conservancy","Conservancy_54","Marienfluss","SSP585_2090","With_Intervention","Grazer",12,12,31325,21694,3012.95549684002,1277.16926759013
"Conservancy","Conservancy_54","Marienfluss","SSP585_2090","With_Intervention","Mixed",6,6,35013,27255,689.356476007773,837.786503867292
"Conservancy","Conservancy_54","Marienfluss","SSP585_2090","With_Intervention","Omnivore",3,3,142752,69073,501.096316999946,501.096316999946
"Conservancy","Conservancy_54","Marienfluss","SSP585_2090","Without_Intervention","Browser",7,7,33096,11190,-19.9870758694193,-17.1166478482317
"Conservancy","Conservancy_54","Marienfluss","SSP585_2090","Without_Intervention","Carnivore",4,0,,,,
"Conservancy","Conservancy_54","Marienfluss","SSP585_2090","Without_Intervention","Grazer",12,12,2938,1252,-18.6640999488646,-12.8938763067849
"Conservancy","Conservancy_54","Marienfluss","SSP585_2090","Without_Intervention","Mixed",6,6,3444,3375,-15.3115105521358,-16.4484072001587
"Conservancy","Conservancy_54","Marienfluss","SSP585_2090","Without_Intervention","Omnivore",3,3,19635,9501,-17.3199090916612,-17.3199090916612
"Conservancy","Conservancy_55","Puros","Current","Current","Browser",7,7,38197,11239,0,0
"Conservancy","Conservancy_55","Puros","Current","Current","Carnivore",4,0,,,,
"Conservancy","Conservancy_55","Puros","Current","Current","Grazer",12,12,3583,1507,0,0
"Conservancy","Conservancy_55","Puros","Current","Current","Mixed",6,6,4005,3996,0,0
"Conservancy","Conservancy_55","Puros","Current","Current","Omnivore",3,3,22320,10800,0,0
"Conservancy","Conservancy_55","Puros","SSP245_2050","With_Intervention","Browser",7,7,87258,52514,234.863631069133,169.104068302323
"Conservancy","Conservancy_55","Puros","SSP245_2050","With_Intervention","Carnivore",4,0,,,,
"Conservancy","Conservancy_55","Puros","SSP245_2050","With_Intervention","Grazer",12,12,39958,27671,5896.94239945845,1576.3637989313
"Conservancy","Conservancy_55","Puros","SSP245_2050","With_Intervention","Mixed",6,6,44482,34635,927.543005990827,1137.20087781057
"Conservancy","Conservancy_55","Puros","SSP245_2050","With_Intervention","Omnivore",3,3,180445,87312,708.428613041132,708.428613041132
"Conservancy","Conservancy_55","Puros","SSP245_2050","Without_Intervention","Browser",7,7,36078,8978,-11.9076267668169,-7.37982372527003
"Conservancy","Conservancy_55","Puros","SSP245_2050","Without_Intervention","Carnivore",4,0,,,,
"Conservancy","Conservancy_55","Puros","SSP245_2050","Without_Intervention","Grazer",12,12,3522,1453,-14.8590936935215,-3.58634731503848
"Conservancy","Conservancy_55","Puros","SSP245_2050","Without_Intervention","Mixed",6,6,3766,3836,-5.78467950528766,-6.92973823027573
"Conservancy","Conservancy_55","Puros","SSP245_2050","Without_Intervention","Omnivore",3,3,20581,9959,-7.79099123420712,-7.79099123420712
"Conservancy","Conservancy_55","Puros","SSP245_2090","With_Intervention","Browser",7,7,82909,49899,218.181420488608,155.695207949208
"Conservancy","Conservancy_55","Puros","SSP245_2090","With_Intervention","Carnivore",4,0,,,,
"Conservancy","Conservancy_55","Puros","SSP245_2090","With_Intervention","Grazer",12,12,37969,26293,5598.49374118201,1492.92535051295
"Conservancy","Conservancy_55","Puros","SSP245_2090","With_Intervention","Mixed",6,6,42268,32911,876.391793304426,1075.61607698472
"Conservancy","Conservancy_55","Puros","SSP245_2090","With_Intervention","Omnivore",3,3,171461,82965,668.180930944444,668.180930944444
"Conservancy","Conservancy_55","Puros","SSP245_2090","Without_Intervention","Browser",7,7,33948,8253,-17.8651578661588,-13.0716942080419
"Conservancy","Conservancy_55","Puros","SSP245_2090","Without_Intervention","Carnivore",4,0,,,,
"Conservancy","Conservancy_55","Puros","SSP245_2090","Without_Intervention","Grazer",12,12,3333,1372,-20.5782023055643,-8.92835665038837
"Conservancy","Conservancy_55","Puros","SSP245_2090","Without_Intervention","Mixed",6,6,3545,3619,-11.3145552026337,-12.5160865412622
"Conservancy","Conservancy_55","Puros","SSP245_2090","Without_Intervention","Omnivore",3,3,19317,9347,-13.457593872523,-13.457593872523
"Conservancy","Conservancy_55","Puros","SSP585_2050","With_Intervention","Browser",7,7,85015,51163,226.248105046961,162.184223642441
"Conservancy","Conservancy_55","Puros","SSP585_2050","With_Intervention","Carnivore",4,0,,,,
"Conservancy","Conservancy_55","Puros","SSP585_2050","With_Intervention","Grazer",12,12,38932,26960,5743.03422073245,1533.34138788477
"Conservancy","Conservancy_55","Puros","SSP585_2050","With_Intervention","Mixed",6,6,43340,33746,901.164957787424,1105.4409137245
"Conservancy","Conservancy_55","Puros","SSP585_2050","With_Intervention","Omnivore",3,3,175811,85070,687.669277979956,687.669277979956
"Conservancy","Conservancy_55","Puros","SSP585_2050","Without_Intervention","Browser",7,7,35135,8733,-14.2487225328207,-9.81062099517252
"Conservancy","Conservancy_55","Puros","SSP585_2050","Without_Intervention","Carnivore",4,0,,,,
"Conservancy","Conservancy_55","Puros","SSP585_2050","Without_Intervention","Grazer",12,12,3431,1415,-17.1196738090453,-6.08548122883011
"Conservancy","Conservancy_55","Puros","SSP585_2050","Without_Intervention","Mixed",6,6,3668,3736,-8.24341522883531,-9.36521522046359
"Conservancy","Conservancy_55","Puros","SSP585_2050","Without_Intervention","Omnivore",3,3,20041,9697,-10.2109974983224,-10.2109974983224
"Conservancy","Conservancy_55","Puros","SSP585_2090","With_Intervention","Browser",7,7,78190,47059,200.070638446463,141.141409117052
"Conservancy","Conservancy_55","Puros","SSP585_2090","With_Intervention","Carnivore",4,0,,,,
"Conservancy","Conservancy_55","Puros","SSP585_2090","With_Intervention","Grazer",12,12,35808,24797,5274.22480863423,1402.27995773935
"Conservancy","Conservancy_55","Puros","SSP585_2090","With_Intervention","Mixed",6,6,39862,31038,820.828505110164,1008.71593646649
"Conservancy","Conservancy_55","Puros","SSP585_2090","With_Intervention","Omnivore",3,3,161704,78244,624.46493432566,624.46493432566
"Conservancy","Conservancy_55","Puros","SSP585_2090","Without_Intervention","Browser",7,7,32012,7781,-22.5565193335854,-18.0305976334774
"Conservancy","Conservancy_55","Puros","SSP585_2090","Without_Intervention","Carnivore",4,0,,,,
"Conservancy","Conservancy_55","Puros","SSP585_2090","Without_Intervention","Grazer",12,12,3143,1294,-25.1141763668062,-14.11729076937
"Conservancy","Conservancy_55","Puros","SSP585_2090","Without_Intervention","Mixed",6,6,3343,3413,-16.3708730236179,-17.5052390937843
"Conservancy","Conservancy_55","Puros","SSP585_2090","Without_Intervention","Omnivore",3,3,18215,8814,-18.3944833043504,-18.3944833043504
"Conservancy","Conservancy_56","Okondjombo","Current","Current","Browser",7,7,86021,62590,0,0
"Conservancy","Conservancy_56","Okondjombo","Current","Current","Carnivore",4,0,,,,
"Conservancy","Conservancy_56","Okondjombo","Current","Current","Grazer",12,12,5093,3131,0,0
"Conservancy","Conservancy_56","Okondjombo","Current","Current","Mixed",6,6,9628,7751,0,0
"Conservancy","Conservancy_56","Okondjombo","Current","Current","Omnivore",3,3,62374,30181,0,0
"Conservancy","Conservancy_56","Okondjombo","SSP245_2050","With_Intervention","Browser",7,7,70456,49900,-18.9480288407058,-20.2754523231078
"Conservancy","Conservancy_56","Okondjombo","SSP245_2050","With_Intervention","Carnivore",4,0,,,,
"Conservancy","Conservancy_56","Okondjombo","SSP245_2050","With_Intervention","Grazer",12,12,21665,15052,420.28829973103,380.821004746406
"Conservancy","Conservancy_56","Okondjombo","SSP245_2050","With_Intervention","Mixed",6,6,25749,19929,150.129477344018,171.90239798793
"Conservancy","Conservancy_56","Okondjombo","SSP245_2050","With_Intervention","Omnivore",3,3,112531,54451,80.4132204289903,80.4132204289903
"Conservancy","Conservancy_56","Okondjombo","SSP245_2050","Without_Intervention","Browser",7,7,84243,61180,-2.12206870477556,-2.16677846474318
"Conservancy","Conservancy_56","Okondjombo","SSP245_2050","Without_Intervention","Carnivore",4,0,,,,
"Conservancy","Conservancy_56","Okondjombo","SSP245_2050","Without_Intervention","Grazer",12,12,4523,2727,-13.9896236139843,-12.8801712496951
"Conservancy","Conservancy_56","Okondjombo","SSP245_2050","Without_Intervention","Mixed",6,6,8939,7225,-6.65164124019886,-7.31423709681389
"Conservancy","Conservancy_56","Okondjombo","SSP245_2050","Without_Intervention","Omnivore",3,3,59358,28721,-4.83636847856467,-4.83636847856467
"Conservancy","Conservancy_56","Okondjombo","SSP245_2090","With_Intervention","Browser",7,7,66760,47285,-23.1985534791709,-24.4536643368938
"Conservancy","Conservancy_56","Okondjombo","SSP245_2090","With_Intervention","Carnivore",4,0,,,,
"Conservancy","Conservancy_56","Okondjombo","SSP245_2090","With_Intervention","Grazer",12,12,20513,14251,392.597631823635,355.23615519709
"Conservancy","Conservancy_56","Okondjombo","SSP245_2090","With_Intervention","Mixed",6,6,24382,18871,136.855676074756,157.467326209141
"Conservancy","Conservancy_56","Okondjombo","SSP245_2090","With_Intervention","Omnivore",3,3,106573,51568,70.8604777902321,70.8604777902321
"Conservancy","Conservancy_56","Okondjombo","SSP245_2090","Without_Intervention","Browser",7,7,79874,58015,-7.19381157283064,-7.24240491339259
"Conservancy","Conservancy_56","Okondjombo","SSP245_2090","Without_Intervention","Carnivore",4,0,,,,
"Conservancy","Conservancy_56","Okondjombo","SSP245_2090","Without_Intervention","Grazer",12,12,4238,2551,-19.6905409487744,-18.5278794713563
"Conservancy","Conservancy_56","Okondjombo","SSP245_2090","Without_Intervention","Mixed",6,6,8425,6812,-11.9685583534654,-12.6566089201887
"Conservancy","Conservancy_56","Okondjombo","SSP245_2090","Without_Intervention","Omnivore",3,3,56107,27148,-10.0481482704066,-10.0481482704066
"Conservancy","Conservancy_56","Okondjombo","SSP585_2050","With_Intervention","Browser",7,7,68382,48425,-21.3370693726183,-22.6318483863965
"Conservancy","Conservancy_56","Okondjombo","SSP585_2050","With_Intervention","Carnivore",4,0,,,,
"Conservancy","Conservancy_56","Okondjombo","SSP585_2050","With_Intervention","Grazer",12,12,21037,14616,405.195085151216,366.8707997189
"Conservancy","Conservancy_56","Okondjombo","SSP585_2050","With_Intervention","Mixed",6,6,25000,19349,142.851485092084,163.992101143288
"Conservancy","Conservancy_56","Okondjombo","SSP585_2050","With_Intervention","Omnivore",3,3,109248,52862,75.1492997663186,75.1492997663186
"Conservancy","Conservancy_56","Okondjombo","SSP585_2050","Without_Intervention","Browser",7,7,81712,59330,-5.06803652852243,-5.11039363135632
"Conservancy","Conservancy_56","Okondjombo","SSP585_2050","Without_Intervention","Carnivore",4,0,,,,
"Conservancy","Conservancy_56","Okondjombo","SSP585_2050","Without_Intervention","Grazer",12,12,4388,2646,-16.5543146824697,-15.4771096602308
"Conservancy","Conservancy_56","Okondjombo","SSP585_2050","Without_Intervention","Mixed",6,6,8671,7009,-9.44903720474677,-10.0962026769459
"Conservancy","Conservancy_56","Okondjombo","SSP585_2050","Without_Intervention","Omnivore",3,3,57573,27858,-7.69747260987914,-7.69747260987914
"Conservancy","Conservancy_56","Okondjombo","SSP585_2090","With_Intervention","Browser",7,7,63541,45014,-26.8971686779146,-28.0819805521722
"Conservancy","Conservancy_56","Okondjombo","SSP585_2090","With_Intervention","Carnivore",4,0,,,,
"Conservancy","Conservancy_56","Okondjombo","SSP585_2090","With_Intervention","Grazer",12,12,19509,13554,368.490866194941,332.960924396719
"Conservancy","Conservancy_56","Okondjombo","SSP585_2090","With_Intervention","Mixed",6,6,23192,17950,125.299249007774,144.903107157552
"Conservancy","Conservancy_56","Okondjombo","SSP585_2090","With_Intervention","Omnivore",3,3,101387,49058,62.5467944941899,62.5467944941899
"Conservancy","Conservancy_56","Okondjombo","SSP585_2090","Without_Intervention","Browser",7,7,76084,55278,-11.5892656242385,-11.6367749617848
"Conservancy","Conservancy_56","Okondjombo","SSP585_2090","Without_Intervention","Carnivore",4,0,,,,
"Conservancy","Conservancy_56","Okondjombo","SSP585_2090","Without_Intervention","Grazer",12,12,4037,2430,-23.4900106348778,-22.3873707635992
"Conservancy","Conservancy_56","Okondjombo","SSP585_2090","Without_Intervention","Mixed",6,6,8026,6489,-16.1404012567966,-16.7877525709265
"Conservancy","Conservancy_56","Okondjombo","SSP585_2090","Without_Intervention","Omnivore",3,3,53452,25864,-14.3043247597416,-14.3043247597416
"Conservancy","Conservancy_57","Otjikongo","Current","Current","Browser",7,7,60649,44898,0,0
"Conservancy","Conservancy_57","Otjikongo","Current","Current","Carnivore",4,0,,,,
"Conservancy","Conservancy_57","Otjikongo","Current","Current","Grazer",12,12,3950,2440,0,0
"Conservancy","Conservancy_57","Otjikongo","Current","Current","Mixed",6,6,7233,5766,0,0
"Conservancy","Conservancy_57","Otjikongo","Current","Current","Omnivore",3,3,45723,22124,0,0
"Conservancy","Conservancy_57","Otjikongo","SSP245_2050","With_Intervention","Browser",7,7,46702,33505,-23.8956455569167,-24.8520074001617
"Conservancy","Conservancy_57","Otjikongo","SSP245_2050","With_Intervention","Carnivore",4,0,,,,
"Conservancy","Conservancy_57","Otjikongo","SSP245_2050","With_Intervention","Grazer",12,12,13613,9459,298.370951013753,278.916334301353
"Conservancy","Conservancy_57","Otjikongo","SSP245_2050","With_Intervention","Mixed",6,6,16341,12640,112.814214244988,128.853672655934
"Conservancy","Conservancy_57","Otjikongo","SSP245_2050","With_Intervention","Omnivore",3,3,72192,34932,57.891052981944,57.891052981944
"Conservancy","Conservancy_57","Otjikongo","SSP245_2050","Without_Intervention","Browser",7,7,58728,43424,-3.19806336866423,-3.25779242453125
"Conservancy","Conservancy_57","Otjikongo","SSP245_2050","Without_Intervention","Carnivore",4,0,,,,
"Conservancy","Conservancy_57","Otjikongo","SSP245_2050","Without_Intervention","Grazer",12,12,3436,2137,-15.1514059796707,-14.4115231723537
"Conservancy","Conservancy_57","Otjikongo","SSP245_2050","Without_Intervention","Mixed",6,6,6599,5280,-8.24410481452306,-8.90045492347578
"Conservancy","Conservancy_57","Otjikongo","SSP245_2050","Without_Intervention","Omnivore",3,3,42860,20738,-6.26165771900177,-6.26165771900177
"Conservancy","Conservancy_57","Otjikongo","SSP245_2090","With_Intervention","Browser",7,7,44456,31914,-27.5398541852944,-28.4695202581871
"Conservancy","Conservancy_57","Otjikongo","SSP245_2090","With_Intervention","Carnivore",4,0,,,,
"Conservancy","Conservancy_57","Otjikongo","SSP245_2090","With_Intervention","Grazer",12,12,12821,8907,275.052608304652,256.784248724287
"Conservancy","Conservancy_57","Otjikongo","SSP245_2090","With_Intervention","Mixed",6,6,15416,11926,100.822033425432,115.887108098772
"Conservancy","Conservancy_57","Otjikongo","SSP245_2090","With_Intervention","Omnivore",3,3,68244,33021,49.2561789782669,49.2561789782669
"Conservancy","Conservancy_57","Otjikongo","SSP245_2090","Without_Intervention","Browser",7,7,55740,41218,-8.11695348753106,-8.19611738940784
"Conservancy","Conservancy_57","Otjikongo","SSP245_2090","Without_Intervention","Carnivore",4,0,,,,
"Conservancy","Conservancy_57","Otjikongo","SSP245_2090","Without_Intervention","Grazer",12,12,3080,1898,-25.0213137086551,-23.9806125971627
"Conservancy","Conservancy_57","Otjikongo","SSP245_2090","Without_Intervention","Mixed",6,6,6077,4870,-15.2606666662024,-16.1699332622444
"Conservancy","Conservancy_57","Otjikongo","SSP245_2090","Without_Intervention","Omnivore",3,3,40035,19372,-12.4402215053229,-12.4402215053229
"Conservancy","Conservancy_57","Otjikongo","SSP585_2050","With_Intervention","Browser",7,7,45206,32432,-26.3336113310884,-27.2581814536343
"Conservancy","Conservancy_57","Otjikongo","SSP585_2050","With_Intervention","Carnivore",4,0,,,,
"Conservancy","Conservancy_57","Otjikongo","SSP585_2050","With_Intervention","Grazer",12,12,13178,9157,285.634649408984,266.801779109343
"Conservancy","Conservancy_57","Otjikongo","SSP585_2050","With_Intervention","Mixed",6,6,15818,12236,106.007630007713,121.534345398336
"Conservancy","Conservancy_57","Otjikongo","SSP585_2050","With_Intervention","Omnivore",3,3,69882,33814,52.8394241287379,52.8394241287379
"Conservancy","Conservancy_57","Otjikongo","SSP585_2050","Without_Intervention","Browser",7,7,56843,42030,-6.30417106887334,-6.36191431273194
"Conservancy","Conservancy_57","Otjikongo","SSP585_2050","Without_Intervention","Carnivore",4,0,,,,
"Conservancy","Conservancy_57","Otjikongo","SSP585_2050","Without_Intervention","Grazer",12,12,3326,2068,-17.8705723475476,-17.1545034686054
"Conservancy","Conservancy_57","Otjikongo","SSP585_2050","Without_Intervention","Mixed",6,6,6388,5110,-11.1866822114875,-11.822245225596
"Conservancy","Conservancy_57","Otjikongo","SSP585_2050","Without_Intervention","Omnivore",3,3,41485,20073,-9.26881840301015,-9.26881840301015
"Conservancy","Conservancy_57","Otjikongo","SSP585_2090","With_Intervention","Browser",7,7,42100,30227,-31.3766049874978,-32.2709403201306
"Conservancy","Conservancy_57","Otjikongo","SSP585_2090","With_Intervention","Carnivore",4,0,,,,
"Conservancy","Conservancy_57","Otjikongo","SSP585_2090","With_Intervention","Grazer",12,12,12136,8431,255.017049736853,237.726005128833
"Conservancy","Conservancy_57","Otjikongo","SSP585_2090","With_Intervention","Mixed",6,6,14594,11290,90.1127496400784,104.373532269823
"Conservancy","Conservancy_57","Otjikongo","SSP585_2090","With_Intervention","Omnivore",3,3,64610,31263,41.309345499212,41.309345499212
"Conservancy","Conservancy_57","Otjikongo","SSP585_2090","Without_Intervention","Browser",7,7,52815,39062,-12.9334779221852,-12.998037060345
"Conservancy","Conservancy_57","Otjikongo","SSP585_2090","Without_Intervention","Carnivore",4,0,,,,
"Conservancy","Conservancy_57","Otjikongo","SSP585_2090","Without_Intervention","Grazer",12,12,2917,1798,-28.9669069445117,-27.981181105794
"Conservancy","Conservancy_57","Otjikongo","SSP585_2090","Without_Intervention","Mixed",6,6,5758,4614,-19.7109748967822,-20.5688353011284
"Conservancy","Conservancy_57","Otjikongo","SSP585_2090","Without_Intervention","Omnivore",3,3,37935,18356,-17.0317789625343,-17.0317789625343
"Conservancy","Conservancy_58","Kunene River","Current","Current","Browser",7,7,439616,353336,0,0
"Conservancy","Conservancy_58","Kunene River","Current","Current","Carnivore",4,0,,,,
"Conservancy","Conservancy_58","Kunene River","Current","Current","Grazer",12,12,19181,11874,0,0
"Conservancy","Conservancy_58","Kunene River","Current","Current","Mixed",6,6,45408,35219,0,0
"Conservancy","Conservancy_58","Kunene River","Current","Current","Omnivore",3,3,314923,152382,0,0
"Conservancy","Conservancy_58","Kunene River","SSP245_2050","With_Intervention","Browser",7,7,245658,191134,-44.7369788428976,-43.8853681960064
"Conservancy","Conservancy_58","Kunene River","SSP245_2050","With_Intervention","Carnivore",4,0,,,,
"Conservancy","Conservancy_58","Kunene River","SSP245_2050","With_Intervention","Grazer",12,12,49263,34350,195.075125737569,175.755666273686
"Conservancy","Conservancy_58","Kunene River","SSP245_2050","With_Intervention","Mixed",6,6,64431,49519,34.6708295989875,42.6664472540353
"Conservancy","Conservancy_58","Kunene River","SSP245_2050","With_Intervention","Omnivore",3,3,309259,149642,-1.79862658943657,-1.79862658943657
"Conservancy","Conservancy_58","Kunene River","SSP245_2050","Without_Intervention","Browser",7,7,433176,347922,-1.49043767751121,-1.50404299458413
"Conservancy","Conservancy_58","Kunene River","SSP245_2050","Without_Intervention","Carnivore",4,0,,,,
"Conservancy","Conservancy_58","Kunene River","SSP245_2050","Without_Intervention","Grazer",12,12,18559,11513,-3.58997145533617,-3.3762345196362
"Conservancy","Conservancy_58","Kunene River","SSP245_2050","Without_Intervention","Mixed",6,6,44407,34448,-2.14466649869948,-2.21269962719174
"Conservancy","Conservancy_58","Kunene River","SSP245_2050","Without_Intervention","Omnivore",3,3,308783,149411,-1.94979020843593,-1.94979020843593
"Conservancy","Conservancy_58","Kunene River","SSP245_2090","With_Intervention","Browser",7,7,235584,183319,-47.0013597966027,-46.1947500559751
"Conservancy","Conservancy_58","Kunene River","SSP245_2090","With_Intervention","Carnivore",4,0,,,,
"Conservancy","Conservancy_58","Kunene River","SSP245_2090","With_Intervention","Grazer",12,12,47166,32887,182.49812559816,164.009091642677
"Conservancy","Conservancy_58","Kunene River","SSP245_2090","With_Intervention","Mixed",6,6,61712,47428,28.9914152334777,36.6446025742886
"Conservancy","Conservancy_58","Kunene River","SSP245_2090","With_Intervention","Omnivore",3,3,296315,143378,-5.90889307268327,-5.90889307268327
"Conservancy","Conservancy_58","Kunene River","SSP245_2090","Without_Intervention","Browser",7,7,415716,333932,-5.45840298445086,-5.49016574740624
"Conservancy","Conservancy_58","Kunene River","SSP245_2090","Without_Intervention","Carnivore",4,0,,,,
"Conservancy","Conservancy_58","Kunene River","SSP245_2090","Without_Intervention","Grazer",12,12,17747,11012,-7.86380151958109,-7.6281116794742
"Conservancy","Conservancy_58","Kunene River","SSP245_2090","Without_Intervention","Mixed",6,6,42555,33010,-6.21632951786359,-6.29174894930422
"Conservancy","Conservancy_58","Kunene River","SSP245_2090","Without_Intervention","Omnivore",3,3,296130,143289,-5.96771118772158,-5.96771118772157
"Conservancy","Conservancy_58","Kunene River","SSP585_2050","With_Intervention","Browser",7,7,237430,184733,-46.5878997740111,-45.7648536507744
"Conservancy","Conservancy_58","Kunene River","SSP585_2050","With_Intervention","Carnivore",4,0,,,,
"Conservancy","Conservancy_58","Kunene River","SSP585_2050","With_Intervention","Grazer",12,12,47611,33198,185.176877456816,166.505717397356
"Conservancy","Conservancy_58","Kunene River","SSP585_2050","With_Intervention","Mixed",6,6,62271,47858,30.1552335423994,37.8825413857183
"Conservancy","Conservancy_58","Kunene River","SSP585_2050","With_Intervention","Omnivore",3,3,298892,144625,-5.0904218462441,-5.0904218462441
"Conservancy","Conservancy_58","Kunene River","SSP585_2050","Without_Intervention","Browser",7,7,418654,336258,-4.79295155234879,-4.80606007746956
"Conservancy","Conservancy_58","Kunene River","SSP585_2050","Without_Intervention","Carnivore",4,0,,,,
"Conservancy","Conservancy_58","Kunene River","SSP585_2050","Without_Intervention","Grazer",12,12,17937,11127,-6.82123207912287,-6.61473060477174
"Conservancy","Conservancy_58","Kunene River","SSP585_2050","Without_Intervention","Mixed",6,6,42918,33293,-5.42496366313165,-5.49069370438381
"Conservancy","Conservancy_58","Kunene River","SSP585_2050","Without_Intervention","Omnivore",3,3,298432,144402,-5.23674888283034,-5.23674888283034
"Conservancy","Conservancy_58","Kunene River","SSP585_2090","With_Intervention","Browser",7,7,226200,176017,-49.1123813115892,-48.3379532851878
"Conservancy","Conservancy_58","Kunene River","SSP585_2090","With_Intervention","Carnivore",4,0,,,,
"Conservancy","Conservancy_58","Kunene River","SSP585_2090","With_Intervention","Grazer",12,12,45284,31574,171.224904411777,153.474002786778
"Conservancy","Conservancy_58","Kunene River","SSP585_2090","With_Intervention","Mixed",6,6,59250,45537,23.8465731463149,31.1942225899172
"Conservancy","Conservancy_58","Kunene River","SSP585_2090","With_Intervention","Omnivore",3,3,284500,137661,-9.660435742331,-9.660435742331
"Conservancy","Conservancy_58","Kunene River","SSP585_2090","Without_Intervention","Browser",7,7,399140,320617,-9.22804805577442,-9.25851111141337
"Conservancy","Conservancy_58","Kunene River","SSP585_2090","Without_Intervention","Carnivore",4,0,,,,
"Conservancy","Conservancy_58","Kunene River","SSP585_2090","Without_Intervention","Grazer",12,12,17040,10573,-11.5373182379235,-11.3110417642109
"Conservancy","Conservancy_58","Kunene River","SSP585_2090","Without_Intervention","Mixed",6,6,40858,31694,-9.95567986229433,-10.0280902270908
"Conservancy","Conservancy_58","Kunene River","SSP585_2090","Without_Intervention","Omnivore",3,3,284322,137575,-9.71701262104752,-9.71701262104752
"Conservancy","Conservancy_59","Ombazu","Current","Current","Browser",7,7,139577,112104,0,0
"Conservancy","Conservancy_59","Ombazu","Current","Current","Carnivore",4,0,,,,
"Conservancy","Conservancy_59","Ombazu","Current","Current","Grazer",12,12,6068,3758,0,0
"Conservancy","Conservancy_59","Ombazu","Current","Current","Mixed",6,6,14398,11168,0,0
"Conservancy","Conservancy_59","Ombazu","Current","Current","Omnivore",3,3,99955,48365,0,0
"Conservancy","Conservancy_59","Ombazu","SSP245_2050","With_Intervention","Browser",7,7,77185,60075,-45.2912880880967,-44.4599796039736
"Conservancy","Conservancy_59","Ombazu","SSP245_2050","With_Intervention","Carnivore",4,0,,,,
"Conservancy","Conservancy_59","Ombazu","SSP245_2050","With_Intervention","Grazer",12,12,15355,10705,190.992900451767,171.652737357864
"Conservancy","Conservancy_59","Ombazu","SSP245_2050","With_Intervention","Mixed",6,6,20119,15463,32.6438559361728,40.499704135715
"Conservancy","Conservancy_59","Ombazu","SSP245_2050","With_Intervention","Omnivore",3,3,96858,46867,-3.09789001324378,-3.09789001324378
"Conservancy","Conservancy_59","Ombazu","SSP245_2050","Without_Intervention","Browser",7,7,135637,108948,-2.82101999855005,-2.82072367479037
"Conservancy","Conservancy_59","Ombazu","SSP245_2050","Without_Intervention","Carnivore",4,0,,,,
"Conservancy","Conservancy_59","Ombazu","SSP245_2050","Without_Intervention","Grazer",12,12,5791,3594,-4.8838239250706,-4.71432829238984
"Conservancy","Conservancy_59","Ombazu","SSP245_2050","Without_Intervention","Mixed",6,6,13885,10771,-3.49855600827464,-3.56578026551442
"Conservancy","Conservancy_59","Ombazu","SSP245_2050","Without_Intervention","Omnivore",3,3,96737,46808,-3.2191600203926,-3.2191600203926
"Conservancy","Conservancy_59","Ombazu","SSP245_2090","With_Intervention","Browser",7,7,73700,57365,-47.7609735998969,-46.9742738409331
"Conservancy","Conservancy_59","Ombazu","SSP245_2090","With_Intervention","Carnivore",4,0,,,,
"Conservancy","Conservancy_59","Ombazu","SSP245_2090","With_Intervention","Grazer",12,12,14671,10229,178.051399207006,159.567800520592
"Conservancy","Conservancy_59","Ombazu","SSP245_2090","With_Intervention","Mixed",6,6,19221,14773,26.7200089872765,34.2279989270675
"Conservancy","Conservancy_59","Ombazu","SSP245_2090","With_Intervention","Omnivore",3,3,92484,44750,-7.47393688458199,-7.47393688458199
"Conservancy","Conservancy_59","Ombazu","SSP245_2090","Without_Intervention","Browser",7,7,129621,104122,-7.12985032777954,-7.13007999711181
"Conservancy","Conservancy_59","Ombazu","SSP245_2090","Without_Intervention","Carnivore",4,0,,,,
"Conservancy","Conservancy_59","Ombazu","SSP245_2090","Without_Intervention","Grazer",12,12,5527,3430,-9.24093086044435,-9.06819135977763
"Conservancy","Conservancy_59","Ombazu","SSP245_2090","Without_Intervention","Mixed",6,6,13262,10288,-7.82371412421253,-7.89198356675782
"Conservancy","Conservancy_59","Ombazu","SSP245_2090","Without_Intervention","Omnivore",3,3,92387,44703,-7.57156084988678,-7.57156084988678
"Conservancy","Conservancy_59","Ombazu","SSP585_2050","With_Intervention","Browser",7,7,74514,57996,-47.1845693991134,-46.3819876544437
"Conservancy","Conservancy_59","Ombazu","SSP585_2050","With_Intervention","Carnivore",4,0,,,,
"Conservancy","Conservancy_59","Ombazu","SSP585_2050","With_Intervention","Grazer",12,12,14823,10335,180.924989073707,162.253932239823
"Conservancy","Conservancy_59","Ombazu","SSP585_2050","With_Intervention","Mixed",6,6,19423,14928,28.0542844678206,35.638344617837
"Conservancy","Conservancy_59","Ombazu","SSP585_2050","With_Intervention","Omnivore",3,3,93507,45245,-6.4508019753525,-6.4508019753525
"Conservancy","Conservancy_59","Ombazu","SSP585_2050","Without_Intervention","Browser",7,7,130943,105178,-6.18382106005495,-6.1835343693134
"Conservancy","Conservancy_59","Ombazu","SSP585_2050","Without_Intervention","Carnivore",4,0,,,,
"Conservancy","Conservancy_59","Ombazu","SSP585_2050","Without_Intervention","Grazer",12,12,5591,3469,-8.1750092493788,-8.01139478642809
"Conservancy","Conservancy_59","Ombazu","SSP585_2050","Without_Intervention","Mixed",6,6,13405,10398,-6.8378323880442,-6.90272758621454
"Conservancy","Conservancy_59","Ombazu","SSP585_2050","Without_Intervention","Omnivore",3,3,93390,45189,-6.56802584084408,-6.56802584084408
"Conservancy","Conservancy_59","Ombazu","SSP585_2090","With_Intervention","Browser",7,7,70473,54853,-50.0485297330671,-49.2962391252033
"Conservancy","Conservancy_59","Ombazu","SSP585_2090","With_Intervention","Carnivore",4,0,,,,
"Conservancy","Conservancy_59","Ombazu","SSP585_2090","With_Intervention","Grazer",12,12,14029,9781,165.880900499473,148.206260138976
"Conservancy","Conservancy_59","Ombazu","SSP585_2090","With_Intervention","Mixed",6,6,18380,14126,21.1727049260518,28.3521021308274
"Conservancy","Conservancy_59","Ombazu","SSP585_2090","With_Intervention","Omnivore",3,3,88435,42791,-11.5244476560122,-11.5244476560122
"Conservancy","Conservancy_59","Ombazu","SSP585_2090","Without_Intervention","Browser",7,7,123946,99563,-11.1960281320271,-11.1962467213478
"Conservancy","Conservancy_59","Ombazu","SSP585_2090","Without_Intervention","Carnivore",4,0,,,,
"Conservancy","Conservancy_59","Ombazu","SSP585_2090","Without_Intervention","Grazer",12,12,5285,3280,-13.2144761684462,-13.0493124180937
"Conservancy","Conservancy_59","Ombazu","SSP585_2090","Without_Intervention","Mixed",6,6,12682,9837,-11.8594443054526,-11.9247200998457
"Conservancy","Conservancy_59","Ombazu","SSP585_2090","Without_Intervention","Omnivore",3,3,88342,42746,-11.6181119851366,-11.6181119851366
"Conservancy","Conservancy_6","Otjombinde","Current","Current","Browser",7,7,950307,763264,0,0
"Conservancy","Conservancy_6","Otjombinde","Current","Current","Carnivore",4,0,,,,
"Conservancy","Conservancy_6","Otjombinde","Current","Current","Grazer",12,12,41505,25693,0,0
"Conservancy","Conservancy_6","Otjombinde","Current","Current","Mixed",6,6,98232,76187,0,0
"Conservancy","Conservancy_6","Otjombinde","Current","Current","Omnivore",3,3,680217,329137,0,0
"Conservancy","Conservancy_6","Otjombinde","SSP245_2050","With_Intervention","Browser",7,7,418253,320035,-56.7059936044651,-55.6835211268772
"Conservancy","Conservancy_6","Otjombinde","SSP245_2050","With_Intervention","Carnivore",4,0,,,,
"Conservancy","Conservancy_6","Otjombinde","SSP245_2050","With_Intervention","Grazer",12,12,118011,82740,229.966412922051,206.776234249339
"Conservancy","Conservancy_6","Otjombinde","SSP245_2050","With_Intervention","Mixed",6,6,144290,110732,38.25580667767,47.8098370626586
"Conservancy","Conservancy_6","Otjombinde","SSP245_2050","With_Intervention","Omnivore",3,3,644781,311991,-5.20956419805225,-5.20956419805225
"Conservancy","Conservancy_6","Otjombinde","SSP245_2050","Without_Intervention","Browser",7,7,904773,726829,-4.78536037999567,-4.79376448951376
"Conservancy","Conservancy_6","Otjombinde","SSP245_2050","Without_Intervention","Carnivore",4,0,,,,
"Conservancy","Conservancy_6","Otjombinde","SSP245_2050","Without_Intervention","Grazer",12,12,38694,24005,-7.14788938295473,-6.95688902980784
"Conservancy","Conservancy_6","Otjombinde","SSP245_2050","Without_Intervention","Mixed",6,6,92693,71900,-5.56807143415465,-5.6464743696224
"Conservancy","Conservancy_6","Otjombinde","SSP245_2050","Without_Intervention","Omnivore",3,3,644781,311991,-5.20956419805225,-5.20956419805225
"Conservancy","Conservancy_6","Otjombinde","SSP245_2090","With_Intervention","Browser",7,7,405136,310011,-58.0631507212441,-57.0736031244085
"Conservancy","Conservancy_6","Otjombinde","SSP245_2090","With_Intervention","Carnivore",4,0,,,,
"Conservancy","Conservancy_6","Otjombinde","SSP245_2090","With_Intervention","Grazer",12,12,114226,80086,219.378266912224,196.934823063492
"Conservancy","Conservancy_6","Otjombinde","SSP245_2090","With_Intervention","Mixed",6,6,139680,107195,33.8408340336791,43.087220190017
"Conservancy","Conservancy_6","Otjombinde","SSP245_2090","With_Intervention","Omnivore",3,3,624270,302066,-8.22493095093704,-8.22493095093704
"Conservancy","Conservancy_6","Otjombinde","SSP245_2090","Without_Intervention","Browser",7,7,876420,704066,-7.76855504125578,-7.77759934039348
"Conservancy","Conservancy_6","Otjombinde","SSP245_2090","Without_Intervention","Carnivore",4,0,,,,
"Conservancy","Conservancy_6","Otjombinde","SSP245_2090","Without_Intervention","Grazer",12,12,37393,23203,-10.3101483429356,-10.1046591452815
"Conservancy","Conservancy_6","Otjombinde","SSP245_2090","Without_Intervention","Mixed",6,6,89699,69579,-8.61057870688335,-8.69495970764707
"Conservancy","Conservancy_6","Otjombinde","SSP245_2090","Without_Intervention","Omnivore",3,3,624270,302066,-8.22493095093704,-8.22493095093704
"Conservancy","Conservancy_6","Otjombinde","SSP585_2050","With_Intervention","Browser",7,7,407619,311898,-57.8067092431902,-56.8102648834613
"Conservancy","Conservancy_6","Otjombinde","SSP585_2050","With_Intervention","Carnivore",4,0,,,,
"Conservancy","Conservancy_6","Otjombinde","SSP585_2050","With_Intervention","Grazer",12,12,115007,80634,221.568156236232,198.968307418874
"Conservancy","Conservancy_6","Otjombinde","SSP585_2050","With_Intervention","Mixed",6,6,140618,107914,34.7377407110295,44.0485634278491
"Conservancy","Conservancy_6","Otjombinde","SSP585_2050","With_Intervention","Omnivore",3,3,628376,304053,-7.6211744259808,-7.6211744259808
"Conservancy","Conservancy_6","Otjombinde","SSP585_2050","Without_Intervention","Browser",7,7,881756,708339,-7.20760067886529,-7.2157942008402
"Conservancy","Conservancy_6","Otjombinde","SSP585_2050","Without_Intervention","Carnivore",4,0,,,,
"Conservancy","Conservancy_6","Otjombinde","SSP585_2050","Without_Intervention","Grazer",12,12,37709,23394,-9.51092696013327,-9.32471284993493
"Conservancy","Conservancy_6","Otjombinde","SSP585_2050","Without_Intervention","Mixed",6,6,90334,70071,-7.97069769924983,-8.04713605864323
"Conservancy","Conservancy_6","Otjombinde","SSP585_2050","Without_Intervention","Omnivore",3,3,628376,304053,-7.6211744259808,-7.6211744259808
"Conservancy","Conservancy_6","Otjombinde","SSP585_2090","With_Intervention","Browser",7,7,379000,290011,-60.7686615751487,-59.8429461665203
"Conservancy","Conservancy_6","Otjombinde","SSP585_2090","With_Intervention","Carnivore",4,0,,,,
"Conservancy","Conservancy_6","Otjombinde","SSP585_2090","With_Intervention","Grazer",12,12,106858,74920,198.775997301473,177.780300165414
"Conservancy","Conservancy_6","Otjombinde","SSP585_2090","With_Intervention","Mixed",6,6,130670,100280,25.2069241041033,33.8568587856455
"Conservancy","Conservancy_6","Otjombinde","SSP585_2090","With_Intervention","Omnivore",3,3,583998,282580,-14.1453280459824,-14.1453280459824
"Conservancy","Conservancy_6","Otjombinde","SSP585_2090","Without_Intervention","Browser",7,7,819882,658647,-13.7183722787099,-13.7268335408341
"Conservancy","Conservancy_6","Otjombinde","SSP585_2090","Without_Intervention","Carnivore",4,0,,,,
"Conservancy","Conservancy_6","Otjombinde","SSP585_2090","Without_Intervention","Grazer",12,12,34981,21706,-16.0961224498702,-15.9038800532497
"Conservancy","Conservancy_6","Otjombinde","SSP585_2090","Without_Intervention","Mixed",6,6,83912,65090,-14.5061151097841,-14.5850565264351
"Conservancy","Conservancy_6","Otjombinde","SSP585_2090","Without_Intervention","Omnivore",3,3,583998,282580,-14.1453280459824,-14.1453280459824
"Conservancy","Conservancy_60","Ombombo","Current","Current","Browser",7,7,234847,188503,0,0
"Conservancy","Conservancy_60","Ombombo","Current","Current","Carnivore",4,0,,,,
"Conservancy","Conservancy_60","Ombombo","Current","Current","Grazer",12,12,10886,6700,0,0
"Conservancy","Conservancy_60","Ombombo","Current","Current","Mixed",6,6,24911,19314,0,0
"Conservancy","Conservancy_60","Ombombo","Current","Current","Omnivore",3,3,170615,82556,0,0
"Conservancy","Conservancy_60","Ombombo","SSP245_2050","With_Intervention","Browser",7,7,132360,102987,-44.2359081302149,-43.3952711309891
"Conservancy","Conservancy_60","Ombombo","SSP245_2050","With_Intervention","Carnivore",4,0,,,,
"Conservancy","Conservancy_60","Ombombo","SSP245_2050","With_Intervention","Grazer",12,12,26531,18500,175.754765039608,160.150942077119
"Conservancy","Conservancy_60","Ombombo","SSP245_2050","With_Intervention","Mixed",6,6,34704,26672,32.451466863798,40.039700651816
"Conservancy","Conservancy_60","Ombombo","SSP245_2050","With_Intervention","Omnivore",3,3,166706,80664,-2.29165266254186,-2.29165266254186
"Conservancy","Conservancy_60","Ombombo","SSP245_2050","Without_Intervention","Browser",7,7,230833,185323,-1.70204329202119,-1.70976027400781
"Conservancy","Conservancy_60","Ombombo","SSP245_2050","Without_Intervention","Carnivore",4,0,,,,
"Conservancy","Conservancy_60","Ombombo","SSP245_2050","Without_Intervention","Grazer",12,12,10415,6426,-4.77532453351818,-4.5574021617265
"Conservancy","Conservancy_60","Ombombo","SSP245_2050","Without_Intervention","Mixed",6,6,24196,18763,-2.77103524782456,-2.87875315080281
"Conservancy","Conservancy_60","Ombombo","SSP245_2050","Without_Intervention","Omnivore",3,3,166483,80556,-2.42226764939047,-2.42226764939047
"Conservancy","Conservancy_60","Ombombo","SSP245_2090","With_Intervention","Browser",7,7,127044,98853,-46.475062888973,-45.6690623313044
"Conservancy","Conservancy_60","Ombombo","SSP245_2090","With_Intervention","Carnivore",4,0,,,,
"Conservancy","Conservancy_60","Ombombo","SSP245_2090","With_Intervention","Grazer",12,12,25458,17751,164.592545422621,149.621401350693
"Conservancy","Conservancy_60","Ombombo","SSP245_2090","With_Intervention","Mixed",6,6,33302,25594,27.1022115515342,34.3810149690255
"Conservancy","Conservancy_60","Ombombo","SSP245_2090","With_Intervention","Omnivore",3,3,159871,77357,-6.29750440998664,-6.29750440998665
"Conservancy","Conservancy_60","Ombombo","SSP245_2090","Without_Intervention","Browser",7,7,221817,178096,-5.53947282084406,-5.54927693578946
"Conservancy","Conservancy_60","Ombombo","SSP245_2090","Without_Intervention","Carnivore",4,0,,,,
"Conservancy","Conservancy_60","Ombombo","SSP245_2090","Without_Intervention","Grazer",12,12,9956,6147,-9.04830700381832,-8.7998047090341
"Conservancy","Conservancy_60","Ombombo","SSP245_2090","Without_Intervention","Mixed",6,6,23199,17990,-6.76006464636533,-6.8840377476852
"Conservancy","Conservancy_60","Ombombo","SSP245_2090","Without_Intervention","Omnivore",3,3,159691,77270,-6.40286198027321,-6.40286198027321
"Conservancy","Conservancy_60","Ombombo","SSP585_2050","With_Intervention","Browser",7,7,127749,99399,-46.178464687437,-45.3670758515477
"Conservancy","Conservancy_60","Ombombo","SSP585_2050","With_Intervention","Carnivore",4,0,,,,
"Conservancy","Conservancy_60","Ombombo","SSP585_2050","With_Intervention","Grazer",12,12,25607,17855,166.150059583951,151.089710311955
"Conservancy","Conservancy_60","Ombombo","SSP585_2050","With_Intervention","Mixed",6,6,33495,25742,27.8379340082083,35.1618710339718
"Conservancy","Conservancy_60","Ombombo","SSP585_2050","With_Intervention","Omnivore",3,3,160899,77854,-5.69502837755512,-5.69502837755512
"Conservancy","Conservancy_60","Ombombo","SSP585_2050","Without_Intervention","Browser",7,7,222789,178864,-5.12765810619272,-5.13507848391359
"Conservancy","Conservancy_60","Ombombo","SSP585_2050","Without_Intervention","Carnivore",4,0,,,,
"Conservancy","Conservancy_60","Ombombo","SSP585_2050","Without_Intervention","Grazer",12,12,10052,6203,-8.0865328117798,-7.8767205554024
"Conservancy","Conservancy_60","Ombombo","SSP585_2050","Without_Intervention","Mixed",6,6,23354,18110,-6.15684793061639,-6.26056673498844
"Conservancy","Conservancy_60","Ombombo","SSP585_2050","Without_Intervention","Omnivore",3,3,160683,77750,-5.82131523139522,-5.82131523139522
"Conservancy","Conservancy_60","Ombombo","SSP585_2090","With_Intervention","Browser",7,7,121551,94579,-48.7891499594315,-48.0179451553591
"Conservancy","Conservancy_60","Ombombo","SSP585_2090","With_Intervention","Carnivore",4,0,,,,
"Conservancy","Conservancy_60","Ombombo","SSP585_2090","With_Intervention","Grazer",12,12,24357,16984,153.157160980571,138.832997098747
"Conservancy","Conservancy_60","Ombombo","SSP585_2090","With_Intervention","Mixed",6,6,31863,24488,21.6084805552947,28.572724377511
"Conservancy","Conservancy_60","Ombombo","SSP585_2090","With_Intervention","Omnivore",3,3,152960,74013,-10.3478680270538,-10.3478680270538
"Conservancy","Conservancy_60","Ombombo","SSP585_2090","Without_Intervention","Browser",7,7,212224,170393,-9.62479662239267,-9.63413790664552
"Conservancy","Conservancy_60","Ombombo","SSP585_2090","Without_Intervention","Carnivore",4,0,,,,
"Conservancy","Conservancy_60","Ombombo","SSP585_2090","Without_Intervention","Grazer",12,12,9527,5881,-12.971575107889,-12.7345486517433
"Conservancy","Conservancy_60","Ombombo","SSP585_2090","Without_Intervention","Mixed",6,6,22197,17213,-10.7890050071999,-10.9072705184195
"Conservancy","Conservancy_60","Ombombo","SSP585_2090","Without_Intervention","Omnivore",3,3,152788,73930,-10.4488842154706,-10.4488842154706
"Conservancy","Conservancy_61","Otjikondavirongo","Current","Current","Browser",7,7,62511,46224,0,0
"Conservancy","Conservancy_61","Otjikondavirongo","Current","Current","Carnivore",4,0,,,,
"Conservancy","Conservancy_61","Otjikondavirongo","Current","Current","Grazer",12,12,3493,2156,0,0
"Conservancy","Conservancy_61","Otjikondavirongo","Current","Current","Mixed",6,6,6855,5491,0,0
"Conservancy","Conservancy_61","Otjikondavirongo","Current","Current","Omnivore",3,3,45035,21791,0,0
"Conservancy","Conservancy_61","Otjikondavirongo","SSP245_2050","With_Intervention","Browser",7,7,47695,34130,-24.6314760282841,-25.6320894729654
"Conservancy","Conservancy_61","Otjikondavirongo","SSP245_2050","With_Intervention","Carnivore",4,0,,,,
"Conservancy","Conservancy_61","Otjikondavirongo","SSP245_2050","With_Intervention","Grazer",12,12,13964,9701,387.990994941422,349.940193739867
"Conservancy","Conservancy_61","Otjikondavirongo","SSP245_2050","With_Intervention","Mixed",6,6,16743,12954,128.709272352017,147.915143454248
"Conservancy","Conservancy_61","Otjikondavirongo","SSP245_2050","With_Intervention","Omnivore",3,3,73891,35754,64.0764029814142,64.0764029814142
"Conservancy","Conservancy_61","Otjikondavirongo","SSP245_2050","Without_Intervention","Browser",7,7,59382,43753,-5.10797600842447,-5.13054122691523
"Conservancy","Conservancy_61","Otjikondavirongo","SSP245_2050","Without_Intervention","Carnivore",4,0,,,,
"Conservancy","Conservancy_61","Otjikondavirongo","SSP245_2050","Without_Intervention","Grazer",12,12,3105,1889,-13.1950916371624,-12.377245332466
"Conservancy","Conservancy_61","Otjikondavirongo","SSP245_2050","Without_Intervention","Mixed",6,6,6278,5046,-8.0517153906593,-8.55039527777174
"Conservancy","Conservancy_61","Otjikondavirongo","SSP245_2050","Without_Intervention","Omnivore",3,3,41928,20288,-6.89783267891433,-6.89783267891433
"Conservancy","Conservancy_61","Otjikondavirongo","SSP245_2090","With_Intervention","Browser",7,7,45119,32271,-28.7130828541357,-29.6135994074801
"Conservancy","Conservancy_61","Otjikondavirongo","SSP245_2090","With_Intervention","Carnivore",4,0,,,,
"Conservancy","Conservancy_61","Otjikondavirongo","SSP245_2090","With_Intervention","Grazer",12,12,13253,9207,363.194985236042,327.059145786064
"Conservancy","Conservancy_61","Otjikondavirongo","SSP245_2090","With_Intervention","Mixed",6,6,15882,12288,116.933734293454,135.167392197914
"Conservancy","Conservancy_61","Otjikondavirongo","SSP245_2090","With_Intervention","Omnivore",3,3,70046,33893,55.5381270526075,55.5381270526075
"Conservancy","Conservancy_61","Otjikondavirongo","SSP245_2090","Without_Intervention","Browser",7,7,56058,41275,-10.4389111070252,-10.4626674096005
"Conservancy","Conservancy_61","Otjikondavirongo","SSP245_2090","Without_Intervention","Carnivore",4,0,,,,
"Conservancy","Conservancy_61","Otjikondavirongo","SSP245_2090","Without_Intervention","Grazer",12,12,2903,1762,-19.1768032295796,-18.2899270959228
"Conservancy","Conservancy_61","Otjikondavirongo","SSP245_2090","Without_Intervention","Mixed",6,6,5894,4741,-13.6167845250581,-14.1610504734401
"Conservancy","Conservancy_61","Otjikondavirongo","SSP245_2090","Without_Intervention","Omnivore",3,3,39462,19094,-12.3750861539227,-12.3750861539227
"Conservancy","Conservancy_61","Otjikondavirongo","SSP585_2050","With_Intervention","Browser",7,7,46076,32966,-27.1934618429752,-28.1416931546349
"Conservancy","Conservancy_61","Otjikondavirongo","SSP585_2050","With_Intervention","Carnivore",4,0,,,,
"Conservancy","Conservancy_61","Otjikondavirongo","SSP585_2050","With_Intervention","Grazer",12,12,13497,9376,371.685147839597,334.903576009768
"Conservancy","Conservancy_61","Otjikondavirongo","SSP585_2050","With_Intervention","Mixed",6,6,16182,12520,121.041276023493,139.604353813124
"Conservancy","Conservancy_61","Otjikondavirongo","SSP585_2050","With_Intervention","Omnivore",3,3,71406,34551,58.5583970778955,58.5583970778955
"Conservancy","Conservancy_61","Otjikondavirongo","SSP585_2050","Without_Intervention","Browser",7,7,57324,42227,-8.40271866175558,-8.42364121215581
"Conservancy","Conservancy_61","Otjikondavirongo","SSP585_2050","Without_Intervention","Carnivore",4,0,,,,
"Conservancy","Conservancy_61","Otjikondavirongo","SSP585_2050","Without_Intervention","Grazer",12,12,2999,1824,-16.185067299344,-15.3939621685044
"Conservancy","Conservancy_61","Otjikondavirongo","SSP585_2050","Without_Intervention","Mixed",6,6,6060,4872,-11.2320331123573,-11.718840182235
"Conservancy","Conservancy_61","Otjikondavirongo","SSP585_2050","Without_Intervention","Omnivore",3,3,40474,19584,-10.1280242280338,-10.1280242280338
"Conservancy","Conservancy_61","Otjikondavirongo","SSP585_2090","With_Intervention","Browser",7,7,42500,30394,-32.8533265756415,-33.6904921496013
"Conservancy","Conservancy_61","Otjikondavirongo","SSP585_2090","With_Intervention","Carnivore",4,0,,,,
"Conservancy","Conservancy_61","Otjikondavirongo","SSP585_2090","With_Intervention","Grazer",12,12,12488,8676,336.460343782668,302.408905588369
"Conservancy","Conservancy_61","Otjikondavirongo","SSP585_2090","With_Intervention","Mixed",6,6,14964,11578,104.397547780106,121.578149166293
"Conservancy","Conservancy_61","Otjikondavirongo","SSP585_2090","With_Intervention","Omnivore",3,3,65994,31932,46.5398350590355,46.5398350590355
"Conservancy","Conservancy_61","Otjikondavirongo","SSP585_2090","Without_Intervention","Browser",7,7,52776,38852,-15.6867416208532,-15.7085456446141
"Conservancy","Conservancy_61","Otjikondavirongo","SSP585_2090","Without_Intervention","Carnivore",4,0,,,,
"Conservancy","Conservancy_61","Otjikondavirongo","SSP585_2090","Without_Intervention","Grazer",12,12,2734,1659,-23.8934250892301,-23.0578493107108
"Conservancy","Conservancy_61","Otjikondavirongo","SSP585_2090","Without_Intervention","Mixed",6,6,5549,4464,-18.6691833493122,-19.1847988623362
"Conservancy","Conservancy_61","Otjikondavirongo","SSP585_2090","Without_Intervention","Omnivore",3,3,37150,17976,-17.5070693939224,-17.5070693939224
"Conservancy","Conservancy_62","Ombujokanguindi","Current","Current","Browser",7,7,161266,128588,0,0
"Conservancy","Conservancy_62","Ombujokanguindi","Current","Current","Carnivore",4,0,,,,
"Conservancy","Conservancy_62","Ombujokanguindi","Current","Current","Grazer",12,12,7365,4558,0,0
"Conservancy","Conservancy_62","Ombujokanguindi","Current","Current","Mixed",6,6,16909,13153,0,0
"Conservancy","Conservancy_62","Ombujokanguindi","Current","Current","Omnivore",3,3,116007,56133,0,0
"Conservancy","Conservancy_62","Ombujokanguindi","SSP245_2050","With_Intervention","Browser",7,7,95049,73500,-41.6838387087078,-40.9784473645223
"Conservancy","Conservancy_62","Ombujokanguindi","SSP245_2050","With_Intervention","Carnivore",4,0,,,,
"Conservancy","Conservancy_62","Ombujokanguindi","SSP245_2050","With_Intervention","Grazer",12,12,19424,13533,202.883033350427,183.772832764742
"Conservancy","Conservancy_62","Ombujokanguindi","SSP245_2050","With_Intervention","Mixed",6,6,25259,19430,41.7361604206696,50.3004889646377
"Conservancy","Conservancy_62","Ombujokanguindi","SSP245_2050","With_Intervention","Omnivore",3,3,120677,58392,4.02508333483572,4.02508333483572
"Conservancy","Conservancy_62","Ombujokanguindi","SSP245_2050","Without_Intervention","Browser",7,7,159531,127384,-1.03648263143461,-1.05157685126561
"Conservancy","Conservancy_62","Ombujokanguindi","SSP245_2050","Without_Intervention","Carnivore",4,0,,,,
"Conservancy","Conservancy_62","Ombujokanguindi","SSP245_2050","Without_Intervention","Grazer",12,12,6984,4338,-5.81676388996545,-5.45660160086196
"Conservancy","Conservancy_62","Ombujokanguindi","SSP245_2050","Without_Intervention","Mixed",6,6,16434,12781,-2.68032767589243,-2.80813067453547
"Conservancy","Conservancy_62","Ombujokanguindi","SSP245_2050","Without_Intervention","Omnivore",3,3,113794,55062,-1.9076764839502,-1.9076764839502
"Conservancy","Conservancy_62","Ombujokanguindi","SSP245_2090","With_Intervention","Browser",7,7,90399,69917,-44.5330282579722,-43.8582263715602
"Conservancy","Conservancy_62","Ombujokanguindi","SSP245_2090","With_Intervention","Carnivore",4,0,,,,
"Conservancy","Conservancy_62","Ombujokanguindi","SSP245_2090","With_Intervention","Grazer",12,12,18355,12785,186.126793529696,168.103803830772
"Conservancy","Conservancy_62","Ombujokanguindi","SSP245_2090","With_Intervention","Mixed",6,6,23902,18387,34.1439031068602,42.219663942228
"Conservancy","Conservancy_62","Ombujokanguindi","SSP245_2090","With_Intervention","Omnivore",3,3,114355,55333,-1.42417730464706,-1.42417730464706
"Conservancy","Conservancy_62","Ombujokanguindi","SSP245_2090","Without_Intervention","Browser",7,7,151621,121077,-5.94107557480463,-5.95841843958697
"Conservancy","Conservancy_62","Ombujokanguindi","SSP245_2090","Without_Intervention","Carnivore",4,0,,,,
"Conservancy","Conservancy_62","Ombujokanguindi","SSP245_2090","Without_Intervention","Grazer",12,12,6588,4095,-11.2918368302191,-10.8866441268129
"Conservancy","Conservancy_62","Ombujokanguindi","SSP245_2090","Without_Intervention","Mixed",6,6,15569,12109,-7.77905484000324,-7.92817933406559
"Conservancy","Conservancy_62","Ombujokanguindi","SSP245_2090","Without_Intervention","Omnivore",3,3,107980,52248,-6.91964532937067,-6.91964532937067
"Conservancy","Conservancy_62","Ombujokanguindi","SSP585_2050","With_Intervention","Browser",7,7,91504,70756,-43.8595199301681,-43.1763564609914
"Conservancy","Conservancy_62","Ombujokanguindi","SSP585_2050","With_Intervention","Carnivore",4,0,,,,
"Conservancy","Conservancy_62","Ombujokanguindi","SSP585_2050","With_Intervention","Grazer",12,12,18706,13032,191.67692299931,173.27256264351
"Conservancy","Conservancy_62","Ombujokanguindi","SSP585_2050","With_Intervention","Mixed",6,6,24323,18709,36.4804761412187,44.7279461147757
"Conservancy","Conservancy_62","Ombujokanguindi","SSP585_2050","With_Intervention","Omnivore",3,3,116194,56223,0.161285568766999,0.161285568767
"Conservancy","Conservancy_62","Ombujokanguindi","SSP585_2050","Without_Intervention","Browser",7,7,153558,122611,-4.74219273000141,-4.75678048669415
"Conservancy","Conservancy_62","Ombujokanguindi","SSP585_2050","Without_Intervention","Carnivore",4,0,,,,
"Conservancy","Conservancy_62","Ombujokanguindi","SSP585_2050","Without_Intervention","Grazer",12,12,6723,4176,-9.33651121804686,-8.98999023706754
"Conservancy","Conservancy_62","Ombujokanguindi","SSP585_2050","Without_Intervention","Mixed",6,6,15819,12303,-6.32172013847052,-6.44564681913498
"Conservancy","Conservancy_62","Ombujokanguindi","SSP585_2050","Without_Intervention","Omnivore",3,3,109534,53000,-5.5801103558071,-5.5801103558071
"Conservancy","Conservancy_62","Ombujokanguindi","SSP585_2090","With_Intervention","Browser",7,7,85352,66015,-47.6292211969628,-46.9927229471377
"Conservancy","Conservancy_62","Ombujokanguindi","SSP585_2090","With_Intervention","Carnivore",4,0,,,,
"Conservancy","Conservancy_62","Ombujokanguindi","SSP585_2090","With_Intervention","Grazer",12,12,17329,12071,170.138604016653,153.122919342517
"Conservancy","Conservancy_62","Ombujokanguindi","SSP585_2090","With_Intervention","Mixed",6,6,22567,17359,26.6502809836656,34.274769515649
"Conservancy","Conservancy_62","Ombujokanguindi","SSP585_2090","With_Intervention","Omnivore",3,3,107968,52243,-6.92974800067323,-6.92974800067323
"Conservancy","Conservancy_62","Ombujokanguindi","SSP585_2090","Without_Intervention","Browser",7,7,143159,114321,-11.1904232809781,-11.2067800496125
"Conservancy","Conservancy_62","Ombujokanguindi","SSP585_2090","Without_Intervention","Carnivore",4,0,,,,
"Conservancy","Conservancy_62","Ombujokanguindi","SSP585_2090","Without_Intervention","Grazer",12,12,6220,3867,-16.241093951321,-15.8586875318877
"Conservancy","Conservancy_62","Ombujokanguindi","SSP585_2090","Without_Intervention","Mixed",6,6,14700,11433,-12.9253832293117,-13.0659618457903
"Conservancy","Conservancy_62","Ombujokanguindi","SSP585_2090","Without_Intervention","Omnivore",3,3,101954,49333,-12.1140087936158,-12.1140087936158
"Conservancy","Conservancy_63","Otuzemba","Current","Current","Browser",7,7,118503,95163,0,0
"Conservancy","Conservancy_63","Otuzemba","Current","Current","Carnivore",4,0,,,,
"Conservancy","Conservancy_63","Otuzemba","Current","Current","Grazer",12,12,5281,3263,0,0
"Conservancy","Conservancy_63","Otuzemba","Current","Current","Mixed",6,6,12357,9582,0,0
"Conservancy","Conservancy_63","Otuzemba","Current","Current","Omnivore",3,3,85190,41221,0,0
"Conservancy","Conservancy_63","Otuzemba","SSP245_2050","With_Intervention","Browser",7,7,63840,49575,-46.7410900770296,-45.8676869330618
"Conservancy","Conservancy_63","Otuzemba","SSP245_2050","With_Intervention","Carnivore",4,0,,,,
"Conservancy","Conservancy_63","Otuzemba","SSP245_2050","With_Intervention","Grazer",12,12,13459,9393,191.613989131574,173.188628143316
"Conservancy","Conservancy_63","Otuzemba","SSP245_2050","With_Intervention","Mixed",6,6,17410,13377,33.6276717673373,41.667586344631
"Conservancy","Conservancy_63","Otuzemba","SSP245_2050","With_Intervention","Omnivore",3,3,82647,39990,-2.98525931287657,-2.98525931287656
"Conservancy","Conservancy_63","Otuzemba","SSP245_2050","Without_Intervention","Browser",7,7,115565,92823,-2.47213606996917,-2.4823784410034
"Conservancy","Conservancy_63","Otuzemba","SSP245_2050","Without_Intervention","Carnivore",4,0,,,,
"Conservancy","Conservancy_63","Otuzemba","SSP245_2050","Without_Intervention","Grazer",12,12,5026,3113,-5.26731854213399,-5.05124491681545
"Conservancy","Conservancy_63","Otuzemba","SSP245_2050","Without_Intervention","Mixed",6,6,11924,9248,-3.41461799719657,-3.5089018210562
"Conservancy","Conservancy_63","Otuzemba","SSP245_2050","Without_Intervention","Omnivore",3,3,82647,39990,-2.98525931287657,-2.98525931287656
"Conservancy","Conservancy_63","Otuzemba","SSP245_2090","With_Intervention","Browser",7,7,61109,47454,-49.0196258211396,-48.1835314163414
"Conservancy","Conservancy_63","Otuzemba","SSP245_2090","With_Intervention","Carnivore",4,0,,,,
"Conservancy","Conservancy_63","Otuzemba","SSP245_2090","With_Intervention","Grazer",12,12,12884,8992,179.153754888475,161.515461123371
"Conservancy","Conservancy_63","Otuzemba","SSP245_2090","With_Intervention","Mixed",6,6,16666,12805,27.9160625407854,35.6125399802786
"Conservancy","Conservancy_63","Otuzemba","SSP245_2090","With_Intervention","Omnivore",3,3,79113,38281,-7.13289169169047,-7.13289169169047
"Conservancy","Conservancy_63","Otuzemba","SSP245_2090","Without_Intervention","Browser",7,7,110705,88922,-6.57314195232326,-6.58431502740058
"Conservancy","Conservancy_63","Otuzemba","SSP245_2090","Without_Intervention","Carnivore",4,0,,,,
"Conservancy","Conservancy_63","Otuzemba","SSP245_2090","Without_Intervention","Grazer",12,12,4798,2972,-9.62231713958019,-9.38660933033951
"Conservancy","Conservancy_63","Otuzemba","SSP245_2090","Without_Intervention","Mixed",6,6,11406,8847,-7.60126535233662,-7.70411656120595
"Conservancy","Conservancy_63","Otuzemba","SSP245_2090","Without_Intervention","Omnivore",3,3,79113,38281,-7.13289169169047,-7.13289169169047
"Conservancy","Conservancy_63","Otuzemba","SSP585_2050","With_Intervention","Browser",7,7,61420,47695,-48.7606413538178,-47.9203479685459
"Conservancy","Conservancy_63","Otuzemba","SSP585_2050","With_Intervention","Carnivore",4,0,,,,
"Conservancy","Conservancy_63","Otuzemba","SSP585_2050","With_Intervention","Grazer",12,12,12948,9037,180.558657286494,162.831781597287
"Conservancy","Conservancy_63","Otuzemba","SSP585_2050","With_Intervention","Mixed",6,6,16750,12870,28.5614285594092,36.2965587614362
"Conservancy","Conservancy_63","Otuzemba","SSP585_2050","With_Intervention","Omnivore",3,3,79513,38474,-6.66354631571239,-6.66354631571239
"Conservancy","Conservancy_63","Otuzemba","SSP585_2050","Without_Intervention","Browser",7,7,111183,89303,-6.17041995016018,-6.18026316672183
"Conservancy","Conservancy_63","Otuzemba","SSP585_2050","Without_Intervention","Carnivore",4,0,,,,
"Conservancy","Conservancy_63","Otuzemba","SSP585_2050","Without_Intervention","Grazer",12,12,4836,2995,-8.85667163064116,-8.64901859013322
"Conservancy","Conservancy_63","Otuzemba","SSP585_2050","Without_Intervention","Mixed",6,6,11472,8898,-7.07617250336532,-7.16678200124506
"Conservancy","Conservancy_63","Otuzemba","SSP585_2050","Without_Intervention","Omnivore",3,3,79513,38474,-6.66354631571239,-6.66354631571239
"Conservancy","Conservancy_63","Otuzemba","SSP585_2090","With_Intervention","Browser",7,7,57844,44918,-51.7434131637716,-50.9519710033218
"Conservancy","Conservancy_63","Otuzemba","SSP585_2090","With_Intervention","Carnivore",4,0,,,,
"Conservancy","Conservancy_63","Otuzemba","SSP585_2090","With_Intervention","Grazer",12,12,12195,8512,164.244198222693,147.547890671787
"Conservancy","Conservancy_63","Otuzemba","SSP585_2090","With_Intervention","Mixed",6,6,15776,12121,21.083467465277,28.3689087953571
"Conservancy","Conservancy_63","Otuzemba","SSP585_2090","With_Intervention","Omnivore",3,3,74887,36236,-12.0936712645914,-12.0936712645914
"Conservancy","Conservancy_63","Otuzemba","SSP585_2090","Without_Intervention","Browser",7,7,104791,84171,-11.5642196192174,-11.5747879188834
"Conservancy","Conservancy_63","Otuzemba","SSP585_2090","Without_Intervention","Carnivore",4,0,,,,
"Conservancy","Conservancy_63","Otuzemba","SSP585_2090","Without_Intervention","Grazer",12,12,4542,2814,-14.4483492692852,-14.2253998355418
"Conservancy","Conservancy_63","Otuzemba","SSP585_2090","Without_Intervention","Mixed",6,6,10797,8374,-12.53669282912,-12.633976915087
"Conservancy","Conservancy_63","Otuzemba","SSP585_2090","Without_Intervention","Omnivore",3,3,74887,36236,-12.0936712645914,-12.0936712645914
"Conservancy","Conservancy_64","Etanga","Current","Current","Browser",7,7,142573,114376,0,0
"Conservancy","Conservancy_64","Etanga","Current","Current","Carnivore",4,0,,,,
"Conservancy","Conservancy_64","Etanga","Current","Current","Grazer",12,12,6982,4274,0,0
"Conservancy","Conservancy_64","Etanga","Current","Current","Mixed",6,6,15501,12014,0,0
"Conservancy","Conservancy_64","Etanga","Current","Current","Omnivore",3,3,104656,50640,0,0
"Conservancy","Conservancy_64","Etanga","SSP245_2050","With_Intervention","Browser",7,7,82170,63963,-42.9574402478387,-42.1332570070958
"Conservancy","Conservancy_64","Etanga","SSP245_2050","With_Intervention","Carnivore",4,0,,,,
"Conservancy","Conservancy_64","Etanga","SSP245_2050","With_Intervention","Grazer",12,12,16350,11399,161.636603620518,148.780223301609
"Conservancy","Conservancy_64","Etanga","SSP245_2050","With_Intervention","Mixed",6,6,21423,16465,31.6274208101619,38.895192348192
"Conservancy","Conservancy_64","Etanga","SSP245_2050","With_Intervention","Omnivore",3,3,103007,49842,-1.57614795874385,-1.57614795874386
"Conservancy","Conservancy_64","Etanga","SSP245_2050","Without_Intervention","Browser",7,7,143556,115290,0.72593531618501,0.679428460061044
"Conservancy","Conservancy_64","Etanga","SSP245_2050","Without_Intervention","Carnivore",4,0,,,,
"Conservancy","Conservancy_64","Etanga","SSP245_2050","Without_Intervention","Grazer",12,12,6342,3921,-10.6727379744834,-9.95743394084582
"Conservancy","Conservancy_64","Etanga","SSP245_2050","Without_Intervention","Mixed",6,6,14913,11565,-3.43101141075545,-3.83029086165841
"Conservancy","Conservancy_64","Etanga","SSP245_2050","Without_Intervention","Omnivore",3,3,103007,49842,-1.57614795874385,-1.57614795874386
"Conservancy","Conservancy_64","Etanga","SSP245_2090","With_Intervention","Browser",7,7,78067,60774,-45.8041557578637,-45.023167032537
"Conservancy","Conservancy_64","Etanga","SSP245_2090","With_Intervention","Carnivore",4,0,,,,
"Conservancy","Conservancy_64","Etanga","SSP245_2090","With_Intervention","Grazer",12,12,15504,10809,148.079133664918,135.895799653559
"Conservancy","Conservancy_64","Etanga","SSP245_2090","With_Intervention","Mixed",6,6,20323,15619,24.8760923202322,31.7633944819862
"Conservancy","Conservancy_64","Etanga","SSP245_2090","With_Intervention","Omnivore",3,3,97760,47303,-6.58922135907708,-6.58922135907708
"Conservancy","Conservancy_64","Etanga","SSP245_2090","Without_Intervention","Browser",7,7,136871,109943,-3.95786424767777,-4.01110683231758
"Conservancy","Conservancy_64","Etanga","SSP245_2090","Without_Intervention","Carnivore",4,0,,,,
"Conservancy","Conservancy_64","Etanga","SSP245_2090","Without_Intervention","Grazer",12,12,5917,3667,-16.9838186645026,-16.1662192001848
"Conservancy","Conservancy_64","Etanga","SSP245_2090","Without_Intervention","Mixed",6,6,14087,10926,-8.707973829977,-9.1652883917205
"Conservancy","Conservancy_64","Etanga","SSP245_2090","Without_Intervention","Omnivore",3,3,97760,47303,-6.58922135907708,-6.58922135907708
"Conservancy","Conservancy_64","Etanga","SSP585_2050","With_Intervention","Browser",7,7,79746,62076,-44.6399911756217,-43.8401058106931
"Conservancy","Conservancy_64","Etanga","SSP585_2050","With_Intervention","Carnivore",4,0,,,,
"Conservancy","Conservancy_64","Etanga","SSP585_2050","With_Intervention","Grazer",12,12,15868,11063,153.922311656886,141.444956831105
"Conservancy","Conservancy_64","Etanga","SSP585_2050","With_Intervention","Mixed",6,6,20791,15979,27.7459956825838,34.7995023064015
"Conservancy","Conservancy_64","Etanga","SSP585_2050","With_Intervention","Omnivore",3,3,99969,48372,-4.47868183333949,-4.47868183333949
"Conservancy","Conservancy_64","Etanga","SSP585_2050","Without_Intervention","Browser",7,7,139321,111889,-2.24534696350168,-2.29046479811284
"Conservancy","Conservancy_64","Etanga","SSP585_2050","Without_Intervention","Carnivore",4,0,,,,
"Conservancy","Conservancy_64","Etanga","SSP585_2050","Without_Intervention","Grazer",12,12,6155,3806,-13.3036212529533,-12.6096787131694
"Conservancy","Conservancy_64","Etanga","SSP585_2050","Without_Intervention","Mixed",6,6,14473,11224,-6.2781551860268,-6.66550894983201
"Conservancy","Conservancy_64","Etanga","SSP585_2050","Without_Intervention","Omnivore",3,3,99969,48372,-4.47868183333949,-4.47868183333949
"Conservancy","Conservancy_64","Etanga","SSP585_2090","With_Intervention","Browser",7,7,75158,58510,-47.8234064322941,-47.07147674679
"Conservancy","Conservancy_64","Etanga","SSP585_2090","With_Intervention","Carnivore",4,0,,,,
"Conservancy","Conservancy_64","Etanga","SSP585_2090","With_Intervention","Grazer",12,12,14927,10407,138.845645324629,127.115643171925
"Conservancy","Conservancy_64","Etanga","SSP585_2090","With_Intervention","Mixed",6,6,19566,15038,20.2268878127733,26.8579189835164
"Conservancy","Conservancy_64","Etanga","SSP585_2090","With_Intervention","Omnivore",3,3,94120,45542,-10.0676275629083,-10.0676275629083
"Conservancy","Conservancy_64","Etanga","SSP585_2090","Without_Intervention","Browser",7,7,131774,105848,-7.53509576728336,-7.58633860088445
"Conservancy","Conservancy_64","Etanga","SSP585_2090","Without_Intervention","Carnivore",4,0,,,,
"Conservancy","Conservancy_64","Etanga","SSP585_2090","Without_Intervention","Grazer",12,12,5697,3530,-20.0718420496783,-19.2849489674555
"Conservancy","Conservancy_64","Etanga","SSP585_2090","Without_Intervention","Mixed",6,6,13562,10519,-12.1068087138246,-12.5469465664984
"Conservancy","Conservancy_64","Etanga","SSP585_2090","Without_Intervention","Omnivore",3,3,94120,45542,-10.0676275629083,-10.0676275629083
"Conservancy","Conservancy_65","Eiseb","Current","Current","Browser",7,7,1069035,858685,0,0
"Conservancy","Conservancy_65","Eiseb","Current","Current","Carnivore",4,0,,,,
"Conservancy","Conservancy_65","Eiseb","Current","Current","Grazer",12,12,46735,28926,0,0
"Conservancy","Conservancy_65","Eiseb","Current","Current","Mixed",6,6,110554,85740,0,0
"Conservancy","Conservancy_65","Eiseb","Current","Current","Omnivore",3,3,765750,370524,0,0
"Conservancy","Conservancy_65","Eiseb","SSP245_2050","With_Intervention","Browser",7,7,468222,357897,-56.9321846821382,-55.891807107045
"Conservancy","Conservancy_65","Eiseb","SSP245_2050","With_Intervention","Carnivore",4,0,,,,
"Conservancy","Conservancy_65","Eiseb","SSP245_2050","With_Intervention","Grazer",12,12,134444,94284,233.878172597282,210.415122546255
"Conservancy","Conservancy_65","Eiseb","SSP245_2050","With_Intervention","Mixed",6,6,163893,125768,39.4886584164234,49.1826315351137
"Conservancy","Conservancy_65","Eiseb","SSP245_2050","With_Intervention","Omnivore",3,3,729895,353175,-4.68233694393037,-4.68233694393037
"Conservancy","Conservancy_65","Eiseb","SSP245_2050","Without_Intervention","Browser",7,7,1023708,822357,-4.23652420580569,-4.23604723563578
"Conservancy","Conservancy_65","Eiseb","SSP245_2050","Without_Intervention","Carnivore",4,0,,,,
"Conservancy","Conservancy_65","Eiseb","SSP245_2050","Without_Intervention","Grazer",12,12,43883,27217,-6.45854721353975,-6.27849955874126
"Conservancy","Conservancy_65","Eiseb","SSP245_2050","Without_Intervention","Mixed",6,6,104982,81431,-4.97148189370711,-5.04808446421055
"Conservancy","Conservancy_65","Eiseb","SSP245_2050","Without_Intervention","Omnivore",3,3,729895,353175,-4.68233694393037,-4.68233694393037
"Conservancy","Conservancy_65","Eiseb","SSP245_2090","With_Intervention","Browser",7,7,453280,346483,-58.3062933476367,-57.2995376895629
"Conservancy","Conservancy_65","Eiseb","SSP245_2090","With_Intervention","Carnivore",4,0,,,,
"Conservancy","Conservancy_65","Eiseb","SSP245_2090","With_Intervention","Grazer",12,12,130107,91242,223.105832895314,200.401047469547
"Conservancy","Conservancy_65","Eiseb","SSP245_2090","With_Intervention","Mixed",6,6,158616,121718,34.9984803184799,44.3791690830788
"Conservancy","Conservancy_65","Eiseb","SSP245_2090","With_Intervention","Omnivore",3,3,706442,341827,-7.74503278638653,-7.74503278638653
"Conservancy","Conservancy_65","Eiseb","SSP245_2090","Without_Intervention","Browser",7,7,991326,796360,-7.26505266924506,-7.26555069549006
"Conservancy","Conservancy_65","Eiseb","SSP245_2090","Without_Intervention","Carnivore",4,0,,,,
"Conservancy","Conservancy_65","Eiseb","SSP245_2090","Without_Intervention","Grazer",12,12,42390,26298,-9.6853352736272,-9.4893157853395
"Conservancy","Conservancy_65","Eiseb","SSP245_2090","Without_Intervention","Mixed",6,6,101554,78774,-8.06580052839657,-8.14893289841584
"Conservancy","Conservancy_65","Eiseb","SSP245_2090","Without_Intervention","Omnivore",3,3,706442,341827,-7.74503278638653,-7.74503278638653
"Conservancy","Conservancy_65","Eiseb","SSP585_2050","With_Intervention","Browser",7,7,453685,346785,-58.26930289626,-57.2612159603027
"Conservancy","Conservancy_65","Eiseb","SSP585_2050","With_Intervention","Carnivore",4,0,,,,
"Conservancy","Conservancy_65","Eiseb","SSP585_2050","With_Intervention","Grazer",12,12,130271,91357,223.515052588474,200.780234959795
"Conservancy","Conservancy_65","Eiseb","SSP585_2050","With_Intervention","Mixed",6,6,158806,121864,35.158886456517,44.5519837175369
"Conservancy","Conservancy_65","Eiseb","SSP585_2050","With_Intervention","Omnivore",3,3,707238,342212,-7.64115517877325,-7.64115517877325
"Conservancy","Conservancy_65","Eiseb","SSP585_2050","Without_Intervention","Browser",7,7,991931,796829,-7.20918990752079,-7.20872757110767
"Conservancy","Conservancy_65","Eiseb","SSP585_2050","Without_Intervention","Carnivore",4,0,,,,
"Conservancy","Conservancy_65","Eiseb","SSP585_2050","Without_Intervention","Grazer",12,12,42521,26372,-9.3621892556644,-9.18773448219956
"Conservancy","Conservancy_65","Eiseb","SSP585_2050","Without_Intervention","Mixed",6,6,101723,78903,-7.92131724925226,-7.99554033578413
"Conservancy","Conservancy_65","Eiseb","SSP585_2050","Without_Intervention","Omnivore",3,3,707238,342212,-7.64115517877325,-7.64115517877325
"Conservancy","Conservancy_65","Eiseb","SSP585_2090","With_Intervention","Browser",7,7,424857,324757,-60.9206849000051,-59.9770460749573
"Conservancy","Conservancy_65","Eiseb","SSP585_2090","With_Intervention","Carnivore",4,0,,,,
"Conservancy","Conservancy_65","Eiseb","SSP585_2090","With_Intervention","Grazer",12,12,121950,85522,202.848789664107,181.567441902461
"Conservancy","Conservancy_65","Eiseb","SSP585_2090","With_Intervention","Mixed",6,6,148671,114087,26.5345056432565,35.3270881913238
"Conservancy","Conservancy_65","Eiseb","SSP585_2090","With_Intervention","Omnivore",3,3,662150,320395,-13.5292758142551,-13.5292758142551
"Conservancy","Conservancy_65","Eiseb","SSP585_2090","Without_Intervention","Browser",7,7,929171,746430,-13.0794125214077,-13.0798788706241
"Conservancy","Conservancy_65","Eiseb","SSP585_2090","Without_Intervention","Carnivore",4,0,,,,
"Conservancy","Conservancy_65","Eiseb","SSP585_2090","Without_Intervention","Grazer",12,12,39732,24649,-15.3478202865803,-15.1641011528945
"Conservancy","Conservancy_65","Eiseb","SSP585_2090","Without_Intervention","Mixed",6,6,95187,73835,-13.8299126663486,-13.9078285353637
"Conservancy","Conservancy_65","Eiseb","SSP585_2090","Without_Intervention","Omnivore",3,3,662150,320395,-13.5292758142551,-13.5292758142551
"Conservancy","Conservancy_66","Otjambangu","Current","Current","Browser",7,7,53803,43126,0,0
"Conservancy","Conservancy_66","Otjambangu","Current","Current","Carnivore",4,0,,,,
"Conservancy","Conservancy_66","Otjambangu","Current","Current","Grazer",12,12,2359,1462,0,0
"Conservancy","Conservancy_66","Otjambangu","Current","Current","Mixed",6,6,5563,4318,0,0
"Conservancy","Conservancy_66","Otjambangu","Current","Current","Omnivore",3,3,38492,18625,0,0
"Conservancy","Conservancy_66","Otjambangu","SSP245_2050","With_Intervention","Browser",7,7,30737,23918,-43.4524491491038,-42.7649979653345
"Conservancy","Conservancy_66","Otjambangu","SSP245_2050","With_Intervention","Carnivore",4,0,,,,
"Conservancy","Conservancy_66","Otjambangu","SSP245_2050","With_Intervention","Grazer",12,12,6053,4219,195.22573114342,175.709808410268
"Conservancy","Conservancy_66","Otjambangu","SSP245_2050","With_Intervention","Mixed",6,6,7948,6110,35.6490283320401,43.6942788578599
"Conservancy","Conservancy_66","Otjambangu","SSP245_2050","With_Intervention","Omnivore",3,3,38303,18534,-0.490499593730536,-0.490499593730535
"Conservancy","Conservancy_66","Otjambangu","SSP245_2050","Without_Intervention","Browser",7,7,53573,43011,-0.384686217437802,-0.391106097863996
"Conservancy","Conservancy_66","Otjambangu","SSP245_2050","Without_Intervention","Carnivore",4,0,,,,
"Conservancy","Conservancy_66","Otjambangu","SSP245_2050","Without_Intervention","Grazer",12,12,2286,1419,-3.44609754968107,-3.21500025621767
"Conservancy","Conservancy_66","Otjambangu","SSP245_2050","Without_Intervention","Mixed",6,6,5480,4252,-1.417383313157,-1.46690062105716
"Conservancy","Conservancy_66","Otjambangu","SSP245_2050","Without_Intervention","Omnivore",3,3,38143,18457,-0.905563492497517,-0.905563492497517
"Conservancy","Conservancy_66","Otjambangu","SSP245_2090","With_Intervention","Browser",7,7,29256,22775,-46.1712277292609,-45.5541850891311
"Conservancy","Conservancy_66","Otjambangu","SSP245_2090","With_Intervention","Carnivore",4,0,,,,
"Conservancy","Conservancy_66","Otjambangu","SSP245_2090","With_Intervention","Grazer",12,12,5744,4003,180.118814013934,161.613762175105
"Conservancy","Conservancy_66","Otjambangu","SSP245_2090","With_Intervention","Mixed",6,6,7548,5802,28.822692214162,36.4561379237913
"Conservancy","Conservancy_66","Otjambangu","SSP245_2090","With_Intervention","Omnivore",3,3,36400,17613,-5.43589370540862,-5.43589370540862
"Conservancy","Conservancy_66","Otjambangu","SSP245_2090","Without_Intervention","Browser",7,7,51048,40996,-5.07172008944259,-5.07706730038775
"Conservancy","Conservancy_66","Otjambangu","SSP245_2090","Without_Intervention","Carnivore",4,0,,,,
"Conservancy","Conservancy_66","Otjambangu","SSP245_2090","Without_Intervention","Grazer",12,12,2177,1351,-8.01670773776323,-7.79788120636865
"Conservancy","Conservancy_66","Otjambangu","SSP245_2090","Without_Intervention","Mixed",6,6,5222,4051,-6.06842297806367,-6.10633441815732
"Conservancy","Conservancy_66","Otjambangu","SSP245_2090","Without_Intervention","Omnivore",3,3,36349,17588,-5.56732276588458,-5.56732276588458
"Conservancy","Conservancy_66","Otjambangu","SSP585_2050","With_Intervention","Browser",7,7,29555,22998,-45.6283086148427,-44.9672718514181
"Conservancy","Conservancy_66","Otjambangu","SSP585_2050","With_Intervention","Carnivore",4,0,,,,
"Conservancy","Conservancy_66","Otjambangu","SSP585_2050","With_Intervention","Grazer",12,12,5820,4056,183.864389320161,165.099535495606
"Conservancy","Conservancy_66","Otjambangu","SSP585_2050","With_Intervention","Mixed",6,6,7642,5875,30.4289665709059,38.1645902513556
"Conservancy","Conservancy_66","Otjambangu","SSP585_2050","With_Intervention","Omnivore",3,3,36829,17821,-4.3197450764732,-4.3197450764732
"Conservancy","Conservancy_66","Otjambangu","SSP585_2050","Without_Intervention","Browser",7,7,51511,41356,-4.21800636019038,-4.22417974362972
"Conservancy","Conservancy_66","Otjambangu","SSP585_2050","Without_Intervention","Carnivore",4,0,,,,
"Conservancy","Conservancy_66","Otjambangu","SSP585_2050","Without_Intervention","Grazer",12,12,2198,1364,-7.16159116957397,-6.93938579145279
"Conservancy","Conservancy_66","Otjambangu","SSP585_2050","Without_Intervention","Mixed",6,6,5269,4089,-5.2109550419663,-5.25857345838694
"Conservancy","Conservancy_66","Otjambangu","SSP585_2050","Without_Intervention","Omnivore",3,3,36676,17746,-4.71884018034123,-4.71884018034123
"Conservancy","Conservancy_66","Otjambangu","SSP585_2090","With_Intervention","Browser",7,7,27403,21332,-49.5820006605133,-49.0036327571156
"Conservancy","Conservancy_66","Otjambangu","SSP585_2090","With_Intervention","Carnivore",4,0,,,,
"Conservancy","Conservancy_66","Otjambangu","SSP585_2090","With_Intervention","Grazer",12,12,5380,3750,162.385116168231,145.051355788966
"Conservancy","Conservancy_66","Otjambangu","SSP585_2090","With_Intervention","Mixed",6,6,7070,5434,20.6652346717145,27.8154616811767
"Conservancy","Conservancy_66","Otjambangu","SSP585_2090","With_Intervention","Omnivore",3,3,34094,16497,-11.425026563359,-11.425026563359
"Conservancy","Conservancy_66","Otjambangu","SSP585_2090","Without_Intervention","Browser",7,7,47815,38399,-11.084732690358,-11.0897468480378
"Conservancy","Conservancy_66","Otjambangu","SSP585_2090","Without_Intervention","Carnivore",4,0,,,,
"Conservancy","Conservancy_66","Otjambangu","SSP585_2090","Without_Intervention","Grazer",12,12,2039,1266,-13.8429742695469,-13.6379985479651
"Conservancy","Conservancy_66","Otjambangu","SSP585_2090","Without_Intervention","Mixed",6,6,4891,3795,-12.0182093309504,-12.0537874108559
"Conservancy","Conservancy_66","Otjambangu","SSP585_2090","Without_Intervention","Omnivore",3,3,34047,16474,-11.5489481843934,-11.5489481843934
"Conservancy","Conservancy_67","Sikunga","Current","Current","Browser",7,7,16668,14653,0,0
"Conservancy","Conservancy_67","Sikunga","Current","Current","Carnivore",4,0,,,,
"Conservancy","Conservancy_67","Sikunga","Current","Current","Grazer",12,12,4780,2616,0,0
"Conservancy","Conservancy_67","Sikunga","Current","Current","Mixed",6,6,3810,2608,0,0
"Conservancy","Conservancy_67","Sikunga","Current","Current","Omnivore",3,3,32708,15826,0,0
"Conservancy","Conservancy_67","Sikunga","SSP245_2050","With_Intervention","Browser",7,7,14952,12427,-8.44711756196824,-11.2353826421413
"Conservancy","Conservancy_67","Sikunga","SSP245_2050","With_Intervention","Carnivore",4,0,,,,
"Conservancy","Conservancy_67","Sikunga","SSP245_2050","With_Intervention","Grazer",12,12,4578,2476,-5.65530581555092,-5.3363352020507
"Conservancy","Conservancy_67","Sikunga","SSP245_2050","With_Intervention","Mixed",6,6,3502,2359,-9.03557211690966,-7.64969705252195
"Conservancy","Conservancy_67","Sikunga","SSP245_2050","With_Intervention","Omnivore",3,3,31389,15188,-4.03145032636098,-4.03145032636099
"Conservancy","Conservancy_67","Sikunga","SSP245_2050","Without_Intervention","Browser",7,7,15911,13898,-4.5826687326037,-4.53656157461916
"Conservancy","Conservancy_67","Sikunga","SSP245_2050","Without_Intervention","Carnivore",4,0,,,,
"Conservancy","Conservancy_67","Sikunga","SSP245_2050","Without_Intervention","Grazer",12,12,4594,2479,-5.08175277029163,-5.22061026712943
"Conservancy","Conservancy_67","Sikunga","SSP245_2050","Without_Intervention","Mixed",6,6,3560,2418,-6.88694545398647,-6.37661840409684
"Conservancy","Conservancy_67","Sikunga","SSP245_2050","Without_Intervention","Omnivore",3,3,31520,15251,-3.63317031521147,-3.63317031521147
"Conservancy","Conservancy_67","Sikunga","SSP245_2090","With_Intervention","Browser",7,7,14796,12285,-9.45511610646667,-12.1146510887723
"Conservancy","Conservancy_67","Sikunga","SSP245_2090","With_Intervention","Carnivore",4,0,,,,
"Conservancy","Conservancy_67","Sikunga","SSP245_2090","With_Intervention","Grazer",12,12,4564,2465,-6.05995769713557,-5.76436466441252
"Conservancy","Conservancy_67","Sikunga","SSP245_2090","With_Intervention","Mixed",6,6,3474,2338,-9.826342713683,-8.38293051502737
"Conservancy","Conservancy_67","Sikunga","SSP245_2090","With_Intervention","Omnivore",3,3,31217,15105,-4.55930674307889,-4.55930674307889
"Conservancy","Conservancy_67","Sikunga","SSP245_2090","Without_Intervention","Browser",7,7,15842,13832,-5.01574999483552,-5.00810199127586
"Conservancy","Conservancy_67","Sikunga","SSP245_2090","Without_Intervention","Carnivore",4,0,,,,
"Conservancy","Conservancy_67","Sikunga","SSP245_2090","Without_Intervention","Grazer",12,12,4557,2451,-6.11896472891893,-6.29607858810068
"Conservancy","Conservancy_67","Sikunga","SSP245_2090","Without_Intervention","Mixed",6,6,3513,2383,-8.16309821762797,-7.56548846465142
"Conservancy","Conservancy_67","Sikunga","SSP245_2090","Without_Intervention","Omnivore",3,3,31340,15164,-4.18322609523425,-4.18322609523426
"Conservancy","Conservancy_67","Sikunga","SSP585_2050","With_Intervention","Browser",7,7,15102,12551,-7.52844515177926,-10.3456708520264
"Conservancy","Conservancy_67","Sikunga","SSP585_2050","With_Intervention","Carnivore",4,0,,,,
"Conservancy","Conservancy_67","Sikunga","SSP585_2050","With_Intervention","Grazer",12,12,4625,2501,-4.69200437731653,-4.36966794196542
"Conservancy","Conservancy_67","Sikunga","SSP585_2050","With_Intervention","Mixed",6,6,3538,2383,-8.11474419013079,-6.71308366897644
"Conservancy","Conservancy_67","Sikunga","SSP585_2050","With_Intervention","Omnivore",3,3,31709,15343,-3.05514573308209,-3.05514573308209
"Conservancy","Conservancy_67","Sikunga","SSP585_2050","Without_Intervention","Browser",7,7,16069,14035,-3.62847359643727,-3.57621019292187
"Conservancy","Conservancy_67","Sikunga","SSP585_2050","Without_Intervention","Carnivore",4,0,,,,
"Conservancy","Conservancy_67","Sikunga","SSP585_2050","Without_Intervention","Grazer",12,12,4641,2504,-4.1118343130022,-4.25163414872786
"Conservancy","Conservancy_67","Sikunga","SSP585_2050","Without_Intervention","Mixed",6,6,3596,2443,-5.94485888916591,-5.42709431088502
"Conservancy","Conservancy_67","Sikunga","SSP585_2050","Without_Intervention","Omnivore",3,3,31840,15407,-2.65305207564558,-2.65305207564558
"Conservancy","Conservancy_67","Sikunga","SSP585_2090","With_Intervention","Browser",7,7,14056,11670,-13.9808623095145,-16.5086035780145
"Conservancy","Conservancy_67","Sikunga","SSP585_2090","With_Intervention","Carnivore",4,0,,,,
"Conservancy","Conservancy_67","Sikunga","SSP585_2090","With_Intervention","Grazer",12,12,4337,2342,-10.7392935800698,-10.4582901106728
"Conservancy","Conservancy_67","Sikunga","SSP585_2090","With_Intervention","Mixed",6,6,3301,2221,-14.3257789317378,-12.9526370478534
"Conservancy","Conservancy_67","Sikunga","SSP585_2090","With_Intervention","Omnivore",3,3,29661,14352,-9.31673868536594,-9.31673868536594
"Conservancy","Conservancy_67","Sikunga","SSP585_2090","Without_Intervention","Browser",7,7,15049,13139,-9.76588035934531,-9.7530715262044
"Conservancy","Conservancy_67","Sikunga","SSP585_2090","Without_Intervention","Carnivore",4,0,,,,
"Conservancy","Conservancy_67","Sikunga","SSP585_2090","Without_Intervention","Grazer",12,12,4330,2329,-10.7949038958665,-10.962745449344
"Conservancy","Conservancy_67","Sikunga","SSP585_2090","Without_Intervention","Mixed",6,6,3338,2264,-12.7461372393089,-12.1761397301557
"Conservancy","Conservancy_67","Sikunga","SSP585_2090","Without_Intervention","Omnivore",3,3,29777,14408,-8.9596197276804,-8.9596197276804
"Conservancy","Conservancy_68","Okongo","Current","Current","Browser",7,7,206258,175582,0,0
"Conservancy","Conservancy_68","Okongo","Current","Current","Carnivore",4,0,,,,
"Conservancy","Conservancy_68","Okongo","Current","Current","Grazer",12,12,8751,5383,0,0
"Conservancy","Conservancy_68","Okongo","Current","Current","Mixed",6,6,21228,16313,0,0
"Conservancy","Conservancy_68","Okongo","Current","Current","Omnivore",3,3,153072,74067,0,0
"Conservancy","Conservancy_68","Okongo","SSP245_2050","With_Intervention","Browser",7,7,154714,139114,-23.5894381105207,-25.5046956811938
"Conservancy","Conservancy_68","Okongo","SSP245_2050","With_Intervention","Carnivore",4,0,,,,
"Conservancy","Conservancy_68","Okongo","SSP245_2050","With_Intervention","Grazer",12,12,14456,9950,81.7596484448257,73.6386839766491
"Conservancy","Conservancy_68","Okongo","SSP245_2050","With_Intervention","Mixed",6,6,24048,18318,10.0282417178941,13.7608618164038
"Conservancy","Conservancy_68","Okongo","SSP245_2050","With_Intervention","Omnivore",3,3,145157,70237,-5.17079142765371,-5.1707914276537
"Conservancy","Conservancy_68","Okongo","SSP245_2050","Without_Intervention","Browser",7,7,202688,168087,-2.57007787947701,-1.436911646965
"Conservancy","Conservancy_68","Okongo","SSP245_2050","Without_Intervention","Carnivore",4,0,,,,
"Conservancy","Conservancy_68","Okongo","SSP245_2050","Without_Intervention","Grazer",12,12,8476,5244,-4.20359215821731,-3.79438495598504
"Conservancy","Conservancy_68","Okongo","SSP245_2050","Without_Intervention","Mixed",6,6,20655,15944,-2.51625846993722,-2.85396292563323
"Conservancy","Conservancy_68","Okongo","SSP245_2050","Without_Intervention","Omnivore",3,3,146557,70915,-4.25614460736837,-4.25614460736837
"Conservancy","Conservancy_68","Okongo","SSP245_2090","With_Intervention","Browser",7,7,151135,134891,-25.5468845928555,-27.1576746663451
"Conservancy","Conservancy_68","Okongo","SSP245_2090","With_Intervention","Carnivore",4,0,,,,
"Conservancy","Conservancy_68","Okongo","SSP245_2090","With_Intervention","Grazer",12,12,14302,9841,79.7952209270586,71.7522629408828
"Conservancy","Conservancy_68","Okongo","SSP245_2090","With_Intervention","Mixed",6,6,23658,18037,8.2239125091087,11.8888198763629
"Conservancy","Conservancy_68","Okongo","SSP245_2090","With_Intervention","Omnivore",3,3,141866,68645,-7.32041907614472,-7.32041907614472
"Conservancy","Conservancy_68","Okongo","SSP245_2090","Without_Intervention","Browser",7,7,199041,163919,-4.53909447719629,-3.1321762604282
"Conservancy","Conservancy_68","Okongo","SSP245_2090","Without_Intervention","Carnivore",4,0,,,,
"Conservancy","Conservancy_68","Okongo","SSP245_2090","Without_Intervention","Grazer",12,12,8340,5165,-5.89900733515109,-5.43976228296478
"Conservancy","Conservancy_68","Okongo","SSP245_2090","Without_Intervention","Mixed",6,6,20281,15673,-4.25480723707994,-4.64724886562191
"Conservancy","Conservancy_68","Okongo","SSP245_2090","Without_Intervention","Omnivore",3,3,143267,69323,-6.40537990466524,-6.40537990466524
"Conservancy","Conservancy_68","Okongo","SSP585_2050","With_Intervention","Browser",7,7,150196,135058,-25.8196400433798,-27.6803550048424
"Conservancy","Conservancy_68","Okongo","SSP585_2050","With_Intervention","Carnivore",4,0,,,,
"Conservancy","Conservancy_68","Okongo","SSP585_2050","With_Intervention","Grazer",12,12,14032,9658,76.4354071651055,68.5525178869151
"Conservancy","Conservancy_68","Okongo","SSP585_2050","With_Intervention","Mixed",6,6,23344,17782,6.8098468234839,10.4331921212052
"Conservancy","Conservancy_68","Okongo","SSP585_2050","With_Intervention","Omnivore",3,3,140916,68185,-7.94143921766102,-7.94143921766102
"Conservancy","Conservancy_68","Okongo","SSP585_2050","Without_Intervention","Browser",7,7,196764,163181,-5.41641714038337,-4.31793938767833
"Conservancy","Conservancy_68","Okongo","SSP585_2050","Without_Intervention","Carnivore",4,0,,,,
"Conservancy","Conservancy_68","Okongo","SSP585_2050","Without_Intervention","Grazer",12,12,8228,5091,-7.00656629062976,-6.60939923885493
"Conservancy","Conservancy_68","Okongo","SSP585_2050","Without_Intervention","Mixed",6,6,20051,15478,-5.36639926882761,-5.69405314772467
"Conservancy","Conservancy_68","Okongo","SSP585_2050","Without_Intervention","Omnivore",3,3,142275,68843,-7.05353827927542,-7.05353827927542
"Conservancy","Conservancy_68","Okongo","SSP585_2090","With_Intervention","Browser",7,7,143356,127947,-29.3792359860933,-30.9068697163334
"Conservancy","Conservancy_68","Okongo","SSP585_2090","With_Intervention","Carnivore",4,0,,,,
"Conservancy","Conservancy_68","Okongo","SSP585_2090","With_Intervention","Grazer",12,12,13566,9335,70.5416779277263,62.9126986543898
"Conservancy","Conservancy_68","Okongo","SSP585_2090","With_Intervention","Mixed",6,6,22441,17108,2.65375618452909,6.13000208876535
"Conservancy","Conservancy_68","Okongo","SSP585_2090","With_Intervention","Omnivore",3,3,134564,65112,-12.0908685065156,-12.0908685065155
"Conservancy","Conservancy_68","Okongo","SSP585_2090","Without_Intervention","Browser",7,7,188796,155481,-9.45273813142481,-8.11809651706847
"Conservancy","Conservancy_68","Okongo","SSP585_2090","Without_Intervention","Carnivore",4,0,,,,
"Conservancy","Conservancy_68","Okongo","SSP585_2090","Without_Intervention","Grazer",12,12,7911,4899,-10.742257826319,-10.3066440807474
"Conservancy","Conservancy_68","Okongo","SSP585_2090","Without_Intervention","Mixed",6,6,19237,14867,-9.18288256648191,-9.55514191158629
"Conservancy","Conservancy_68","Okongo","SSP585_2090","Without_Intervention","Omnivore",3,3,135893,65755,-11.2229613138417,-11.2229613138417
"Conservancy","Conservancy_69","Okatjandja Kozomenje","Current","Current","Browser",7,7,102810,82492,0,0
"Conservancy","Conservancy_69","Okatjandja Kozomenje","Current","Current","Carnivore",4,0,,,,
"Conservancy","Conservancy_69","Okatjandja Kozomenje","Current","Current","Grazer",12,12,4748,2924,0,0
"Conservancy","Conservancy_69","Okatjandja Kozomenje","Current","Current","Mixed",6,6,10884,8440,0,0
"Conservancy","Conservancy_69","Okatjandja Kozomenje","Current","Current","Omnivore",3,3,74556,36076,0,0
"Conservancy","Conservancy_69","Okatjandja Kozomenje","SSP245_2050","With_Intervention","Browser",7,7,58356,45427,-43.8256303693726,-43.0496155621268
"Conservancy","Conservancy_69","Okatjandja Kozomenje","SSP245_2050","With_Intervention","Carnivore",4,0,,,,
"Conservancy","Conservancy_69","Okatjandja Kozomenje","SSP245_2050","With_Intervention","Grazer",12,12,11580,8073,176.303974164855,160.497989811247
"Conservancy","Conservancy_69","Okatjandja Kozomenje","SSP245_2050","With_Intervention","Mixed",6,6,15182,11668,32.6274014599202,40.2244363260086
"Conservancy","Conservancy_69","Okatjandja Kozomenje","SSP245_2050","With_Intervention","Omnivore",3,3,73042,35343,-2.03087063946418,-2.03087063946418
"Conservancy","Conservancy_69","Okatjandja Kozomenje","SSP245_2050","Without_Intervention","Browser",7,7,102112,82013,-0.650107932333844,-0.669301184540221
"Conservancy","Conservancy_69","Okatjandja Kozomenje","SSP245_2050","Without_Intervention","Carnivore",4,0,,,,
"Conservancy","Conservancy_69","Okatjandja Kozomenje","SSP245_2050","Without_Intervention","Grazer",12,12,4439,2749,-7.45229067865977,-6.96854991025446
"Conservancy","Conservancy_69","Okatjandja Kozomenje","SSP245_2050","Without_Intervention","Mixed",6,6,10534,8170,-3.01539167274147,-3.23330369725022
"Conservancy","Conservancy_69","Okatjandja Kozomenje","SSP245_2050","Without_Intervention","Omnivore",3,3,73016,35330,-2.0668022535474,-2.0668022535474
"Conservancy","Conservancy_69","Okatjandja Kozomenje","SSP245_2090","With_Intervention","Browser",7,7,55802,43455,-46.2778663259461,-45.55367150273
"Conservancy","Conservancy_69","Okatjandja Kozomenje","SSP245_2090","With_Intervention","Carnivore",4,0,,,,
"Conservancy","Conservancy_69","Okatjandja Kozomenje","SSP245_2090","With_Intervention","Grazer",12,12,10998,7667,162.370961757789,147.388856807316
"Conservancy","Conservancy_69","Okatjandja Kozomenje","SSP245_2090","With_Intervention","Mixed",6,6,14442,11100,26.1872386653963,33.3898856588421
"Conservancy","Conservancy_69","Okatjandja Kozomenje","SSP245_2090","With_Intervention","Omnivore",3,3,69589,33672,-6.66246370017798,-6.66246370017798
"Conservancy","Conservancy_69","Okatjandja Kozomenje","SSP245_2090","Without_Intervention","Browser",7,7,97587,78392,-5.04731601095185,-5.07073830586036
"Conservancy","Conservancy_69","Okatjandja Kozomenje","SSP245_2090","Without_Intervention","Carnivore",4,0,,,,
"Conservancy","Conservancy_69","Okatjandja Kozomenje","SSP245_2090","Without_Intervention","Grazer",12,12,4186,2596,-12.9288220533844,-12.3679970704061
"Conservancy","Conservancy_69","Okatjandja Kozomenje","SSP245_2090","Without_Intervention","Mixed",6,6,10011,7765,-7.78805657896547,-8.04156579468171
"Conservancy","Conservancy_69","Okatjandja Kozomenje","SSP245_2090","Without_Intervention","Omnivore",3,3,69589,33672,-6.66246370017798,-6.66246370017798
"Conservancy","Conservancy_69","Okatjandja Kozomenje","SSP585_2050","With_Intervention","Browser",7,7,56186,43738,-45.9146979743753,-45.1675005735574
"Conservancy","Conservancy_69","Okatjandja Kozomenje","SSP585_2050","With_Intervention","Carnivore",4,0,,,,
"Conservancy","Conservancy_69","Okatjandja Kozomenje","SSP585_2050","With_Intervention","Grazer",12,12,11150,7773,166.038325462717,150.819445132914
"Conservancy","Conservancy_69","Okatjandja Kozomenje","SSP585_2050","With_Intervention","Mixed",6,6,14618,11235,27.6985324760421,35.0133789866342
"Conservancy","Conservancy_69","Okatjandja Kozomenje","SSP585_2050","With_Intervention","Omnivore",3,3,70327,34029,-5.67237662017098,-5.67237662017098
"Conservancy","Conservancy_69","Okatjandja Kozomenje","SSP585_2050","Without_Intervention","Browser",7,7,98317,78964,-4.34302335194922,-4.36150178907304
"Conservancy","Conservancy_69","Okatjandja Kozomenje","SSP585_2050","Without_Intervention","Carnivore",4,0,,,,
"Conservancy","Conservancy_69","Okatjandja Kozomenje","SSP585_2050","Without_Intervention","Grazer",12,12,4274,2647,-10.8919809476741,-10.4262484484784
"Conservancy","Conservancy_69","Okatjandja Kozomenje","SSP585_2050","Without_Intervention","Mixed",6,6,10142,7866,-6.62025446020919,-6.83005421356299
"Conservancy","Conservancy_69","Okatjandja Kozomenje","SSP585_2050","Without_Intervention","Omnivore",3,3,70302,34017,-5.70698576706666,-5.70698576706667
"Conservancy","Conservancy_69","Okatjandja Kozomenje","SSP585_2090","With_Intervention","Browser",7,7,53057,41317,-48.9203977132249,-48.2317959605095
"Conservancy","Conservancy_69","Okatjandja Kozomenje","SSP585_2090","With_Intervention","Carnivore",4,0,,,,
"Conservancy","Conservancy_69","Okatjandja Kozomenje","SSP585_2090","With_Intervention","Grazer",12,12,10458,7290,149.472874980326,135.227174016555
"Conservancy","Conservancy_69","Okatjandja Kozomenje","SSP585_2090","With_Intervention","Mixed",6,6,13732,10554,19.9828857699796,26.8315062179569
"Conservancy","Conservancy_69","Okatjandja Kozomenje","SSP585_2090","With_Intervention","Omnivore",3,3,66167,32016,-11.252178097582,-11.252178097582
"Conservancy","Conservancy_69","Okatjandja Kozomenje","SSP585_2090","Without_Intervention","Browser",7,7,92789,74538,-9.716351405193,-9.73862397696068
"Conservancy","Conservancy_69","Okatjandja Kozomenje","SSP585_2090","Without_Intervention","Carnivore",4,0,,,,
"Conservancy","Conservancy_69","Okatjandja Kozomenje","SSP585_2090","Without_Intervention","Grazer",12,12,3980,2469,-17.2108289677617,-16.6775434708076
"Conservancy","Conservancy_69","Okatjandja Kozomenje","SSP585_2090","Without_Intervention","Mixed",6,6,9518,7383,-12.322505206202,-12.5635668282116
"Conservancy","Conservancy_69","Okatjandja Kozomenje","SSP585_2090","Without_Intervention","Omnivore",3,3,66167,32016,-11.252178097582,-11.252178097582
"Conservancy","Conservancy_7","Bamunu","Current","Current","Browser",7,7,57605,52480,0,0
"Conservancy","Conservancy_7","Bamunu","Current","Current","Carnivore",4,0,,,,
"Conservancy","Conservancy_7","Bamunu","Current","Current","Grazer",12,12,7343,4538,0,0
"Conservancy","Conservancy_7","Bamunu","Current","Current","Mixed",6,6,9401,6982,0,0
"Conservancy","Conservancy_7","Bamunu","Current","Current","Omnivore",3,3,63931,30934,0,0
"Conservancy","Conservancy_7","Bamunu","SSP245_2050","With_Intervention","Browser",7,7,51039,46494,-11.4160621103546,-11.4060272822752
"Conservancy","Conservancy_7","Bamunu","SSP245_2050","With_Intervention","Carnivore",4,0,,,,
"Conservancy","Conservancy_7","Bamunu","SSP245_2050","With_Intervention","Grazer",12,12,7467,4634,1.84008662388364,2.11817240553777
"Conservancy","Conservancy_7","Bamunu","SSP245_2050","With_Intervention","Mixed",6,6,9113,6762,-3.57180528395782,-3.01398919603112
"Conservancy","Conservancy_7","Bamunu","SSP245_2050","With_Intervention","Omnivore",3,3,60374,29213,-5.56306190372446,-5.56306190372447
"Conservancy","Conservancy_7","Bamunu","SSP245_2050","Without_Intervention","Browser",7,7,55969,50372,-3.22334718126918,-2.67067151989642
"Conservancy","Conservancy_7","Bamunu","SSP245_2050","Without_Intervention","Carnivore",4,0,,,,
"Conservancy","Conservancy_7","Bamunu","SSP245_2050","Without_Intervention","Grazer",12,12,6704,4078,-8.99062216139148,-10.1362936286543
"Conservancy","Conservancy_7","Bamunu","SSP245_2050","Without_Intervention","Mixed",6,6,8628,6401,-7.92182405299104,-8.19794740904297
"Conservancy","Conservancy_7","Bamunu","SSP245_2050","Without_Intervention","Omnivore",3,3,60406,29229,-5.51398192058036,-5.51398192058035
"Conservancy","Conservancy_7","Bamunu","SSP245_2090","With_Intervention","Browser",7,7,50614,45976,-12.2360944164844,-12.383299026272
"Conservancy","Conservancy_7","Bamunu","SSP245_2090","With_Intervention","Carnivore",4,0,,,,
"Conservancy","Conservancy_7","Bamunu","SSP245_2090","With_Intervention","Grazer",12,12,7410,4588,1.02558903105618,1.11375940553662
"Conservancy","Conservancy_7","Bamunu","SSP245_2090","With_Intervention","Mixed",6,6,9013,6686,-4.62187392627589,-4.07266551345263
"Conservancy","Conservancy_7","Bamunu","SSP245_2090","With_Intervention","Omnivore",3,3,59878,28973,-6.34010839926041,-6.34010839926041
"Conservancy","Conservancy_7","Bamunu","SSP245_2090","Without_Intervention","Browser",7,7,55626,50023,-3.84288793508339,-3.25165566831321
"Conservancy","Conservancy_7","Bamunu","SSP245_2090","Without_Intervention","Carnivore",4,0,,,,
"Conservancy","Conservancy_7","Bamunu","SSP245_2090","Without_Intervention","Grazer",12,12,6617,4011,-10.2312079850451,-11.610866752688
"Conservancy","Conservancy_7","Bamunu","SSP245_2090","Without_Intervention","Mixed",6,6,8504,6305,-9.21666720743532,-9.5104135596899
"Conservancy","Conservancy_7","Bamunu","SSP245_2090","Without_Intervention","Omnivore",3,3,59896,28982,-6.31150087727417,-6.31150087727417
"Conservancy","Conservancy_7","Bamunu","SSP585_2050","With_Intervention","Browser",7,7,50895,46869,-11.3545210236919,-11.70671820286
"Conservancy","Conservancy_7","Bamunu","SSP585_2050","With_Intervention","Carnivore",4,0,,,,
"Conservancy","Conservancy_7","Bamunu","SSP585_2050","With_Intervention","Grazer",12,12,7476,4641,1.98372342623059,2.27815970817025
"Conservancy","Conservancy_7","Bamunu","SSP585_2050","With_Intervention","Mixed",6,6,9115,6755,-3.59792435660886,-2.95663474887824
"Conservancy","Conservancy_7","Bamunu","SSP585_2050","With_Intervention","Omnivore",3,3,60567,29307,-5.26110656590408,-5.26110656590407
"Conservancy","Conservancy_7","Bamunu","SSP585_2050","Without_Intervention","Browser",7,7,56209,50586,-2.80928688817044,-2.25317476841128
"Conservancy","Conservancy_7","Bamunu","SSP585_2050","Without_Intervention","Carnivore",4,0,,,,
"Conservancy","Conservancy_7","Bamunu","SSP585_2050","Without_Intervention","Grazer",12,12,6732,4095,-8.61314430762631,-9.76361510388758
"Conservancy","Conservancy_7","Bamunu","SSP585_2050","Without_Intervention","Mixed",6,6,8665,6428,-7.53398260573094,-7.81202781440275
"Conservancy","Conservancy_7","Bamunu","SSP585_2050","Without_Intervention","Omnivore",3,3,60660,29352,-5.11572293943531,-5.11572293943531
"Conservancy","Conservancy_7","Bamunu","SSP585_2090","With_Intervention","Browser",7,7,47703,43896,-16.9365942925092,-17.2289045846326
"Conservancy","Conservancy_7","Bamunu","SSP585_2090","With_Intervention","Carnivore",4,0,,,,
"Conservancy","Conservancy_7","Bamunu","SSP585_2090","With_Intervention","Grazer",12,12,6977,4320,-4.86911735306622,-4.81319307126072
"Conservancy","Conservancy_7","Bamunu","SSP585_2090","With_Intervention","Mixed",6,6,8487,6286,-10.2172665448173,-9.62634321425114
"Conservancy","Conservancy_7","Bamunu","SSP585_2090","With_Intervention","Omnivore",3,3,56691,27431,-11.3251964727855,-11.3251964727855
"Conservancy","Conservancy_7","Bamunu","SSP585_2090","Without_Intervention","Browser",7,7,52724,47415,-8.85830875178584,-8.29874250790978
"Conservancy","Conservancy_7","Bamunu","SSP585_2090","Without_Intervention","Carnivore",4,0,,,,
"Conservancy","Conservancy_7","Bamunu","SSP585_2090","Without_Intervention","Grazer",12,12,6273,3802,-14.8982861211234,-16.2089640097238
"Conservancy","Conservancy_7","Bamunu","SSP585_2090","Without_Intervention","Mixed",6,6,8061,5976,-13.9479987188917,-14.22537012095
"Conservancy","Conservancy_7","Bamunu","SSP585_2090","Without_Intervention","Omnivore",3,3,56777,27473,-11.1892860915795,-11.1892860915795
"Conservancy","Conservancy_70","Otjombande","Current","Current","Browser",7,7,52706,42339,0,0
"Conservancy","Conservancy_70","Otjombande","Current","Current","Carnivore",4,0,,,,
"Conservancy","Conservancy_70","Otjombande","Current","Current","Grazer",12,12,2318,1434,0,0
"Conservancy","Conservancy_70","Otjombande","Current","Current","Mixed",6,6,5464,4237,0,0
"Conservancy","Conservancy_70","Otjombande","Current","Current","Omnivore",3,3,37804,18292,0,0
"Conservancy","Conservancy_70","Otjombande","SSP245_2050","With_Intervention","Browser",7,7,29309,22816,-44.9854107642614,-44.1608520336821
"Conservancy","Conservancy_70","Otjombande","SSP245_2050","With_Intervention","Carnivore",4,0,,,,
"Conservancy","Conservancy_70","Otjombande","SSP245_2050","With_Intervention","Grazer",12,12,5828,4063,188.23554162886,169.641695742608
"Conservancy","Conservancy_70","Otjombande","SSP245_2050","With_Intervention","Mixed",6,6,7637,5869,32.726882841108,40.5350533994456
"Conservancy","Conservancy_70","Otjombande","SSP245_2050","With_Intervention","Omnivore",3,3,36726,17771,-2.84991293235223,-2.84991293235223
"Conservancy","Conservancy_70","Otjombande","SSP245_2050","Without_Intervention","Browser",7,7,51573,41431,-2.14895643565714,-2.1434129524739
"Conservancy","Conservancy_70","Otjombande","SSP245_2050","Without_Intervention","Carnivore",4,0,,,,
"Conservancy","Conservancy_70","Otjombande","SSP245_2050","Without_Intervention","Grazer",12,12,2198,1364,-5.71992910502041,-5.43313816117864
"Conservancy","Conservancy_70","Otjombande","SSP245_2050","Without_Intervention","Mixed",6,6,5276,4092,-3.33118130476462,-3.4471285492235
"Conservancy","Conservancy_70","Otjombande","SSP245_2050","Without_Intervention","Omnivore",3,3,36726,17771,-2.84991293235223,-2.84991293235223
"Conservancy","Conservancy_70","Otjombande","SSP245_2090","With_Intervention","Browser",7,7,27924,21738,-47.5847816199449,-46.7992422048246
"Conservancy","Conservancy_70","Otjombande","SSP245_2090","With_Intervention","Carnivore",4,0,,,,
"Conservancy","Conservancy_70","Otjombande","SSP245_2090","With_Intervention","Grazer",12,12,5552,3871,174.600115348627,156.886133518582
"Conservancy","Conservancy_70","Otjombande","SSP245_2090","With_Intervention","Mixed",6,6,7276,5592,26.4501532430667,33.888839976453
"Conservancy","Conservancy_70","Otjombande","SSP245_2090","With_Intervention","Omnivore",3,3,34990,16931,-7.44314498568665,-7.44314498568666
"Conservancy","Conservancy_70","Otjombande","SSP245_2090","Without_Intervention","Browser",7,7,49135,39473,-6.77532953853453,-6.77004814986312
"Conservancy","Conservancy_70","Otjombande","SSP245_2090","Without_Intervention","Carnivore",4,0,,,,
"Conservancy","Conservancy_70","Otjombande","SSP245_2090","Without_Intervention","Grazer",12,12,2094,1299,-10.1774675045889,-9.90423596553637
"Conservancy","Conservancy_70","Otjombande","SSP245_2090","Without_Intervention","Mixed",6,6,5026,3899,-7.90165910865733,-8.01212439611731
"Conservancy","Conservancy_70","Otjombande","SSP245_2090","Without_Intervention","Omnivore",3,3,34990,16931,-7.44314498568665,-7.44314498568666
"Conservancy","Conservancy_70","Otjombande","SSP585_2050","With_Intervention","Browser",7,7,28183,21939,-47.0998558895496,-46.3070181164076
"Conservancy","Conservancy_70","Otjombande","SSP585_2050","With_Intervention","Carnivore",4,0,,,,
"Conservancy","Conservancy_70","Otjombande","SSP585_2050","With_Intervention","Grazer",12,12,5603,3907,177.149182301097,159.270634066598
"Conservancy","Conservancy_70","Otjombande","SSP585_2050","With_Intervention","Mixed",6,6,7343,5644,27.622877865715,35.1306713822864
"Conservancy","Conservancy_70","Otjombande","SSP585_2050","With_Intervention","Omnivore",3,3,35314,17088,-6.58529444352646,-6.58529444352646
"Conservancy","Conservancy_70","Otjombande","SSP585_2050","Without_Intervention","Browser",7,7,49590,39838,-5.91128944030835,-5.90595910180892
"Conservancy","Conservancy_70","Otjombande","SSP585_2050","Without_Intervention","Carnivore",4,0,,,,
"Conservancy","Conservancy_70","Otjombande","SSP585_2050","Without_Intervention","Grazer",12,12,2113,1312,-9.34495965644006,-9.06919570826586
"Conservancy","Conservancy_70","Otjombande","SSP585_2050","Without_Intervention","Mixed",6,6,5073,3935,-7.04805824188766,-7.15954736174474
"Conservancy","Conservancy_70","Otjombande","SSP585_2050","Without_Intervention","Omnivore",3,3,35314,17088,-6.58529444352646,-6.58529444352646
"Conservancy","Conservancy_70","Otjombande","SSP585_2090","With_Intervention","Browser",7,7,26451,20591,-50.3510936192436,-49.607055070583
"Conservancy","Conservancy_70","Otjombande","SSP585_2090","With_Intervention","Carnivore",4,0,,,,
"Conservancy","Conservancy_70","Otjombande","SSP585_2090","With_Intervention","Grazer",12,12,5259,3666,160.095755358634,143.317604833004
"Conservancy","Conservancy_70","Otjombande","SSP585_2090","With_Intervention","Mixed",6,6,6892,5297,19.7725692261269,26.8182695756276
"Conservancy","Conservancy_70","Otjombande","SSP585_2090","With_Intervention","Omnivore",3,3,33143,16037,-12.3301448173408,-12.3301448173408
"Conservancy","Conservancy_70","Otjombande","SSP585_2090","Without_Intervention","Browser",7,7,46541,37388,-11.6975900105519,-11.6925874790818
"Conservancy","Conservancy_70","Otjombande","SSP585_2090","Without_Intervention","Carnivore",4,0,,,,
"Conservancy","Conservancy_70","Otjombande","SSP585_2090","Without_Intervention","Grazer",12,12,1983,1231,-14.9200951696705,-14.6612902496419
"Conservancy","Conservancy_70","Otjombande","SSP585_2090","Without_Intervention","Mixed",6,6,4761,3693,-12.7644494050867,-12.8690821278907
"Conservancy","Conservancy_70","Otjombande","SSP585_2090","Without_Intervention","Omnivore",3,3,33143,16037,-12.3301448173408,-12.3301448173408
"Conservancy","Conservancy_71","Sobbe","Current","Current","Browser",7,7,50316,45180,0,0
"Conservancy","Conservancy_71","Sobbe","Current","Current","Carnivore",4,0,,,,
"Conservancy","Conservancy_71","Sobbe","Current","Current","Grazer",12,12,3764,2553,0,0
"Conservancy","Conservancy_71","Sobbe","Current","Current","Mixed",6,6,6820,5191,0,0
"Conservancy","Conservancy_71","Sobbe","Current","Current","Omnivore",3,3,43886,21235,0,0
"Conservancy","Conservancy_71","Sobbe","SSP245_2050","With_Intervention","Browser",7,7,46440,41215,-8.05059317887064,-7.57099306413307
"Conservancy","Conservancy_71","Sobbe","SSP245_2050","With_Intervention","Carnivore",4,0,,,,
"Conservancy","Conservancy_71","Sobbe","SSP245_2050","With_Intervention","Grazer",12,12,3702,2495,-1.92260482378248,-0.945194484220665
"Conservancy","Conservancy_71","Sobbe","SSP245_2050","With_Intervention","Mixed",6,6,6555,5001,-4.10595163980443,-3.94652942356575
"Conservancy","Conservancy_71","Sobbe","SSP245_2050","With_Intervention","Omnivore",3,3,41019,19848,-6.53192166324241,-6.53192166324241
"Conservancy","Conservancy_71","Sobbe","SSP245_2050","Without_Intervention","Browser",7,7,50619,44698,0.0624624155049363,0.798929231847305
"Conservancy","Conservancy_71","Sobbe","SSP245_2050","Without_Intervention","Carnivore",4,0,,,,
"Conservancy","Conservancy_71","Sobbe","SSP245_2050","Without_Intervention","Grazer",12,12,3023,1934,-21.4647275126399,-20.2824592948753
"Conservancy","Conservancy_71","Sobbe","SSP245_2050","Without_Intervention","Mixed",6,6,6114,4669,-9.55135978618043,-10.48657412158
"Conservancy","Conservancy_71","Sobbe","SSP245_2050","Without_Intervention","Omnivore",3,3,41021,19849,-6.52852468058464,-6.52852468058464
"Conservancy","Conservancy_71","Sobbe","SSP245_2090","With_Intervention","Browser",7,7,46779,41346,-7.50193250194371,-6.85288140627972
"Conservancy","Conservancy_71","Sobbe","SSP245_2090","With_Intervention","Carnivore",4,0,,,,
"Conservancy","Conservancy_71","Sobbe","SSP245_2090","With_Intervention","Grazer",12,12,3554,2366,-6.24088495047702,-5.03978271790922
"Conservancy","Conservancy_71","Sobbe","SSP245_2090","With_Intervention","Mixed",6,6,6429,4908,-5.76299663791222,-5.81616887033768
"Conservancy","Conservancy_71","Sobbe","SSP245_2090","With_Intervention","Omnivore",3,3,40606,19648,-7.47385320029803,-7.47385320029803
"Conservancy","Conservancy_71","Sobbe","SSP245_2090","Without_Intervention","Browser",7,7,51154,45004,1.00114968432431,1.90676685910623
"Conservancy","Conservancy_71","Sobbe","SSP245_2090","Without_Intervention","Carnivore",4,0,,,,
"Conservancy","Conservancy_71","Sobbe","SSP245_2090","Without_Intervention","Grazer",12,12,2840,1777,-26.7557895449036,-25.3403869395014
"Conservancy","Conservancy_71","Sobbe","SSP245_2090","Without_Intervention","Mixed",6,6,5965,4559,-11.490981558647,-12.6903819159798
"Conservancy","Conservancy_71","Sobbe","SSP245_2090","Without_Intervention","Omnivore",3,3,40606,19648,-7.47385320029803,-7.47385320029803
"Conservancy","Conservancy_71","Sobbe","SSP585_2050","With_Intervention","Browser",7,7,46527,41392,-7.80730458170464,-7.4273941767933
"Conservancy","Conservancy_71","Sobbe","SSP585_2050","With_Intervention","Carnivore",4,0,,,,
"Conservancy","Conservancy_71","Sobbe","SSP585_2050","With_Intervention","Grazer",12,12,3707,2500,-1.75740918323249,-0.781522080401881
"Conservancy","Conservancy_71","Sobbe","SSP585_2050","With_Intervention","Mixed",6,6,6567,5008,-3.93327675826212,-3.75868908736957
"Conservancy","Conservancy_71","Sobbe","SSP585_2050","With_Intervention","Omnivore",3,3,41137,19905,-6.26348300772343,-6.26348300772343
"Conservancy","Conservancy_71","Sobbe","SSP585_2050","Without_Intervention","Browser",7,7,50779,44840,0.379781387169002,1.11730914458167
"Conservancy","Conservancy_71","Sobbe","SSP585_2050","Without_Intervention","Carnivore",4,0,,,,
"Conservancy","Conservancy_71","Sobbe","SSP585_2050","Without_Intervention","Grazer",12,12,3032,1940,-21.2186711709461,-20.0328996546341
"Conservancy","Conservancy_71","Sobbe","SSP585_2050","Without_Intervention","Mixed",6,6,6133,4683,-9.26659884140713,-10.2046641467608
"Conservancy","Conservancy_71","Sobbe","SSP585_2050","Without_Intervention","Omnivore",3,3,41151,19912,-6.23235714375431,-6.23235714375431
"Conservancy","Conservancy_71","Sobbe","SSP585_2090","With_Intervention","Browser",7,7,44266,39230,-12.3943815816879,-11.8852878959352
"Conservancy","Conservancy_71","Sobbe","SSP585_2090","With_Intervention","Carnivore",4,0,,,,
"Conservancy","Conservancy_71","Sobbe","SSP585_2090","With_Intervention","Grazer",12,12,3361,2239,-11.2986676152482,-10.165074363154
"Conservancy","Conservancy_71","Sobbe","SSP585_2090","With_Intervention","Mixed",6,6,6084,4643,-10.8319615535531,-10.8668900529985
"Conservancy","Conservancy_71","Sobbe","SSP585_2090","With_Intervention","Omnivore",3,3,38468,18614,-12.3456752726525,-12.3456752726525
"Conservancy","Conservancy_71","Sobbe","SSP585_2090","Without_Intervention","Browser",7,7,48475,42649,-4.28581075258729,-3.4286658744378
"Conservancy","Conservancy_71","Sobbe","SSP585_2090","Without_Intervention","Carnivore",4,0,,,,
"Conservancy","Conservancy_71","Sobbe","SSP585_2090","Without_Intervention","Grazer",12,12,2692,1684,-30.5894559830487,-29.2481880171006
"Conservancy","Conservancy_71","Sobbe","SSP585_2090","Without_Intervention","Mixed",6,6,5653,4321,-16.124224566159,-17.260634944136
"Conservancy","Conservancy_71","Sobbe","SSP585_2090","Without_Intervention","Omnivore",3,3,38481,18620,-12.3165751269397,-12.3165751269397
"Conservancy","Conservancy_72","Balyerwa","Current","Current","Browser",7,7,22484,20684,0,0
"Conservancy","Conservancy_72","Balyerwa","Current","Current","Carnivore",4,0,,,,
"Conservancy","Conservancy_72","Balyerwa","Current","Current","Grazer",12,12,3099,1917,0,0
"Conservancy","Conservancy_72","Balyerwa","Current","Current","Mixed",6,6,3850,2854,0,0
"Conservancy","Conservancy_72","Balyerwa","Current","Current","Omnivore",3,3,25974,12568,0,0
"Conservancy","Conservancy_72","Balyerwa","SSP245_2050","With_Intervention","Browser",7,7,20197,18530,-10.2636633171197,-10.3694888297318
"Conservancy","Conservancy_72","Balyerwa","SSP245_2050","With_Intervention","Carnivore",4,0,,,,
"Conservancy","Conservancy_72","Balyerwa","SSP245_2050","With_Intervention","Grazer",12,12,3055,1888,-1.38968384229509,-1.48887218359768
"Conservancy","Conservancy_72","Balyerwa","SSP245_2050","With_Intervention","Mixed",6,6,3661,2710,-5.23259276243013,-4.86368146866363
"Conservancy","Conservancy_72","Balyerwa","SSP245_2050","With_Intervention","Omnivore",3,3,24394,11804,-6.08130116962256,-6.08130116962256
"Conservancy","Conservancy_72","Balyerwa","SSP245_2050","Without_Intervention","Browser",7,7,21949,19995,-2.69103045724723,-2.24777307541804
"Conservancy","Conservancy_72","Balyerwa","SSP245_2050","Without_Intervention","Carnivore",4,0,,,,
"Conservancy","Conservancy_72","Balyerwa","SSP245_2050","Without_Intervention","Grazer",12,12,2770,1681,-10.9900865129758,-12.3144977633492
"Conservancy","Conservancy_72","Balyerwa","SSP245_2050","Without_Intervention","Mixed",6,6,3476,2571,-9.35750047310927,-9.69237821837433
"Conservancy","Conservancy_72","Balyerwa","SSP245_2050","Without_Intervention","Omnivore",3,3,24394,11804,-6.08130116962256,-6.08130116962256
"Conservancy","Conservancy_72","Balyerwa","SSP245_2090","With_Intervention","Browser",7,7,20174,18481,-10.4088438487869,-10.4213793089585
"Conservancy","Conservancy_72","Balyerwa","SSP245_2090","With_Intervention","Carnivore",4,0,,,,
"Conservancy","Conservancy_72","Balyerwa","SSP245_2090","With_Intervention","Grazer",12,12,2988,1840,-3.62272834369276,-3.99130899188971
"Conservancy","Conservancy_72","Balyerwa","SSP245_2090","With_Intervention","Mixed",6,6,3591,2657,-6.97461463033713,-6.68628190366342
"Conservancy","Conservancy_72","Balyerwa","SSP245_2090","With_Intervention","Omnivore",3,3,24132,11677,-7.09192279405116,-7.09192279405117
"Conservancy","Conservancy_72","Balyerwa","SSP245_2090","Without_Intervention","Browser",7,7,21933,19952,-2.80349347955847,-2.29808370203511
"Conservancy","Conservancy_72","Balyerwa","SSP245_2090","Without_Intervention","Carnivore",4,0,,,,
"Conservancy","Conservancy_72","Balyerwa","SSP245_2090","Without_Intervention","Grazer",12,12,2702,1632,-13.2646094895632,-14.8637066141718
"Conservancy","Conservancy_72","Balyerwa","SSP245_2090","Without_Intervention","Mixed",6,6,3404,2517,-11.1173439770462,-11.5358410052152
"Conservancy","Conservancy_72","Balyerwa","SSP245_2090","Without_Intervention","Omnivore",3,3,24132,11677,-7.09192279405116,-7.09192279405117
"Conservancy","Conservancy_72","Balyerwa","SSP585_2050","With_Intervention","Browser",7,7,20225,18555,-10.1422510943875,-10.2477795086907
"Conservancy","Conservancy_72","Balyerwa","SSP585_2050","With_Intervention","Carnivore",4,0,,,,
"Conservancy","Conservancy_72","Balyerwa","SSP585_2050","With_Intervention","Grazer",12,12,3059,1891,-1.26148018143381,-1.36051327939608
"Conservancy","Conservancy_72","Balyerwa","SSP585_2050","With_Intervention","Mixed",6,6,3666,2714,-5.10690360261882,-4.73776661637204
"Conservancy","Conservancy_72","Balyerwa","SSP585_2050","With_Intervention","Omnivore",3,3,24427,11819,-5.95691890685951,-5.95691890685951
"Conservancy","Conservancy_72","Balyerwa","SSP585_2050","Without_Intervention","Browser",7,7,21978,20021,-2.55946571271601,-2.11551673531486
"Conservancy","Conservancy_72","Balyerwa","SSP585_2050","Without_Intervention","Carnivore",4,0,,,,
"Conservancy","Conservancy_72","Balyerwa","SSP585_2050","Without_Intervention","Grazer",12,12,2773,1683,-10.8747539762265,-12.2006526222892
"Conservancy","Conservancy_72","Balyerwa","SSP585_2050","Without_Intervention","Mixed",6,6,3480,2574,-9.23734151873992,-9.57293713153783
"Conservancy","Conservancy_72","Balyerwa","SSP585_2050","Without_Intervention","Omnivore",3,3,24427,11819,-5.95691890685951,-5.95691890685951
"Conservancy","Conservancy_72","Balyerwa","SSP585_2090","With_Intervention","Browser",7,7,19105,17501,-15.1596753598479,-15.169986525315
"Conservancy","Conservancy_72","Balyerwa","SSP585_2090","With_Intervention","Carnivore",4,0,,,,
"Conservancy","Conservancy_72","Balyerwa","SSP585_2090","With_Intervention","Grazer",12,12,2830,1743,-8.73855416944598,-9.08692553210536
"Conservancy","Conservancy_72","Balyerwa","SSP585_2090","With_Intervention","Mixed",6,6,3400,2516,-11.9092335772809,-11.6366134874801
"Conservancy","Conservancy_72","Balyerwa","SSP585_2090","With_Intervention","Omnivore",3,3,22851,11057,-12.021833004416,-12.0218330044161
"Conservancy","Conservancy_72","Balyerwa","SSP585_2090","Without_Intervention","Browser",7,7,20770,18894,-7.95754683940327,-7.4781742053772
"Conservancy","Conservancy_72","Balyerwa","SSP585_2090","Without_Intervention","Carnivore",4,0,,,,
"Conservancy","Conservancy_72","Balyerwa","SSP585_2090","Without_Intervention","Grazer",12,12,2558,1545,-17.8692403075069,-19.3828884002823
"Conservancy","Conservancy_72","Balyerwa","SSP585_2090","Without_Intervention","Mixed",6,6,3224,2383,-15.8323229461988,-16.2290577827731
"Conservancy","Conservancy_72","Balyerwa","SSP585_2090","Without_Intervention","Omnivore",3,3,22851,11057,-12.021833004416,-12.0218330044161
"Conservancy","Conservancy_73","Wuparo","Current","Current","Browser",7,7,19741,16927,0,0
"Conservancy","Conservancy_73","Wuparo","Current","Current","Carnivore",4,0,,,,
"Conservancy","Conservancy_73","Wuparo","Current","Current","Grazer",12,12,2756,1826,0,0
"Conservancy","Conservancy_73","Wuparo","Current","Current","Mixed",6,6,3741,2836,0,0
"Conservancy","Conservancy_73","Wuparo","Current","Current","Omnivore",3,3,21750,10524,0,0
"Conservancy","Conservancy_73","Wuparo","SSP245_2050","With_Intervention","Browser",7,7,17928,14766,-10.3683178672547,-8.74442946226777
"Conservancy","Conservancy_73","Wuparo","SSP245_2050","With_Intervention","Carnivore",4,0,,,,
"Conservancy","Conservancy_73","Wuparo","SSP245_2050","With_Intervention","Grazer",12,12,2785,1862,0.927876561345372,1.98567711043546
"Conservancy","Conservancy_73","Wuparo","SSP245_2050","With_Intervention","Mixed",6,6,3692,2811,-1.66235619245242,-1.42002830430437
"Conservancy","Conservancy_73","Wuparo","SSP245_2050","With_Intervention","Omnivore",3,3,20438,9889,-6.03151626346444,-6.03151626346444
"Conservancy","Conservancy_73","Wuparo","SSP245_2050","Without_Intervention","Browser",7,7,19486,16069,-2.53413978372833,-0.857627473408055
"Conservancy","Conservancy_73","Wuparo","SSP245_2050","Without_Intervention","Carnivore",4,0,,,,
"Conservancy","Conservancy_73","Wuparo","SSP245_2050","Without_Intervention","Grazer",12,12,2531,1678,-8.53334775485374,-8.12389735559063
"Conservancy","Conservancy_73","Wuparo","SSP245_2050","Without_Intervention","Mixed",6,6,3527,2686,-5.39447252754301,-5.87340050859397
"Conservancy","Conservancy_73","Wuparo","SSP245_2050","Without_Intervention","Omnivore",3,3,20438,9889,-6.03151626346444,-6.03151626346444
"Conservancy","Conservancy_73","Wuparo","SSP245_2090","With_Intervention","Browser",7,7,17886,14575,-10.8820988058647,-8.85973292180575
"Conservancy","Conservancy_73","Wuparo","SSP245_2090","With_Intervention","Carnivore",4,0,,,,
"Conservancy","Conservancy_73","Wuparo","SSP245_2090","With_Intervention","Grazer",12,12,2762,1852,-0.0585603185464689,1.43106284185164
"Conservancy","Conservancy_73","Wuparo","SSP245_2090","With_Intervention","Mixed",6,6,3683,2808,-1.87240889358802,-1.70788903430691
"Conservancy","Conservancy_73","Wuparo","SSP245_2090","With_Intervention","Omnivore",3,3,20224,9786,-7.01504876688577,-7.01504876688577
"Conservancy","Conservancy_73","Wuparo","SSP245_2090","Without_Intervention","Browser",7,7,19399,15840,-3.27303775549572,-1.19956012696004
"Conservancy","Conservancy_73","Wuparo","SSP245_2090","Without_Intervention","Carnivore",4,0,,,,
"Conservancy","Conservancy_73","Wuparo","SSP245_2090","Without_Intervention","Grazer",12,12,2516,1673,-9.24791402810494,-8.38801051659038
"Conservancy","Conservancy_73","Wuparo","SSP245_2090","Without_Intervention","Mixed",6,6,3523,2687,-5.49728194829923,-6.03329249350465
"Conservancy","Conservancy_73","Wuparo","SSP245_2090","Without_Intervention","Omnivore",3,3,20224,9786,-7.01504876688577,-7.01504876688577
"Conservancy","Conservancy_73","Wuparo","SSP585_2050","With_Intervention","Browser",7,7,17953,14787,-10.2422991141929,-8.61603139758791
"Conservancy","Conservancy_73","Wuparo","SSP585_2050","With_Intervention","Carnivore",4,0,,,,
"Conservancy","Conservancy_73","Wuparo","SSP585_2050","With_Intervention","Grazer",12,12,2789,1865,1.05605883142382,2.11531317339526
"Conservancy","Conservancy_73","Wuparo","SSP585_2050","With_Intervention","Mixed",6,6,3697,2814,-1.53270188285413,-1.29061803551868
"Conservancy","Conservancy_73","Wuparo","SSP585_2050","With_Intervention","Omnivore",3,3,20465,9902,-5.90574620796322,-5.90574620796322
"Conservancy","Conservancy_73","Wuparo","SSP585_2050","Without_Intervention","Browser",7,7,19514,16091,-2.39759063121611,-0.718628274257686
"Conservancy","Conservancy_73","Wuparo","SSP585_2050","Without_Intervention","Carnivore",4,0,,,,
"Conservancy","Conservancy_73","Wuparo","SSP585_2050","Without_Intervention","Grazer",12,12,2535,1680,-8.41788289689913,-8.00785019197244
"Conservancy","Conservancy_73","Wuparo","SSP585_2050","Without_Intervention","Mixed",6,6,3532,2690,-5.26983478450538,-5.74997629063745
"Conservancy","Conservancy_73","Wuparo","SSP585_2050","Without_Intervention","Omnivore",3,3,20465,9902,-5.90574620796322,-5.90574620796322
"Conservancy","Conservancy_73","Wuparo","SSP585_2090","With_Intervention","Browser",7,7,16938,13802,-15.6081182093341,-13.6928470418089
"Conservancy","Conservancy_73","Wuparo","SSP585_2090","With_Intervention","Carnivore",4,0,,,,
"Conservancy","Conservancy_73","Wuparo","SSP585_2090","With_Intervention","Grazer",12,12,2616,1754,-5.36129095906728,-3.95002533219405
"Conservancy","Conservancy_73","Wuparo","SSP585_2090","With_Intervention","Mixed",6,6,3488,2659,-7.07715253304534,-6.92149877147556
"Conservancy","Conservancy_73","Wuparo","SSP585_2090","With_Intervention","Omnivore",3,3,19151,9267,-11.9476043770476,-11.9476043770476
"Conservancy","Conservancy_73","Wuparo","SSP585_2090","Without_Intervention","Browser",7,7,18371,15000,-8.40185906088278,-6.43818185826469
"Conservancy","Conservancy_73","Wuparo","SSP585_2090","Without_Intervention","Carnivore",4,0,,,,
"Conservancy","Conservancy_73","Wuparo","SSP585_2090","Without_Intervention","Grazer",12,12,2382,1584,-14.0641865988189,-13.2493050659472
"Conservancy","Conservancy_73","Wuparo","SSP585_2090","Without_Intervention","Mixed",6,6,3336,2545,-10.510135188799,-11.017927758213
"Conservancy","Conservancy_73","Wuparo","SSP585_2090","Without_Intervention","Omnivore",3,3,19151,9267,-11.9476043770476,-11.9476043770476
"Conservancy","Conservancy_74","Dzoti","Current","Current","Browser",7,7,32684,27865,0,0
"Conservancy","Conservancy_74","Dzoti","Current","Current","Carnivore",4,0,,,,
"Conservancy","Conservancy_74","Dzoti","Current","Current","Grazer",12,12,3770,2446,0,0
"Conservancy","Conservancy_74","Dzoti","Current","Current","Mixed",6,6,5351,4052,0,0
"Conservancy","Conservancy_74","Dzoti","Current","Current","Omnivore",3,3,33190,16060,0,0
"Conservancy","Conservancy_74","Dzoti","SSP245_2050","With_Intervention","Browser",7,7,28828,24025,-12.4610457528017,-11.5366266737029
"Conservancy","Conservancy_74","Dzoti","SSP245_2050","With_Intervention","Carnivore",4,0,,,,
"Conservancy","Conservancy_74","Dzoti","SSP245_2050","With_Intervention","Grazer",12,12,3937,2585,4.584376599675,5.68381004582429
"Conservancy","Conservancy_74","Dzoti","SSP245_2050","With_Intervention","Mixed",6,6,5320,4038,-1.21847663053264,-0.632513122943687
"Conservancy","Conservancy_74","Dzoti","SSP245_2050","With_Intervention","Omnivore",3,3,31203,15098,-5.98851353062446,-5.98851353062446
"Conservancy","Conservancy_74","Dzoti","SSP245_2050","Without_Intervention","Browser",7,7,31991,26670,-2.83556609109573,-1.87142094760411
"Conservancy","Conservancy_74","Dzoti","SSP245_2050","Without_Intervention","Carnivore",4,0,,,,
"Conservancy","Conservancy_74","Dzoti","SSP245_2050","Without_Intervention","Grazer",12,12,3422,2210,-9.49988001383995,-9.64187283713582
"Conservancy","Conservancy_74","Dzoti","SSP245_2050","Without_Intervention","Mixed",6,6,4984,3785,-6.51515717772057,-6.9534186567077
"Conservancy","Conservancy_74","Dzoti","SSP245_2050","Without_Intervention","Omnivore",3,3,31203,15098,-5.98851353062446,-5.98851353062446
"Conservancy","Conservancy_74","Dzoti","SSP245_2090","With_Intervention","Browser",7,7,28837,23896,-12.5953299403795,-11.4497434139452
"Conservancy","Conservancy_74","Dzoti","SSP245_2090","With_Intervention","Carnivore",4,0,,,,
"Conservancy","Conservancy_74","Dzoti","SSP245_2090","With_Intervention","Grazer",12,12,3869,2536,2.71164179778533,3.68271812804536
"Conservancy","Conservancy_74","Dzoti","SSP245_2090","With_Intervention","Mixed",6,6,5251,3987,-2.42334044217571,-1.94599092456734
"Conservancy","Conservancy_74","Dzoti","SSP245_2090","With_Intervention","Omnivore",3,3,30897,14950,-6.9102982124762,-6.9102982124762
"Conservancy","Conservancy_74","Dzoti","SSP245_2090","Without_Intervention","Browser",7,7,32022,26559,-2.90471947854817,-1.71913808133938
"Conservancy","Conservancy_74","Dzoti","SSP245_2090","Without_Intervention","Carnivore",4,0,,,,
"Conservancy","Conservancy_74","Dzoti","SSP245_2090","Without_Intervention","Grazer",12,12,3349,2159,-11.467915926391,-11.7466659753958
"Conservancy","Conservancy_74","Dzoti","SSP245_2090","Without_Intervention","Mixed",6,6,4913,3733,-7.7558609738809,-8.30966686036843
"Conservancy","Conservancy_74","Dzoti","SSP245_2090","Without_Intervention","Omnivore",3,3,30897,14950,-6.9102982124762,-6.9102982124762
"Conservancy","Conservancy_74","Dzoti","SSP585_2050","With_Intervention","Browser",7,7,28876,24065,-12.3134866396,-11.3868665337517
"Conservancy","Conservancy_74","Dzoti","SSP585_2050","With_Intervention","Carnivore",4,0,,,,
"Conservancy","Conservancy_74","Dzoti","SSP585_2050","With_Intervention","Grazer",12,12,3943,2589,4.7417941018471,5.84477238891785
"Conservancy","Conservancy_74","Dzoti","SSP585_2050","With_Intervention","Mixed",6,6,5328,4044,-1.06067930006922,-0.474667598131057
"Conservancy","Conservancy_74","Dzoti","SSP585_2050","With_Intervention","Omnivore",3,3,31253,15122,-5.83861657721356,-5.83861657721357
"Conservancy","Conservancy_74","Dzoti","SSP585_2050","Without_Intervention","Browser",7,7,32046,26715,-2.67092609702771,-1.70450943095705
"Conservancy","Conservancy_74","Dzoti","SSP585_2050","Without_Intervention","Carnivore",4,0,,,,
"Conservancy","Conservancy_74","Dzoti","SSP585_2050","Without_Intervention","Grazer",12,12,3427,2213,-9.36745570865763,-9.50810666220416
"Conservancy","Conservancy_74","Dzoti","SSP585_2050","Without_Intervention","Mixed",6,6,4992,3791,-6.36675906398121,-6.80678988557218
"Conservancy","Conservancy_74","Dzoti","SSP585_2050","Without_Intervention","Omnivore",3,3,31253,15122,-5.83861657721356,-5.83861657721357
"Conservancy","Conservancy_74","Dzoti","SSP585_2090","With_Intervention","Browser",7,7,27304,22625,-17.2428258647481,-16.1578777138192
"Conservancy","Conservancy_74","Dzoti","SSP585_2090","With_Intervention","Carnivore",4,0,,,,
"Conservancy","Conservancy_74","Dzoti","SSP585_2090","With_Intervention","Grazer",12,12,3663,2401,-2.75870637243629,-1.83852774534693
"Conservancy","Conservancy_74","Dzoti","SSP585_2090","With_Intervention","Mixed",6,6,4971,3775,-7.61591509439214,-7.16438733529672
"Conservancy","Conservancy_74","Dzoti","SSP585_2090","With_Intervention","Omnivore",3,3,29253,14155,-11.8641150642167,-11.8641150642167
"Conservancy","Conservancy_74","Dzoti","SSP585_2090","Without_Intervention","Browser",7,7,30319,25147,-8.06756195910589,-6.9447458641839
"Conservancy","Conservancy_74","Dzoti","SSP585_2090","Without_Intervention","Carnivore",4,0,,,,
"Conservancy","Conservancy_74","Dzoti","SSP585_2090","Without_Intervention","Grazer",12,12,3171,2044,-16.1841953751197,-16.447377374397
"Conservancy","Conservancy_74","Dzoti","SSP585_2090","Without_Intervention","Mixed",6,6,4651,3534,-12.6648522437453,-13.1896430558662
"Conservancy","Conservancy_74","Dzoti","SSP585_2090","Without_Intervention","Omnivore",3,3,29253,14155,-11.8641150642167,-11.8641150642167
"Conservancy","Conservancy_75","Huibes","Current","Current","Browser",7,7,154184,121841,0,0
"Conservancy","Conservancy_75","Huibes","Current","Current","Carnivore",4,0,,,,
"Conservancy","Conservancy_75","Huibes","Current","Current","Grazer",12,12,18355,12627,0,0
"Conservancy","Conservancy_75","Huibes","Current","Current","Mixed",6,6,27697,21351,0,0
"Conservancy","Conservancy_75","Huibes","Current","Current","Omnivore",3,3,150516,72831,0,0
"Conservancy","Conservancy_75","Huibes","SSP245_2050","With_Intervention","Browser",7,7,125525,98211,-18.8723810260913,-18.5882495800975
"Conservancy","Conservancy_75","Huibes","SSP245_2050","With_Intervention","Carnivore",4,0,,,,
"Conservancy","Conservancy_75","Huibes","SSP245_2050","With_Intervention","Grazer",12,12,21583,15001,19.1700963035661,18.8016991523711
"Conservancy","Conservancy_75","Huibes","SSP245_2050","With_Intervention","Mixed",6,6,29284,22524,4.26128633532964,5.86166956844966
"Conservancy","Conservancy_75","Huibes","SSP245_2050","With_Intervention","Omnivore",3,3,145579,70441,-3.2805617241627,-3.2805617241627
"Conservancy","Conservancy_75","Huibes","SSP245_2050","Without_Intervention","Browser",7,7,151829,120203,-1.47030816059089,-1.52189443459303
"Conservancy","Conservancy_75","Huibes","SSP245_2050","Without_Intervention","Carnivore",4,0,,,,
"Conservancy","Conservancy_75","Huibes","SSP245_2050","Without_Intervention","Grazer",12,12,17236,11835,-6.26897384948956,-6.2167359442965
"Conservancy","Conservancy_75","Huibes","SSP245_2050","Without_Intervention","Mixed",6,6,26433,20379,-4.38925980833732,-4.5723399868331
"Conservancy","Conservancy_75","Huibes","SSP245_2050","Without_Intervention","Omnivore",3,3,145368,70339,-3.42057436217076,-3.42057436217076
"Conservancy","Conservancy_75","Huibes","SSP245_2090","With_Intervention","Browser",7,7,122228,95676,-20.9909733593786,-20.7437164894583
"Conservancy","Conservancy_75","Huibes","SSP245_2090","With_Intervention","Carnivore",4,0,,,,
"Conservancy","Conservancy_75","Huibes","SSP245_2090","With_Intervention","Grazer",12,12,20787,14444,14.7373968426952,14.3920163065603
"Conservancy","Conservancy_75","Huibes","SSP245_2090","With_Intervention","Mixed",6,6,28283,21755,0.735390754784217,2.24040137647047
"Conservancy","Conservancy_75","Huibes","SSP245_2090","With_Intervention","Omnivore",3,3,140965,68209,-6.34586279506595,-6.34586279506596
"Conservancy","Conservancy_75","Huibes","SSP245_2090","Without_Intervention","Browser",7,7,147739,117005,-4.11390679123567,-4.17582425614932
"Conservancy","Conservancy_75","Huibes","SSP245_2090","Without_Intervention","Carnivore",4,0,,,,
"Conservancy","Conservancy_75","Huibes","SSP245_2090","Without_Intervention","Grazer",12,12,16585,11373,-9.85233307541451,-9.79042278883495
"Conservancy","Conservancy_75","Huibes","SSP245_2090","Without_Intervention","Mixed",6,6,25533,19685,-7.60441485380318,-7.82516613952689
"Conservancy","Conservancy_75","Huibes","SSP245_2090","Without_Intervention","Omnivore",3,3,140812,68135,-6.44770264575596,-6.44770264575596
"Conservancy","Conservancy_75","Huibes","SSP585_2050","With_Intervention","Browser",7,7,121269,94877,-21.6238489578796,-21.3476832238785
"Conservancy","Conservancy_75","Huibes","SSP585_2050","With_Intervention","Carnivore",4,0,,,,
"Conservancy","Conservancy_75","Huibes","SSP585_2050","With_Intervention","Grazer",12,12,20872,14507,15.2467104585406,14.8896375749788
"Conservancy","Conservancy_75","Huibes","SSP585_2050","With_Intervention","Mixed",6,6,28312,21776,0.797177698546141,2.34818084066661
"Conservancy","Conservancy_75","Huibes","SSP585_2050","With_Intervention","Omnivore",3,3,140714,68087,-6.51241329725626,-6.51241329725626
"Conservancy","Conservancy_75","Huibes","SSP585_2050","Without_Intervention","Browser",7,7,146670,116114,-4.81953015773757,-4.86785924647279
"Conservancy","Conservancy_75","Huibes","SSP585_2050","Without_Intervention","Carnivore",4,0,,,,
"Conservancy","Conservancy_75","Huibes","SSP585_2050","Without_Intervention","Grazer",12,12,16674,11450,-9.32026460900079,-9.27113728441457
"Conservancy","Conservancy_75","Huibes","SSP585_2050","Without_Intervention","Mixed",6,6,25559,19704,-7.55727519838494,-7.72855639619081
"Conservancy","Conservancy_75","Huibes","SSP585_2050","Without_Intervention","Omnivore",3,3,140510,67989,-6.64833254622573,-6.64833254622573
"Conservancy","Conservancy_75","Huibes","SSP585_2090","With_Intervention","Browser",7,7,110001,86098,-28.8964366819558,-28.6708825066405
"Conservancy","Conservancy_75","Huibes","SSP585_2090","With_Intervention","Carnivore",4,0,,,,
"Conservancy","Conservancy_75","Huibes","SSP585_2090","With_Intervention","Grazer",12,12,18747,13027,3.4866883621215,3.17360090885031
"Conservancy","Conservancy_75","Huibes","SSP585_2090","With_Intervention","Mixed",6,6,25494,19610,-9.20430390250182,-7.84035352677405
"Conservancy","Conservancy_75","Huibes","SSP585_2090","With_Intervention","Omnivore",3,3,127002,61452,-15.6226751552681,-15.6226751552681
"Conservancy","Conservancy_75","Huibes","SSP585_2090","Without_Intervention","Browser",7,7,132939,105276,-13.7214697514665,-13.7742811914051
"Conservancy","Conservancy_75","Huibes","SSP585_2090","Without_Intervention","Carnivore",4,0,,,,
"Conservancy","Conservancy_75","Huibes","SSP585_2090","Without_Intervention","Grazer",12,12,14969,10269,-18.6250485263097,-18.5719060001587
"Conservancy","Conservancy_75","Huibes","SSP585_2090","Without_Intervention","Mixed",6,6,23021,17749,-16.7042021941197,-16.8920586014175
"Conservancy","Conservancy_75","Huibes","SSP585_2090","Without_Intervention","Omnivore",3,3,126863,61385,-15.7150529925996,-15.7150529925996
"Conservancy","Conservancy_76","Kabulabula","Current","Current","Browser",7,7,3810,2829,0,0
"Conservancy","Conservancy_76","Kabulabula","Current","Current","Carnivore",4,0,,,,
"Conservancy","Conservancy_76","Kabulabula","Current","Current","Grazer",12,12,1670,899,0,0
"Conservancy","Conservancy_76","Kabulabula","Current","Current","Mixed",6,6,1158,771,0,0
"Conservancy","Conservancy_76","Kabulabula","Current","Current","Omnivore",3,3,10357,5012,0,0
"Conservancy","Conservancy_76","Kabulabula","SSP245_2050","With_Intervention","Browser",7,7,3713,2716,-2.05132490608734,-2.97333702190684
"Conservancy","Conservancy_76","Kabulabula","SSP245_2050","With_Intervention","Carnivore",4,0,,,,
"Conservancy","Conservancy_76","Kabulabula","SSP245_2050","With_Intervention","Grazer",12,12,1553,824,-8.58918308316614,-8.38600754204944
"Conservancy","Conservancy_76","Kabulabula","SSP245_2050","With_Intervention","Mixed",6,6,1053,700,-9.72221603833524,-8.72455157199749
"Conservancy","Conservancy_76","Kabulabula","SSP245_2050","With_Intervention","Omnivore",3,3,9885,4783,-4.55609179298311,-4.55609179298311
"Conservancy","Conservancy_76","Kabulabula","SSP245_2050","Without_Intervention","Browser",7,7,3635,2664,-4.3875529346106,-4.73506627458575
"Conservancy","Conservancy_76","Kabulabula","SSP245_2050","Without_Intervention","Carnivore",4,0,,,,
"Conservancy","Conservancy_76","Kabulabula","SSP245_2050","Without_Intervention","Grazer",12,12,1581,843,-6.32840170575647,-6.21535032032682
"Conservancy","Conservancy_76","Kabulabula","SSP245_2050","Without_Intervention","Mixed",6,6,1076,714,-7.58623918882202,-6.91651612940551
"Conservancy","Conservancy_76","Kabulabula","SSP245_2050","Without_Intervention","Omnivore",3,3,9897,4789,-4.44521327911654,-4.44521327911654
"Conservancy","Conservancy_76","Kabulabula","SSP245_2090","With_Intervention","Browser",7,7,3657,2659,-3.54071405362006,-4.40300213181984
"Conservancy","Conservancy_76","Kabulabula","SSP245_2090","With_Intervention","Carnivore",4,0,,,,
"Conservancy","Conservancy_76","Kabulabula","SSP245_2090","With_Intervention","Grazer",12,12,1548,819,-9.17675927530423,-8.95340797781359
"Conservancy","Conservancy_76","Kabulabula","SSP245_2090","With_Intervention","Mixed",6,6,1040,692,-10.9957468683186,-9.79426655082801
"Conservancy","Conservancy_76","Kabulabula","SSP245_2090","With_Intervention","Omnivore",3,3,9832,4757,-5.0730511602417,-5.0730511602417
"Conservancy","Conservancy_76","Kabulabula","SSP245_2090","Without_Intervention","Browser",7,7,3610,2627,-4.92078857106848,-5.44370433151155
"Conservancy","Conservancy_76","Kabulabula","SSP245_2090","Without_Intervention","Carnivore",4,0,,,,
"Conservancy","Conservancy_76","Kabulabula","SSP245_2090","Without_Intervention","Grazer",12,12,1565,830,-7.84125318155308,-7.6711407156969
"Conservancy","Conservancy_76","Kabulabula","SSP245_2090","Without_Intervention","Mixed",6,6,1054,700,-9.73396626133889,-8.72621000390692
"Conservancy","Conservancy_76","Kabulabula","SSP245_2090","Without_Intervention","Omnivore",3,3,9838,4761,-5.00755215515678,-5.00755215515679
"Conservancy","Conservancy_76","Kabulabula","SSP585_2050","With_Intervention","Browser",7,7,3750,2743,-1.07038655833405,-2.0015730353593
"Conservancy","Conservancy_76","Kabulabula","SSP585_2050","With_Intervention","Carnivore",4,0,,,,
"Conservancy","Conservancy_76","Kabulabula","SSP585_2050","With_Intervention","Grazer",12,12,1569,832,-7.67348592818825,-7.46830175458178
"Conservancy","Conservancy_76","Kabulabula","SSP585_2050","With_Intervention","Mixed",6,6,1064,707,-8.8174959701963,-7.81000937100517
"Conservancy","Conservancy_76","Kabulabula","SSP585_2050","With_Intervention","Omnivore",3,3,9984,4831,-3.60039369392735,-3.60039369392735
"Conservancy","Conservancy_76","Kabulabula","SSP585_2050","Without_Intervention","Browser",7,7,3671,2690,-3.43017571552218,-3.78106953039991
"Conservancy","Conservancy_76","Kabulabula","SSP585_2050","Without_Intervention","Carnivore",4,0,,,,
"Conservancy","Conservancy_76","Kabulabula","SSP585_2050","Without_Intervention","Grazer",12,12,1597,852,-5.38990431027723,-5.27575320484496
"Conservancy","Conservancy_76","Kabulabula","SSP585_2050","Without_Intervention","Mixed",6,6,1086,721,-6.65997754821578,-5.98373968279442
"Conservancy","Conservancy_76","Kabulabula","SSP585_2050","Without_Intervention","Omnivore",3,3,9996,4837,-3.48839695748172,-3.48839695748172
"Conservancy","Conservancy_76","Kabulabula","SSP585_2090","With_Intervention","Browser",7,7,3475,2527,-8.32853213224626,-9.14801962430785
"Conservancy","Conservancy_76","Kabulabula","SSP585_2090","With_Intervention","Carnivore",4,0,,,,
"Conservancy","Conservancy_76","Kabulabula","SSP585_2090","With_Intervention","Grazer",12,12,1472,778,-13.684595442159,-13.4723143374557
"Conservancy","Conservancy_76","Kabulabula","SSP585_2090","With_Intervention","Mixed",6,6,989,658,-15.4136620718585,-14.271688973055
"Conservancy","Conservancy_76","Kabulabula","SSP585_2090","With_Intervention","Omnivore",3,3,9344,4521,-9.78441910554156,-9.78441910554157
"Conservancy","Conservancy_76","Kabulabula","SSP585_2090","Without_Intervention","Browser",7,7,3431,2497,-9.63971681795962,-10.1367726005941
"Conservancy","Conservancy_76","Kabulabula","SSP585_2090","Without_Intervention","Carnivore",4,0,,,,
"Conservancy","Conservancy_76","Kabulabula","SSP585_2090","Without_Intervention","Grazer",12,12,1487,789,-12.4157544370799,-12.2540546160984
"Conservancy","Conservancy_76","Kabulabula","SSP585_2090","Without_Intervention","Mixed",6,6,1001,665,-14.2148663635944,-13.2569471094142
"Conservancy","Conservancy_76","Kabulabula","SSP585_2090","Without_Intervention","Omnivore",3,3,9350,4524,-9.72218964523996,-9.72218964523996
"Conservancy","Conservancy_77","Okongoro","Current","Current","Browser",7,7,149225,119749,0,0
"Conservancy","Conservancy_77","Okongoro","Current","Current","Carnivore",4,0,,,,
"Conservancy","Conservancy_77","Okongoro","Current","Current","Grazer",12,12,7533,4599,0,0
"Conservancy","Conservancy_77","Okongoro","Current","Current","Mixed",6,6,16457,12750,0,0
"Conservancy","Conservancy_77","Okongoro","Current","Current","Omnivore",3,3,110570,53501,0,0
"Conservancy","Conservancy_77","Okongoro","SSP245_2050","With_Intervention","Browser",7,7,85076,66189,-43.5879788704962,-42.7353086740847
"Conservancy","Conservancy_77","Okongoro","SSP245_2050","With_Intervention","Carnivore",4,0,,,,
"Conservancy","Conservancy_77","Okongoro","SSP245_2050","With_Intervention","Grazer",12,12,17169,11974,153.037624660686,141.515031467414
"Conservancy","Conservancy_77","Okongoro","SSP245_2050","With_Intervention","Mixed",6,6,22425,17234,29.8588469961642,36.9297471701836
"Conservancy","Conservancy_77","Okongoro","SSP245_2050","With_Intervention","Omnivore",3,3,107525,52028,-2.75386995963291,-2.75386995963291
"Conservancy","Conservancy_77","Okongoro","SSP245_2050","Without_Intervention","Browser",7,7,148153,118929,-0.706275968464634,-0.710351205158198
"Conservancy","Conservancy_77","Okongoro","SSP245_2050","Without_Intervention","Carnivore",4,0,,,,
"Conservancy","Conservancy_77","Okongoro","SSP245_2050","Without_Intervention","Grazer",12,12,6886,4236,-9.76748635052433,-9.23311897747573
"Conservancy","Conservancy_77","Okongoro","SSP245_2050","Without_Intervention","Mixed",6,6,15736,12199,-4.08019433113529,-4.41518974820797
"Conservancy","Conservancy_77","Okongoro","SSP245_2050","Without_Intervention","Omnivore",3,3,107525,52028,-2.75386995963291,-2.75386995963291
"Conservancy","Conservancy_77","Okongoro","SSP245_2090","With_Intervention","Browser",7,7,81847,63689,-45.7253628338526,-44.9108575942986
"Conservancy","Conservancy_77","Okongoro","SSP245_2090","With_Intervention","Carnivore",4,0,,,,
"Conservancy","Conservancy_77","Okongoro","SSP245_2090","With_Intervention","Grazer",12,12,16432,11459,142.13212894774,131.123345474268
"Conservancy","Conservancy_77","Okongoro","SSP245_2090","With_Intervention","Mixed",6,6,21487,16513,24.4466926206016,31.2007150855318
"Conservancy","Conservancy_77","Okongoro","SSP245_2090","With_Intervention","Omnivore",3,3,103110,49892,-6.7468327219981,-6.7468327219981
"Conservancy","Conservancy_77","Okongoro","SSP245_2090","Without_Intervention","Browser",7,7,142739,114603,-4.32882705961425,-4.33706199042568
"Conservancy","Conservancy_77","Okongoro","SSP245_2090","Without_Intervention","Carnivore",4,0,,,,
"Conservancy","Conservancy_77","Okongoro","SSP245_2090","Without_Intervention","Grazer",12,12,6505,4010,-15.0343813842254,-14.4037856904907
"Conservancy","Conservancy_77","Okongoro","SSP245_2090","Without_Intervention","Mixed",6,6,15029,11653,-8.31690218482639,-8.71227913804272
"Conservancy","Conservancy_77","Okongoro","SSP245_2090","Without_Intervention","Omnivore",3,3,103110,49892,-6.7468327219981,-6.7468327219981
"Conservancy","Conservancy_77","Okongoro","SSP585_2050","With_Intervention","Browser",7,7,81935,63746,-45.6703075745449,-44.8491085642689
"Conservancy","Conservancy_77","Okongoro","SSP585_2050","With_Intervention","Carnivore",4,0,,,,
"Conservancy","Conservancy_77","Okongoro","SSP585_2050","With_Intervention","Grazer",12,12,16536,11532,143.698039689085,132.600733999336
"Conservancy","Conservancy_77","Okongoro","SSP585_2050","With_Intervention","Mixed",6,6,21597,16597,25.0656685504271,31.8755893043693
"Conservancy","Conservancy_77","Okongoro","SSP585_2050","With_Intervention","Omnivore",3,3,103556,50108,-6.3433341058258,-6.3433341058258
"Conservancy","Conservancy_77","Okongoro","SSP585_2050","Without_Intervention","Browser",7,7,142684,114539,-4.37164920069377,-4.37556888518327
"Conservancy","Conservancy_77","Okongoro","SSP585_2050","Without_Intervention","Carnivore",4,0,,,,
"Conservancy","Conservancy_77","Okongoro","SSP585_2050","Without_Intervention","Grazer",12,12,6632,4080,-13.0968683053529,-12.5823148160704
"Conservancy","Conservancy_77","Okongoro","SSP585_2050","Without_Intervention","Mixed",6,6,15155,11749,-7.62046046162178,-7.94303518407617
"Conservancy","Conservancy_77","Okongoro","SSP585_2050","Without_Intervention","Omnivore",3,3,103556,50108,-6.3433341058258,-6.3433341058258
"Conservancy","Conservancy_77","Okongoro","SSP585_2090","With_Intervention","Browser",7,7,77768,60515,-48.4299726431618,-47.6560327434151
"Conservancy","Conservancy_77","Okongoro","SSP585_2090","With_Intervention","Carnivore",4,0,,,,
"Conservancy","Conservancy_77","Okongoro","SSP585_2090","With_Intervention","Grazer",12,12,15614,10888,130.071595669543,119.611085917486
"Conservancy","Conservancy_77","Okongoro","SSP585_2090","With_Intervention","Mixed",6,6,20417,15691,18.2472825434612,24.6649325501186
"Conservancy","Conservancy_77","Okongoro","SSP585_2090","With_Intervention","Omnivore",3,3,97973,47406,-11.3926989586398,-11.3926989586398
"Conservancy","Conservancy_77","Okongoro","SSP585_2090","Without_Intervention","Browser",7,7,135627,108892,-9.09576293392866,-9.10357541492261
"Conservancy","Conservancy_77","Okongoro","SSP585_2090","Without_Intervention","Carnivore",4,0,,,,
"Conservancy","Conservancy_77","Okongoro","SSP585_2090","Without_Intervention","Grazer",12,12,6181,3810,-19.2650664700224,-18.6660570501127
"Conservancy","Conservancy_77","Okongoro","SSP585_2090","Without_Intervention","Mixed",6,6,14281,11073,-12.8840690250206,-13.2596438800301
"Conservancy","Conservancy_77","Okongoro","SSP585_2090","Without_Intervention","Omnivore",3,3,97973,47406,-11.3926989586398,-11.3926989586398
"Conservancy","Conservancy_78","Lusese","Current","Current","Browser",7,7,14051,12753,0,0
"Conservancy","Conservancy_78","Lusese","Current","Current","Carnivore",4,0,,,,
"Conservancy","Conservancy_78","Lusese","Current","Current","Grazer",12,12,3272,1787,0,0
"Conservancy","Conservancy_78","Lusese","Current","Current","Mixed",6,6,2773,1904,0,0
"Conservancy","Conservancy_78","Lusese","Current","Current","Omnivore",3,3,24187,11703,0,0
"Conservancy","Conservancy_78","Lusese","SSP245_2050","With_Intervention","Browser",7,7,12289,10722,-11.0614920234764,-13.3061416646654
"Conservancy","Conservancy_78","Lusese","SSP245_2050","With_Intervention","Carnivore",4,0,,,,
"Conservancy","Conservancy_78","Lusese","SSP245_2050","With_Intervention","Grazer",12,12,3111,1707,-4.97597289754115,-4.48248555982483
"Conservancy","Conservancy_78","Lusese","SSP245_2050","With_Intervention","Mixed",6,6,2587,1765,-7.35282660981778,-6.51921125030969
"Conservancy","Conservancy_78","Lusese","SSP245_2050","With_Intervention","Omnivore",3,3,22619,10945,-6.48154449912421,-6.48154449912421
"Conservancy","Conservancy_78","Lusese","SSP245_2050","Without_Intervention","Browser",7,7,13721,12627,-2.94775258415836,-2.03408113081553
"Conservancy","Conservancy_78","Lusese","SSP245_2050","Without_Intervention","Carnivore",4,0,,,,
"Conservancy","Conservancy_78","Lusese","SSP245_2050","Without_Intervention","Grazer",12,12,3008,1625,-8.72555011821895,-9.04639187666925
"Conservancy","Conservancy_78","Lusese","SSP245_2050","Without_Intervention","Mixed",6,6,2555,1753,-7.64795580400795,-7.84044744599654
"Conservancy","Conservancy_78","Lusese","SSP245_2050","Without_Intervention","Omnivore",3,3,22718,10993,-6.07404059350321,-6.07404059350321
"Conservancy","Conservancy_78","Lusese","SSP245_2090","With_Intervention","Browser",7,7,12278,10735,-11.2127113548158,-13.3496313263143
"Conservancy","Conservancy_78","Lusese","SSP245_2090","With_Intervention","Carnivore",4,0,,,,
"Conservancy","Conservancy_78","Lusese","SSP245_2090","With_Intervention","Grazer",12,12,3075,1684,-6.20438080062267,-5.76138672105932
"Conservancy","Conservancy_78","Lusese","SSP245_2090","With_Intervention","Mixed",6,6,2557,1743,-8.40026804317593,-7.58422141222748
"Conservancy","Conservancy_78","Lusese","SSP245_2090","With_Intervention","Omnivore",3,3,22450,10863,-7.1811792103199,-7.1811792103199
"Conservancy","Conservancy_78","Lusese","SSP245_2090","Without_Intervention","Browser",7,7,13697,12616,-3.14681563740075,-2.20275129226757
"Conservancy","Conservancy_78","Lusese","SSP245_2090","Without_Intervention","Carnivore",4,0,,,,
"Conservancy","Conservancy_78","Lusese","SSP245_2090","Without_Intervention","Grazer",12,12,2970,1601,-10.0276041318058,-10.3875926466572
"Conservancy","Conservancy_78","Lusese","SSP245_2090","Without_Intervention","Mixed",6,6,2523,1730,-8.79469044283038,-8.97941963453492
"Conservancy","Conservancy_78","Lusese","SSP245_2090","Without_Intervention","Omnivore",3,3,22546,10909,-6.78630303938622,-6.78630303938622
"Conservancy","Conservancy_78","Lusese","SSP585_2050","With_Intervention","Browser",7,7,12404,10822,-10.2263384316681,-12.4928263792857
"Conservancy","Conservancy_78","Lusese","SSP585_2050","With_Intervention","Carnivore",4,0,,,,
"Conservancy","Conservancy_78","Lusese","SSP585_2050","With_Intervention","Grazer",12,12,3141,1723,-4.06493340562578,-3.56660272210263
"Conservancy","Conservancy_78","Lusese","SSP585_2050","With_Intervention","Mixed",6,6,2611,1781,-6.47379918954818,-5.63050266763959
"Conservancy","Conservancy_78","Lusese","SSP585_2050","With_Intervention","Omnivore",3,3,22835,11049,-5.58994463439514,-5.58994463439514
"Conservancy","Conservancy_78","Lusese","SSP585_2050","Without_Intervention","Browser",7,7,13850,12745,-2.03805097594058,-1.11734773825155
"Conservancy","Conservancy_78","Lusese","SSP585_2050","Without_Intervention","Carnivore",4,0,,,,
"Conservancy","Conservancy_78","Lusese","SSP585_2050","Without_Intervention","Grazer",12,12,3037,1641,-7.84920291436489,-8.1726667643524
"Conservancy","Conservancy_78","Lusese","SSP585_2050","Without_Intervention","Mixed",6,6,2579,1770,-6.77189495625922,-6.96408452228621
"Conservancy","Conservancy_78","Lusese","SSP585_2050","Without_Intervention","Omnivore",3,3,22935,11097,-5.17872243703957,-5.17872243703957
"Conservancy","Conservancy_78","Lusese","SSP585_2090","With_Intervention","Browser",7,7,11660,10194,-15.6814831047559,-17.7119209346681
"Conservancy","Conservancy_78","Lusese","SSP585_2090","With_Intervention","Carnivore",4,0,,,,
"Conservancy","Conservancy_78","Lusese","SSP585_2090","With_Intervention","Grazer",12,12,2921,1600,-10.9032775298644,-10.4823240935243
"Conservancy","Conservancy_78","Lusese","SSP585_2090","With_Intervention","Mixed",6,6,2429,1656,-13.0003153545355,-12.2230434097
"Conservancy","Conservancy_78","Lusese","SSP585_2090","With_Intervention","Omnivore",3,3,21324,10318,-11.836847372301,-11.836847372301
"Conservancy","Conservancy_78","Lusese","SSP585_2090","Without_Intervention","Browser",7,7,13007,11980,-8.0242948014509,-7.12981835077064
"Conservancy","Conservancy_78","Lusese","SSP585_2090","Without_Intervention","Carnivore",4,0,,,,
"Conservancy","Conservancy_78","Lusese","SSP585_2090","Without_Intervention","Grazer",12,12,2822,1521,-14.5326979892116,-14.8740443783178
"Conservancy","Conservancy_78","Lusese","SSP585_2090","Without_Intervention","Mixed",6,6,2396,1643,-13.3746716339239,-13.5474804771745
"Conservancy","Conservancy_78","Lusese","SSP585_2090","Without_Intervention","Omnivore",3,3,21415,10362,-11.4619718631516,-11.4619718631516
"Conservancy","Conservancy_79","Nakabolelwa","Current","Current","Browser",7,7,5424,4346,0,0
"Conservancy","Conservancy_79","Nakabolelwa","Current","Current","Carnivore",4,0,,,,
"Conservancy","Conservancy_79","Nakabolelwa","Current","Current","Grazer",12,12,2121,1158,0,0
"Conservancy","Conservancy_79","Nakabolelwa","Current","Current","Mixed",6,6,1554,1052,0,0
"Conservancy","Conservancy_79","Nakabolelwa","Current","Current","Omnivore",3,3,13336,6453,0,0
"Conservancy","Conservancy_79","Nakabolelwa","SSP245_2050","With_Intervention","Browser",7,7,5039,3838,-5.89041828468383,-7.79047533158802
"Conservancy","Conservancy_79","Nakabolelwa","SSP245_2050","With_Intervention","Carnivore",4,0,,,,
"Conservancy","Conservancy_79","Nakabolelwa","SSP245_2050","With_Intervention","Grazer",12,12,1963,1045,-9.92475005870438,-9.78701698297812
"Conservancy","Conservancy_79","Nakabolelwa","SSP245_2050","With_Intervention","Mixed",6,6,1365,906,-13.2574548763748,-11.635249584076
"Conservancy","Conservancy_79","Nakabolelwa","SSP245_2050","With_Intervention","Omnivore",3,3,12659,6125,-5.07637575105382,-5.07637575105382
"Conservancy","Conservancy_79","Nakabolelwa","SSP245_2050","Without_Intervention","Browser",7,7,5056,3913,-6.14730502622374,-7.06133473813105
"Conservancy","Conservancy_79","Nakabolelwa","SSP245_2050","Without_Intervention","Carnivore",4,0,,,,
"Conservancy","Conservancy_79","Nakabolelwa","SSP245_2050","Without_Intervention","Grazer",12,12,1984,1059,-8.58588860960689,-8.54724107996502
"Conservancy","Conservancy_79","Nakabolelwa","SSP245_2050","Without_Intervention","Mixed",6,6,1386,921,-11.7253749552198,-10.415957018016
"Conservancy","Conservancy_79","Nakabolelwa","SSP245_2050","Without_Intervention","Omnivore",3,3,12678,6134,-4.93867202109173,-4.93867202109173
"Conservancy","Conservancy_79","Nakabolelwa","SSP245_2090","With_Intervention","Browser",7,7,4901,3685,-8.34190031627162,-10.3360177088753
"Conservancy","Conservancy_79","Nakabolelwa","SSP245_2090","With_Intervention","Carnivore",4,0,,,,
"Conservancy","Conservancy_79","Nakabolelwa","SSP245_2090","With_Intervention","Grazer",12,12,1959,1039,-10.4356131479161,-10.2799300226149
"Conservancy","Conservancy_79","Nakabolelwa","SSP245_2090","With_Intervention","Mixed",6,6,1344,893,-14.7899540901286,-12.9055770412007
"Conservancy","Conservancy_79","Nakabolelwa","SSP245_2090","With_Intervention","Omnivore",3,3,12569,6082,-5.75472903312566,-5.75472903312566
"Conservancy","Conservancy_79","Nakabolelwa","SSP245_2090","Without_Intervention","Browser",7,7,4958,3787,-7.72782237538697,-8.97735959439631
"Conservancy","Conservancy_79","Nakabolelwa","SSP245_2090","Without_Intervention","Carnivore",4,0,,,,
"Conservancy","Conservancy_79","Nakabolelwa","SSP245_2090","Without_Intervention","Grazer",12,12,1966,1043,-9.98674295463096,-9.92010039569196
"Conservancy","Conservancy_79","Nakabolelwa","SSP245_2090","Without_Intervention","Mixed",6,6,1353,898,-14.0614136262597,-12.3946372120392
"Conservancy","Conservancy_79","Nakabolelwa","SSP245_2090","Without_Intervention","Omnivore",3,3,12581,6088,-5.66258018190469,-5.66258018190469
"Conservancy","Conservancy_79","Nakabolelwa","SSP585_2050","With_Intervention","Browser",7,7,5086,3873,-5.02079380075477,-6.93850717040701
"Conservancy","Conservancy_79","Nakabolelwa","SSP585_2050","With_Intervention","Carnivore",4,0,,,,
"Conservancy","Conservancy_79","Nakabolelwa","SSP585_2050","With_Intervention","Grazer",12,12,1981,1055,-9.09460860161107,-8.95561603718627
"Conservancy","Conservancy_79","Nakabolelwa","SSP585_2050","With_Intervention","Mixed",6,6,1378,914,-12.4580428009026,-10.8207514311577
"Conservancy","Conservancy_79","Nakabolelwa","SSP585_2050","With_Intervention","Omnivore",3,3,12776,6182,-4.20041230848223,-4.20041230848223
"Conservancy","Conservancy_79","Nakabolelwa","SSP585_2050","Without_Intervention","Browser",7,7,5103,3949,-5.28034511101773,-6.20276360120942
"Conservancy","Conservancy_79","Nakabolelwa","SSP585_2050","Without_Intervention","Carnivore",4,0,,,,
"Conservancy","Conservancy_79","Nakabolelwa","SSP585_2050","Without_Intervention","Grazer",12,12,2003,1069,-7.74298936159498,-7.70400923463816
"Conservancy","Conservancy_79","Nakabolelwa","SSP585_2050","Without_Intervention","Mixed",6,6,1398,930,-10.9114304581162,-9.58987204747642
"Conservancy","Conservancy_79","Nakabolelwa","SSP585_2050","Without_Intervention","Omnivore",3,3,12795,6191,-4.0614106553046,-4.0614106553046
"Conservancy","Conservancy_79","Nakabolelwa","SSP585_2090","With_Intervention","Browser",7,7,4657,3501,-12.902606663376,-14.7979289203353
"Conservancy","Conservancy_79","Nakabolelwa","SSP585_2090","With_Intervention","Carnivore",4,0,,,,
"Conservancy","Conservancy_79","Nakabolelwa","SSP585_2090","With_Intervention","Grazer",12,12,1861,988,-14.8879207547956,-14.7399158231468
"Conservancy","Conservancy_79","Nakabolelwa","SSP585_2090","With_Intervention","Mixed",6,6,1277,848,-19.0277396906923,-17.2365408564811
"Conservancy","Conservancy_79","Nakabolelwa","SSP585_2090","With_Intervention","Omnivore",3,3,11944,5779,-10.4402958761951,-10.4402958761951
"Conservancy","Conservancy_79","Nakabolelwa","SSP585_2090","Without_Intervention","Browser",7,7,4712,3598,-12.319308357896,-13.5075784926252
"Conservancy","Conservancy_79","Nakabolelwa","SSP585_2090","Without_Intervention","Carnivore",4,0,,,,
"Conservancy","Conservancy_79","Nakabolelwa","SSP585_2090","Without_Intervention","Grazer",12,12,1868,992,-14.4617932334439,-14.3983440856994
"Conservancy","Conservancy_79","Nakabolelwa","SSP585_2090","Without_Intervention","Mixed",6,6,1286,853,-18.3360094460925,-16.7514398882936
"Conservancy","Conservancy_79","Nakabolelwa","SSP585_2090","Without_Intervention","Omnivore",3,3,11956,5785,-10.3527939799201,-10.3527939799201
"Conservancy","Conservancy_8","Mashi","Current","Current","Browser",7,7,55240,53899,0,0
"Conservancy","Conservancy_8","Mashi","Current","Current","Carnivore",4,0,,,,
"Conservancy","Conservancy_8","Mashi","Current","Current","Grazer",12,12,3625,2400,0,0
"Conservancy","Conservancy_8","Mashi","Current","Current","Mixed",6,6,6854,5133,0,0
"Conservancy","Conservancy_8","Mashi","Current","Current","Omnivore",3,3,48730,23579,0,0
"Conservancy","Conservancy_8","Mashi","SSP245_2050","With_Intervention","Browser",7,7,50667,48932,-8.573343846776,-8.14326270539674
"Conservancy","Conservancy_8","Mashi","SSP245_2050","With_Intervention","Carnivore",4,0,,,,
"Conservancy","Conservancy_8","Mashi","SSP245_2050","With_Intervention","Grazer",12,12,3659,2441,0.983076280129607,1.70214965687714
"Conservancy","Conservancy_8","Mashi","SSP245_2050","With_Intervention","Mixed",6,6,6630,4979,-3.54952832218446,-3.32775876589591
"Conservancy","Conservancy_8","Mashi","SSP245_2050","With_Intervention","Omnivore",3,3,45622,22075,-6.37802203645515,-6.37802203645515
"Conservancy","Conservancy_8","Mashi","SSP245_2050","Without_Intervention","Browser",7,7,54667,52277,-1.65519810700864,-0.768635695949508
"Conservancy","Conservancy_8","Mashi","SSP245_2050","Without_Intervention","Carnivore",4,0,,,,
"Conservancy","Conservancy_8","Mashi","SSP245_2050","Without_Intervention","Grazer",12,12,3007,1967,-17.8720133597125,-18.0459418737311
"Conservancy","Conservancy_8","Mashi","SSP245_2050","Without_Intervention","Mixed",6,6,6206,4659,-8.80165665471166,-9.54974758893971
"Conservancy","Conservancy_8","Mashi","SSP245_2050","Without_Intervention","Omnivore",3,3,45622,22075,-6.37802203645515,-6.37802203645515
"Conservancy","Conservancy_8","Mashi","SSP245_2090","With_Intervention","Browser",7,7,50635,48647,-8.77968900618551,-8.13639185892166
"Conservancy","Conservancy_8","Mashi","SSP245_2090","With_Intervention","Carnivore",4,0,,,,
"Conservancy","Conservancy_8","Mashi","SSP245_2090","With_Intervention","Grazer",12,12,3566,2375,-1.73422547842206,-1.04567507928434
"Conservancy","Conservancy_8","Mashi","SSP245_2090","With_Intervention","Mixed",6,6,6534,4910,-4.83844835755931,-4.74977517093017
"Conservancy","Conservancy_8","Mashi","SSP245_2090","With_Intervention","Omnivore",3,3,45144,21844,-7.35823912370009,-7.35823912370008
"Conservancy","Conservancy_8","Mashi","SSP245_2090","Without_Intervention","Browser",7,7,54940,52247,-1.33322492668396,-0.198586384558032
"Conservancy","Conservancy_8","Mashi","SSP245_2090","Without_Intervention","Carnivore",4,0,,,,
"Conservancy","Conservancy_8","Mashi","SSP245_2090","Without_Intervention","Grazer",12,12,2864,1865,-22.0292225773972,-22.3018699836617
"Conservancy","Conservancy_8","Mashi","SSP245_2090","Without_Intervention","Mixed",6,6,6078,4566,-10.4916662052671,-11.4469188878554
"Conservancy","Conservancy_8","Mashi","SSP245_2090","Without_Intervention","Omnivore",3,3,45144,21844,-7.35823912370009,-7.35823912370008
"Conservancy","Conservancy_8","Mashi","SSP585_2050","With_Intervention","Browser",7,7,50592,49176,-8.52479620892063,-8.36489804165414
"Conservancy","Conservancy_8","Mashi","SSP585_2050","With_Intervention","Carnivore",4,0,,,,
"Conservancy","Conservancy_8","Mashi","SSP585_2050","With_Intervention","Grazer",12,12,3642,2430,0.558884549060656,1.25725349171067
"Conservancy","Conservancy_8","Mashi","SSP585_2050","With_Intervention","Mixed",6,6,6612,4960,-3.82563178205715,-3.55825969541565
"Conservancy","Conservancy_8","Mashi","SSP585_2050","With_Intervention","Omnivore",3,3,45661,22094,-6.29868067545547,-6.29868067545547
"Conservancy","Conservancy_8","Mashi","SSP585_2050","Without_Intervention","Browser",7,7,54760,52365,-1.48840202495735,-0.599774692257521
"Conservancy","Conservancy_8","Mashi","SSP585_2050","Without_Intervention","Carnivore",4,0,,,,
"Conservancy","Conservancy_8","Mashi","SSP585_2050","Without_Intervention","Grazer",12,12,3012,1970,-17.73685959209,-17.9084080282174
"Conservancy","Conservancy_8","Mashi","SSP585_2050","Without_Intervention","Mixed",6,6,6217,4667,-8.64658250096891,-9.39621975598929
"Conservancy","Conservancy_8","Mashi","SSP585_2050","Without_Intervention","Omnivore",3,3,45699,22112,-6.22084992529394,-6.22084992529394
"Conservancy","Conservancy_8","Mashi","SSP585_2090","With_Intervention","Browser",7,7,47779,46204,-13.7491158006432,-13.3980169943648
"Conservancy","Conservancy_8","Mashi","SSP585_2090","With_Intervention","Carnivore",4,0,,,,
"Conservancy","Conservancy_8","Mashi","SSP585_2090","With_Intervention","Grazer",12,12,3359,2238,-7.36741453608902,-6.73397591895983
"Conservancy","Conservancy_8","Mashi","SSP585_2090","With_Intervention","Mixed",6,6,6164,4627,-10.2531736169638,-10.1202012384936
"Conservancy","Conservancy_8","Mashi","SSP585_2090","With_Intervention","Omnivore",3,3,42721,20671,-12.3315579047198,-12.3315579047198
"Conservancy","Conservancy_8","Mashi","SSP585_2090","Without_Intervention","Browser",7,7,52032,49483,-6.55413048920121,-5.48115253805927
"Conservancy","Conservancy_8","Mashi","SSP585_2090","Without_Intervention","Carnivore",4,0,,,,
"Conservancy","Conservancy_8","Mashi","SSP585_2090","Without_Intervention","Grazer",12,12,2713,1766,-26.1531153466381,-26.4125760422939
"Conservancy","Conservancy_8","Mashi","SSP585_2090","Without_Intervention","Mixed",6,6,5756,4325,-15.2286325707495,-16.1329009072379
"Conservancy","Conservancy_8","Mashi","SSP585_2090","Without_Intervention","Omnivore",3,3,42756,20689,-12.2588230639243,-12.2588230639243
"Conservancy","Conservancy_80","Ohungu","Current","Current","Browser",7,7,94442,72416,0,0
"Conservancy","Conservancy_80","Ohungu","Current","Current","Carnivore",4,0,,,,
"Conservancy","Conservancy_80","Ohungu","Current","Current","Grazer",12,12,13343,9149,0,0
"Conservancy","Conservancy_80","Ohungu","Current","Current","Mixed",6,6,18909,14650,0,0
"Conservancy","Conservancy_80","Ohungu","Current","Current","Omnivore",3,3,98325,47576,0,0
"Conservancy","Conservancy_80","Ohungu","SSP245_2050","With_Intervention","Browser",7,7,78825,59604,-16.9681020792963,-17.0831064035246
"Conservancy","Conservancy_80","Ohungu","SSP245_2050","With_Intervention","Carnivore",4,0,,,,
"Conservancy","Conservancy_80","Ohungu","SSP245_2050","With_Intervention","Grazer",12,12,18201,12667,38.7971458925169,38.4557328896927
"Conservancy","Conservancy_80","Ohungu","SSP245_2050","With_Intervention","Mixed",6,6,22967,17703,19.2162812464538,21.7547098144921
"Conservancy","Conservancy_80","Ohungu","SSP245_2050","With_Intervention","Omnivore",3,3,106703,51630,8.52084888231928,8.52084888231928
"Conservancy","Conservancy_80","Ohungu","SSP245_2050","Without_Intervention","Browser",7,7,93845,72117,-0.566173617630728,-0.596615281450867
"Conservancy","Conservancy_80","Ohungu","SSP245_2050","Without_Intervention","Carnivore",4,0,,,,
"Conservancy","Conservancy_80","Ohungu","SSP245_2050","Without_Intervention","Grazer",12,12,12972,8891,-2.83575956778957,-2.81171403914416
"Conservancy","Conservancy_80","Ohungu","SSP245_2050","Without_Intervention","Mixed",6,6,18509,14338,-2.04149906341018,-2.11011238956918
"Conservancy","Conservancy_80","Ohungu","SSP245_2050","Without_Intervention","Omnivore",3,3,96777,46828,-1.57389789638591,-1.57389789638591
"Conservancy","Conservancy_80","Ohungu","SSP245_2090","With_Intervention","Browser",7,7,76220,57694,-19.6868884073909,-19.9278599559073
"Conservancy","Conservancy_80","Ohungu","SSP245_2090","With_Intervention","Carnivore",4,0,,,,
"Conservancy","Conservancy_80","Ohungu","SSP245_2090","With_Intervention","Grazer",12,12,17471,12159,33.2199487379219,32.8996492549046
"Conservancy","Conservancy_80","Ohungu","SSP245_2090","With_Intervention","Mixed",6,6,22082,17020,14.6418117254814,17.0624777298812
"Conservancy","Conservancy_80","Ohungu","SSP245_2090","With_Intervention","Omnivore",3,3,102755,49720,4.50610640504906,4.50610640504907
"Conservancy","Conservancy_80","Ohungu","SSP245_2090","Without_Intervention","Browser",7,7,90836,69871,-3.72821297080907,-3.76484709761695
"Conservancy","Conservancy_80","Ohungu","SSP245_2090","Without_Intervention","Carnivore",4,0,,,,
"Conservancy","Conservancy_80","Ohungu","SSP245_2090","Without_Intervention","Grazer",12,12,12487,8560,-6.47029518675508,-6.43886159938142
"Conservancy","Conservancy_80","Ohungu","SSP245_2090","Without_Intervention","Mixed",6,6,17851,13827,-5.51130487367334,-5.58605954080912
"Conservancy","Conservancy_80","Ohungu","SSP245_2090","Without_Intervention","Omnivore",3,3,93469,45227,-4.93877341044901,-4.93877341044901
"Conservancy","Conservancy_80","Ohungu","SSP585_2050","With_Intervention","Browser",7,7,76307,57695,-19.6224558134795,-19.7237165795114
"Conservancy","Conservancy_80","Ohungu","SSP585_2050","With_Intervention","Carnivore",4,0,,,,
"Conservancy","Conservancy_80","Ohungu","SSP585_2050","With_Intervention","Grazer",12,12,17632,12271,34.4583380018496,34.1269563561435
"Conservancy","Conservancy_80","Ohungu","SSP585_2050","With_Intervention","Mixed",6,6,22246,17147,15.4690098816994,17.9298002604805
"Conservancy","Conservancy_80","Ohungu","SSP585_2050","With_Intervention","Omnivore",3,3,103335,50001,5.09574973427902,5.09574973427903
"Conservancy","Conservancy_80","Ohungu","SSP585_2050","Without_Intervention","Browser",7,7,90830,69793,-3.76363780156741,-3.79187177794483
"Conservancy","Conservancy_80","Ohungu","SSP585_2050","Without_Intervention","Carnivore",4,0,,,,
"Conservancy","Conservancy_80","Ohungu","SSP585_2050","Without_Intervention","Grazer",12,12,12566,8614,-5.86869927386355,-5.8463813634447
"Conservancy","Conservancy_80","Ohungu","SSP585_2050","Without_Intervention","Mixed",6,6,17926,13887,-5.13201953312395,-5.19560614627524
"Conservancy","Conservancy_80","Ohungu","SSP585_2050","Without_Intervention","Omnivore",3,3,93705,45341,-4.69826600035532,-4.69826600035532
"Conservancy","Conservancy_80","Ohungu","SSP585_2090","With_Intervention","Browser",7,7,70228,53156,-26.0020297245536,-26.2196298333656
"Conservancy","Conservancy_80","Ohungu","SSP585_2090","With_Intervention","Carnivore",4,0,,,,
"Conservancy","Conservancy_80","Ohungu","SSP585_2090","With_Intervention","Grazer",12,12,16097,11203,22.7481979023967,22.4529409932771
"Conservancy","Conservancy_80","Ohungu","SSP585_2090","With_Intervention","Mixed",6,6,20346,15682,5.62967843444231,7.85974968044708
"Conservancy","Conservancy_80","Ohungu","SSP585_2090","With_Intervention","Omnivore",3,3,94677,45811,-3.71010552299267,-3.71010552299267
"Conservancy","Conservancy_80","Ohungu","SSP585_2090","Without_Intervention","Browser",7,7,83693,64375,-11.2991119015716,-11.3331217055659
"Conservancy","Conservancy_80","Ohungu","SSP585_2090","Without_Intervention","Carnivore",4,0,,,,
"Conservancy","Conservancy_80","Ohungu","SSP585_2090","Without_Intervention","Grazer",12,12,11502,7885,-13.8436077729291,-13.8146924709645
"Conservancy","Conservancy_80","Ohungu","SSP585_2090","Without_Intervention","Mixed",6,6,16445,12738,-12.9536531026736,-13.0238869591821
"Conservancy","Conservancy_80","Ohungu","SSP585_2090","Without_Intervention","Omnivore",3,3,86110,41666,-12.4231827323522,-12.4231827323522
"Conservancy","Conservancy_81","Maurus Nekaro","Current","Current","Browser",7,7,158327,135402,0,0
"Conservancy","Conservancy_81","Maurus Nekaro","Current","Current","Carnivore",4,0,,,,
"Conservancy","Conservancy_81","Maurus Nekaro","Current","Current","Grazer",12,12,7483,4533,0,0
"Conservancy","Conservancy_81","Maurus Nekaro","Current","Current","Mixed",6,6,17081,13091,0,0
"Conservancy","Conservancy_81","Maurus Nekaro","Current","Current","Omnivore",3,3,124837,60405,0,0
"Conservancy","Conservancy_81","Maurus Nekaro","SSP245_2050","With_Intervention","Browser",7,7,136692,122780,-12.2158651041303,-14.2456795505728
"Conservancy","Conservancy_81","Maurus Nekaro","SSP245_2050","With_Intervention","Carnivore",4,0,,,,
"Conservancy","Conservancy_81","Maurus Nekaro","SSP245_2050","With_Intervention","Grazer",12,12,9884,6582,38.7205138976917,36.2406658415921
"Conservancy","Conservancy_81","Maurus Nekaro","SSP245_2050","With_Intervention","Mixed",6,6,18317,13947,5.52236677455502,7.5440230376343
"Conservancy","Conservancy_81","Maurus Nekaro","SSP245_2050","With_Intervention","Omnivore",3,3,119880,58006,-3.9713614783921,-3.9713614783921
"Conservancy","Conservancy_81","Maurus Nekaro","SSP245_2050","Without_Intervention","Browser",7,7,159396,132008,-0.369934855858815,1.02346059361015
"Conservancy","Conservancy_81","Maurus Nekaro","SSP245_2050","Without_Intervention","Carnivore",4,0,,,,
"Conservancy","Conservancy_81","Maurus Nekaro","SSP245_2050","Without_Intervention","Grazer",12,12,7437,4546,-1.9012787168441,-1.17472517318338
"Conservancy","Conservancy_81","Maurus Nekaro","SSP245_2050","Without_Intervention","Mixed",6,6,17038,13134,-0.0216018399072278,-0.449384073903812
"Conservancy","Conservancy_81","Maurus Nekaro","SSP245_2050","Without_Intervention","Omnivore",3,3,120960,58529,-3.10620241559931,-3.10620241559931
"Conservancy","Conservancy_81","Maurus Nekaro","SSP245_2090","With_Intervention","Browser",7,7,134765,120011,-13.7061236390111,-15.3652331620042
"Conservancy","Conservancy_81","Maurus Nekaro","SSP245_2090","With_Intervention","Carnivore",4,0,,,,
"Conservancy","Conservancy_81","Maurus Nekaro","SSP245_2090","With_Intervention","Grazer",12,12,9838,6533,37.8944862312098,35.5574992368282
"Conservancy","Conservancy_81","Maurus Nekaro","SSP245_2090","With_Intervention","Mixed",6,6,18141,13830,4.50943337029806,6.46713944863213
"Conservancy","Conservancy_81","Maurus Nekaro","SSP245_2090","With_Intervention","Omnivore",3,3,117704,56953,-5.7143878976642,-5.7143878976642
"Conservancy","Conservancy_81","Maurus Nekaro","SSP245_2090","Without_Intervention","Browser",7,7,158176,129403,-1.5213525777895,0.387055476381342
"Conservancy","Conservancy_81","Maurus Nekaro","SSP245_2090","Without_Intervention","Carnivore",4,0,,,,
"Conservancy","Conservancy_81","Maurus Nekaro","SSP245_2090","Without_Intervention","Grazer",12,12,7397,4531,-2.78069506381767,-1.8647768605103
"Conservancy","Conservancy_81","Maurus Nekaro","SSP245_2090","Without_Intervention","Mixed",6,6,16903,13056,-0.767288676485835,-1.30851556123411
"Conservancy","Conservancy_81","Maurus Nekaro","SSP245_2090","Without_Intervention","Omnivore",3,3,118883,57524,-4.7698971145793,-4.7698971145793
"Conservancy","Conservancy_81","Maurus Nekaro","SSP585_2050","With_Intervention","Browser",7,7,130047,123520,-14.8403981156899,-19.0295766003958
"Conservancy","Conservancy_81","Maurus Nekaro","SSP585_2050","With_Intervention","Carnivore",4,0,,,,
"Conservancy","Conservancy_81","Maurus Nekaro","SSP585_2050","With_Intervention","Grazer",12,12,9218,6233,30.3547235527538,27.7474618694718
"Conservancy","Conservancy_81","Maurus Nekaro","SSP585_2050","With_Intervention","Mixed",6,6,17343,13106,-0.207442215853991,2.08021027083856
"Conservancy","Conservancy_81","Maurus Nekaro","SSP585_2050","With_Intervention","Omnivore",3,3,116614,56426,-6.58684718143786,-6.58684718143786
"Conservancy","Conservancy_81","Maurus Nekaro","SSP585_2050","Without_Intervention","Browser",7,7,156141,129314,-2.40442929473348,-1.0397982377315
"Conservancy","Conservancy_81","Maurus Nekaro","SSP585_2050","Without_Intervention","Carnivore",4,0,,,,
"Conservancy","Conservancy_81","Maurus Nekaro","SSP585_2050","Without_Intervention","Grazer",12,12,7288,4454,-3.87114775469916,-3.16412803874402
"Conservancy","Conservancy_81","Maurus Nekaro","SSP585_2050","Without_Intervention","Mixed",6,6,16692,12868,-2.05296949899459,-2.47074070498356
"Conservancy","Conservancy_81","Maurus Nekaro","SSP585_2050","Without_Intervention","Omnivore",3,3,118501,57339,-5.07531227063949,-5.0753122706395
"Conservancy","Conservancy_81","Maurus Nekaro","SSP585_2090","With_Intervention","Browser",7,7,124536,117033,-18.7544153328499,-22.3517670035848
"Conservancy","Conservancy_81","Maurus Nekaro","SSP585_2090","With_Intervention","Carnivore",4,0,,,,
"Conservancy","Conservancy_81","Maurus Nekaro","SSP585_2090","With_Intervention","Grazer",12,12,8824,5936,24.4828108282953,22.1709730878325
"Conservancy","Conservancy_81","Maurus Nekaro","SSP585_2090","With_Intervention","Mixed",6,6,16590,12557,-4.49957302772504,-2.40685365893186
"Conservancy","Conservancy_81","Maurus Nekaro","SSP585_2090","With_Intervention","Omnivore",3,3,110755,53591,-11.2805918609511,-11.2805918609511
"Conservancy","Conservancy_81","Maurus Nekaro","SSP585_2090","Without_Intervention","Browser",7,7,149854,122596,-6.70207410396304,-4.89411832434358
"Conservancy","Conservancy_81","Maurus Nekaro","SSP585_2090","Without_Intervention","Carnivore",4,0,,,,
"Conservancy","Conservancy_81","Maurus Nekaro","SSP585_2090","Without_Intervention","Grazer",12,12,7010,4294,-7.85593175645544,-6.99179278230397
"Conservancy","Conservancy_81","Maurus Nekaro","SSP585_2090","Without_Intervention","Mixed",6,6,16016,12371,-5.97442497673538,-6.4858314405424
"Conservancy","Conservancy_81","Maurus Nekaro","SSP585_2090","Without_Intervention","Omnivore",3,3,112639,54503,-9.77116042681877,-9.77116042681877
"Conservancy","Conservancy_82","Kapinga kaMwalye","Current","Current","Browser",7,7,196000,161958,0,0
"Conservancy","Conservancy_82","Kapinga kaMwalye","Current","Current","Carnivore",4,0,,,,
"Conservancy","Conservancy_82","Kapinga kaMwalye","Current","Current","Grazer",12,12,8880,5451,0,0
"Conservancy","Conservancy_82","Kapinga kaMwalye","Current","Current","Mixed",6,6,20668,15950,0,0
"Conservancy","Conservancy_82","Kapinga kaMwalye","Current","Current","Omnivore",3,3,145432,70370,0,0
"Conservancy","Conservancy_82","Kapinga kaMwalye","SSP245_2050","With_Intervention","Browser",7,7,172362,139977,-12.5676910877153,-11.8787606384961
"Conservancy","Conservancy_82","Kapinga kaMwalye","SSP245_2050","With_Intervention","Carnivore",4,0,,,,
"Conservancy","Conservancy_82","Kapinga kaMwalye","SSP245_2050","With_Intervention","Grazer",12,12,11607,7365,37.2872550511562,34.0704479630508
"Conservancy","Conservancy_82","Kapinga kaMwalye","SSP245_2050","With_Intervention","Mixed",6,6,21991,16971,4.93514770909572,6.46436298163267
"Conservancy","Conservancy_82","Kapinga kaMwalye","SSP245_2050","With_Intervention","Omnivore",3,3,139442,67472,-4.11868531169298,-4.11868531169298
"Conservancy","Conservancy_82","Kapinga kaMwalye","SSP245_2050","Without_Intervention","Browser",7,7,192063,156227,-2.51994425687127,-1.83640446343592
"Conservancy","Conservancy_82","Kapinga kaMwalye","SSP245_2050","Without_Intervention","Carnivore",4,0,,,,
"Conservancy","Conservancy_82","Kapinga kaMwalye","SSP245_2050","Without_Intervention","Grazer",12,12,8335,5152,-7.27516836063067,-6.75755044292534
"Conservancy","Conservancy_82","Kapinga kaMwalye","SSP245_2050","Without_Intervention","Mixed",6,6,19840,15354,-3.79139628208102,-4.11022355620877
"Conservancy","Conservancy_82","Kapinga kaMwalye","SSP245_2050","Without_Intervention","Omnivore",3,3,139415,67459,-4.13688958554635,-4.13688958554636
"Conservancy","Conservancy_82","Kapinga kaMwalye","SSP245_2090","With_Intervention","Browser",7,7,170157,137323,-13.864659447891,-12.9456451269119
"Conservancy","Conservancy_82","Kapinga kaMwalye","SSP245_2090","With_Intervention","Carnivore",4,0,,,,
"Conservancy","Conservancy_82","Kapinga kaMwalye","SSP245_2090","With_Intervention","Grazer",12,12,11446,7246,35.221590795812,32.1096479698317
"Conservancy","Conservancy_82","Kapinga kaMwalye","SSP245_2090","With_Intervention","Mixed",6,6,21682,16746,3.48936561893646,4.9402712982982
"Conservancy","Conservancy_82","Kapinga kaMwalye","SSP245_2090","With_Intervention","Omnivore",3,3,137022,66301,-5.78283756430341,-5.78283756430341
"Conservancy","Conservancy_82","Kapinga kaMwalye","SSP245_2090","Without_Intervention","Browser",7,7,189631,153634,-3.88129288013135,-3.03780453194656
"Conservancy","Conservancy_82","Kapinga kaMwalye","SSP245_2090","Without_Intervention","Carnivore",4,0,,,,
"Conservancy","Conservancy_82","Kapinga kaMwalye","SSP245_2090","Without_Intervention","Grazer",12,12,8178,5061,-9.24461763454838,-8.64910606413935
"Conservancy","Conservancy_82","Kapinga kaMwalye","SSP245_2090","Without_Intervention","Mixed",6,6,19524,15120,-5.28078545119868,-5.65909984575601
"Conservancy","Conservancy_82","Kapinga kaMwalye","SSP245_2090","Without_Intervention","Omnivore",3,3,136968,66275,-5.81986459385899,-5.81986459385899
"Conservancy","Conservancy_82","Kapinga kaMwalye","SSP585_2050","With_Intervention","Browser",7,7,165495,140704,-14.7445346974899,-15.8553448105689
"Conservancy","Conservancy_82","Kapinga kaMwalye","SSP585_2050","With_Intervention","Carnivore",4,0,,,,
"Conservancy","Conservancy_82","Kapinga kaMwalye","SSP585_2050","With_Intervention","Grazer",12,12,10950,7029,30.3067179726708,27.0065417591371
"Conservancy","Conservancy_82","Kapinga kaMwalye","SSP585_2050","With_Intervention","Mixed",6,6,21017,16128,0.21649312128144,1.94673649033526
"Conservancy","Conservancy_82","Kapinga kaMwalye","SSP585_2050","With_Intervention","Omnivore",3,3,136193,65900,-6.35262373211264,-6.35262373211264
"Conservancy","Conservancy_82","Kapinga kaMwalye","SSP585_2050","Without_Intervention","Browser",7,7,188709,153502,-4.22179171335401,-3.55117059141177
"Conservancy","Conservancy_82","Kapinga kaMwalye","SSP585_2050","Without_Intervention","Carnivore",4,0,,,,
"Conservancy","Conservancy_82","Kapinga kaMwalye","SSP585_2050","Without_Intervention","Grazer",12,12,8190,5062,-8.89125862526791,-8.38309327461906
"Conservancy","Conservancy_82","Kapinga kaMwalye","SSP585_2050","Without_Intervention","Mixed",6,6,19493,15086,-5.47061723679198,-5.78350995878908
"Conservancy","Conservancy_82","Kapinga kaMwalye","SSP585_2050","Without_Intervention","Omnivore",3,3,136985,66283,-5.80796433883926,-5.80796433883926
"Conservancy","Conservancy_82","Kapinga kaMwalye","SSP585_2090","With_Intervention","Browser",7,7,156741,132731,-19.3638067219582,-20.2702786812084
"Conservancy","Conservancy_82","Kapinga kaMwalye","SSP585_2090","With_Intervention","Carnivore",4,0,,,,
"Conservancy","Conservancy_82","Kapinga kaMwalye","SSP585_2090","With_Intervention","Grazer",12,12,10370,6647,23.308575608518,20.2161581419377
"Conservancy","Conservancy_82","Kapinga kaMwalye","SSP585_2090","With_Intervention","Mixed",6,6,19895,15275,-5.11883872849408,-3.51519648384626
"Conservancy","Conservancy_82","Kapinga kaMwalye","SSP585_2090","With_Intervention","Omnivore",3,3,128558,62206,-11.6021475164138,-11.6021475164138
"Conservancy","Conservancy_82","Kapinga kaMwalye","SSP585_2090","Without_Intervention","Browser",7,7,179043,145058,-9.24727378324312,-8.45148633317841
"Conservancy","Conservancy_82","Kapinga kaMwalye","SSP585_2090","Without_Intervention","Carnivore",4,0,,,,
"Conservancy","Conservancy_82","Kapinga kaMwalye","SSP585_2090","Without_Intervention","Grazer",12,12,7721,4779,-14.3124567312144,-13.7502409415043
"Conservancy","Conservancy_82","Kapinga kaMwalye","SSP585_2090","Without_Intervention","Mixed",6,6,18434,14276,-10.569363331051,-10.9265219128903
"Conservancy","Conservancy_82","Kapinga kaMwalye","SSP585_2090","Without_Intervention","Omnivore",3,3,129320,62574,-11.0785005299496,-11.0785005299496
"Conservancy","Conservancy_83","Otjindjerese","Current","Current","Browser",7,7,112617,90349,0,0
"Conservancy","Conservancy_83","Otjindjerese","Current","Current","Carnivore",4,0,,,,
"Conservancy","Conservancy_83","Otjindjerese","Current","Current","Grazer",12,12,5482,3358,0,0
"Conservancy","Conservancy_83","Otjindjerese","Current","Current","Mixed",6,6,12210,9464,0,0
"Conservancy","Conservancy_83","Otjindjerese","Current","Current","Omnivore",3,3,82951,40137,0,0
"Conservancy","Conservancy_83","Otjindjerese","SSP245_2050","With_Intervention","Browser",7,7,62806,48779,-44.8454385086771,-43.9942897674286
"Conservancy","Conservancy_83","Otjindjerese","SSP245_2050","With_Intervention","Carnivore",4,0,,,,
"Conservancy","Conservancy_83","Otjindjerese","SSP245_2050","With_Intervention","Grazer",12,12,13150,9177,168.846831450751,155.231216076887
"Conservancy","Conservancy_83","Otjindjerese","SSP245_2050","With_Intervention","Mixed",6,6,17036,13090,32.6793660501612,40.2448171965411
"Conservancy","Conservancy_83","Otjindjerese","SSP245_2050","With_Intervention","Omnivore",3,3,81262,39321,-2.03522450959695,-2.03522450959695
"Conservancy","Conservancy_83","Otjindjerese","SSP245_2050","Without_Intervention","Browser",7,7,111933,89855,-0.587442506367671,-0.611395729919563
"Conservancy","Conservancy_83","Otjindjerese","SSP245_2050","Without_Intervention","Carnivore",4,0,,,,
"Conservancy","Conservancy_83","Otjindjerese","SSP245_2050","Without_Intervention","Grazer",12,12,5066,3125,-8.67908137230047,-8.16293171088935
"Conservancy","Conservancy_83","Otjindjerese","SSP245_2050","Without_Intervention","Mixed",6,6,11749,9110,-3.5187170760199,-3.80605618078608
"Conservancy","Conservancy_83","Otjindjerese","SSP245_2050","Without_Intervention","Omnivore",3,3,80994,39191,-2.35882470305302,-2.35882470305302
"Conservancy","Conservancy_83","Otjindjerese","SSP245_2090","With_Intervention","Browser",7,7,60375,46895,-46.9789063762771,-46.1618764921916
"Conservancy","Conservancy_83","Otjindjerese","SSP245_2090","With_Intervention","Carnivore",4,0,,,,
"Conservancy","Conservancy_83","Otjindjerese","SSP245_2090","With_Intervention","Grazer",12,12,12617,8804,157.92706362546,144.871001010995
"Conservancy","Conservancy_83","Otjindjerese","SSP245_2090","With_Intervention","Mixed",6,6,16352,12564,27.3590103545773,34.6108522087802
"Conservancy","Conservancy_83","Otjindjerese","SSP245_2090","With_Intervention","Omnivore",3,3,77957,37721,-6.02014592341259,-6.02014592341259
"Conservancy","Conservancy_83","Otjindjerese","SSP245_2090","Without_Intervention","Browser",7,7,108005,86719,-4.06938510761855,-4.10228567829102
"Conservancy","Conservancy_83","Otjindjerese","SSP245_2090","Without_Intervention","Carnivore",4,0,,,,
"Conservancy","Conservancy_83","Otjindjerese","SSP245_2090","Without_Intervention","Grazer",12,12,4780,2955,-14.1652607100056,-13.5217173036687
"Conservancy","Conservancy_83","Otjindjerese","SSP245_2090","Without_Intervention","Mixed",6,6,11227,8707,-7.72725602260286,-8.08798530807811
"Conservancy","Conservancy_83","Otjindjerese","SSP245_2090","Without_Intervention","Omnivore",3,3,77701,37597,-6.32890644493345,-6.32890644493344
"Conservancy","Conservancy_83","Otjindjerese","SSP585_2050","With_Intervention","Browser",7,7,60575,47046,-46.805296470421,-45.9844195120817
"Conservancy","Conservancy_83","Otjindjerese","SSP585_2050","With_Intervention","Carnivore",4,0,,,,
"Conservancy","Conservancy_83","Otjindjerese","SSP585_2050","With_Intervention","Grazer",12,12,12682,8851,159.28818870416,146.156739259445
"Conservancy","Conservancy_83","Otjindjerese","SSP585_2050","With_Intervention","Mixed",6,6,16431,12625,27.9627626101017,35.2592065492458
"Conservancy","Conservancy_83","Otjindjerese","SSP585_2050","With_Intervention","Omnivore",3,3,78374,37923,-5.51680690750031,-5.51680690750031
"Conservancy","Conservancy_83","Otjindjerese","SSP585_2050","Without_Intervention","Browser",7,7,107953,86660,-4.1222621137826,-4.14534624566144
"Conservancy","Conservancy_83","Otjindjerese","SSP585_2050","Without_Intervention","Carnivore",4,0,,,,
"Conservancy","Conservancy_83","Otjindjerese","SSP585_2050","Without_Intervention","Grazer",12,12,4886,3014,-11.9224365739808,-11.4248754628715
"Conservancy","Conservancy_83","Otjindjerese","SSP585_2050","Without_Intervention","Mixed",6,6,11331,8786,-6.94795115090549,-7.2249315759591
"Conservancy","Conservancy_83","Otjindjerese","SSP585_2050","Without_Intervention","Omnivore",3,3,78115,37798,-5.82932318734309,-5.82932318734308
"Conservancy","Conservancy_83","Otjindjerese","SSP585_2090","With_Intervention","Browser",7,7,57617,44753,-49.4006472933861,-48.620837436415
"Conservancy","Conservancy_83","Otjindjerese","SSP585_2090","With_Intervention","Carnivore",4,0,,,,
"Conservancy","Conservancy_83","Otjindjerese","SSP585_2090","With_Intervention","Grazer",12,12,12041,8402,146.155174489071,133.694881961994
"Conservancy","Conservancy_83","Otjindjerese","SSP585_2090","With_Intervention","Mixed",6,6,15606,11991,21.5451245138356,28.4660588610434
"Conservancy","Conservancy_83","Otjindjerese","SSP585_2090","With_Intervention","Omnivore",3,3,74398,35999,-10.3103602298876,-10.3103602298876
"Conservancy","Conservancy_83","Otjindjerese","SSP585_2090","Without_Intervention","Browser",7,7,103071,82757,-8.45192860686736,-8.48329232752052
"Conservancy","Conservancy_83","Otjindjerese","SSP585_2090","Without_Intervention","Carnivore",4,0,,,,
"Conservancy","Conservancy_83","Otjindjerese","SSP585_2090","Without_Intervention","Grazer",12,12,4562,2820,-18.0782918083176,-17.4646696873501
"Conservancy","Conservancy_83","Otjindjerese","SSP585_2090","Without_Intervention","Mixed",6,6,10714,8309,-11.9396810688735,-12.2836505062308
"Conservancy","Conservancy_83","Otjindjerese","SSP585_2090","Without_Intervention","Omnivore",3,3,74153,35880,-10.6060442090706,-10.6060442090706
"Conservancy","Conservancy_84","Nyae Nyae","Current","Current","Browser",7,7,1316593,1071893,0,0
"Conservancy","Conservancy_84","Nyae Nyae","Current","Current","Carnivore",4,0,,,,
"Conservancy","Conservancy_84","Nyae Nyae","Current","Current","Grazer",12,12,79272,49815,0,0
"Conservancy","Conservancy_84","Nyae Nyae","Current","Current","Mixed",6,6,157799,121799,0,0
"Conservancy","Conservancy_84","Nyae Nyae","Current","Current","Omnivore",3,3,1027380,497119,0,0
"Conservancy","Conservancy_84","Nyae Nyae","SSP245_2050","With_Intervention","Browser",7,7,623908,481779,-53.4491482196936,-52.2577470514666
"Conservancy","Conservancy_84","Nyae Nyae","SSP245_2050","With_Intervention","Carnivore",4,0,,,,
"Conservancy","Conservancy_84","Nyae Nyae","SSP245_2050","With_Intervention","Grazer",12,12,183795,128866,149.77614338766,144.488689927473
"Conservancy","Conservancy_84","Nyae Nyae","SSP245_2050","With_Intervention","Mixed",6,6,222904,170922,34.0792853876549,41.8842674116309
"Conservancy","Conservancy_84","Nyae Nyae","SSP245_2050","With_Intervention","Omnivore",3,3,991821,479913,-3.4611284460656,-3.46112844606559
"Conservancy","Conservancy_84","Nyae Nyae","SSP245_2050","Without_Intervention","Browser",7,7,1322518,1065909,0.111741655493018,0.559740493730241
"Conservancy","Conservancy_84","Nyae Nyae","SSP245_2050","Without_Intervention","Carnivore",4,0,,,,
"Conservancy","Conservancy_84","Nyae Nyae","SSP245_2050","Without_Intervention","Grazer",12,12,69901,42342,-13.4859286316895,-12.5552768390665
"Conservancy","Conservancy_84","Nyae Nyae","SSP245_2050","Without_Intervention","Mixed",6,6,148814,115162,-5.19343253328413,-5.79687996782817
"Conservancy","Conservancy_84","Nyae Nyae","SSP245_2050","Without_Intervention","Omnivore",3,3,991821,479913,-3.4611284460656,-3.46112844606559
"Conservancy","Conservancy_84","Nyae Nyae","SSP245_2090","With_Intervention","Browser",7,7,610303,469536,-54.5185598822519,-53.2811388835468
"Conservancy","Conservancy_84","Nyae Nyae","SSP245_2090","With_Intervention","Carnivore",4,0,,,,
"Conservancy","Conservancy_84","Nyae Nyae","SSP245_2090","With_Intervention","Grazer",12,12,178881,125431,142.981129568503,137.97222657816
"Conservancy","Conservancy_84","Nyae Nyae","SSP245_2090","With_Intervention","Mixed",6,6,217178,166571,30.6543525303296,38.2283559066797
"Conservancy","Conservancy_84","Nyae Nyae","SSP245_2090","With_Intervention","Omnivore",3,3,966027,467432,-5.97179457990813,-5.97179457990813
"Conservancy","Conservancy_84","Nyae Nyae","SSP245_2090","Without_Intervention","Browser",7,7,1300588,1046706,-1.59593134992877,-1.09305388572801
"Conservancy","Conservancy_84","Nyae Nyae","SSP245_2090","Without_Intervention","Carnivore",4,0,,,,
"Conservancy","Conservancy_84","Nyae Nyae","SSP245_2090","Without_Intervention","Grazer",12,12,66345,40357,-18.3354208292191,-17.2003169661251
"Conservancy","Conservancy_84","Nyae Nyae","SSP245_2090","Without_Intervention","Mixed",6,6,143971,111475,-8.15036984877787,-8.88459641055011
"Conservancy","Conservancy_84","Nyae Nyae","SSP245_2090","Without_Intervention","Omnivore",3,3,966027,467432,-5.97179457990813,-5.97179457990813
"Conservancy","Conservancy_84","Nyae Nyae","SSP585_2050","With_Intervention","Browser",7,7,604257,466612,-54.9150518638029,-53.7614929997515
"Conservancy","Conservancy_84","Nyae Nyae","SSP585_2050","With_Intervention","Carnivore",4,0,,,,
"Conservancy","Conservancy_84","Nyae Nyae","SSP585_2050","With_Intervention","Grazer",12,12,178000,124803,141.900988511262,136.780951165276
"Conservancy","Conservancy_84","Nyae Nyae","SSP585_2050","With_Intervention","Mixed",6,6,215878,165535,29.8532726279102,37.4121702957899
"Conservancy","Conservancy_84","Nyae Nyae","SSP585_2050","With_Intervention","Omnivore",3,3,960565,464789,-6.5034111620522,-6.5034111620522
"Conservancy","Conservancy_84","Nyae Nyae","SSP585_2050","Without_Intervention","Browser",7,7,1280867,1032346,-3.04092837991009,-2.60736024704273
"Conservancy","Conservancy_84","Nyae Nyae","SSP585_2050","Without_Intervention","Carnivore",4,0,,,,
"Conservancy","Conservancy_84","Nyae Nyae","SSP585_2050","Without_Intervention","Grazer",12,12,67694,41005,-16.2195525010975,-15.3173082817151
"Conservancy","Conservancy_84","Nyae Nyae","SSP585_2050","Without_Intervention","Mixed",6,6,144121,111531,-8.18264917485062,-8.7673784902661
"Conservancy","Conservancy_84","Nyae Nyae","SSP585_2050","Without_Intervention","Omnivore",3,3,960565,464789,-6.5034111620522,-6.5034111620522
"Conservancy","Conservancy_84","Nyae Nyae","SSP585_2090","With_Intervention","Browser",7,7,573190,440989,-57.2841392588601,-56.1221958760291
"Conservancy","Conservancy_84","Nyae Nyae","SSP585_2090","With_Intervention","Carnivore",4,0,,,,
"Conservancy","Conservancy_84","Nyae Nyae","SSP585_2090","With_Intervention","Grazer",12,12,167984,117790,128.179243500791,123.475680644186
"Conservancy","Conservancy_84","Nyae Nyae","SSP585_2090","With_Intervention","Mixed",6,6,203953,156427,22.6980739289789,29.8105056074579
"Conservancy","Conservancy_84","Nyae Nyae","SSP585_2090","With_Intervention","Omnivore",3,3,907218,438976,-11.6959507834422,-11.6959507834422
"Conservancy","Conservancy_84","Nyae Nyae","SSP585_2090","Without_Intervention","Browser",7,7,1221455,983023,-7.58313128796364,-7.11101671892767
"Conservancy","Conservancy_84","Nyae Nyae","SSP585_2090","Without_Intervention","Carnivore",4,0,,,,
"Conservancy","Conservancy_84","Nyae Nyae","SSP585_2090","Without_Intervention","Grazer",12,12,62299,37896,-23.3172973835654,-22.2508646434964
"Conservancy","Conservancy_84","Nyae Nyae","SSP585_2090","Without_Intervention","Mixed",6,6,135202,104685,-13.744443567946,-14.4344853083082
"Conservancy","Conservancy_84","Nyae Nyae","SSP585_2090","Without_Intervention","Omnivore",3,3,907218,438976,-11.6959507834422,-11.6959507834422
"Conservancy","Conservancy_85","Ekango Lyomongwa","Current","Current","Browser",7,7,119447,92987,0,0
"Conservancy","Conservancy_85","Ekango Lyomongwa","Current","Current","Carnivore",4,0,,,,
"Conservancy","Conservancy_85","Ekango Lyomongwa","Current","Current","Grazer",12,12,22911,15948,0,0
"Conservancy","Conservancy_85","Ekango Lyomongwa","Current","Current","Mixed",6,6,30239,23247,0,0
"Conservancy","Conservancy_85","Ekango Lyomongwa","Current","Current","Omnivore",3,3,147813,71523,0,0
"Conservancy","Conservancy_85","Ekango Lyomongwa","SSP245_2050","With_Intervention","Browser",7,7,96483,73811,-19.7128562047514,-19.0606918438323
"Conservancy","Conservancy_85","Ekango Lyomongwa","SSP245_2050","With_Intervention","Carnivore",4,0,,,,
"Conservancy","Conservancy_85","Ekango Lyomongwa","SSP245_2050","With_Intervention","Grazer",12,12,26618,18652,16.9849585959618,16.9540264547968
"Conservancy","Conservancy_85","Ekango Lyomongwa","SSP245_2050","With_Intervention","Mixed",6,6,32660,25072,6.73650951334947,8.10496618523033
"Conservancy","Conservancy_85","Ekango Lyomongwa","SSP245_2050","With_Intervention","Omnivore",3,3,146575,70923,-0.837852925371366,-0.837852925371366
"Conservancy","Conservancy_85","Ekango Lyomongwa","SSP245_2050","Without_Intervention","Browser",7,7,121149,94419,1.467084084569,1.45278181121828
"Conservancy","Conservancy_85","Ekango Lyomongwa","SSP245_2050","Without_Intervention","Carnivore",4,0,,,,
"Conservancy","Conservancy_85","Ekango Lyomongwa","SSP245_2050","Without_Intervention","Grazer",12,12,22175,15427,-3.36793950693154,-3.27007481213352
"Conservancy","Conservancy_85","Ekango Lyomongwa","SSP245_2050","Without_Intervention","Mixed",6,6,29610,22775,-1.89985772771841,-2.1008946328744
"Conservancy","Conservancy_85","Ekango Lyomongwa","SSP245_2050","Without_Intervention","Omnivore",3,3,145085,70202,-1.84597809198997,-1.84597809198996
"Conservancy","Conservancy_85","Ekango Lyomongwa","SSP245_2090","With_Intervention","Browser",7,7,93952,71908,-21.8073108896224,-21.2030088259615
"Conservancy","Conservancy_85","Ekango Lyomongwa","SSP245_2090","With_Intervention","Carnivore",4,0,,,,
"Conservancy","Conservancy_85","Ekango Lyomongwa","SSP245_2090","With_Intervention","Grazer",12,12,25689,17999,12.8852237245087,12.8584369882538
"Conservancy","Conservancy_85","Ekango Lyomongwa","SSP245_2090","With_Intervention","Mixed",6,6,31570,24236,3.2000403181678,4.49432789588561
"Conservancy","Conservancy_85","Ekango Lyomongwa","SSP245_2090","With_Intervention","Omnivore",3,3,141929,68676,-3.98065643227013,-3.98065643227012
"Conservancy","Conservancy_85","Ekango Lyomongwa","SSP245_2090","Without_Intervention","Browser",7,7,118304,92263,-0.894127576008943,-0.956781223275677
"Conservancy","Conservancy_85","Ekango Lyomongwa","SSP245_2090","Without_Intervention","Carnivore",4,0,,,,
"Conservancy","Conservancy_85","Ekango Lyomongwa","SSP245_2090","Without_Intervention","Grazer",12,12,21323,14829,-7.11419769701435,-7.0140201480019
"Conservancy","Conservancy_85","Ekango Lyomongwa","SSP245_2090","Without_Intervention","Mixed",6,6,28580,21984,-5.25855210217688,-5.50989613676126
"Conservancy","Conservancy_85","Ekango Lyomongwa","SSP245_2090","Without_Intervention","Omnivore",3,3,140517,67992,-4.93592855913511,-4.93592855913511
"Conservancy","Conservancy_85","Ekango Lyomongwa","SSP585_2050","With_Intervention","Browser",7,7,93042,71167,-22.5809379724317,-21.9450013883195
"Conservancy","Conservancy_85","Ekango Lyomongwa","SSP585_2050","With_Intervention","Carnivore",4,0,,,,
"Conservancy","Conservancy_85","Ekango Lyomongwa","SSP585_2050","With_Intervention","Grazer",12,12,25679,17994,12.8564026065176,12.8264595423175
"Conservancy","Conservancy_85","Ekango Lyomongwa","SSP585_2050","With_Intervention","Mixed",6,6,31505,24186,2.96070159921448,4.28176407431319
"Conservancy","Conservancy_85","Ekango Lyomongwa","SSP585_2050","With_Intervention","Omnivore",3,3,141377,68408,-4.3546609262625,-4.3546609262625
"Conservancy","Conservancy_85","Ekango Lyomongwa","SSP585_2050","Without_Intervention","Browser",7,7,116834,91056,-2.1472079121717,-2.16083575511676
"Conservancy","Conservancy_85","Ekango Lyomongwa","SSP585_2050","Without_Intervention","Carnivore",4,0,,,,
"Conservancy","Conservancy_85","Ekango Lyomongwa","SSP585_2050","Without_Intervention","Grazer",12,12,21391,14882,-6.78126598668948,-6.68695592630568
"Conservancy","Conservancy_85","Ekango Lyomongwa","SSP585_2050","Without_Intervention","Mixed",6,6,28562,21969,-5.37356955869127,-5.56633927343947
"Conservancy","Conservancy_85","Ekango Lyomongwa","SSP585_2050","Without_Intervention","Omnivore",3,3,139939,67713,-5.32696501268021,-5.3269650126802
"Conservancy","Conservancy_85","Ekango Lyomongwa","SSP585_2090","With_Intervention","Browser",7,7,89784,68719,-25.2757820016196,-24.6990336999788
"Conservancy","Conservancy_85","Ekango Lyomongwa","SSP585_2090","With_Intervention","Carnivore",4,0,,,,
"Conservancy","Conservancy_85","Ekango Lyomongwa","SSP585_2090","With_Intervention","Grazer",12,12,24545,17197,7.85930441175767,7.83376702059929
"Conservancy","Conservancy_85","Ekango Lyomongwa","SSP585_2090","With_Intervention","Mixed",6,6,30166,23158,-1.39103892670441,-0.154830644218885
"Conservancy","Conservancy_85","Ekango Lyomongwa","SSP585_2090","With_Intervention","Omnivore",3,3,135619,65622,-8.24969821767844,-8.24969821767844
"Conservancy","Conservancy_85","Ekango Lyomongwa","SSP585_2090","Without_Intervention","Browser",7,7,113058,88173,-5.28809262516224,-5.34897789866415
"Conservancy","Conservancy_85","Ekango Lyomongwa","SSP585_2090","Without_Intervention","Carnivore",4,0,,,,
"Conservancy","Conservancy_85","Ekango Lyomongwa","SSP585_2090","Without_Intervention","Grazer",12,12,20373,14169,-11.2525615596717,-11.1567538996681
"Conservancy","Conservancy_85","Ekango Lyomongwa","SSP585_2090","Without_Intervention","Mixed",6,6,27308,21006,-9.4735083884715,-9.7144199204102
"Conservancy","Conservancy_85","Ekango Lyomongwa","SSP585_2090","Without_Intervention","Omnivore",3,3,134272,64970,-9.16135230219264,-9.16135230219264
"Conservancy","Conservancy_86","#Khoadi-//Hôas","Current","Current","Browser",7,7,326648,254950,0,0
"Conservancy","Conservancy_86","#Khoadi-//Hôas","Current","Current","Carnivore",4,0,,,,
"Conservancy","Conservancy_86","#Khoadi-//Hôas","Current","Current","Grazer",12,12,41214,28289,0,0
"Conservancy","Conservancy_86","#Khoadi-//Hôas","Current","Current","Mixed",6,6,60762,46956,0,0
"Conservancy","Conservancy_86","#Khoadi-//Hôas","Current","Current","Omnivore",3,3,325253,157380,0,0
"Conservancy","Conservancy_86","#Khoadi-//Hôas","SSP245_2050","With_Intervention","Browser",7,7,228512,173585,-30.7080605629626,-30.1109266240268
"Conservancy","Conservancy_86","#Khoadi-//Hôas","SSP245_2050","With_Intervention","Carnivore",4,0,,,,
"Conservancy","Conservancy_86","#Khoadi-//Hôas","SSP245_2050","With_Intervention","Grazer",12,12,61588,43082,53.0050312766678,52.2952231802497
"Conservancy","Conservancy_86","#Khoadi-//Hôas","SSP245_2050","With_Intervention","Mixed",6,6,75738,58214,21.3604681904287,24.9939805878584
"Conservancy","Conservancy_86","#Khoadi-//Hôas","SSP245_2050","With_Intervention","Omnivore",3,3,341226,165109,4.91104361265392,4.91104361265392
"Conservancy","Conservancy_86","#Khoadi-//Hôas","SSP245_2050","Without_Intervention","Browser",7,7,324746,253938,-0.523661980451904,-0.576699832078402
"Conservancy","Conservancy_86","#Khoadi-//Hôas","SSP245_2050","Without_Intervention","Carnivore",4,0,,,,
"Conservancy","Conservancy_86","#Khoadi-//Hôas","SSP245_2050","Without_Intervention","Grazer",12,12,39199,26871,-5.05555157291642,-5.0116058345253
"Conservancy","Conservancy_86","#Khoadi-//Hôas","SSP245_2050","Without_Intervention","Mixed",6,6,58628,45314,-3.3435584906445,-3.52175124714969
"Conservancy","Conservancy_86","#Khoadi-//Hôas","SSP245_2050","Without_Intervention","Omnivore",3,3,317310,153537,-2.44217426587153,-2.44217426587153
"Conservancy","Conservancy_86","#Khoadi-//Hôas","SSP245_2090","With_Intervention","Browser",7,7,218997,166427,-33.5843886927146,-33.0377584293963
"Conservancy","Conservancy_86","#Khoadi-//Hôas","SSP245_2090","With_Intervention","Carnivore",4,0,,,,
"Conservancy","Conservancy_86","#Khoadi-//Hôas","SSP245_2090","With_Intervention","Grazer",12,12,58899,41201,46.3228713274199,45.6456600463224
"Conservancy","Conservancy_86","#Khoadi-//Hôas","SSP245_2090","With_Intervention","Mixed",6,6,72461,55695,16.1153273967975,19.5858707170833
"Conservancy","Conservancy_86","#Khoadi-//Hôas","SSP245_2090","With_Intervention","Omnivore",3,3,326614,158039,0.418634171284942,0.418634171284941
"Conservancy","Conservancy_86","#Khoadi-//Hôas","SSP245_2090","Without_Intervention","Browser",7,7,312149,244170,-4.3712185766082,-4.43763988526619
"Conservancy","Conservancy_86","#Khoadi-//Hôas","SSP245_2090","Without_Intervention","Carnivore",4,0,,,,
"Conservancy","Conservancy_86","#Khoadi-//Hôas","SSP245_2090","Without_Intervention","Grazer",12,12,37174,25453,-10.0160348118582,-9.96263609909979
"Conservancy","Conservancy_86","#Khoadi-//Hôas","SSP245_2090","Without_Intervention","Mixed",6,6,55843,43166,-7.88334646737003,-8.10978764313129
"Conservancy","Conservancy_86","#Khoadi-//Hôas","SSP245_2090","Without_Intervention","Omnivore",3,3,303256,146737,-6.76304457296127,-6.76304457296128
"Conservancy","Conservancy_86","#Khoadi-//Hôas","SSP585_2050","With_Intervention","Browser",7,7,221426,168236,-32.8520246770986,-32.2807872838071
"Conservancy","Conservancy_86","#Khoadi-//Hôas","SSP585_2050","With_Intervention","Carnivore",4,0,,,,
"Conservancy","Conservancy_86","#Khoadi-//Hôas","SSP585_2050","With_Intervention","Grazer",12,12,59678,41747,48.2623232713724,47.5744016149742
"Conservancy","Conservancy_86","#Khoadi-//Hôas","SSP585_2050","With_Intervention","Mixed",6,6,73390,56409,17.5985585365562,21.1199126774932
"Conservancy","Conservancy_86","#Khoadi-//Hôas","SSP585_2050","With_Intervention","Omnivore",3,3,330663,159998,1.66327583005971,1.66327583005971
"Conservancy","Conservancy_86","#Khoadi-//Hôas","SSP585_2050","Without_Intervention","Browser",7,7,314624,246018,-3.6248753309124,-3.67576548144518
"Conservancy","Conservancy_86","#Khoadi-//Hôas","SSP585_2050","Without_Intervention","Carnivore",4,0,,,,
"Conservancy","Conservancy_86","#Khoadi-//Hôas","SSP585_2050","Without_Intervention","Grazer",12,12,37994,26045,-7.97286797294069,-7.9307207427665
"Conservancy","Conservancy_86","#Khoadi-//Hôas","SSP585_2050","Without_Intervention","Mixed",6,6,56818,43915,-6.33034134683225,-6.50135541003192
"Conservancy","Conservancy_86","#Khoadi-//Hôas","SSP585_2050","Without_Intervention","Omnivore",3,3,307476,148779,-5.46563866565728,-5.46563866565728
"Conservancy","Conservancy_86","#Khoadi-//Hôas","SSP585_2090","With_Intervention","Browser",7,7,204049,155077,-38.1165623668484,-37.6147374330978
"Conservancy","Conservancy_86","#Khoadi-//Hôas","SSP585_2090","With_Intervention","Carnivore",4,0,,,,
"Conservancy","Conservancy_86","#Khoadi-//Hôas","SSP585_2090","With_Intervention","Grazer",12,12,54863,38377,36.2944341189056,35.6640171462702
"Conservancy","Conservancy_86","#Khoadi-//Hôas","SSP585_2090","With_Intervention","Mixed",6,6,67499,51881,8.16462151115661,11.3971630338774
"Conservancy","Conservancy_86","#Khoadi-//Hôas","SSP585_2090","With_Intervention","Omnivore",3,3,304268,147227,-6.45176586768418,-6.45176586768418
"Conservancy","Conservancy_86","#Khoadi-//Hôas","SSP585_2090","Without_Intervention","Browser",7,7,290909,227571,-10.876663370517,-10.9385446152148
"Conservancy","Conservancy_86","#Khoadi-//Hôas","SSP585_2090","Without_Intervention","Carnivore",4,0,,,,
"Conservancy","Conservancy_86","#Khoadi-//Hôas","SSP585_2090","Without_Intervention","Grazer",12,12,34642,23720,-16.1441598143724,-16.0939656046873
"Conservancy","Conservancy_86","#Khoadi-//Hôas","SSP585_2090","Without_Intervention","Mixed",6,6,52042,40227,-14.1541043208962,-14.3641805420395
"Conservancy","Conservancy_86","#Khoadi-//Hôas","SSP585_2090","Without_Intervention","Omnivore",3,3,282620,136752,-13.107543761145,-13.107543761145
"Conservancy","Conservancy_87","Joseph Mbambangandu","Current","Current","Browser",7,7,4602,4094,0,0
"Conservancy","Conservancy_87","Joseph Mbambangandu","Current","Current","Carnivore",4,0,,,,
"Conservancy","Conservancy_87","Joseph Mbambangandu","Current","Current","Grazer",12,12,350,237,0,0
"Conservancy","Conservancy_87","Joseph Mbambangandu","Current","Current","Mixed",6,6,627,476,0,0
"Conservancy","Conservancy_87","Joseph Mbambangandu","Current","Current","Omnivore",3,3,4504,2180,0,0
"Conservancy","Conservancy_87","Joseph Mbambangandu","SSP245_2050","With_Intervention","Browser",7,7,4705,4401,4.0007925480465,1.45237251227178
"Conservancy","Conservancy_87","Joseph Mbambangandu","SSP245_2050","With_Intervention","Carnivore",4,0,,,,
"Conservancy","Conservancy_87","Joseph Mbambangandu","SSP245_2050","With_Intervention","Grazer",12,12,393,271,11.9605370201006,14.6115987605031
"Conservancy","Conservancy_87","Joseph Mbambangandu","SSP245_2050","With_Intervention","Mixed",6,6,689,521,9.3684865621174,9.84824240077978
"Conservancy","Conservancy_87","Joseph Mbambangandu","SSP245_2050","With_Intervention","Omnivore",3,3,4551,2202,1.02190638938271,1.02190638938271
"Conservancy","Conservancy_87","Joseph Mbambangandu","SSP245_2050","Without_Intervention","Browser",7,7,5189,4645,13.0249225001018,13.4464154616169
"Conservancy","Conservancy_87","Joseph Mbambangandu","SSP245_2050","Without_Intervention","Carnivore",4,0,,,,
"Conservancy","Conservancy_87","Joseph Mbambangandu","SSP245_2050","Without_Intervention","Grazer",12,12,330,216,-7.68877629197475,-5.1201881608309
"Conservancy","Conservancy_87","Joseph Mbambangandu","SSP245_2050","Without_Intervention","Mixed",6,6,651,496,4.63063607703869,3.6990571479531
"Conservancy","Conservancy_87","Joseph Mbambangandu","SSP245_2050","Without_Intervention","Omnivore",3,3,4589,2220,1.87302385509257,1.87302385509257
"Conservancy","Conservancy_87","Joseph Mbambangandu","SSP245_2090","With_Intervention","Browser",7,7,4691,4243,2.53513161179118,2.32529274456728
"Conservancy","Conservancy_87","Joseph Mbambangandu","SSP245_2090","With_Intervention","Carnivore",4,0,,,,
"Conservancy","Conservancy_87","Joseph Mbambangandu","SSP245_2090","With_Intervention","Grazer",12,12,421,290,19.8349093866855,22.5955858998101
"Conservancy","Conservancy_87","Joseph Mbambangandu","SSP245_2090","With_Intervention","Mixed",6,6,714,542,13.1731745868215,13.6864010800596
"Conservancy","Conservancy_87","Joseph Mbambangandu","SSP245_2090","With_Intervention","Omnivore",3,3,4557,2205,1.17562546578008,1.17562546578008
"Conservancy","Conservancy_87","Joseph Mbambangandu","SSP245_2090","Without_Intervention","Browser",7,7,5133,4619,12.0109711876,12.1400311991808
"Conservancy","Conservancy_87","Joseph Mbambangandu","SSP245_2090","Without_Intervention","Carnivore",4,0,,,,
"Conservancy","Conservancy_87","Joseph Mbambangandu","SSP245_2090","Without_Intervention","Grazer",12,12,329,215,-8.03216216597299,-5.49020786756664
"Conservancy","Conservancy_87","Joseph Mbambangandu","SSP245_2090","Without_Intervention","Mixed",6,6,647,492,3.85044543100179,2.9810529842916
"Conservancy","Conservancy_87","Joseph Mbambangandu","SSP245_2090","Without_Intervention","Omnivore",3,3,4546,2200,0.918050112772075,0.918050112772074
"Conservancy","Conservancy_87","Joseph Mbambangandu","SSP585_2050","With_Intervention","Browser",7,7,4326,4394,0.0867141578716011,-8.57593377521559
"Conservancy","Conservancy_87","Joseph Mbambangandu","SSP585_2050","With_Intervention","Carnivore",4,0,,,,
"Conservancy","Conservancy_87","Joseph Mbambangandu","SSP585_2050","With_Intervention","Grazer",12,12,349,244,0.523569423906805,2.86388487904497
"Conservancy","Conservancy_87","Joseph Mbambangandu","SSP585_2050","With_Intervention","Mixed",6,6,629,468,-0.454308323126949,0.879722932529836
"Conservancy","Conservancy_87","Joseph Mbambangandu","SSP585_2050","With_Intervention","Omnivore",3,3,4416,2137,-1.96487886892559,-1.96487886892558
"Conservancy","Conservancy_87","Joseph Mbambangandu","SSP585_2050","Without_Intervention","Browser",7,7,5111,4577,11.3530536270687,11.7894000640048
"Conservancy","Conservancy_87","Joseph Mbambangandu","SSP585_2050","Without_Intervention","Carnivore",4,0,,,,
"Conservancy","Conservancy_87","Joseph Mbambangandu","SSP585_2050","Without_Intervention","Grazer",12,12,326,213,-9.00573582031733,-6.47485187626757
"Conservancy","Conservancy_87","Joseph Mbambangandu","SSP585_2050","Without_Intervention","Mixed",6,6,642,488,3.10298085487944,2.18946219270255
"Conservancy","Conservancy_87","Joseph Mbambangandu","SSP585_2050","Without_Intervention","Omnivore",3,3,4522,2188,0.382507613590917,0.382507613590914
"Conservancy","Conservancy_87","Joseph Mbambangandu","SSP585_2090","With_Intervention","Browser",7,7,4162,4215,-3.37463693037542,-12.1683665702865
"Conservancy","Conservancy_87","Joseph Mbambangandu","SSP585_2090","With_Intervention","Carnivore",4,0,,,,
"Conservancy","Conservancy_87","Joseph Mbambangandu","SSP585_2090","With_Intervention","Grazer",12,12,329,230,-5.09992623033492,-2.8811430663962
"Conservancy","Conservancy_87","Joseph Mbambangandu","SSP585_2090","With_Intervention","Mixed",6,6,599,445,-5.13090297353419,-3.8598777294403
"Conservancy","Conservancy_87","Joseph Mbambangandu","SSP585_2090","With_Intervention","Omnivore",3,3,4231,2047,-6.08085966961126,-6.08085966961126
"Conservancy","Conservancy_87","Joseph Mbambangandu","SSP585_2090","Without_Intervention","Browser",7,7,4860,4379,6.10300165331123,6.13831437281843
"Conservancy","Conservancy_87","Joseph Mbambangandu","SSP585_2090","Without_Intervention","Carnivore",4,0,,,,
"Conservancy","Conservancy_87","Joseph Mbambangandu","SSP585_2090","Without_Intervention","Grazer",12,12,312,204,-12.8330830421382,-10.4261104874498
"Conservancy","Conservancy_87","Joseph Mbambangandu","SSP585_2090","Without_Intervention","Mixed",6,6,613,466,-1.6221014286473,-2.43333567971595
"Conservancy","Conservancy_87","Joseph Mbambangandu","SSP585_2090","Without_Intervention","Omnivore",3,3,4307,2084,-4.38519431793027,-4.38519431793027
"Conservancy","Conservancy_88","Impalila","Current","Current","Browser",7,7,4054,3453,0,0
"Conservancy","Conservancy_88","Impalila","Current","Current","Carnivore",4,0,,,,
"Conservancy","Conservancy_88","Impalila","Current","Current","Grazer",12,12,999,550,0,0
"Conservancy","Conservancy_88","Impalila","Current","Current","Mixed",6,6,844,573,0,0
"Conservancy","Conservancy_88","Impalila","Current","Current","Omnivore",3,3,7454,3607,0,0
"Conservancy","Conservancy_88","Impalila","SSP245_2050","With_Intervention","Browser",7,7,4081,3363,1.91928246254493,-0.187831384393204
"Conservancy","Conservancy_88","Impalila","SSP245_2050","With_Intervention","Carnivore",4,0,,,,
"Conservancy","Conservancy_88","Impalila","SSP245_2050","With_Intervention","Grazer",12,12,994,540,-2.05236568489136,-1.81286031092654
"Conservancy","Conservancy_88","Impalila","SSP245_2050","With_Intervention","Mixed",6,6,823,551,-3.24170990245641,-2.0933737055888
"Conservancy","Conservancy_88","Impalila","SSP245_2050","With_Intervention","Omnivore",3,3,7613,3684,2.12654339639453,2.12654339639453
"Conservancy","Conservancy_88","Impalila","SSP245_2050","Without_Intervention","Browser",7,7,4224,3578,4.44448693048203,4.0307627269265
"Conservancy","Conservancy_88","Impalila","SSP245_2050","Without_Intervention","Carnivore",4,0,,,,
"Conservancy","Conservancy_88","Impalila","SSP245_2050","Without_Intervention","Grazer",12,12,994,540,-1.88986434533582,-1.97244307499477
"Conservancy","Conservancy_88","Impalila","SSP245_2050","Without_Intervention","Mixed",6,6,830,558,-2.00513916500401,-1.4359874925559
"Conservancy","Conservancy_88","Impalila","SSP245_2050","Without_Intervention","Omnivore",3,3,7631,3692,2.36778944373587,2.36778944373587
"Conservancy","Conservancy_88","Impalila","SSP245_2090","With_Intervention","Browser",7,7,4197,3460,5.01323525459457,2.44136769871217
"Conservancy","Conservancy_88","Impalila","SSP245_2090","With_Intervention","Carnivore",4,0,,,,
"Conservancy","Conservancy_88","Impalila","SSP245_2090","With_Intervention","Grazer",12,12,972,526,-4.61673766685853,-4.36247358507822
"Conservancy","Conservancy_88","Impalila","SSP245_2090","With_Intervention","Mixed",6,6,813,542,-4.50152143027926,-3.2556045626538
"Conservancy","Conservancy_88","Impalila","SSP245_2090","With_Intervention","Omnivore",3,3,7639,3697,2.48608041980495,2.48608041980495
"Conservancy","Conservancy_88","Impalila","SSP245_2090","Without_Intervention","Browser",7,7,4350,3693,7.68579375271833,6.98878721886438
"Conservancy","Conservancy_88","Impalila","SSP245_2090","Without_Intervention","Carnivore",4,0,,,,
"Conservancy","Conservancy_88","Impalila","SSP245_2090","Without_Intervention","Grazer",12,12,974,526,-4.29587360128875,-4.39400851570542
"Conservancy","Conservancy_88","Impalila","SSP245_2090","Without_Intervention","Mixed",6,6,821,551,-3.03624201326303,-2.43586311881208
"Conservancy","Conservancy_88","Impalila","SSP245_2090","Without_Intervention","Omnivore",3,3,7660,3706,2.75620078948285,2.75620078948285
"Conservancy","Conservancy_88","Impalila","SSP585_2050","With_Intervention","Browser",7,7,4124,3398,2.99684940116468,0.86724195128748
"Conservancy","Conservancy_88","Impalila","SSP585_2050","With_Intervention","Carnivore",4,0,,,,
"Conservancy","Conservancy_88","Impalila","SSP585_2050","With_Intervention","Grazer",12,12,1004,546,-1.01804850167666,-0.775962919475682
"Conservancy","Conservancy_88","Impalila","SSP585_2050","With_Intervention","Mixed",6,6,832,557,-2.21920700397756,-1.05882580368145
"Conservancy","Conservancy_88","Impalila","SSP585_2050","With_Intervention","Omnivore",3,3,7693,3722,3.20543365965029,3.20543365965028
"Conservancy","Conservancy_88","Impalila","SSP585_2050","Without_Intervention","Browser",7,7,4269,3616,5.54971280419399,5.13160396499755
"Conservancy","Conservancy_88","Impalila","SSP585_2050","Without_Intervention","Carnivore",4,0,,,,
"Conservancy","Conservancy_88","Impalila","SSP585_2050","Without_Intervention","Grazer",12,12,1005,545,-0.854557944796208,-0.938023118268728
"Conservancy","Conservancy_88","Impalila","SSP585_2050","Without_Intervention","Mixed",6,6,839,564,-0.969923346257175,-0.39489766213851
"Conservancy","Conservancy_88","Impalila","SSP585_2050","Without_Intervention","Omnivore",3,3,7711,3731,3.44924352636186,3.44924352636186
"Conservancy","Conservancy_88","Impalila","SSP585_2090","With_Intervention","Browser",7,7,3990,3289,-0.152150515189269,-2.59653670636644
"Conservancy","Conservancy_88","Impalila","SSP585_2090","With_Intervention","Carnivore",4,0,,,,
"Conservancy","Conservancy_88","Impalila","SSP585_2090","With_Intervention","Grazer",12,12,925,501,-9.25723009994338,-9.01562758420424
"Conservancy","Conservancy_88","Impalila","SSP585_2090","With_Intervention","Mixed",6,6,773,516,-9.17201282849568,-7.98362118436596
"Conservancy","Conservancy_88","Impalila","SSP585_2090","With_Intervention","Omnivore",3,3,7266,3516,-2.52070555308529,-2.52070555308529
"Conservancy","Conservancy_88","Impalila","SSP585_2090","Without_Intervention","Browser",7,7,4136,3511,2.38687617091238,1.7237056136143
"Conservancy","Conservancy_88","Impalila","SSP585_2090","Without_Intervention","Carnivore",4,0,,,,
"Conservancy","Conservancy_88","Impalila","SSP585_2090","Without_Intervention","Grazer",12,12,926,501,-8.95234323479661,-9.04553665307493
"Conservancy","Conservancy_88","Impalila","SSP585_2090","Without_Intervention","Mixed",6,6,781,524,-7.77988741698972,-7.20479197251931
"Conservancy","Conservancy_88","Impalila","SSP585_2090","Without_Intervention","Omnivore",3,3,7285,3525,-2.26407607458542,-2.26407607458541
"Conservancy","Conservancy_89","Kasika","Current","Current","Browser",7,7,6371,4741,0,0
"Conservancy","Conservancy_89","Kasika","Current","Current","Carnivore",4,0,,,,
"Conservancy","Conservancy_89","Kasika","Current","Current","Grazer",12,12,2708,1449,0,0
"Conservancy","Conservancy_89","Kasika","Current","Current","Mixed",6,6,1865,1237,0,0
"Conservancy","Conservancy_89","Kasika","Current","Current","Omnivore",3,3,17004,8228,0,0
"Conservancy","Conservancy_89","Kasika","SSP245_2050","With_Intervention","Browser",7,7,6024,4373,-4.99610035968557,-5.73773547284688
"Conservancy","Conservancy_89","Kasika","SSP245_2050","With_Intervention","Carnivore",4,0,,,,
"Conservancy","Conservancy_89","Kasika","SSP245_2050","With_Intervention","Grazer",12,12,2557,1351,-7.03036169669525,-6.78295472753833
"Conservancy","Conservancy_89","Kasika","SSP245_2050","With_Intervention","Mixed",6,6,1714,1140,-8.86932214523624,-7.83218550714663
"Conservancy","Conservancy_89","Kasika","SSP245_2050","With_Intervention","Omnivore",3,3,16235,7856,-4.52517431161908,-4.52517431161908
"Conservancy","Conservancy_89","Kasika","SSP245_2050","Without_Intervention","Browser",7,7,5961,4330,-6.12446028448522,-6.58971740092966
"Conservancy","Conservancy_89","Kasika","SSP245_2050","Without_Intervention","Carnivore",4,0,,,,
"Conservancy","Conservancy_89","Kasika","SSP245_2050","Without_Intervention","Grazer",12,12,2580,1367,-5.88469330525968,-5.69457061969613
"Conservancy","Conservancy_89","Kasika","SSP245_2050","Without_Intervention","Mixed",6,6,1732,1151,-7.78542284915667,-6.92615499778041
"Conservancy","Conservancy_89","Kasika","SSP245_2050","Without_Intervention","Omnivore",3,3,16244,7860,-4.47059841032564,-4.47059841032564
"Conservancy","Conservancy_89","Kasika","SSP245_2090","With_Intervention","Browser",7,7,5938,4281,-6.33829596856986,-7.05631406445337
"Conservancy","Conservancy_89","Kasika","SSP245_2090","With_Intervention","Carnivore",4,0,,,,
"Conservancy","Conservancy_89","Kasika","SSP245_2090","With_Intervention","Grazer",12,12,2547,1341,-7.76707057693335,-7.47829801469545
"Conservancy","Conservancy_89","Kasika","SSP245_2090","With_Intervention","Mixed",6,6,1690,1125,-10.342977985155,-9.0481012130915
"Conservancy","Conservancy_89","Kasika","SSP245_2090","With_Intervention","Omnivore",3,3,16151,7815,-5.01770708363652,-5.01770708363652
"Conservancy","Conservancy_89","Kasika","SSP245_2090","Without_Intervention","Browser",7,7,5923,4270,-6.6179407237544,-7.26746324873751
"Conservancy","Conservancy_89","Kasika","SSP245_2090","Without_Intervention","Carnivore",4,0,,,,
"Conservancy","Conservancy_89","Kasika","SSP245_2090","Without_Intervention","Grazer",12,12,2553,1345,-7.48313621361168,-7.20856058367287
"Conservancy","Conservancy_89","Kasika","SSP245_2090","Without_Intervention","Mixed",6,6,1694,1128,-10.0743520382075,-8.82355701011793
"Conservancy","Conservancy_89","Kasika","SSP245_2090","Without_Intervention","Omnivore",3,3,16154,7816,-5.00418137767981,-5.0041813776798
"Conservancy","Conservancy_89","Kasika","SSP585_2050","With_Intervention","Browser",7,7,6087,4418,-4.00932209918239,-4.7586207342066
"Conservancy","Conservancy_89","Kasika","SSP585_2050","With_Intervention","Carnivore",4,0,,,,
"Conservancy","Conservancy_89","Kasika","SSP585_2050","With_Intervention","Grazer",12,12,2584,1365,-6.06396794393018,-5.81395732575745
"Conservancy","Conservancy_89","Kasika","SSP585_2050","With_Intervention","Mixed",6,6,1732,1152,-7.92271131798767,-6.87457915072094
"Conservancy","Conservancy_89","Kasika","SSP585_2050","With_Intervention","Omnivore",3,3,16404,7937,-3.5326243197006,-3.5326243197006
"Conservancy","Conservancy_89","Kasika","SSP585_2050","Without_Intervention","Browser",7,7,6023,4375,-5.14854595094351,-5.61880560288995
"Conservancy","Conservancy_89","Kasika","SSP585_2050","Without_Intervention","Carnivore",4,0,,,,
"Conservancy","Conservancy_89","Kasika","SSP585_2050","Without_Intervention","Grazer",12,12,2607,1381,-4.90726897842592,-4.71509418086885
"Conservancy","Conservancy_89","Kasika","SSP585_2050","Without_Intervention","Mixed",6,6,1750,1163,-6.82837616493783,-5.95982531729625
"Conservancy","Conservancy_89","Kasika","SSP585_2050","Without_Intervention","Omnivore",3,3,16413,7942,-3.47752295787592,-3.47752295787591
"Conservancy","Conservancy_89","Kasika","SSP585_2090","With_Intervention","Browser",7,7,5644,4069,-10.9747112548228,-11.6571339379472
"Conservancy","Conservancy_89","Kasika","SSP585_2090","With_Intervention","Carnivore",4,0,,,,
"Conservancy","Conservancy_89","Kasika","SSP585_2090","With_Intervention","Grazer",12,12,2421,1275,-12.3322317362186,-12.0577555909841
"Conservancy","Conservancy_89","Kasika","SSP585_2090","With_Intervention","Mixed",6,6,1606,1069,-14.7807863719373,-13.5499878081084
"Conservancy","Conservancy_89","Kasika","SSP585_2090","With_Intervention","Omnivore",3,3,15352,7428,-9.7191114564603,-9.71911145646031
"Conservancy","Conservancy_89","Kasika","SSP585_2090","Without_Intervention","Browser",7,7,5630,4059,-11.2401620856696,-11.8575658264832
"Conservancy","Conservancy_89","Kasika","SSP585_2090","Without_Intervention","Carnivore",4,0,,,,
"Conservancy","Conservancy_89","Kasika","SSP585_2090","Without_Intervention","Grazer",12,12,2427,1278,-12.0627090248059,-11.8017092184063
"Conservancy","Conservancy_89","Kasika","SSP585_2090","Without_Intervention","Mixed",6,6,1611,1072,-14.5257950678553,-13.336840791631
"Conservancy","Conservancy_89","Kasika","SSP585_2090","Without_Intervention","Omnivore",3,3,15354,7429,-9.70627227454314,-9.70627227454314
"Conservancy","Conservancy_9","Ovitoto","Current","Current","Browser",7,7,101167,81262,0,0
"Conservancy","Conservancy_9","Ovitoto","Current","Current","Carnivore",4,0,,,,
"Conservancy","Conservancy_9","Ovitoto","Current","Current","Grazer",12,12,4377,2712,0,0
"Conservancy","Conservancy_9","Ovitoto","Current","Current","Mixed",6,6,10416,8079,0,0
"Conservancy","Conservancy_9","Ovitoto","Current","Current","Omnivore",3,3,72272,34970,0,0
"Conservancy","Conservancy_9","Ovitoto","SSP245_2050","With_Intervention","Browser",7,7,46301,35483,-54.9579567495869,-53.9249335848027
"Conservancy","Conservancy_9","Ovitoto","SSP245_2050","With_Intervention","Carnivore",4,0,,,,
"Conservancy","Conservancy_9","Ovitoto","SSP245_2050","With_Intervention","Grazer",12,12,12722,8917,237.9370927928,213.742601175031
"Conservancy","Conservancy_9","Ovitoto","SSP245_2050","With_Intervention","Mixed",6,6,15627,11994,41.2644397330501,50.9697544338644
"Conservancy","Conservancy_9","Ovitoto","SSP245_2050","With_Intervention","Omnivore",3,3,70196,33966,-2.87309061193313,-2.87309061193313
"Conservancy","Conservancy_9","Ovitoto","SSP245_2050","Without_Intervention","Browser",7,7,98573,79189,-2.56005492296906,-2.56626350411908
"Conservancy","Conservancy_9","Ovitoto","SSP245_2050","Without_Intervention","Carnivore",4,0,,,,
"Conservancy","Conservancy_9","Ovitoto","SSP245_2050","Without_Intervention","Grazer",12,12,4201,2607,-4.32038590635586,-4.17497439022203
"Conservancy","Conservancy_9","Ovitoto","SSP245_2050","Without_Intervention","Mixed",6,6,10084,7822,-3.13836195167697,-3.1966919446149
"Conservancy","Conservancy_9","Ovitoto","SSP245_2050","Without_Intervention","Omnivore",3,3,70196,33966,-2.87309061193313,-2.87309061193313
"Conservancy","Conservancy_9","Ovitoto","SSP245_2090","With_Intervention","Browser",7,7,44342,33981,-56.8640016454841,-55.874712530367
"Conservancy","Conservancy_9","Ovitoto","SSP245_2090","With_Intervention","Carnivore",4,0,,,,
"Conservancy","Conservancy_9","Ovitoto","SSP245_2090","With_Intervention","Grazer",12,12,12184,8539,223.631048477117,200.460854410607
"Conservancy","Conservancy_9","Ovitoto","SSP245_2090","With_Intervention","Mixed",6,6,14966,11486,35.2847252329062,44.579155909402
"Conservancy","Conservancy_9","Ovitoto","SSP245_2090","With_Intervention","Omnivore",3,3,67225,32528,-6.98419944078384,-6.98419944078384
"Conservancy","Conservancy_9","Ovitoto","SSP245_2090","Without_Intervention","Browser",7,7,94401,75837,-6.68441367187545,-6.69035946125188
"Conservancy","Conservancy_9","Ovitoto","SSP245_2090","Without_Intervention","Carnivore",4,0,,,,
"Conservancy","Conservancy_9","Ovitoto","SSP245_2090","Without_Intervention","Grazer",12,12,4023,2497,-8.37023479704585,-8.23097814130612
"Conservancy","Conservancy_9","Ovitoto","SSP245_2090","Without_Intervention","Mixed",6,6,9657,7491,-7.23824259099985,-7.29410363943553
"Conservancy","Conservancy_9","Ovitoto","SSP245_2090","Without_Intervention","Omnivore",3,3,67225,32528,-6.98419944078384,-6.98419944078384
"Conservancy","Conservancy_9","Ovitoto","SSP585_2050","With_Intervention","Browser",7,7,44176,33854,-57.0251482021708,-56.0395417523578
"Conservancy","Conservancy_9","Ovitoto","SSP585_2050","With_Intervention","Carnivore",4,0,,,,
"Conservancy","Conservancy_9","Ovitoto","SSP585_2050","With_Intervention","Grazer",12,12,12139,8508,222.425748726754,199.341806564234
"Conservancy","Conservancy_9","Ovitoto","SSP585_2050","With_Intervention","Mixed",6,6,14910,11443,34.7805516337772,44.0403834484748
"Conservancy","Conservancy_9","Ovitoto","SSP585_2050","With_Intervention","Omnivore",3,3,66974,32407,-7.33102540517926,-7.33102540517926
"Conservancy","Conservancy_9","Ovitoto","SSP585_2050","Without_Intervention","Browser",7,7,94049,75554,-7.03235744085661,-7.03828106029931
"Conservancy","Conservancy_9","Ovitoto","SSP585_2050","Without_Intervention","Carnivore",4,0,,,,
"Conservancy","Conservancy_9","Ovitoto","SSP585_2050","Without_Intervention","Grazer",12,12,4008,2487,-8.7118926819727,-8.57315526945439
"Conservancy","Conservancy_9","Ovitoto","SSP585_2050","Without_Intervention","Mixed",6,6,9621,7463,-7.58412131030311,-7.63977407087932
"Conservancy","Conservancy_9","Ovitoto","SSP585_2050","Without_Intervention","Omnivore",3,3,66974,32407,-7.33102540517926,-7.33102540517926
"Conservancy","Conservancy_9","Ovitoto","SSP585_2090","With_Intervention","Browser",7,7,40604,31117,-60.5004552164323,-59.594571466868
"Conservancy","Conservancy_9","Ovitoto","SSP585_2090","With_Intervention","Carnivore",4,0,,,,
"Conservancy","Conservancy_9","Ovitoto","SSP585_2090","With_Intervention","Grazer",12,12,11157,7819,196.346510808476,175.129758336052
"Conservancy","Conservancy_9","Ovitoto","SSP585_2090","With_Intervention","Mixed",6,6,13704,10518,23.8793615091299,32.3901937649696
"Conservancy","Conservancy_9","Ovitoto","SSP585_2090","With_Intervention","Omnivore",3,3,61557,29786,-14.8259384768319,-14.8259384768319
"Conservancy","Conservancy_9","Ovitoto","SSP585_2090","Without_Intervention","Browser",7,7,86442,69443,-14.5514262824385,-14.5568708093587
"Conservancy","Conservancy_9","Ovitoto","SSP585_2090","Without_Intervention","Carnivore",4,0,,,,
"Conservancy","Conservancy_9","Ovitoto","SSP585_2090","Without_Intervention","Grazer",12,12,3684,2286,-16.0951234969876,-15.9676069364444
"Conservancy","Conservancy_9","Ovitoto","SSP585_2090","Without_Intervention","Mixed",6,6,8843,6859,-15.0585644046415,-15.1097160621836
"Conservancy","Conservancy_9","Ovitoto","SSP585_2090","Without_Intervention","Omnivore",3,3,61557,29786,-14.8259384768319,-14.8259384768319
"Conservancy","Conservancy_90","!Gawachab","Current","Current","Browser",7,7,3008,1757,0,0
"Conservancy","Conservancy_90","!Gawachab","Current","Current","Carnivore",4,0,,,,
"Conservancy","Conservancy_90","!Gawachab","Current","Current","Grazer",12,12,195,94,0,0
"Conservancy","Conservancy_90","!Gawachab","Current","Current","Mixed",6,6,311,272,0,0
"Conservancy","Conservancy_90","!Gawachab","Current","Current","Omnivore",3,3,1977,957,0,0
"Conservancy","Conservancy_90","!Gawachab","SSP245_2050","With_Intervention","Browser",7,7,2660,1519,-12.1966414379842,-13.5487221368194
"Conservancy","Conservancy_90","!Gawachab","SSP245_2050","With_Intervention","Carnivore",4,0,,,,
"Conservancy","Conservancy_90","!Gawachab","SSP245_2050","With_Intervention","Grazer",12,12,942,642,740.680181245559,520.290615196147
"Conservancy","Conservancy_90","!Gawachab","SSP245_2050","With_Intervention","Mixed",6,6,1064,838,214.963224003326,256.321743756662
"Conservancy","Conservancy_90","!Gawachab","SSP245_2050","With_Intervention","Omnivore",3,3,4468,2162,125.928571154685,125.928571154685
"Conservancy","Conservancy_90","!Gawachab","SSP245_2050","Without_Intervention","Browser",7,7,1720,717,-49.1933120457855,-46.5514669013139
"Conservancy","Conservancy_90","!Gawachab","SSP245_2050","Without_Intervention","Carnivore",4,0,,,,
"Conservancy","Conservancy_90","!Gawachab","SSP245_2050","Without_Intervention","Grazer",12,12,139,61,-40.80423995006,-35.0108203770759
"Conservancy","Conservancy_90","!Gawachab","SSP245_2050","Without_Intervention","Mixed",6,6,178,169,-41.6182609910907,-44.6888813566699
"Conservancy","Conservancy_90","!Gawachab","SSP245_2050","Without_Intervention","Omnivore",3,3,1055,510,-46.6585136382025,-46.6585136382025
"Conservancy","Conservancy_90","!Gawachab","SSP245_2090","With_Intervention","Browser",7,7,2339,1273,-24.163857213388,-23.1156039729018
"Conservancy","Conservancy_90","!Gawachab","SSP245_2090","With_Intervention","Carnivore",4,0,,,,
"Conservancy","Conservancy_90","!Gawachab","SSP245_2090","With_Intervention","Grazer",12,12,884,602,688.965679028593,481.928560974575
"Conservancy","Conservancy_90","!Gawachab","SSP245_2090","With_Intervention","Mixed",6,6,987,779,192.053344037583,230.493240994853
"Conservancy","Conservancy_90","!Gawachab","SSP245_2090","With_Intervention","Omnivore",3,3,4091,1979,106.876467569359,106.876467569359
"Conservancy","Conservancy_90","!Gawachab","SSP245_2090","Without_Intervention","Browser",7,7,1211,315,-68.4315847416852,-64.8229851880741
"Conservancy","Conservancy_90","!Gawachab","SSP245_2090","Without_Intervention","Carnivore",4,0,,,,
"Conservancy","Conservancy_90","!Gawachab","SSP245_2090","Without_Intervention","Grazer",12,12,117,48,-56.5566523453994,-48.769505969209
"Conservancy","Conservancy_90","!Gawachab","SSP245_2090","Without_Intervention","Mixed",6,6,126,128,-57.9617974847456,-62.1312813222712
"Conservancy","Conservancy_90","!Gawachab","SSP245_2090","Without_Intervention","Omnivore",3,3,694,336,-64.8934377230791,-64.8934377230791
"Conservancy","Conservancy_90","!Gawachab","SSP585_2050","With_Intervention","Browser",7,7,2557,1460,-15.6117714712921,-16.913226130262
"Conservancy","Conservancy_90","!Gawachab","SSP585_2050","With_Intervention","Carnivore",4,0,,,,
"Conservancy","Conservancy_90","!Gawachab","SSP585_2050","With_Intervention","Grazer",12,12,905,617,707.841127432618,496.066653072595
"Conservancy","Conservancy_90","!Gawachab","SSP585_2050","With_Intervention","Mixed",6,6,1022,806,202.671352955311,242.412716464381
"Conservancy","Conservancy_90","!Gawachab","SSP585_2050","With_Intervention","Omnivore",3,3,4293,2077,117.115453845653,117.115453845653
"Conservancy","Conservancy_90","!Gawachab","SSP585_2050","Without_Intervention","Browser",7,7,1653,689,-51.1503259336646,-48.6118817539308
"Conservancy","Conservancy_90","!Gawachab","SSP585_2050","Without_Intervention","Carnivore",4,0,,,,
"Conservancy","Conservancy_90","!Gawachab","SSP585_2050","Without_Intervention","Grazer",12,12,134,59,-43.0899462486184,-37.5231739241461
"Conservancy","Conservancy_90","!Gawachab","SSP585_2050","Without_Intervention","Mixed",6,6,172,162,-43.8718622607239,-46.8223202137059
"Conservancy","Conservancy_90","!Gawachab","SSP585_2050","Without_Intervention","Omnivore",3,3,1014,491,-48.7148018913821,-48.7148018913821
"Conservancy","Conservancy_90","!Gawachab","SSP585_2090","With_Intervention","Browser",7,7,2100,1143,-31.9126375818411,-30.9749035197548
"Conservancy","Conservancy_90","!Gawachab","SSP585_2090","With_Intervention","Carnivore",4,0,,,,
"Conservancy","Conservancy_90","!Gawachab","SSP585_2090","With_Intervention","Grazer",12,12,794,541,608.394872481086,422.498288270045
"Conservancy","Conservancy_90","!Gawachab","SSP585_2090","With_Intervention","Mixed",6,6,886,700,162.224508846028,196.739626699465
"Conservancy","Conservancy_90","!Gawachab","SSP585_2090","With_Intervention","Omnivore",3,3,3673,1777,85.7462004893034,85.7462004893034
"Conservancy","Conservancy_90","!Gawachab","SSP585_2090","Without_Intervention","Browser",7,7,1087,282,-71.6600003577382,-68.4203059801842
"Conservancy","Conservancy_90","!Gawachab","SSP585_2090","Without_Intervention","Carnivore",4,0,,,,
"Conservancy","Conservancy_90","!Gawachab","SSP585_2090","Without_Intervention","Grazer",12,12,105,43,-60.9990227377866,-54.0079560994697
"Conservancy","Conservancy_90","!Gawachab","SSP585_2090","Without_Intervention","Mixed",6,6,113,115,-62.2605299037689,-66.0037688865726
"Conservancy","Conservancy_90","!Gawachab","SSP585_2090","Without_Intervention","Omnivore",3,3,623,302,-68.4835538001107,-68.4835538001107
