"spatial_unit","unit_id","unit","climate_scenario","feeding_group","species_count","species_estimated","mean_intervention_benefit_animals","median_intervention_benefit_animals","mean_intervention_benefit_pct","median_intervention_benefit_pct","species_positive_benefit","species_negative_benefit"
"Conservancy","Conservancy_1","Okanguati","SSP245_2050","Browser",7,7,-77028,-64405,-43.0303889075134,-42.1712607714929,0,7
"Conservancy","Conservancy_1","Okanguati","SSP245_2050","Carnivore",4,0,,,,,0,0
"Conservancy","Conservancy_1","Okanguati","SSP245_2050","Grazer",12,12,12565,9132,191.745724884791,173.549263993043,12,0
"Conservancy","Conservancy_1","Okanguati","SSP245_2050","Mixed",6,6,8177,6154,36.0589392754106,43.9741719279649,6,0
"Conservancy","Conservancy_1","Okanguati","SSP245_2050","Omnivore",3,3,27,13,0.0205043869925593,0.0205043869925615,3,0
"Conservancy","Conservancy_1","Okanguati","SSP245_2090","Browser",7,7,-73977,-61855,-43.1288491884928,-42.270509161734,0,7
"Conservancy","Conservancy_1","Okanguati","SSP245_2090","Carnivore",4,0,,,,,0,0
"Conservancy","Conservancy_1","Okanguati","SSP245_2090","Grazer",12,12,12060,8765,195.253481507189,176.255946910646,12,0
"Conservancy","Conservancy_1","Okanguati","SSP245_2090","Mixed",6,6,7846,5905,36.3000864782488,44.2762551396714,6,0
"Conservancy","Conservancy_1","Okanguati","SSP245_2090","Omnivore",3,3,0,0,0,0,0,0
"Conservancy","Conservancy_1","Okanguati","SSP585_2050","Browser",7,7,-74552,-62335,-43.0308164343762,-42.1716734493304,0,7
"Conservancy","Conservancy_1","Okanguati","SSP585_2050","Carnivore",4,0,,,,,0,0
"Conservancy","Conservancy_1","Okanguati","SSP585_2050","Grazer",12,12,12161,8839,191.739316807395,173.544676640707,12,0
"Conservancy","Conservancy_1","Okanguati","SSP585_2050","Mixed",6,6,7914,5956,36.0587831269971,43.9739687131835,6,0
"Conservancy","Conservancy_1","Okanguati","SSP585_2050","Omnivore",3,3,26,13,0.0205062683168052,0.0205062683168058,3,0
"Conservancy","Conservancy_1","Okanguati","SSP585_2090","Browser",7,7,-71208,-59540,-43.1290235461002,-42.2706718166968,0,7
"Conservancy","Conservancy_1","Okanguati","SSP585_2090","Carnivore",4,0,,,,,0,0
"Conservancy","Conservancy_1","Okanguati","SSP585_2090","Grazer",12,12,11609,8437,195.242934092498,176.248111914991,12,0
"Conservancy","Conservancy_1","Okanguati","SSP585_2090","Mixed",6,6,7552,5684,36.2995449293131,44.2755785184052,6,0
"Conservancy","Conservancy_1","Okanguati","SSP585_2090","Omnivore",3,3,0,0,0,0,0,0
"Conservancy","Conservancy_10","Salambala","SSP245_2050","Browser",7,7,-12815,-417,-9.09420274717625,-14.8054025638784,0,7
"Conservancy","Conservancy_10","Salambala","SSP245_2050","Carnivore",4,0,,,,,0,0
"Conservancy","Conservancy_10","Salambala","SSP245_2050","Grazer",12,12,346,309,3.95337881319953,5.4961074237592,10,2
"Conservancy","Conservancy_10","Salambala","SSP245_2050","Mixed",6,6,-249,-275,-3.04078748078873,-1.25740478209899,0,6
"Conservancy","Conservancy_10","Salambala","SSP245_2050","Omnivore",3,3,-1318,-638,-1.30570816963797,-1.30570816963797,0,3
"Conservancy","Conservancy_10","Salambala","SSP245_2090","Browser",7,7,-14427,-1441,-10.3846919031079,-16.194362209807,0,7
"Conservancy","Conservancy_10","Salambala","SSP245_2090","Carnivore",4,0,,,,,0,0
"Conservancy","Conservancy_10","Salambala","SSP245_2090","Grazer",12,12,553,450,6.33760849918626,8.33764501175172,10,2
"Conservancy","Conservancy_10","Salambala","SSP245_2090","Mixed",6,6,-129,-78,-2.36074913591074,-0.36459736077952,0,6
"Conservancy","Conservancy_10","Salambala","SSP245_2090","Omnivore",3,3,-1359,-658,-1.3550146841286,-1.35501468412861,0,3
"Conservancy","Conservancy_10","Salambala","SSP585_2050","Browser",7,7,-13712,-256,-9.04841505859754,-15.971065019014,3,4
"Conservancy","Conservancy_10","Salambala","SSP585_2050","Carnivore",4,0,,,,,0,0
"Conservancy","Conservancy_10","Salambala","SSP585_2050","Grazer",12,12,87,156,1.38275949261534,2.75686415378668,10,2
"Conservancy","Conservancy_10","Salambala","SSP585_2050","Mixed",6,6,-528,-603,-5.09215121191965,-3.14217774421691,0,6
"Conservancy","Conservancy_10","Salambala","SSP585_2050","Omnivore",3,3,-1624,-786,-1.59716205549851,-1.59716205549851,0,3
"Conservancy","Conservancy_10","Salambala","SSP585_2090","Browser",7,7,-14388,-266,-10.308970115864,-17.2669013729506,3,4
"Conservancy","Conservancy_10","Salambala","SSP585_2090","Carnivore",4,0,,,,,0,0
"Conservancy","Conservancy_10","Salambala","SSP585_2090","Grazer",12,12,285,284,3.73020717479009,5.54570018840195,10,2
"Conservancy","Conservancy_10","Salambala","SSP585_2090","Mixed",6,6,-375,-454,-4.37583088581819,-2.22477501172152,0,6
"Conservancy","Conservancy_10","Salambala","SSP585_2090","Omnivore",3,3,-1557,-754,-1.63552537186191,-1.63552537186191,0,3
"Conservancy","Conservancy_11","Doro !nawas Area2","SSP245_2050","Browser",7,7,2443,207,6.15956484370919,7.56422866800255,6,1
"Conservancy","Conservancy_11","Doro !nawas Area2","SSP245_2050","Carnivore",4,0,,,,,0,0
"Conservancy","Conservancy_11","Doro !nawas Area2","SSP245_2050","Grazer",12,12,11987,8601,287.890280113456,280.255467238959,12,0
"Conservancy","Conservancy_11","Doro !nawas Area2","SSP245_2050","Mixed",6,6,12503,9453,165.250673265913,184.569216583824,6,0
"Conservancy","Conservancy_11","Doro !nawas Area2","SSP245_2050","Omnivore",3,3,44214,21394,115.264456284386,115.264456284386,3,0
"Conservancy","Conservancy_11","Doro !nawas Area2","SSP245_2090","Browser",7,7,2836,237,7.538063489985,9.16231033293937,6,1
"Conservancy","Conservancy_11","Doro !nawas Area2","SSP245_2090","Carnivore",4,0,,,,,0,0
"Conservancy","Conservancy_11","Doro !nawas Area2","SSP245_2090","Grazer",12,12,11496,8248,295.177204787841,287.031349544576,12,0
"Conservancy","Conservancy_11","Doro !nawas Area2","SSP245_2090","Mixed",6,6,12022,9090,169.095114902924,188.952204542395,6,0
"Conservancy","Conservancy_11","Doro !nawas Area2","SSP245_2090","Omnivore",3,3,42692,20658,118.203963876525,118.203963876525,3,0
"Conservancy","Conservancy_11","Doro !nawas Area2","SSP585_2050","Browser",7,7,2391,203,6.2199966862374,7.63452170125862,6,1
"Conservancy","Conservancy_11","Doro !nawas Area2","SSP585_2050","Carnivore",4,0,,,,,0,0
"Conservancy","Conservancy_11","Doro !nawas Area2","SSP585_2050","Grazer",12,12,11628,8344,287.654591526845,280.05030465232,12,0
"Conservancy","Conservancy_11","Doro !nawas Area2","SSP585_2050","Mixed",6,6,12131,9172,165.246192118115,184.553733567998,6,0
"Conservancy","Conservancy_11","Doro !nawas Area2","SSP585_2050","Omnivore",3,3,42905,20761,115.31732191892,115.31732191892,3,0
"Conservancy","Conservancy_11","Doro !nawas Area2","SSP585_2090","Browser",7,7,2611,218,7.48680541649532,9.10245319810719,6,1
"Conservancy","Conservancy_11","Doro !nawas Area2","SSP585_2090","Carnivore",4,0,,,,,0,0
"Conservancy","Conservancy_11","Doro !nawas Area2","SSP585_2090","Grazer",12,12,10650,7641,295.212668581697,287.05433010025,12,0
"Conservancy","Conservancy_11","Doro !nawas Area2","SSP585_2090","Mixed",6,6,11136,8420,169.037145617288,188.892272178981,6,0
"Conservancy","Conservancy_11","Doro !nawas Area2","SSP585_2090","Omnivore",3,3,39542,19133,118.125914203885,118.125914203885,3,0
"Conservancy","Conservancy_12","Doro !nawas/Uibasen Twyfelfontein/Sorris Sorri JMA","SSP245_2050","Browser",7,7,2067,1460,344.118569645054,195.458364507359,7,0
"Conservancy","Conservancy_12","Doro !nawas/Uibasen Twyfelfontein/Sorris Sorri JMA","SSP245_2050","Carnivore",4,0,,,,,0,0
"Conservancy","Conservancy_12","Doro !nawas/Uibasen Twyfelfontein/Sorris Sorri JMA","SSP245_2050","Grazer",12,12,1431,1024,7227.90568359622,1485.17831977706,12,0
"Conservancy","Conservancy_12","Doro !nawas/Uibasen Twyfelfontein/Sorris Sorri JMA","SSP245_2050","Mixed",6,6,1602,1212,952.322568467829,1175.47171404507,6,0
"Conservancy","Conservancy_12","Doro !nawas/Uibasen Twyfelfontein/Sorris Sorri JMA","SSP245_2050","Omnivore",3,3,6310,3053,765.358060908894,765.358060908894,3,0
"Conservancy","Conservancy_12","Doro !nawas/Uibasen Twyfelfontein/Sorris Sorri JMA","SSP245_2090","Browser",7,7,2006,1428,391.502181922683,207.061153994664,7,0
"Conservancy","Conservancy_12","Doro !nawas/Uibasen Twyfelfontein/Sorris Sorri JMA","SSP245_2090","Carnivore",4,0,,,,,0,0
"Conservancy","Conservancy_12","Doro !nawas/Uibasen Twyfelfontein/Sorris Sorri JMA","SSP245_2090","Grazer",12,12,1365,977,1328.83036880962,1587.46884729242,12,0
"Conservancy","Conservancy_12","Doro !nawas/Uibasen Twyfelfontein/Sorris Sorri JMA","SSP245_2090","Mixed",6,6,1531,1158,1017.37400336921,1262.66703710471,6,0
"Conservancy","Conservancy_12","Doro !nawas/Uibasen Twyfelfontein/Sorris Sorri JMA","SSP245_2090","Omnivore",3,3,6042,2924,816.064548096616,816.064548096616,3,0
"Conservancy","Conservancy_12","Doro !nawas/Uibasen Twyfelfontein/Sorris Sorri JMA","SSP585_2050","Browser",7,7,2017,1424,344.169759380711,195.471486898754,7,0
"Conservancy","Conservancy_12","Doro !nawas/Uibasen Twyfelfontein/Sorris Sorri JMA","SSP585_2050","Carnivore",4,0,,,,,0,0
"Conservancy","Conservancy_12","Doro !nawas/Uibasen Twyfelfontein/Sorris Sorri JMA","SSP585_2050","Grazer",12,12,1396,999,7236.48856356208,1485.30045876654,12,0
"Conservancy","Conservancy_12","Doro !nawas/Uibasen Twyfelfontein/Sorris Sorri JMA","SSP585_2050","Mixed",6,6,1564,1183,952.398437432979,1175.57367123837,6,0
"Conservancy","Conservancy_12","Doro !nawas/Uibasen Twyfelfontein/Sorris Sorri JMA","SSP585_2050","Omnivore",3,3,6159,2980,765.416564345116,765.416564345116,3,0
"Conservancy","Conservancy_12","Doro !nawas/Uibasen Twyfelfontein/Sorris Sorri JMA","SSP585_2090","Browser",7,7,1856,1321,391.5134092299,207.067091992703,7,0
"Conservancy","Conservancy_12","Doro !nawas/Uibasen Twyfelfontein/Sorris Sorri JMA","SSP585_2090","Carnivore",4,0,,,,,0,0
"Conservancy","Conservancy_12","Doro !nawas/Uibasen Twyfelfontein/Sorris Sorri JMA","SSP585_2090","Grazer",12,12,1263,904,1328.86847635404,1587.51437194405,12,0
"Conservancy","Conservancy_12","Doro !nawas/Uibasen Twyfelfontein/Sorris Sorri JMA","SSP585_2090","Mixed",6,6,1417,1072,1017.40317912101,1262.70324724962,6,0
"Conservancy","Conservancy_12","Doro !nawas/Uibasen Twyfelfontein/Sorris Sorri JMA","SSP585_2090","Omnivore",3,3,5589,2705,816.08795079477,816.08795079477,3,0
"Conservancy","Conservancy_13","Kwandu","SSP245_2050","Browser",7,7,-1794,-34,-4.99869830120616,-9.76202515620153,3,4
"Conservancy","Conservancy_13","Kwandu","SSP245_2050","Carnivore",4,0,,,,,0,0
"Conservancy","Conservancy_13","Kwandu","SSP245_2050","Grazer",12,12,-30,-5,-0.708842152813418,-0.42883972954828,3,9
"Conservancy","Conservancy_13","Kwandu","SSP245_2050","Mixed",6,6,-107,-111,-4.19547162764712,-3.10644878101921,0,6
"Conservancy","Conservancy_13","Kwandu","SSP245_2050","Omnivore",3,3,-243,-118,-1.20439427817798,-1.20439427817798,0,3
"Conservancy","Conservancy_13","Kwandu","SSP245_2090","Browser",7,7,-1619,-839,-6.46085223077613,-7.86892662007676,0,7
"Conservancy","Conservancy_13","Kwandu","SSP245_2090","Carnivore",4,0,,,,,0,0
"Conservancy","Conservancy_13","Kwandu","SSP245_2090","Grazer",12,12,177,133,10.1829754213892,11.3027540290558,12,0
"Conservancy","Conservancy_13","Kwandu","SSP245_2090","Mixed",6,6,91,61,2.31015954506706,3.26443690912447,5,1
"Conservancy","Conservancy_13","Kwandu","SSP245_2090","Omnivore",3,3,-66,-32,-0.329143627218447,-0.329143627218443,0,3
"Conservancy","Conservancy_13","Kwandu","SSP585_2050","Browser",7,7,-2378,-46,-5.96537976201301,-13.1532348424092,3,4
"Conservancy","Conservancy_13","Kwandu","SSP585_2050","Carnivore",4,0,,,,,0,0
"Conservancy","Conservancy_13","Kwandu","SSP585_2050","Grazer",12,12,-103,-46,-4.20798698082475,-4.08789911480624,3,9
"Conservancy","Conservancy_13","Kwandu","SSP585_2050","Mixed",6,6,-201,-198,-7.44383073159208,-5.99052119710761,0,6
"Conservancy","Conservancy_13","Kwandu","SSP585_2050","Omnivore",3,3,-371,-180,-1.83008904463402,-1.83008904463402,0,3
"Conservancy","Conservancy_13","Kwandu","SSP585_2090","Browser",7,7,-2315,-45,-6.16856507463927,-13.318430844456,3,4
"Conservancy","Conservancy_13","Kwandu","SSP585_2090","Carnivore",4,0,,,,,0,0
"Conservancy","Conservancy_13","Kwandu","SSP585_2090","Grazer",12,12,-88,-37,-3.78904466623807,-3.63136725565154,3,9
"Conservancy","Conservancy_13","Kwandu","SSP585_2090","Mixed",6,6,-184,-183,-7.39947457337284,-5.89923828118582,0,6
"Conservancy","Conservancy_13","Kwandu","SSP585_2090","Omnivore",3,3,-352,-170,-1.85492090224916,-1.85492090224916,0,3
"Conservancy","Conservancy_14","Orupembe","SSP245_2050","Browser",7,7,13581,1107,14.476512496042,17.0604225980496,6,1
"Conservancy","Conservancy_14","Orupembe","SSP245_2050","Carnivore",4,0,,,,,0,0
"Conservancy","Conservancy_14","Orupembe","SSP245_2050","Grazer",12,12,37503,26900,952.003331529891,748.18002012825,12,0
"Conservancy","Conservancy_14","Orupembe","SSP245_2050","Mixed",6,6,39486,29856,316.731782745968,368.947671695074,6,0
"Conservancy","Conservancy_14","Orupembe","SSP245_2050","Omnivore",3,3,141788,68607,195.726158006937,195.726158006937,3,0
"Conservancy","Conservancy_14","Orupembe","SSP245_2090","Browser",7,7,13330,1084,15.2665850545972,17.8438399742297,6,1
"Conservancy","Conservancy_14","Orupembe","SSP245_2090","Carnivore",4,0,,,,,0,0
"Conservancy","Conservancy_14","Orupembe","SSP245_2090","Grazer",12,12,35489,25455,982.723052878953,764.412258203732,12,0
"Conservancy","Conservancy_14","Orupembe","SSP245_2090","Mixed",6,6,37395,28275,322.93233688928,376.540284721091,6,0
"Conservancy","Conservancy_14","Orupembe","SSP245_2090","Omnivore",3,3,134452,65058,199.68856050619,199.68856050619,3,0
"Conservancy","Conservancy_14","Orupembe","SSP585_2050","Browser",7,7,13429,1094,14.6609657376766,17.2413269567695,6,1
"Conservancy","Conservancy_14","Orupembe","SSP585_2050","Carnivore",4,0,,,,,0,0
"Conservancy","Conservancy_14","Orupembe","SSP585_2050","Grazer",12,12,36708,26329,954.403039430647,749.604371757576,12,0
"Conservancy","Conservancy_14","Orupembe","SSP585_2050","Mixed",6,6,38657,29230,317.530580498346,369.908479098688,6,0
"Conservancy","Conservancy_14","Orupembe","SSP585_2050","Omnivore",3,3,138861,67191,196.323018379449,196.323018379449,3,0
"Conservancy","Conservancy_14","Orupembe","SSP585_2090","Browser",7,7,12749,1037,15.1265540083735,17.7068257238673,6,1
"Conservancy","Conservancy_14","Orupembe","SSP585_2090","Carnivore",4,0,,,,,0,0
"Conservancy","Conservancy_14","Orupembe","SSP585_2090","Grazer",12,12,34191,24524,981.094209515257,763.443360973104,12,0
"Conservancy","Conservancy_14","Orupembe","SSP585_2090","Mixed",6,6,36021,27237,322.348371476749,375.838156183962,6,0
"Conservancy","Conservancy_14","Orupembe","SSP585_2090","Omnivore",3,3,129480,62652,199.244025386188,199.244025386188,3,0
"Conservancy","Conservancy_15","Mayuni","SSP245_2050","Browser",7,7,-2171,-1298,-9.8049774962339,-11.2553500235096,0,7
"Conservancy","Conservancy_15","Mayuni","SSP245_2050","Carnivore",4,0,,,,,0,0
"Conservancy","Conservancy_15","Mayuni","SSP245_2050","Grazer",12,12,266,198,24.0143038765447,25.420766377,12,0
"Conservancy","Conservancy_15","Mayuni","SSP245_2050","Mixed",6,6,149,104,5.01746210778032,6.67049120236135,5,1
"Conservancy","Conservancy_15","Mayuni","SSP245_2050","Omnivore",3,3,-66,-32,-0.410799523082963,-0.410799523082963,0,3
"Conservancy","Conservancy_15","Mayuni","SSP245_2090","Browser",7,7,-2032,-1699,-9.98273215555714,-9.98128674125005,0,7
"Conservancy","Conservancy_15","Mayuni","SSP245_2090","Carnivore",4,0,,,,,0,0
"Conservancy","Conservancy_15","Mayuni","SSP245_2090","Grazer",12,12,331,241,31.2810668570536,33.265280898047,12,0
"Conservancy","Conservancy_15","Mayuni","SSP245_2090","Mixed",6,6,215,162,7.97468945265993,9.62059687797386,6,0
"Conservancy","Conservancy_15","Mayuni","SSP245_2090","Omnivore",3,3,0,0,0,0,0,0
"Conservancy","Conservancy_15","Mayuni","SSP585_2050","Browser",7,7,-2257,-1370,-10.2084879672212,-11.6573339511799,0,7
"Conservancy","Conservancy_15","Mayuni","SSP585_2050","Carnivore",4,0,,,,,0,0
"Conservancy","Conservancy_15","Mayuni","SSP585_2050","Grazer",12,12,280,208,25.1905124702689,26.6664689241284,12,0
"Conservancy","Conservancy_15","Mayuni","SSP585_2050","Mixed",6,6,159,111,5.33453746788768,7.05066057942725,5,1
"Conservancy","Conservancy_15","Mayuni","SSP585_2050","Omnivore",3,3,-66,-32,-0.409726419486267,-0.409726419486267,0,3
"Conservancy","Conservancy_15","Mayuni","SSP585_2090","Browser",7,7,-2221,-1391,-10.5629122355088,-11.8775652164374,0,7
"Conservancy","Conservancy_15","Mayuni","SSP585_2090","Carnivore",4,0,,,,,0,0
"Conservancy","Conservancy_15","Mayuni","SSP585_2090","Grazer",12,12,283,210,28.8124907513022,30.6088419028219,12,0
"Conservancy","Conservancy_15","Mayuni","SSP585_2090","Mixed",6,6,163,115,5.99269627630116,7.83782961573228,5,1
"Conservancy","Conservancy_15","Mayuni","SSP585_2090","Omnivore",3,3,-60,-29,-0.394733464732478,-0.394733464732479,0,3
"Conservancy","Conservancy_16","Uibasen Twyfelfontein","SSP245_2050","Browser",7,7,3878,2772,161.022134500298,132.279480969827,7,0
"Conservancy","Conservancy_16","Uibasen Twyfelfontein","SSP245_2050","Carnivore",4,0,,,,,0,0
"Conservancy","Conservancy_16","Uibasen Twyfelfontein","SSP245_2050","Grazer",12,12,2616,1872,382.66496448824,377.700948738156,12,0
"Conservancy","Conservancy_16","Uibasen Twyfelfontein","SSP245_2050","Mixed",6,6,2935,2221,313.56571071733,347.175691256935,6,0
"Conservancy","Conservancy_16","Uibasen Twyfelfontein","SSP245_2050","Omnivore",3,3,11595,5610,293.758499143056,293.758499143056,3,0
"Conservancy","Conservancy_16","Uibasen Twyfelfontein","SSP245_2090","Browser",7,7,3848,2783,200.344210092373,154.285381092408,7,0
"Conservancy","Conservancy_16","Uibasen Twyfelfontein","SSP245_2090","Carnivore",4,0,,,,,0,0
"Conservancy","Conservancy_16","Uibasen Twyfelfontein","SSP245_2090","Grazer",12,12,2527,1808,444.566896331067,435.417567378639,12,0
"Conservancy","Conservancy_16","Uibasen Twyfelfontein","SSP245_2090","Mixed",6,6,2842,2150,361.914215764801,403.814561079752,6,0
"Conservancy","Conservancy_16","Uibasen Twyfelfontein","SSP245_2090","Omnivore",3,3,11261,5449,342.057727861655,342.057727861655,3,0
"Conservancy","Conservancy_16","Uibasen Twyfelfontein","SSP585_2050","Browser",7,7,3777,2700,160.972922114842,132.252156541083,7,0
"Conservancy","Conservancy_16","Uibasen Twyfelfontein","SSP585_2050","Carnivore",4,0,,,,,0,0
"Conservancy","Conservancy_16","Uibasen Twyfelfontein","SSP585_2050","Grazer",12,12,2548,1823,382.5003117227,377.546865235682,12,0
"Conservancy","Conservancy_16","Uibasen Twyfelfontein","SSP585_2050","Mixed",6,6,2859,2163,313.450334281391,347.039115484841,6,0
"Conservancy","Conservancy_16","Uibasen Twyfelfontein","SSP585_2050","Omnivore",3,3,11293,5464,293.654388267065,293.654388267065,3,0
"Conservancy","Conservancy_16","Uibasen Twyfelfontein","SSP585_2090","Browser",7,7,3562,2577,200.442690503368,154.330507142803,7,0
"Conservancy","Conservancy_16","Uibasen Twyfelfontein","SSP585_2090","Carnivore",4,0,,,,,0,0
"Conservancy","Conservancy_16","Uibasen Twyfelfontein","SSP585_2090","Grazer",12,12,2340,1674,444.838280518222,435.66281788746,12,0
"Conservancy","Conservancy_16","Uibasen Twyfelfontein","SSP585_2090","Mixed",6,6,2631,1991,362.096871681074,404.035301496577,6,0
"Conservancy","Conservancy_16","Uibasen Twyfelfontein","SSP585_2090","Omnivore",3,3,10425,5045,342.224681659044,342.224681659044,3,0
"Conservancy","Conservancy_17","Oskop","SSP245_2050","Browser",7,7,0,0,0,0,0,0
"Conservancy","Conservancy_17","Oskop","SSP245_2050","Carnivore",4,0,,,,,0,0
"Conservancy","Conservancy_17","Oskop","SSP245_2050","Grazer",12,12,0,0,0,0,0,0
"Conservancy","Conservancy_17","Oskop","SSP245_2050","Mixed",6,6,0,0,0,0,0,0
"Conservancy","Conservancy_17","Oskop","SSP245_2050","Omnivore",3,3,0,0,0,0,0,0
"Conservancy","Conservancy_17","Oskop","SSP245_2090","Browser",7,7,0,0,0,0,0,0
"Conservancy","Conservancy_17","Oskop","SSP245_2090","Carnivore",4,0,,,,,0,0
"Conservancy","Conservancy_17","Oskop","SSP245_2090","Grazer",12,12,0,0,0,0,0,0
"Conservancy","Conservancy_17","Oskop","SSP245_2090","Mixed",6,6,0,0,0,0,0,0
"Conservancy","Conservancy_17","Oskop","SSP245_2090","Omnivore",3,3,0,0,0,0,0,0
"Conservancy","Conservancy_17","Oskop","SSP585_2050","Browser",7,7,0,0,0,0,0,0
"Conservancy","Conservancy_17","Oskop","SSP585_2050","Carnivore",4,0,,,,,0,0
"Conservancy","Conservancy_17","Oskop","SSP585_2050","Grazer",12,12,0,0,0,0,0,0
"Conservancy","Conservancy_17","Oskop","SSP585_2050","Mixed",6,6,0,0,0,0,0,0
"Conservancy","Conservancy_17","Oskop","SSP585_2050","Omnivore",3,3,0,0,0,0,0,0
"Conservancy","Conservancy_17","Oskop","SSP585_2090","Browser",7,7,0,0,0,0,0,0
"Conservancy","Conservancy_17","Oskop","SSP585_2090","Carnivore",4,0,,,,,0,0
"Conservancy","Conservancy_17","Oskop","SSP585_2090","Grazer",12,12,0,0,0,0,0,0
"Conservancy","Conservancy_17","Oskop","SSP585_2090","Mixed",6,6,0,0,0,0,0,0
"Conservancy","Conservancy_17","Oskop","SSP585_2090","Omnivore",3,3,0,0,0,0,0,0
"Conservancy","Conservancy_18","//Huab","SSP245_2050","Browser",7,7,-90620,-75712,-40.2792684262913,-39.2914723789929,0,7
"Conservancy","Conservancy_18","//Huab","SSP245_2050","Carnivore",4,0,,,,,0,0
"Conservancy","Conservancy_18","//Huab","SSP245_2050","Grazer",12,12,18268,13245,183.997466729275,170.611950457133,12,0
"Conservancy","Conservancy_18","//Huab","SSP245_2050","Mixed",6,6,13211,9955,44.4832165116536,52.8839618150325,6,0
"Conservancy","Conservancy_18","//Huab","SSP245_2050","Omnivore",3,3,12473,6035,7.36371569626476,7.36371569626475,3,0
"Conservancy","Conservancy_18","//Huab","SSP245_2090","Browser",7,7,-88268,-73750,-40.5318358441889,-39.5503543654166,0,7
"Conservancy","Conservancy_18","//Huab","SSP245_2090","Carnivore",4,0,,,,,0,0
"Conservancy","Conservancy_18","//Huab","SSP245_2090","Grazer",12,12,17615,12773,188.028371436185,173.795110693396,12,0
"Conservancy","Conservancy_18","//Huab","SSP245_2090","Mixed",6,6,12684,9557,44.4984863969045,52.9657920903883,6,0
"Conservancy","Conservancy_18","//Huab","SSP245_2090","Omnivore",3,3,11512,5570,7.05549301682836,7.05549301682836,3,0
"Conservancy","Conservancy_18","//Huab","SSP585_2050","Browser",7,7,-87709,-73280,-40.2747680819458,-39.2867505572107,0,7
"Conservancy","Conservancy_18","//Huab","SSP585_2050","Carnivore",4,0,,,,,0,0
"Conservancy","Conservancy_18","//Huab","SSP585_2050","Grazer",12,12,17688,12825,184.046217123813,170.656803726371,12,0
"Conservancy","Conservancy_18","//Huab","SSP585_2050","Mixed",6,6,12794,9641,44.5048207807721,52.9077965833313,6,0
"Conservancy","Conservancy_18","//Huab","SSP585_2050","Omnivore",3,3,12098,5854,7.37825576916693,7.37825576916693,3,0
"Conservancy","Conservancy_18","//Huab","SSP585_2090","Browser",7,7,-81921,-68447,-40.5341748973835,-39.5528349372407,0,7
"Conservancy","Conservancy_18","//Huab","SSP585_2090","Carnivore",4,0,,,,,0,0
"Conservancy","Conservancy_18","//Huab","SSP585_2090","Grazer",12,12,16345,11852,188.01487729457,173.780980844574,12,0
"Conservancy","Conservancy_18","//Huab","SSP585_2090","Mixed",6,6,11768,8867,44.4874213438908,52.9537309802733,6,0
"Conservancy","Conservancy_18","//Huab","SSP585_2090","Omnivore",3,3,10671,5163,7.04740030569639,7.04740030569639,3,0
"Conservancy","Conservancy_19","Omatendeka","SSP245_2050","Browser",7,7,-47666,-39805,-22.6332451665435,-22.0944569983782,0,7
"Conservancy","Conservancy_19","Omatendeka","SSP245_2050","Carnivore",4,0,,,,,0,0
"Conservancy","Conservancy_19","Omatendeka","SSP245_2050","Grazer",12,12,10779,7807,92.7075702688318,88.033444196128,12,0
"Conservancy","Conservancy_19","Omatendeka","SSP245_2050","Mixed",6,6,8155,6148,27.0815569531026,31.7842101064533,6,0
"Conservancy","Conservancy_19","Omatendeka","SSP245_2050","Omnivore",3,3,10740,5197,6.45511473792539,6.4551147379254,3,0
"Conservancy","Conservancy_19","Omatendeka","SSP245_2090","Browser",7,7,-46319,-38682,-22.7516482279442,-22.2148859462208,0,7
"Conservancy","Conservancy_19","Omatendeka","SSP245_2090","Carnivore",4,0,,,,,0,0
"Conservancy","Conservancy_19","Omatendeka","SSP245_2090","Grazer",12,12,10353,7500,94.6503737029724,89.6611232381276,12,0
"Conservancy","Conservancy_19","Omatendeka","SSP245_2090","Mixed",6,6,7800,5880,27.0821600400971,31.8255456557058,6,0
"Conservancy","Conservancy_19","Omatendeka","SSP245_2090","Omnivore",3,3,10004,4841,6.25916758492104,6.25916758492105,3,0
"Conservancy","Conservancy_19","Omatendeka","SSP585_2050","Browser",7,7,-46073,-38475,-22.625894993891,-22.0872473328385,0,7
"Conservancy","Conservancy_19","Omatendeka","SSP585_2050","Carnivore",4,0,,,,,0,0
"Conservancy","Conservancy_19","Omatendeka","SSP585_2050","Grazer",12,12,10427,7552,92.6499524339235,87.9864090430308,12,0
"Conservancy","Conservancy_19","Omatendeka","SSP585_2050","Mixed",6,6,7890,5949,27.0886168718171,31.7903298024941,6,0
"Conservancy","Conservancy_19","Omatendeka","SSP585_2050","Omnivore",3,3,10408,5036,6.4678348548235,6.4678348548235,3,0
"Conservancy","Conservancy_19","Omatendeka","SSP585_2090","Browser",7,7,-43549,-36369,-22.7548442681739,-22.2179845209601,0,7
"Conservancy","Conservancy_19","Omatendeka","SSP585_2090","Carnivore",4,0,,,,,0,0
"Conservancy","Conservancy_19","Omatendeka","SSP585_2090","Grazer",12,12,9733,7050,94.8036326466916,89.7925872481378,12,0
"Conservancy","Conservancy_19","Omatendeka","SSP585_2090","Mixed",6,6,7332,5527,27.0986130990904,31.8460906518512,6,0
"Conservancy","Conservancy_19","Omatendeka","SSP585_2090","Omnivore",3,3,9400,4548,6.25882568970184,6.25882568970184,3,0
"Conservancy","Conservancy_2","Iipumbu ya Tshilongo","SSP245_2050","Browser",7,7,-20722,-17263,-17.6377883681808,-17.0172864875304,0,7
"Conservancy","Conservancy_2","Iipumbu ya Tshilongo","SSP245_2050","Carnivore",4,0,,,,,0,0
"Conservancy","Conservancy_2","Iipumbu ya Tshilongo","SSP245_2050","Grazer",12,12,3761,2730,13.4700634767772,13.4012013985347,12,0
"Conservancy","Conservancy_2","Iipumbu ya Tshilongo","SSP245_2050","Mixed",6,6,2593,1952,6.07586441619973,7.15501720489783,6,0
"Conservancy","Conservancy_2","Iipumbu ya Tshilongo","SSP245_2050","Omnivore",3,3,1392,674,0.823883756489413,0.823883756489413,3,0
"Conservancy","Conservancy_2","Iipumbu ya Tshilongo","SSP245_2090","Browser",7,7,-20460,-17102,-17.8413966196378,-17.1794311093038,0,7
"Conservancy","Conservancy_2","Iipumbu ya Tshilongo","SSP245_2090","Carnivore",4,0,,,,,0,0
"Conservancy","Conservancy_2","Iipumbu ya Tshilongo","SSP245_2090","Grazer",12,12,3684,2675,13.7087532042831,13.6363356178106,12,0
"Conservancy","Conservancy_2","Iipumbu ya Tshilongo","SSP245_2090","Mixed",6,6,2529,1905,6.12910959339827,7.22724856870886,6,0
"Conservancy","Conservancy_2","Iipumbu ya Tshilongo","SSP245_2090","Omnivore",3,3,1245,603,0.760795359144924,0.760795359144927,3,0
"Conservancy","Conservancy_2","Iipumbu ya Tshilongo","SSP585_2050","Browser",7,7,-19997,-16714,-17.6921845454753,-17.033001935734,0,7
"Conservancy","Conservancy_2","Iipumbu ya Tshilongo","SSP585_2050","Carnivore",4,0,,,,,0,0
"Conservancy","Conservancy_2","Iipumbu ya Tshilongo","SSP585_2050","Grazer",12,12,3638,2640,13.5155508819849,13.4465670276078,12,0
"Conservancy","Conservancy_2","Iipumbu ya Tshilongo","SSP585_2050","Mixed",6,6,2510,1890,6.10531970278676,7.18561001075913,6,0
"Conservancy","Conservancy_2","Iipumbu ya Tshilongo","SSP585_2050","Omnivore",3,3,1348,652,0.827563511538053,0.827563511538057,3,0
"Conservancy","Conservancy_2","Iipumbu ya Tshilongo","SSP585_2090","Browser",7,7,-19427,-16238,-17.8288637526346,-17.1670196773769,0,7
"Conservancy","Conservancy_2","Iipumbu ya Tshilongo","SSP585_2090","Carnivore",4,0,,,,,0,0
"Conservancy","Conservancy_2","Iipumbu ya Tshilongo","SSP585_2090","Grazer",12,12,3499,2540,13.6858498321418,13.613661265257,12,0
"Conservancy","Conservancy_2","Iipumbu ya Tshilongo","SSP585_2090","Mixed",6,6,2402,1809,6.1203414191832,7.21679437198974,6,0
"Conservancy","Conservancy_2","Iipumbu ya Tshilongo","SSP585_2090","Omnivore",3,3,1183,572,0.760055844880989,0.76005584488099,3,0
"Conservancy","Conservancy_20","//Gamaseb","SSP245_2050","Browser",7,7,14005,9947,158.238624733049,108.971257081269,7,0
"Conservancy","Conservancy_20","//Gamaseb","SSP245_2050","Carnivore",4,0,,,,,0,0
"Conservancy","Conservancy_20","//Gamaseb","SSP245_2050","Grazer",12,12,9577,6854,478.356486503012,436.419774824233,12,0
"Conservancy","Conservancy_20","//Gamaseb","SSP245_2050","Mixed",6,6,10736,8121,335.560179324483,388.275880943694,6,0
"Conservancy","Conservancy_20","//Gamaseb","SSP245_2050","Omnivore",3,3,42340,20487,303.941847808678,303.941847808678,3,0
"Conservancy","Conservancy_20","//Gamaseb","SSP245_2090","Browser",7,7,13551,9625,166.496335571688,112.001484789141,7,0
"Conservancy","Conservancy_20","//Gamaseb","SSP245_2090","Carnivore",4,0,,,,,0,0
"Conservancy","Conservancy_20","//Gamaseb","SSP245_2090","Grazer",12,12,9266,6632,525.002964815649,469.668533043167,12,0
"Conservancy","Conservancy_20","//Gamaseb","SSP245_2090","Mixed",6,6,10388,7858,357.074942908065,415.53455973476,6,0
"Conservancy","Conservancy_20","//Gamaseb","SSP245_2090","Omnivore",3,3,40968,19823,321.421096062608,321.421096062608,3,0
"Conservancy","Conservancy_20","//Gamaseb","SSP585_2050","Browser",7,7,13491,9582,158.052378105723,108.903276970699,7,0
"Conservancy","Conservancy_20","//Gamaseb","SSP585_2050","Carnivore",4,0,,,,,0,0
"Conservancy","Conservancy_20","//Gamaseb","SSP585_2050","Grazer",12,12,9226,6603,477.354255025687,435.689568740241,12,0
"Conservancy","Conservancy_20","//Gamaseb","SSP585_2050","Mixed",6,6,10342,7824,335.085441378708,387.674532352964,6,0
"Conservancy","Conservancy_20","//Gamaseb","SSP585_2050","Omnivore",3,3,40788,19736,303.553830413134,303.553830413134,3,0
"Conservancy","Conservancy_20","//Gamaseb","SSP585_2090","Browser",7,7,12196,8662,166.191598879954,111.894194970502,7,0
"Conservancy","Conservancy_20","//Gamaseb","SSP585_2090","Carnivore",4,0,,,,,0,0
"Conservancy","Conservancy_20","//Gamaseb","SSP585_2090","Grazer",12,12,8340,5969,523.07986845518,468.344785445619,12,0
"Conservancy","Conservancy_20","//Gamaseb","SSP585_2090","Mixed",6,6,9350,7073,356.23560773393,414.464257983378,6,0
"Conservancy","Conservancy_20","//Gamaseb","SSP585_2090","Omnivore",3,3,36873,17842,320.751387521235,320.751387521235,3,0
"Conservancy","Conservancy_21","Ehi-Rovipuka","SSP245_2050","Browser",7,7,-75025,-62720,-24.5207928737529,-23.9700983258549,0,7
"Conservancy","Conservancy_21","Ehi-Rovipuka","SSP245_2050","Carnivore",4,0,,,,,0,0
"Conservancy","Conservancy_21","Ehi-Rovipuka","SSP245_2050","Grazer",12,12,12889,9361,77.4404866408453,73.4709526519688,12,0
"Conservancy","Conservancy_21","Ehi-Rovipuka","SSP245_2050","Mixed",6,6,8634,6500,19.2799482510308,23.2712233610106,6,0
"Conservancy","Conservancy_21","Ehi-Rovipuka","SSP245_2050","Omnivore",3,3,2347,1136,0.972007975879478,0.972007975879477,3,0
"Conservancy","Conservancy_21","Ehi-Rovipuka","SSP245_2090","Browser",7,7,-72772,-60837,-24.5386917033672,-23.9948280358676,0,7
"Conservancy","Conservancy_21","Ehi-Rovipuka","SSP245_2090","Carnivore",4,0,,,,,0,0
"Conservancy","Conservancy_21","Ehi-Rovipuka","SSP245_2090","Grazer",12,12,12444,9039,79.3072144496109,75.0610028940093,12,0
"Conservancy","Conservancy_21","Ehi-Rovipuka","SSP245_2090","Mixed",6,6,8316,6261,19.3769074853988,23.408515525945,6,0
"Conservancy","Conservancy_21","Ehi-Rovipuka","SSP245_2090","Omnivore",3,3,2073,1003,0.891405594606525,0.891405594606525,3,0
"Conservancy","Conservancy_21","Ehi-Rovipuka","SSP585_2050","Browser",7,7,-72565,-60663,-24.5223495541598,-23.9716409823737,0,7
"Conservancy","Conservancy_21","Ehi-Rovipuka","SSP585_2050","Carnivore",4,0,,,,,0,0
"Conservancy","Conservancy_21","Ehi-Rovipuka","SSP585_2050","Grazer",12,12,12467,9055,77.5090085774488,73.5313275941133,12,0
"Conservancy","Conservancy_21","Ehi-Rovipuka","SSP585_2050","Mixed",6,6,8352,6288,19.2901859462287,23.2834659651286,6,0
"Conservancy","Conservancy_21","Ehi-Rovipuka","SSP585_2050","Omnivore",3,3,2274,1100,0.97390992624312,0.97390992624312,3,0
"Conservancy","Conservancy_21","Ehi-Rovipuka","SSP585_2090","Browser",7,7,-68458,-57230,-24.5363263251506,-23.9924316954231,0,7
"Conservancy","Conservancy_21","Ehi-Rovipuka","SSP585_2090","Carnivore",4,0,,,,,0,0
"Conservancy","Conservancy_21","Ehi-Rovipuka","SSP585_2090","Grazer",12,12,11707,8503,79.2414018408387,75.0035894518288,12,0
"Conservancy","Conservancy_21","Ehi-Rovipuka","SSP585_2090","Mixed",6,6,7823,5889,19.3687624079088,23.3985446055224,6,0
"Conservancy","Conservancy_21","Ehi-Rovipuka","SSP585_2090","Omnivore",3,3,1949,943,0.891033522128857,0.891033522128857,3,0
"Conservancy","Conservancy_22","/Audi","SSP245_2050","Browser",7,7,-22017,-18409,-42.6963419784723,-41.8509323793729,0,7
"Conservancy","Conservancy_22","/Audi","SSP245_2050","Carnivore",4,0,,,,,0,0
"Conservancy","Conservancy_22","/Audi","SSP245_2050","Grazer",12,12,3589,2609,199.452476564065,179.095391487754,12,0
"Conservancy","Conservancy_22","/Audi","SSP245_2050","Mixed",6,6,2335,1757,36.301173365883,44.2861815807091,6,0
"Conservancy","Conservancy_22","/Audi","SSP245_2050","Omnivore",3,3,0,0,0,0,0,0
"Conservancy","Conservancy_22","/Audi","SSP245_2090","Browser",7,7,-21094,-17637,-42.6971526720812,-41.8517264187971,0,7
"Conservancy","Conservancy_22","/Audi","SSP245_2090","Carnivore",4,0,,,,,0,0
"Conservancy","Conservancy_22","/Audi","SSP245_2090","Grazer",12,12,3439,2499,199.455376720151,179.098133476647,12,0
"Conservancy","Conservancy_22","/Audi","SSP245_2090","Mixed",6,6,2237,1684,36.3018112624833,44.2869585846341,6,0
"Conservancy","Conservancy_22","/Audi","SSP245_2090","Omnivore",3,3,0,0,0,0,0,0
"Conservancy","Conservancy_22","/Audi","SSP585_2050","Browser",7,7,-21185,-17714,-42.6949161687196,-41.8495333963466,0,7
"Conservancy","Conservancy_22","/Audi","SSP585_2050","Carnivore",4,0,,,,,0,0
"Conservancy","Conservancy_22","/Audi","SSP585_2050","Grazer",12,12,3454,2510,199.443746073207,179.087873756234,12,0
"Conservancy","Conservancy_22","/Audi","SSP585_2050","Mixed",6,6,2247,1691,36.2998412308311,44.2845536026435,6,0
"Conservancy","Conservancy_22","/Audi","SSP585_2050","Omnivore",3,3,0,0,0,0,0,0
"Conservancy","Conservancy_22","/Audi","SSP585_2090","Browser",7,7,-19548,-16345,-42.6970346421729,-41.8516081124787,0,7
"Conservancy","Conservancy_22","/Audi","SSP585_2090","Carnivore",4,0,,,,,0,0
"Conservancy","Conservancy_22","/Audi","SSP585_2090","Grazer",12,12,3187,2316,199.450975219922,179.094779540659,12,0
"Conservancy","Conservancy_22","/Audi","SSP585_2090","Mixed",6,6,2073,1560,36.3014879160728,44.2865588693749,6,0
"Conservancy","Conservancy_22","/Audi","SSP585_2090","Omnivore",3,3,0,0,0,0,0,0
"Conservancy","Conservancy_23","Uukolonkadhi Ruacana","SSP245_2050","Browser",7,7,-110434,-92318,-27.3049799964766,-26.7056065260867,0,7
"Conservancy","Conservancy_23","Uukolonkadhi Ruacana","SSP245_2050","Carnivore",4,0,,,,,0,0
"Conservancy","Conservancy_23","Uukolonkadhi Ruacana","SSP245_2050","Grazer",12,12,18602,13506,71.8884950830326,69.0501899527162,12,0
"Conservancy","Conservancy_23","Uukolonkadhi Ruacana","SSP245_2050","Mixed",6,6,12307,9274,19.2659007169282,23.2433560476484,6,0
"Conservancy","Conservancy_23","Uukolonkadhi Ruacana","SSP245_2050","Omnivore",3,3,315,152,0.0936481332402097,0.0936481332402092,3,0
"Conservancy","Conservancy_23","Uukolonkadhi Ruacana","SSP245_2090","Browser",7,7,-107335,-89849,-27.3824415964236,-26.7593175664526,0,7
"Conservancy","Conservancy_23","Uukolonkadhi Ruacana","SSP245_2090","Carnivore",4,0,,,,,0,0
"Conservancy","Conservancy_23","Uukolonkadhi Ruacana","SSP245_2090","Grazer",12,12,17843,12959,71.5014318578718,68.646427353491,12,0
"Conservancy","Conservancy_23","Uukolonkadhi Ruacana","SSP245_2090","Mixed",6,6,11724,8832,18.9290593605613,22.8984184406871,6,0
"Conservancy","Conservancy_23","Uukolonkadhi Ruacana","SSP245_2090","Omnivore",3,3,162,78,0.0499766598408221,0.0499766598408244,3,0
"Conservancy","Conservancy_23","Uukolonkadhi Ruacana","SSP585_2050","Browser",7,7,-106739,-89429,-27.3702486299327,-26.7410362918936,0,7
"Conservancy","Conservancy_23","Uukolonkadhi Ruacana","SSP585_2050","Carnivore",4,0,,,,,0,0
"Conservancy","Conservancy_23","Uukolonkadhi Ruacana","SSP585_2050","Grazer",12,12,18012,13076,72.1098667600189,69.2665604756012,12,0
"Conservancy","Conservancy_23","Uukolonkadhi Ruacana","SSP585_2050","Mixed",6,6,11925,8989,19.3499809037525,23.3345589102995,6,0
"Conservancy","Conservancy_23","Uukolonkadhi Ruacana","SSP585_2050","Omnivore",3,3,328,159,0.101242458112449,0.101242458112449,3,0
"Conservancy","Conservancy_23","Uukolonkadhi Ruacana","SSP585_2090","Browser",7,7,-102756,-86016,-27.3820143391285,-26.7589178408245,0,7
"Conservancy","Conservancy_23","Uukolonkadhi Ruacana","SSP585_2090","Carnivore",4,0,,,,,0,0
"Conservancy","Conservancy_23","Uukolonkadhi Ruacana","SSP585_2090","Grazer",12,12,17082,12406,71.5031660380882,68.647830077911,12,0
"Conservancy","Conservancy_23","Uukolonkadhi Ruacana","SSP585_2090","Mixed",6,6,11224,8455,18.9287313451009,22.8980873767859,6,0
"Conservancy","Conservancy_23","Uukolonkadhi Ruacana","SSP585_2090","Omnivore",3,3,153,74,0.0494162123338256,0.049416212333828,3,0
"Conservancy","Conservancy_24","Uukwaluudhi","SSP245_2050","Browser",7,7,-65427,-54708,-29.7224669039168,-29.1243148282745,0,7
"Conservancy","Conservancy_24","Uukwaluudhi","SSP245_2050","Carnivore",4,0,,,,,0,0
"Conservancy","Conservancy_24","Uukwaluudhi","SSP245_2050","Grazer",12,12,10673,7757,126.447728716455,115.277024577244,12,0
"Conservancy","Conservancy_24","Uukwaluudhi","SSP245_2050","Mixed",6,6,6946,5228,24.5226570799205,29.8949799461823,6,0
"Conservancy","Conservancy_24","Uukwaluudhi","SSP245_2050","Omnivore",3,3,4,2,0.00248194656679762,0.00248194656679736,3,0
"Conservancy","Conservancy_24","Uukwaluudhi","SSP245_2090","Browser",7,7,-63297,-52925,-29.7545517445429,-29.1575416415402,0,7
"Conservancy","Conservancy_24","Uukwaluudhi","SSP245_2090","Carnivore",4,0,,,,,0,0
"Conservancy","Conservancy_24","Uukwaluudhi","SSP245_2090","Grazer",12,12,10319,7500,128.372386933492,116.771019187843,12,0
"Conservancy","Conservancy_24","Uukwaluudhi","SSP245_2090","Mixed",6,6,6713,5052,24.6450331106,30.0510697406403,6,0
"Conservancy","Conservancy_24","Uukwaluudhi","SSP245_2090","Omnivore",3,3,0,0,0,0,0,0
"Conservancy","Conservancy_24","Uukwaluudhi","SSP585_2050","Browser",7,7,-63030,-52685,-29.7110313910328,-29.1189878050506,0,7
"Conservancy","Conservancy_24","Uukwaluudhi","SSP585_2050","Carnivore",4,0,,,,,0,0
"Conservancy","Conservancy_24","Uukwaluudhi","SSP585_2050","Grazer",12,12,10279,7471,126.380985224965,115.214751120695,12,0
"Conservancy","Conservancy_24","Uukwaluudhi","SSP585_2050","Mixed",6,6,6688,5034,24.5045483153215,29.8750702811454,6,0
"Conservancy","Conservancy_24","Uukwaluudhi","SSP585_2050","Omnivore",3,3,2,1,0.000994741270360575,0.000994741270361379,3,0
"Conservancy","Conservancy_24","Uukwaluudhi","SSP585_2090","Browser",7,7,-60330,-50443,-29.7550737612451,-29.1580670330318,0,7
"Conservancy","Conservancy_24","Uukwaluudhi","SSP585_2090","Carnivore",4,0,,,,,0,0
"Conservancy","Conservancy_24","Uukwaluudhi","SSP585_2090","Grazer",12,12,9835,7148,128.391845127557,116.786328292058,12,0
"Conservancy","Conservancy_24","Uukwaluudhi","SSP585_2090","Mixed",6,6,6398,4815,24.6465866381013,30.0529899609066,6,0
"Conservancy","Conservancy_24","Uukwaluudhi","SSP585_2090","Omnivore",3,3,0,0,0,0,0,0
"Conservancy","Conservancy_25","Okamatapati","SSP245_2050","Browser",7,7,-258127,-215828,-54.4957524849555,-53.4177602857936,0,7
"Conservancy","Conservancy_25","Okamatapati","SSP245_2050","Carnivore",4,0,,,,,0,0
"Conservancy","Conservancy_25","Okamatapati","SSP245_2050","Grazer",12,12,42082,30584,256.132269500979,229.745987751764,12,0
"Conservancy","Conservancy_25","Okamatapati","SSP245_2050","Mixed",6,6,27375,20603,46.4231605075408,56.6367753338618,6,0
"Conservancy","Conservancy_25","Okamatapati","SSP245_2050","Omnivore",3,3,0,0,0,0,0,0
"Conservancy","Conservancy_25","Okamatapati","SSP245_2090","Browser",7,7,-248859,-208079,-54.4930618862504,-53.4156415517081,0,7
"Conservancy","Conservancy_25","Okamatapati","SSP245_2090","Carnivore",4,0,,,,,0,0
"Conservancy","Conservancy_25","Okamatapati","SSP245_2090","Grazer",12,12,40571,29486,256.896368533985,230.309190715608,12,0
"Conservancy","Conservancy_25","Okamatapati","SSP245_2090","Mixed",6,6,26392,19863,46.4653381061933,56.6892803525424,6,0
"Conservancy","Conservancy_25","Okamatapati","SSP245_2090","Omnivore",3,3,0,0,0,0,0,0
"Conservancy","Conservancy_25","Okamatapati","SSP585_2050","Browser",7,7,-249503,-208617,-54.4955504816892,-53.4175633886282,0,7
"Conservancy","Conservancy_25","Okamatapati","SSP585_2050","Carnivore",4,0,,,,,0,0
"Conservancy","Conservancy_25","Okamatapati","SSP585_2050","Grazer",12,12,40676,29563,256.132977407886,229.746362974841,12,0
"Conservancy","Conservancy_25","Okamatapati","SSP585_2050","Mixed",6,6,26461,19914,46.423083530075,56.636683659705,6,0
"Conservancy","Conservancy_25","Okamatapati","SSP585_2050","Omnivore",3,3,0,0,0,0,0,0
"Conservancy","Conservancy_25","Okamatapati","SSP585_2090","Browser",7,7,-234223,-195842,-54.4933019860035,-53.4158771706777,0,7
"Conservancy","Conservancy_25","Okamatapati","SSP585_2090","Carnivore",4,0,,,,,0,0
"Conservancy","Conservancy_25","Okamatapati","SSP585_2090","Grazer",12,12,38185,27752,256.897900710432,230.310501322407,12,0
"Conservancy","Conservancy_25","Okamatapati","SSP585_2090","Mixed",6,6,24840,18695,46.4655656988257,56.6895585618975,6,0
"Conservancy","Conservancy_25","Okamatapati","SSP585_2090","Omnivore",3,3,0,0,0,0,0,0
"Conservancy","Conservancy_26","Otjituuo","SSP245_2050","Browser",7,7,-509663,-426145,-54.1489407276275,-53.0784189485676,0,7
"Conservancy","Conservancy_26","Otjituuo","SSP245_2050","Carnivore",4,0,,,,,0,0
"Conservancy","Conservancy_26","Otjituuo","SSP245_2050","Grazer",12,12,83090,60388,255.416451439851,228.960013294091,12,0
"Conservancy","Conservancy_26","Otjituuo","SSP245_2050","Mixed",6,6,54052,40679,46.1800403982396,56.3413990630446,6,0
"Conservancy","Conservancy_26","Otjituuo","SSP245_2050","Omnivore",3,3,0,0,0,0,0,0
"Conservancy","Conservancy_26","Otjituuo","SSP245_2090","Browser",7,7,-491194,-410703,-54.1503933963814,-53.0798749107857,0,7
"Conservancy","Conservancy_26","Otjituuo","SSP245_2090","Carnivore",4,0,,,,,0,0
"Conservancy","Conservancy_26","Otjituuo","SSP245_2090","Grazer",12,12,80079,58200,255.471472024319,229.001746043676,12,0
"Conservancy","Conservancy_26","Otjituuo","SSP245_2090","Mixed",6,6,52093,39205,46.1840279138289,56.3463287514494,6,0
"Conservancy","Conservancy_26","Otjituuo","SSP245_2090","Omnivore",3,3,0,0,0,0,0,0
"Conservancy","Conservancy_26","Otjituuo","SSP585_2050","Browser",7,7,-492011,-411386,-54.1490133448413,-53.0784901376608,0,7
"Conservancy","Conservancy_26","Otjituuo","SSP585_2050","Carnivore",4,0,,,,,0,0
"Conservancy","Conservancy_26","Otjituuo","SSP585_2050","Grazer",12,12,80212,58296,255.416805279491,228.960328701067,12,0
"Conservancy","Conservancy_26","Otjituuo","SSP585_2050","Mixed",6,6,52180,39270,46.1801029741045,56.3414754231796,6,0
"Conservancy","Conservancy_26","Otjituuo","SSP585_2050","Omnivore",3,3,0,0,0,0,0,0
"Conservancy","Conservancy_26","Otjituuo","SSP585_2090","Browser",7,7,-464052,-388009,-54.1503318975201,-53.0798146277174,0,7
"Conservancy","Conservancy_26","Otjituuo","SSP585_2090","Carnivore",4,0,,,,,0,0
"Conservancy","Conservancy_26","Otjituuo","SSP585_2090","Grazer",12,12,75654,54984,255.471181884143,229.001485965295,12,0
"Conservancy","Conservancy_26","Otjituuo","SSP585_2090","Mixed",6,6,49214,37039,46.1839754624071,56.3462647586538,6,0
"Conservancy","Conservancy_26","Otjituuo","SSP585_2090","Omnivore",3,3,0,0,0,0,0,0
"Conservancy","Conservancy_27","Ozonahi","SSP245_2050","Browser",7,7,-264462,-221125,-54.0995388078569,-53.0256493988931,0,7
"Conservancy","Conservancy_27","Ozonahi","SSP245_2050","Carnivore",4,0,,,,,0,0
"Conservancy","Conservancy_27","Ozonahi","SSP245_2050","Grazer",12,12,43115,31335,248.823468503545,224.021994001616,12,0
"Conservancy","Conservancy_27","Ozonahi","SSP245_2050","Mixed",6,6,28047,21108,45.7679355271415,55.8299558324128,6,0
"Conservancy","Conservancy_27","Ozonahi","SSP245_2050","Omnivore",3,3,0,0,0,0,0,0
"Conservancy","Conservancy_27","Ozonahi","SSP245_2090","Browser",7,7,-255194,-213376,-54.116395665392,-53.0442040584641,0,7
"Conservancy","Conservancy_27","Ozonahi","SSP245_2090","Carnivore",4,0,,,,,0,0
"Conservancy","Conservancy_27","Ozonahi","SSP245_2090","Grazer",12,12,41604,30237,251.83338540438,226.279636387718,12,0
"Conservancy","Conservancy_27","Ozonahi","SSP245_2090","Mixed",6,6,27064,20369,45.9545363275407,56.0616325910738,6,0
"Conservancy","Conservancy_27","Ozonahi","SSP245_2090","Omnivore",3,3,0,0,0,0,0,0
"Conservancy","Conservancy_27","Ozonahi","SSP585_2050","Browser",7,7,-255637,-213746,-54.0996856670302,-53.0257966395834,0,7
"Conservancy","Conservancy_27","Ozonahi","SSP585_2050","Carnivore",4,0,,,,,0,0
"Conservancy","Conservancy_27","Ozonahi","SSP585_2050","Grazer",12,12,41676,30289,248.828841011426,224.02611665771,12,0
"Conservancy","Conservancy_27","Ozonahi","SSP585_2050","Mixed",6,6,27111,20404,45.7683382626445,55.8304536363665,6,0
"Conservancy","Conservancy_27","Ozonahi","SSP585_2050","Omnivore",3,3,0,0,0,0,0,0
"Conservancy","Conservancy_27","Ozonahi","SSP585_2090","Browser",7,7,-240419,-201022,-54.1163851215279,-53.044194424589,0,7
"Conservancy","Conservancy_27","Ozonahi","SSP585_2090","Carnivore",4,0,,,,,0,0
"Conservancy","Conservancy_27","Ozonahi","SSP585_2090","Grazer",12,12,39195,28486,251.834360714615,226.280354379386,12,0
"Conservancy","Conservancy_27","Ozonahi","SSP585_2090","Mixed",6,6,25497,19189,45.9545870482828,56.0616958693194,6,0
"Conservancy","Conservancy_27","Ozonahi","SSP585_2090","Omnivore",3,3,0,0,0,0,0,0
"Conservancy","Conservancy_28","N#a Jaqna","SSP245_2050","Browser",7,7,-762468,-637529,-54.4296102901832,-53.3517521994952,0,7
"Conservancy","Conservancy_28","N#a Jaqna","SSP245_2050","Carnivore",4,0,,,,,0,0
"Conservancy","Conservancy_28","N#a Jaqna","SSP245_2050","Grazer",12,12,124325,90356,253.36826118297,227.655403299043,12,0
"Conservancy","Conservancy_28","N#a Jaqna","SSP245_2050","Mixed",6,6,80883,60873,46.2357146281181,56.4025381956532,6,0
"Conservancy","Conservancy_28","N#a Jaqna","SSP245_2050","Omnivore",3,3,12,6,0.00117354183132378,0.00117354183132444,3,0
"Conservancy","Conservancy_28","N#a Jaqna","SSP245_2090","Browser",7,7,-739321,-618172,-54.4594356528637,-53.3821239683987,0,7
"Conservancy","Conservancy_28","N#a Jaqna","SSP245_2090","Carnivore",4,0,,,,,0,0
"Conservancy","Conservancy_28","N#a Jaqna","SSP245_2090","Grazer",12,12,120537,87604,255.070188589715,228.935912625573,12,0
"Conservancy","Conservancy_28","N#a Jaqna","SSP245_2090","Mixed",6,6,78414,59015,46.3445451768254,56.5388059840532,6,0
"Conservancy","Conservancy_28","N#a Jaqna","SSP245_2090","Omnivore",3,3,4,2,0.000390984241458399,0.000390984241459761,3,0
"Conservancy","Conservancy_28","N#a Jaqna","SSP585_2050","Browser",7,7,-736828,-616091,-54.4296246112911,-53.3517656684444,0,7
"Conservancy","Conservancy_28","N#a Jaqna","SSP585_2050","Carnivore",4,0,,,,,0,0
"Conservancy","Conservancy_28","N#a Jaqna","SSP585_2050","Grazer",12,12,120144,87318,253.368094864502,227.655286598112,12,0
"Conservancy","Conservancy_28","N#a Jaqna","SSP585_2050","Mixed",6,6,78163,58826,46.2357095312571,56.4025324874974,6,0
"Conservancy","Conservancy_28","N#a Jaqna","SSP585_2050","Omnivore",3,3,11,6,0.00117313964369404,0.00117313964369404,3,0
"Conservancy","Conservancy_28","N#a Jaqna","SSP585_2090","Browser",7,7,-696383,-582270,-54.4595886656889,-53.3822741485129,0,7
"Conservancy","Conservancy_28","N#a Jaqna","SSP585_2090","Carnivore",4,0,,,,,0,0
"Conservancy","Conservancy_28","N#a Jaqna","SSP585_2090","Grazer",12,12,113537,82516,255.07187179211,228.937265595125,12,0
"Conservancy","Conservancy_28","N#a Jaqna","SSP585_2090","Mixed",6,6,73860,55587,46.344722612264,56.5390255493948,6,0
"Conservancy","Conservancy_28","N#a Jaqna","SSP585_2090","Omnivore",3,3,4,2,0.000390051391815308,0.000390051391818561,3,0
"Conservancy","Conservancy_29","!Han /Awab","SSP245_2050","Browser",7,7,2258,1185,3.27822014990634,3.42448754631084,7,0
"Conservancy","Conservancy_29","!Han /Awab","SSP245_2050","Carnivore",4,0,,,,,0,0
"Conservancy","Conservancy_29","!Han /Awab","SSP245_2050","Grazer",12,12,2407,1724,6.56135902907748,6.58877986766889,12,0
"Conservancy","Conservancy_29","!Han /Awab","SSP245_2050","Mixed",6,6,2620,1981,6.14776024922723,6.29982698196171,6,0
"Conservancy","Conservancy_29","!Han /Awab","SSP245_2050","Omnivore",3,3,9905,4793,5.86760858667356,5.86760858667356,3,0
"Conservancy","Conservancy_29","!Han /Awab","SSP245_2090","Browser",7,7,2497,1477,3.82758701852169,3.94289171478377,7,0
"Conservancy","Conservancy_29","!Han /Awab","SSP245_2090","Carnivore",4,0,,,,,0,0
"Conservancy","Conservancy_29","!Han /Awab","SSP245_2090","Grazer",12,12,2318,1660,6.53901947967275,6.5673575685118,12,0
"Conservancy","Conservancy_29","!Han /Awab","SSP245_2090","Mixed",6,6,2543,1924,6.2020648439185,6.34248266503815,6,0
"Conservancy","Conservancy_29","!Han /Awab","SSP245_2090","Omnivore",3,3,9729,4707,5.99131003194747,5.99131003194747,3,0
"Conservancy","Conservancy_29","!Han /Awab","SSP585_2050","Browser",7,7,2167,1138,3.28021817989589,3.42651027675407,7,0
"Conservancy","Conservancy_29","!Han /Awab","SSP585_2050","Carnivore",4,0,,,,,0,0
"Conservancy","Conservancy_29","!Han /Awab","SSP585_2050","Grazer",12,12,2310,1655,6.56432546531037,6.59176154435789,12,0
"Conservancy","Conservancy_29","!Han /Awab","SSP585_2050","Mixed",6,6,2514,1902,6.15060066583951,6.30273351417647,6,0
"Conservancy","Conservancy_29","!Han /Awab","SSP585_2050","Omnivore",3,3,9507,4600,5.87038624455909,5.8703862445591,3,0
"Conservancy","Conservancy_29","!Han /Awab","SSP585_2090","Browser",7,7,2237,1323,3.81567776429267,3.93080047642151,7,0
"Conservancy","Conservancy_29","!Han /Awab","SSP585_2090","Carnivore",4,0,,,,,0,0
"Conservancy","Conservancy_29","!Han /Awab","SSP585_2090","Grazer",12,12,2078,1488,6.52004659311624,6.54828728606728,12,0
"Conservancy","Conservancy_29","!Han /Awab","SSP585_2090","Mixed",6,6,2279,1724,6.18403413705165,6.32400364823728,6,0
"Conservancy","Conservancy_29","!Han /Awab","SSP585_2090","Omnivore",3,3,8719,4219,5.97379478042649,5.97379478042649,3,0
"Conservancy","Conservancy_3","Otjitanda","SSP245_2050","Browser",7,7,-65380,-54634,-40.9994023964402,-40.0639868501412,0,7
"Conservancy","Conservancy_3","Otjitanda","SSP245_2050","Carnivore",4,0,,,,,0,0
"Conservancy","Conservancy_3","Otjitanda","SSP245_2050","Grazer",12,12,12590,9133,200.062973278628,182.83639585,12,0
"Conservancy","Conservancy_3","Otjitanda","SSP245_2050","Mixed",6,6,8924,6723,43.9420526712553,52.5168254107136,6,0
"Conservancy","Conservancy_3","Otjitanda","SSP245_2050","Omnivore",3,3,6894,3336,5.8616681880075,5.86166818800749,3,0
"Conservancy","Conservancy_3","Otjitanda","SSP245_2090","Browser",7,7,-62452,-52188,-41.0664224211946,-40.1415530567149,0,7
"Conservancy","Conservancy_3","Otjitanda","SSP245_2090","Carnivore",4,0,,,,,0,0
"Conservancy","Conservancy_3","Otjitanda","SSP245_2090","Grazer",12,12,11974,8687,203.37553692953,185.345539221886,12,0
"Conservancy","Conservancy_3","Otjitanda","SSP245_2090","Mixed",6,6,8471,6381,44.0072796494306,52.6259217974085,6,0
"Conservancy","Conservancy_3","Otjitanda","SSP245_2090","Omnivore",3,3,6401,3097,5.72544878753683,5.72544878753683,3,0
"Conservancy","Conservancy_3","Otjitanda","SSP585_2050","Browser",7,7,-63801,-53314,-40.9950343834079,-40.0590159963589,0,7
"Conservancy","Conservancy_3","Otjitanda","SSP585_2050","Carnivore",4,0,,,,,0,0
"Conservancy","Conservancy_3","Otjitanda","SSP585_2050","Grazer",12,12,12302,8924,200.351912794293,183.091462229108,12,0
"Conservancy","Conservancy_3","Otjitanda","SSP585_2050","Mixed",6,6,8725,6573,44.0317518924714,52.6173897124626,6,0
"Conservancy","Conservancy_3","Otjitanda","SSP585_2050","Omnivore",3,3,6786,3284,5.91229881801638,5.91229881801639,3,0
"Conservancy","Conservancy_3","Otjitanda","SSP585_2090","Browser",7,7,-60303,-50392,-41.0611265113046,-40.1362074933563,0,7
"Conservancy","Conservancy_3","Otjitanda","SSP585_2090","Carnivore",4,0,,,,,0,0
"Conservancy","Conservancy_3","Otjitanda","SSP585_2090","Grazer",12,12,11566,8390,203.367117258406,185.342906599043,12,0
"Conservancy","Conservancy_3","Otjitanda","SSP585_2090","Mixed",6,6,8183,6164,44.0183916336868,52.6376211483479,6,0
"Conservancy","Conservancy_3","Otjitanda","SSP585_2090","Omnivore",3,3,6192,2996,5.73556606011524,5.73556606011523,3,0
"Conservancy","Conservancy_30","!Khob !naub","SSP245_2050","Browser",7,7,17470,11688,50.1042625788065,46.3659479140189,7,0
"Conservancy","Conservancy_30","!Khob !naub","SSP245_2050","Carnivore",4,0,,,,,0,0
"Conservancy","Conservancy_30","!Khob !naub","SSP245_2050","Grazer",12,12,13432,9616,117.882214512042,118.398250193889,12,0
"Conservancy","Conservancy_30","!Khob !naub","SSP245_2050","Mixed",6,6,14923,11288,102.176923845267,109.659308546212,6,0
"Conservancy","Conservancy_30","!Khob !naub","SSP245_2050","Omnivore",3,3,58118,28122,95.8287747835134,95.8287747835134,3,0
"Conservancy","Conservancy_30","!Khob !naub","SSP245_2090","Browser",7,7,18137,12552,62.7894853412037,55.9216897585613,7,0
"Conservancy","Conservancy_30","!Khob !naub","SSP245_2090","Carnivore",4,0,,,,,0,0
"Conservancy","Conservancy_30","!Khob !naub","SSP245_2090","Grazer",12,12,13083,9364,126.123854037283,126.695190946588,12,0
"Conservancy","Conservancy_30","!Khob !naub","SSP245_2090","Mixed",6,6,14604,11047,111.308249272756,119.547358948479,6,0
"Conservancy","Conservancy_30","!Khob !naub","SSP245_2090","Omnivore",3,3,57260,27707,106.502441702835,106.502441702835,3,0
"Conservancy","Conservancy_30","!Khob !naub","SSP585_2050","Browser",7,7,16926,11324,50.0983411189816,46.3611000768385,7,0
"Conservancy","Conservancy_30","!Khob !naub","SSP585_2050","Carnivore",4,0,,,,,0,0
"Conservancy","Conservancy_30","!Khob !naub","SSP585_2050","Grazer",12,12,13013,9316,117.841397240236,118.357798131043,12,0
"Conservancy","Conservancy_30","!Khob !naub","SSP585_2050","Mixed",6,6,14458,10936,102.146688038683,109.625068477178,6,0
"Conservancy","Conservancy_30","!Khob !naub","SSP585_2050","Omnivore",3,3,56307,27245,95.8029877655101,95.8029877655101,3,0
"Conservancy","Conservancy_30","!Khob !naub","SSP585_2090","Browser",7,7,16539,11447,62.7899622189209,55.9218152724539,7,0
"Conservancy","Conservancy_30","!Khob !naub","SSP585_2090","Carnivore",4,0,,,,,0,0
"Conservancy","Conservancy_30","!Khob !naub","SSP585_2090","Grazer",12,12,11930,8539,126.112796142064,126.684231174438,12,0
"Conservancy","Conservancy_30","!Khob !naub","SSP585_2090","Mixed",6,6,13317,10074,111.300240751069,119.538307980509,6,0
"Conservancy","Conservancy_30","!Khob !naub","SSP585_2090","Omnivore",3,3,52214,25265,106.495938425047,106.495938425047,3,0
"Conservancy","Conservancy_31","Anabeb","SSP245_2050","Browser",7,7,-8228,-6744,-10.5208392119495,-11.261541381017,0,7
"Conservancy","Conservancy_31","Anabeb","SSP245_2050","Carnivore",4,0,,,,,0,0
"Conservancy","Conservancy_31","Anabeb","SSP245_2050","Grazer",12,12,9489,6823,273.21793090819,244.048010314452,12,0
"Conservancy","Conservancy_31","Anabeb","SSP245_2050","Mixed",6,6,9268,7004,93.1719429064909,106.743841843426,6,0
"Conservancy","Conservancy_31","Anabeb","SSP245_2050","Omnivore",3,3,29086,14074,49.6233133420525,49.6233133420525,3,0
"Conservancy","Conservancy_31","Anabeb","SSP245_2090","Browser",7,7,-7834,-6422,-10.5575145946494,-11.3079694498673,0,7
"Conservancy","Conservancy_31","Anabeb","SSP245_2090","Carnivore",4,0,,,,,0,0
"Conservancy","Conservancy_31","Anabeb","SSP245_2090","Grazer",12,12,9020,6486,279.872553839668,248.676688671849,12,0
"Conservancy","Conservancy_31","Anabeb","SSP245_2090","Mixed",6,6,8809,6657,93.992291559551,107.763590028055,6,0
"Conservancy","Conservancy_31","Anabeb","SSP245_2090","Omnivore",3,3,27641,13374,49.9050819439994,49.9050819439994,3,0
"Conservancy","Conservancy_31","Anabeb","SSP585_2050","Browser",7,7,-7921,-6492,-10.4775770759458,-11.2158459865108,0,7
"Conservancy","Conservancy_31","Anabeb","SSP585_2050","Carnivore",4,0,,,,,0,0
"Conservancy","Conservancy_31","Anabeb","SSP585_2050","Grazer",12,12,9190,6608,273.537370112152,244.33118275845,12,0
"Conservancy","Conservancy_31","Anabeb","SSP585_2050","Mixed",6,6,8979,6786,93.3558260667096,106.953799230184,6,0
"Conservancy","Conservancy_31","Anabeb","SSP585_2050","Omnivore",3,3,28199,13645,49.7611207626654,49.7611207626654,3,0
"Conservancy","Conservancy_31","Anabeb","SSP585_2090","Browser",7,7,-7315,-5996,-10.519502650727,-11.2678069653017,0,7
"Conservancy","Conservancy_31","Anabeb","SSP585_2090","Carnivore",4,0,,,,,0,0
"Conservancy","Conservancy_31","Anabeb","SSP585_2090","Grazer",12,12,8467,6089,280.355344325096,249.069704265457,12,0
"Conservancy","Conservancy_31","Anabeb","SSP585_2090","Mixed",6,6,8272,6251,94.1840535461533,107.984621887081,6,0
"Conservancy","Conservancy_31","Anabeb","SSP585_2090","Omnivore",3,3,25971,12566,50.0383744370943,50.0383744370943,3,0
"Conservancy","Conservancy_32","Ozondundu","SSP245_2050","Browser",7,7,-29858,-24965,-26.0324618715672,-25.5178288602396,0,7
"Conservancy","Conservancy_32","Ozondundu","SSP245_2050","Carnivore",4,0,,,,,0,0
"Conservancy","Conservancy_32","Ozondundu","SSP245_2050","Grazer",12,12,4868,3538,122.814465094962,110.087546479495,12,0
"Conservancy","Conservancy_32","Ozondundu","SSP245_2050","Mixed",6,6,3167,2383,22.2023754939006,27.0880356238985,6,0
"Conservancy","Conservancy_32","Ozondundu","SSP245_2050","Omnivore",3,3,0,0,0,0,0,0
"Conservancy","Conservancy_32","Ozondundu","SSP245_2090","Browser",7,7,-28369,-23721,-26.0644025988378,-25.5491261059448,0,7
"Conservancy","Conservancy_32","Ozondundu","SSP245_2090","Carnivore",4,0,,,,,0,0
"Conservancy","Conservancy_32","Ozondundu","SSP245_2090","Grazer",12,12,4625,3361,122.966997683982,110.226229771362,12,0
"Conservancy","Conservancy_32","Ozondundu","SSP245_2090","Mixed",6,6,3009,2264,22.2299233981639,27.1213800201568,6,0
"Conservancy","Conservancy_32","Ozondundu","SSP245_2090","Omnivore",3,3,0,0,0,0,0,0
"Conservancy","Conservancy_32","Ozondundu","SSP585_2050","Browser",7,7,-28731,-24022,-26.0318940845684,-25.5172722959032,0,7
"Conservancy","Conservancy_32","Ozondundu","SSP585_2050","Carnivore",4,0,,,,,0,0
"Conservancy","Conservancy_32","Ozondundu","SSP585_2050","Grazer",12,12,4684,3404,122.81178670692,110.085145947872,12,0
"Conservancy","Conservancy_32","Ozondundu","SSP585_2050","Mixed",6,6,3047,2293,22.2018912912681,27.0874448308454,6,0
"Conservancy","Conservancy_32","Ozondundu","SSP585_2050","Omnivore",3,3,0,0,0,0,0,0
"Conservancy","Conservancy_32","Ozondundu","SSP585_2090","Browser",7,7,-26556,-22204,-26.0605387809901,-25.5453386732935,0,7
"Conservancy","Conservancy_32","Ozondundu","SSP585_2090","Carnivore",4,0,,,,,0,0
"Conservancy","Conservancy_32","Ozondundu","SSP585_2090","Grazer",12,12,4329,3147,122.948768910907,110.20988970478,12,0
"Conservancy","Conservancy_32","Ozondundu","SSP585_2090","Mixed",6,6,2816,2120,22.2266280080451,27.1173595147269,6,0
"Conservancy","Conservancy_32","Ozondundu","SSP585_2090","Omnivore",3,3,0,0,0,0,0,0
"Conservancy","Conservancy_33","Sesfontein","SSP245_2050","Browser",7,7,18164,11357,65.5618186374431,59.2185534944096,7,0
"Conservancy","Conservancy_33","Sesfontein","SSP245_2050","Carnivore",4,0,,,,,0,0
"Conservancy","Conservancy_33","Sesfontein","SSP245_2050","Grazer",12,12,15606,11176,1468.5196124469,770.356943207429,12,0
"Conservancy","Conservancy_33","Sesfontein","SSP245_2050","Mixed",6,6,17207,13015,393.508035380896,472.929227054424,6,0
"Conservancy","Conservancy_33","Sesfontein","SSP245_2050","Omnivore",3,3,66287,32074,278.456106147648,278.456106147648,3,0
"Conservancy","Conservancy_33","Sesfontein","SSP245_2090","Browser",7,7,17379,10927,67.2155924790514,60.4158837217706,7,0
"Conservancy","Conservancy_33","Sesfontein","SSP245_2090","Carnivore",4,0,,,,,0,0
"Conservancy","Conservancy_33","Sesfontein","SSP245_2090","Grazer",12,12,14805,10601,1498.08934223893,775.616197539375,12,0
"Conservancy","Conservancy_33","Sesfontein","SSP245_2090","Mixed",6,6,16332,12353,397.861671076354,478.461306787784,6,0
"Conservancy","Conservancy_33","Sesfontein","SSP245_2090","Omnivore",3,3,62967,30468,282.235285607116,282.235285607116,3,0
"Conservancy","Conservancy_33","Sesfontein","SSP585_2050","Browser",7,7,17693,11079,66.0600739673804,59.5812129459421,7,0
"Conservancy","Conservancy_33","Sesfontein","SSP585_2050","Carnivore",4,0,,,,,0,0
"Conservancy","Conservancy_33","Sesfontein","SSP585_2050","Grazer",12,12,15167,10861,1477.90652928941,772.203613390038,12,0
"Conservancy","Conservancy_33","Sesfontein","SSP585_2050","Mixed",6,6,16725,12650,394.946186369732,474.750130170698,6,0
"Conservancy","Conservancy_33","Sesfontein","SSP585_2050","Omnivore",3,3,64443,31182,279.676706233852,279.676706233852,3,0
"Conservancy","Conservancy_33","Sesfontein","SSP585_2090","Browser",7,7,16316,10267,67.4858337579072,60.6104419883516,7,0
"Conservancy","Conservancy_33","Sesfontein","SSP585_2090","Carnivore",4,0,,,,,0,0
"Conservancy","Conservancy_33","Sesfontein","SSP585_2090","Grazer",12,12,13882,9941,1503.2137330726,776.575781727799,12,0
"Conservancy","Conservancy_33","Sesfontein","SSP585_2090","Mixed",6,6,15316,11584,398.62185772524,479.425281626716,6,0
"Conservancy","Conservancy_33","Sesfontein","SSP585_2090","Omnivore",3,3,59055,28575,282.884514341332,282.884514341332,3,0
"Conservancy","Conservancy_34","George Mukoya","SSP245_2050","Browser",7,7,-8755,-7042,-11.6892167640961,-11.812598655369,0,7
"Conservancy","Conservancy_34","George Mukoya","SSP245_2050","Carnivore",4,0,,,,,0,0
"Conservancy","Conservancy_34","George Mukoya","SSP245_2050","Grazer",12,12,1380,1005,55.53752920981,49.9042067883571,12,0
"Conservancy","Conservancy_34","George Mukoya","SSP245_2050","Mixed",6,6,885,662,9.72786677925392,11.9337608511268,6,0
"Conservancy","Conservancy_34","George Mukoya","SSP245_2050","Omnivore",3,3,-36,-17,-0.0665787273846247,-0.0665787273846278,0,3
"Conservancy","Conservancy_34","George Mukoya","SSP245_2090","Browser",7,7,-8594,-7185,-11.8386965112557,-11.7212856204186,0,7
"Conservancy","Conservancy_34","George Mukoya","SSP245_2090","Carnivore",4,0,,,,,0,0
"Conservancy","Conservancy_34","George Mukoya","SSP245_2090","Grazer",12,12,1401,1018,56.6127197077305,50.8592285050203,12,0
"Conservancy","Conservancy_34","George Mukoya","SSP245_2090","Mixed",6,6,911,686,10.192255213616,12.414485210915,6,0
"Conservancy","Conservancy_34","George Mukoya","SSP245_2090","Omnivore",3,3,0,0,0,0,0,0
"Conservancy","Conservancy_34","George Mukoya","SSP585_2050","Browser",7,7,-8454,-7022,-11.6164664891566,-11.6363819340407,0,7
"Conservancy","Conservancy_34","George Mukoya","SSP585_2050","Carnivore",4,0,,,,,0,0
"Conservancy","Conservancy_34","George Mukoya","SSP585_2050","Grazer",12,12,1370,996,55.9645456832987,50.3497842378255,12,0
"Conservancy","Conservancy_34","George Mukoya","SSP585_2050","Mixed",6,6,889,669,10.0026929995109,12.1849720603251,6,0
"Conservancy","Conservancy_34","George Mukoya","SSP585_2050","Omnivore",3,3,-6,-3,-0.0113407173967826,-0.011340717396783,0,3
"Conservancy","Conservancy_34","George Mukoya","SSP585_2090","Browser",7,7,-8129,-6753,-11.8536955788119,-11.7839471736523,0,7
"Conservancy","Conservancy_34","George Mukoya","SSP585_2090","Carnivore",4,0,,,,,0,0
"Conservancy","Conservancy_34","George Mukoya","SSP585_2090","Grazer",12,12,1318,958,56.5283544418326,50.7708922443715,12,0
"Conservancy","Conservancy_34","George Mukoya","SSP585_2090","Mixed",6,6,855,643,10.1368152524276,12.3638192139201,6,0
"Conservancy","Conservancy_34","George Mukoya","SSP585_2090","Omnivore",3,3,-6,-3,-0.0113065918510778,-0.0113065918510782,0,3
"Conservancy","Conservancy_35","Muduva Nyangana","SSP245_2050","Browser",7,7,-11445,-7731,-11.4733729688738,-12.3674898727994,0,7
"Conservancy","Conservancy_35","Muduva Nyangana","SSP245_2050","Carnivore",4,0,,,,,0,0
"Conservancy","Conservancy_35","Muduva Nyangana","SSP245_2050","Grazer",12,12,1554,1145,48.5736378133465,43.3773046894663,12,0
"Conservancy","Conservancy_35","Muduva Nyangana","SSP245_2050","Mixed",6,6,927,668,7.67271766737026,9.86856284724245,5,1
"Conservancy","Conservancy_35","Muduva Nyangana","SSP245_2050","Omnivore",3,3,-235,-114,-0.348669281427213,-0.348669281427212,0,3
"Conservancy","Conservancy_35","Muduva Nyangana","SSP245_2090","Browser",7,7,-10180,-8512,-11.1197306093169,-10.9175420014576,0,7
"Conservancy","Conservancy_35","Muduva Nyangana","SSP245_2090","Carnivore",4,0,,,,,0,0
"Conservancy","Conservancy_35","Muduva Nyangana","SSP245_2090","Grazer",12,12,1660,1206,52.0859677209173,46.7824207964329,12,0
"Conservancy","Conservancy_35","Muduva Nyangana","SSP245_2090","Mixed",6,6,1080,813,9.47031040640043,11.5504151694203,6,0
"Conservancy","Conservancy_35","Muduva Nyangana","SSP245_2090","Omnivore",3,3,0,0,0,0,0,0
"Conservancy","Conservancy_35","Muduva Nyangana","SSP585_2050","Browser",7,7,-13116,-6241,-12.1870799932876,-14.8218137516903,0,7
"Conservancy","Conservancy_35","Muduva Nyangana","SSP585_2050","Carnivore",4,0,,,,,0,0
"Conservancy","Conservancy_35","Muduva Nyangana","SSP585_2050","Grazer",12,12,1338,1013,44.3772662924842,38.997441820448,12,0
"Conservancy","Conservancy_35","Muduva Nyangana","SSP585_2050","Mixed",6,6,653,442,4.92188029056198,7.34627100268682,5,1
"Conservancy","Conservancy_35","Muduva Nyangana","SSP585_2050","Omnivore",3,3,-605,-293,-0.911078413447561,-0.911078413447561,0,3
"Conservancy","Conservancy_35","Muduva Nyangana","SSP585_2090","Browser",7,7,-12431,-5928,-12.2713310744397,-14.8967461765991,0,7
"Conservancy","Conservancy_35","Muduva Nyangana","SSP585_2090","Carnivore",4,0,,,,,0,0
"Conservancy","Conservancy_35","Muduva Nyangana","SSP585_2090","Grazer",12,12,1270,961,45.2072512974735,39.6047266874251,12,0
"Conservancy","Conservancy_35","Muduva Nyangana","SSP585_2090","Mixed",6,6,621,420,4.98875517558,7.43717780021889,5,1
"Conservancy","Conservancy_35","Muduva Nyangana","SSP585_2090","Omnivore",3,3,-572,-277,-0.916847626786058,-0.916847626786058,0,3
"Conservancy","Conservancy_36","Shamungwa","SSP245_2050","Browser",7,7,-1314,-1099,-16.2524603282437,-15.9642267424128,0,7
"Conservancy","Conservancy_36","Shamungwa","SSP245_2050","Carnivore",4,0,,,,,0,0
"Conservancy","Conservancy_36","Shamungwa","SSP245_2050","Grazer",12,12,214,156,76.8903733000664,68.9549675287141,12,0
"Conservancy","Conservancy_36","Shamungwa","SSP245_2050","Mixed",6,6,139,105,13.8884586254166,16.9387721942716,6,0
"Conservancy","Conservancy_36","Shamungwa","SSP245_2050","Omnivore",3,3,0,0,0,0,0,0
"Conservancy","Conservancy_36","Shamungwa","SSP245_2090","Browser",7,7,-1288,-1077,-16.2432835041107,-15.922164225611,0,7
"Conservancy","Conservancy_36","Shamungwa","SSP245_2090","Carnivore",4,0,,,,,0,0
"Conservancy","Conservancy_36","Shamungwa","SSP245_2090","Grazer",12,12,210,153,76.6327867080797,68.6927656590647,12,0
"Conservancy","Conservancy_36","Shamungwa","SSP245_2090","Mixed",6,6,137,103,13.8536437450188,16.9019897164178,6,0
"Conservancy","Conservancy_36","Shamungwa","SSP245_2090","Omnivore",3,3,0,0,0,0,0,0
"Conservancy","Conservancy_36","Shamungwa","SSP585_2050","Browser",7,7,-1483,-944,-17.0806189089526,-18.8177022211974,0,7
"Conservancy","Conservancy_36","Shamungwa","SSP585_2050","Carnivore",4,0,,,,,0,0
"Conservancy","Conservancy_36","Shamungwa","SSP585_2050","Grazer",12,12,192,142,71.9075381276434,63.7563714378966,12,0
"Conservancy","Conservancy_36","Shamungwa","SSP585_2050","Mixed",6,6,111,79,10.6594174657736,13.9748235051122,5,1
"Conservancy","Conservancy_36","Shamungwa","SSP585_2050","Omnivore",3,3,-38,-18,-0.659418717398182,-0.659418717398183,0,3
"Conservancy","Conservancy_36","Shamungwa","SSP585_2090","Browser",7,7,-1389,-884,-17.0665609422767,-18.7788404505478,0,7
"Conservancy","Conservancy_36","Shamungwa","SSP585_2090","Carnivore",4,0,,,,,0,0
"Conservancy","Conservancy_36","Shamungwa","SSP585_2090","Grazer",12,12,179,133,71.6709970527837,63.515701106743,12,0
"Conservancy","Conservancy_36","Shamungwa","SSP585_2090","Mixed",6,6,104,74,10.6334603013483,13.944790755761,5,1
"Conservancy","Conservancy_36","Shamungwa","SSP585_2090","Omnivore",3,3,-36,-17,-0.659134185039512,-0.659134185039513,0,3
"Conservancy","Conservancy_37","King Nehale","SSP245_2050","Browser",7,7,-9966,-6617,-18.7902070590248,-20.1232096789114,0,7
"Conservancy","Conservancy_37","King Nehale","SSP245_2050","Carnivore",4,0,,,,,0,0
"Conservancy","Conservancy_37","King Nehale","SSP245_2050","Grazer",12,12,1538,1130,21.9413475184195,21.766712004147,12,0
"Conservancy","Conservancy_37","King Nehale","SSP245_2050","Mixed",6,6,999,725,7.84270514464861,9.70407070608611,6,0
"Conservancy","Conservancy_37","King Nehale","SSP245_2050","Omnivore",3,3,506,245,0.929661600462548,0.929661600462551,3,0
"Conservancy","Conservancy_37","King Nehale","SSP245_2090","Browser",7,7,-10628,-8060,-21.4764657245487,-21.7443820158672,0,7
"Conservancy","Conservancy_37","King Nehale","SSP245_2090","Carnivore",4,0,,,,,0,0
"Conservancy","Conservancy_37","King Nehale","SSP245_2090","Grazer",12,12,1771,1293,25.8573843348415,25.5780632618613,12,0
"Conservancy","Conservancy_37","King Nehale","SSP245_2090","Mixed",6,6,1182,877,9.68187396828324,11.7020479057526,6,0
"Conservancy","Conservancy_37","King Nehale","SSP245_2090","Omnivore",3,3,529,256,1.00108852712385,1.00108852712385,3,0
"Conservancy","Conservancy_37","King Nehale","SSP585_2050","Browser",7,7,-10810,-8757,-22.5424398761064,-22.340184926656,0,7
"Conservancy","Conservancy_37","King Nehale","SSP585_2050","Carnivore",4,0,,,,,0,0
"Conservancy","Conservancy_37","King Nehale","SSP585_2050","Grazer",12,12,1911,1390,27.9349603302088,27.7377205114093,12,0
"Conservancy","Conservancy_37","King Nehale","SSP585_2050","Mixed",6,6,1305,978,10.9137956561759,13.0002397545896,6,0
"Conservancy","Conservancy_37","King Nehale","SSP585_2050","Omnivore",3,3,664,321,1.26457481506246,1.26457481506246,3,0
"Conservancy","Conservancy_37","King Nehale","SSP585_2090","Browser",7,7,-10630,-8623,-22.9612670243036,-22.7022000803774,0,7
"Conservancy","Conservancy_37","King Nehale","SSP585_2090","Carnivore",4,0,,,,,0,0
"Conservancy","Conservancy_37","King Nehale","SSP585_2090","Grazer",12,12,1859,1352,28.2291549964356,27.9343554183488,12,0
"Conservancy","Conservancy_37","King Nehale","SSP585_2090","Mixed",6,6,1262,946,10.8953193633303,13.0042452360411,6,0
"Conservancy","Conservancy_37","King Nehale","SSP585_2090","Omnivore",3,3,574,278,1.13481997628556,1.13481997628557,3,0
"Conservancy","Conservancy_38","Doro !nawas Area1","SSP245_2050","Browser",7,7,39660,28184,401.282117868514,220.171118518553,7,0
"Conservancy","Conservancy_38","Doro !nawas Area1","SSP245_2050","Carnivore",4,0,,,,,0,0
"Conservancy","Conservancy_38","Doro !nawas Area1","SSP245_2050","Grazer",12,12,27090,19387,9433.60078930029,1641.00615382854,12,0
"Conservancy","Conservancy_38","Doro !nawas Area1","SSP245_2050","Mixed",6,6,30371,22975,1059.42034770039,1309.26439473035,6,0
"Conservancy","Conservancy_38","Doro !nawas Area1","SSP245_2050","Omnivore",3,3,119793,57964,854.963933541834,854.963933541834,3,0
"Conservancy","Conservancy_38","Doro !nawas Area1","SSP245_2090","Browser",7,7,38083,27120,425.051007338816,225.403900699071,7,0
"Conservancy","Conservancy_38","Doro !nawas Area1","SSP245_2090","Carnivore",4,0,,,,,0,0
"Conservancy","Conservancy_38","Doro !nawas Area1","SSP245_2090","Grazer",12,12,25896,18532,38062.6405501236,1709.296315192,12,0
"Conservancy","Conservancy_38","Doro !nawas Area1","SSP245_2090","Mixed",6,6,29043,21970,1099.13132813695,1362.89101829844,6,0
"Conservancy","Conservancy_38","Doro !nawas Area1","SSP245_2090","Omnivore",3,3,114612,55457,883.80746875317,883.80746875317,3,0
"Conservancy","Conservancy_38","Doro !nawas Area1","SSP585_2050","Browser",7,7,38812,27581,401.345546009819,220.189528980594,7,0
"Conservancy","Conservancy_38","Doro !nawas Area1","SSP585_2050","Carnivore",4,0,,,,,0,0
"Conservancy","Conservancy_38","Doro !nawas Area1","SSP585_2050","Grazer",12,12,26511,18973,9459.22514881901,1641.3129391335,12,0
"Conservancy","Conservancy_38","Doro !nawas Area1","SSP585_2050","Mixed",6,6,29722,22484,1059.58713113788,1309.48624735029,6,0
"Conservancy","Conservancy_38","Doro !nawas Area1","SSP585_2050","Omnivore",3,3,117233,56726,855.079428279723,855.079428279723,3,0
"Conservancy","Conservancy_38","Doro !nawas Area1","SSP585_2090","Browser",7,7,35181,25053,425.026464199783,225.391530024156,7,0
"Conservancy","Conservancy_38","Doro !nawas Area1","SSP585_2090","Carnivore",4,0,,,,,0,0
"Conservancy","Conservancy_38","Doro !nawas Area1","SSP585_2090","Grazer",12,12,23922,17120,38021.0808093986,1709.18357209731,12,0
"Conservancy","Conservancy_38","Doro !nawas Area1","SSP585_2090","Mixed",6,6,26830,20296,1099.06267911678,1362.80457878005,6,0
"Conservancy","Conservancy_38","Doro !nawas Area1","SSP585_2090","Omnivore",3,3,105878,51231,883.754511746591,883.754511746591,3,0
"Conservancy","Conservancy_39","African Wild Dog","SSP245_2050","Browser",7,7,-316835,-264916,-54.2194112058595,-53.1470482970012,0,7
"Conservancy","Conservancy_39","African Wild Dog","SSP245_2050","Carnivore",4,0,,,,,0,0
"Conservancy","Conservancy_39","African Wild Dog","SSP245_2050","Grazer",12,12,51653,37541,255.076912845981,228.761151119625,12,0
"Conservancy","Conservancy_39","African Wild Dog","SSP245_2050","Mixed",6,6,33602,25289,46.2017146673213,56.3669377112949,6,0
"Conservancy","Conservancy_39","African Wild Dog","SSP245_2050","Omnivore",3,3,0,0,0,0,0,0
"Conservancy","Conservancy_39","African Wild Dog","SSP245_2090","Browser",7,7,-305223,-255207,-54.2294152314003,-53.1572318294525,0,7
"Conservancy","Conservancy_39","African Wild Dog","SSP245_2090","Carnivore",4,0,,,,,0,0
"Conservancy","Conservancy_39","African Wild Dog","SSP245_2090","Grazer",12,12,49760,36165,255.689813835218,229.221784349369,12,0
"Conservancy","Conservancy_39","African Wild Dog","SSP245_2090","Mixed",6,6,32370,24362,46.2426072025807,56.4175900531602,6,0
"Conservancy","Conservancy_39","African Wild Dog","SSP245_2090","Omnivore",3,3,0,0,0,0,0,0
"Conservancy","Conservancy_39","African Wild Dog","SSP585_2050","Browser",7,7,-306482,-256259,-54.2194407153682,-53.1470771616766,0,7
"Conservancy","Conservancy_39","African Wild Dog","SSP585_2050","Carnivore",4,0,,,,,0,0
"Conservancy","Conservancy_39","African Wild Dog","SSP585_2050","Grazer",12,12,49965,36314,255.076960146544,228.761207904471,12,0
"Conservancy","Conservancy_39","African Wild Dog","SSP585_2050","Mixed",6,6,32503,24462,46.2017345685631,56.3669618676658,6,0
"Conservancy","Conservancy_39","African Wild Dog","SSP585_2050","Omnivore",3,3,0,0,0,0,0,0
"Conservancy","Conservancy_39","African Wild Dog","SSP585_2090","Browser",7,7,-286445,-239506,-54.229070197145,-53.1568936514472,0,7
"Conservancy","Conservancy_39","African Wild Dog","SSP585_2090","Carnivore",4,0,,,,,0,0
"Conservancy","Conservancy_39","African Wild Dog","SSP585_2090","Grazer",12,12,46699,33940,255.688238851175,229.220364240925,12,0
"Conservancy","Conservancy_39","African Wild Dog","SSP585_2090","Mixed",6,6,30378,22863,46.2423159447979,56.4172347782798,6,0
"Conservancy","Conservancy_39","African Wild Dog","SSP585_2090","Omnivore",3,3,0,0,0,0,0,0
"Conservancy","Conservancy_4","Orupupa","SSP245_2050","Browser",7,7,-45923,-38393,-25.0050859254196,-24.4900187635926,0,7
"Conservancy","Conservancy_4","Orupupa","SSP245_2050","Carnivore",4,0,,,,,0,0
"Conservancy","Conservancy_4","Orupupa","SSP245_2050","Grazer",12,12,7729,5615,111.116653417595,101.0744410905,12,0
"Conservancy","Conservancy_4","Orupupa","SSP245_2050","Mixed",6,6,5120,3854,21.8534645316908,26.5301623676199,6,0
"Conservancy","Conservancy_4","Orupupa","SSP245_2050","Omnivore",3,3,865,418,0.642482411131233,0.642482411131234,3,0
"Conservancy","Conservancy_4","Orupupa","SSP245_2090","Browser",7,7,-44234,-36981,-25.0751733094803,-24.561550191615,0,7
"Conservancy","Conservancy_4","Orupupa","SSP245_2090","Carnivore",4,0,,,,,0,0
"Conservancy","Conservancy_4","Orupupa","SSP245_2090","Grazer",12,12,7458,5418,113.395148987693,102.899257401636,12,0
"Conservancy","Conservancy_4","Orupupa","SSP245_2090","Mixed",6,6,4945,3723,22.0974899168813,26.8223349587263,6,0
"Conservancy","Conservancy_4","Orupupa","SSP245_2090","Omnivore",3,3,880,426,0.682390753950732,0.682390753950732,3,0
"Conservancy","Conservancy_4","Orupupa","SSP585_2050","Browser",7,7,-44272,-37013,-25.0036992942155,-24.4886156834896,0,7
"Conservancy","Conservancy_4","Orupupa","SSP585_2050","Carnivore",4,0,,,,,0,0
"Conservancy","Conservancy_4","Orupupa","SSP585_2050","Grazer",12,12,7452,5414,111.095749668214,101.058438747332,12,0
"Conservancy","Conservancy_4","Orupupa","SSP585_2050","Mixed",6,6,4936,3716,21.8532166394143,26.5295907569826,6,0
"Conservancy","Conservancy_4","Orupupa","SSP585_2050","Omnivore",3,3,836,404,0.643774728175468,0.643774728175465,3,0
"Conservancy","Conservancy_4","Orupupa","SSP585_2090","Browser",7,7,-41767,-34919,-25.0748792679917,-24.5612451920491,0,7
"Conservancy","Conservancy_4","Orupupa","SSP585_2090","Carnivore",4,0,,,,,0,0
"Conservancy","Conservancy_4","Orupupa","SSP585_2090","Grazer",12,12,7042,5116,113.389383818475,102.894770713705,12,0
"Conservancy","Conservancy_4","Orupupa","SSP585_2090","Mixed",6,6,4669,3515,22.0971838448642,26.8219270295594,6,0
"Conservancy","Conservancy_4","Orupupa","SSP585_2090","Omnivore",3,3,831,402,0.68254520981485,0.68254520981485,3,0
"Conservancy","Conservancy_40","Torra","SSP245_2050","Browser",7,7,44527,29738,145.657834442416,121.840593380511,7,0
"Conservancy","Conservancy_40","Torra","SSP245_2050","Carnivore",4,0,,,,,0,0
"Conservancy","Conservancy_40","Torra","SSP245_2050","Grazer",12,12,34341,24585,958.955240868462,818.612491789328,12,0
"Conservancy","Conservancy_40","Torra","SSP245_2050","Mixed",6,6,38145,28853,540.713921760125,633.379630826452,6,0
"Conservancy","Conservancy_40","Torra","SSP245_2050","Omnivore",3,3,148512,71861,438.991509520168,438.991509520168,3,0
"Conservancy","Conservancy_40","Torra","SSP245_2090","Browser",7,7,42694,28529,153.510067987717,126.508474209823,7,0
"Conservancy","Conservancy_40","Torra","SSP245_2090","Carnivore",4,0,,,,,0,0
"Conservancy","Conservancy_40","Torra","SSP245_2090","Grazer",12,12,32896,23551,1107.85433716977,903.767389637509,12,0
"Conservancy","Conservancy_40","Torra","SSP245_2090","Mixed",6,6,36542,27641,584.572658495626,689.533756619292,6,0
"Conservancy","Conservancy_40","Torra","SSP245_2090","Omnivore",3,3,142287,68848,469.569424687868,469.569424687868,3,0
"Conservancy","Conservancy_40","Torra","SSP585_2050","Browser",7,7,43473,29043,146.089704503875,122.107494523794,7,0
"Conservancy","Conservancy_40","Torra","SSP585_2050","Carnivore",4,0,,,,,0,0
"Conservancy","Conservancy_40","Torra","SSP585_2050","Grazer",12,12,33510,23990,961.960182544596,820.4907807606,12,0
"Conservancy","Conservancy_40","Torra","SSP585_2050","Mixed",6,6,37223,28156,541.904787561872,634.87478726665,6,0
"Conservancy","Conservancy_40","Torra","SSP585_2050","Omnivore",3,3,144932,70128,439.972020142488,439.972020142488,3,0
"Conservancy","Conservancy_40","Torra","SSP585_2090","Browser",7,7,39574,26447,153.65459969585,126.592440104219,7,0
"Conservancy","Conservancy_40","Torra","SSP585_2090","Carnivore",4,0,,,,,0,0
"Conservancy","Conservancy_40","Torra","SSP585_2090","Grazer",12,12,30485,21825,1107.98733619758,903.853505239301,12,0
"Conservancy","Conservancy_40","Torra","SSP585_2090","Mixed",6,6,33865,25616,584.736523323067,689.734638787426,6,0
"Conservancy","Conservancy_40","Torra","SSP585_2090","Omnivore",3,3,131864,63805,469.762152663725,469.762152663725,3,0
"Conservancy","Conservancy_41","Ondjou","SSP245_2050","Browser",7,7,-720599,-602516,-54.1970702184299,-53.1472816703876,0,7
"Conservancy","Conservancy_41","Ondjou","SSP245_2050","Carnivore",4,0,,,,,0,0
"Conservancy","Conservancy_41","Ondjou","SSP245_2050","Grazer",12,12,117478,85381,248.904677041623,224.199396548486,12,0
"Conservancy","Conservancy_41","Ondjou","SSP245_2050","Mixed",6,6,76422,57515,45.8401611418389,55.9128657080188,6,0
"Conservancy","Conservancy_41","Ondjou","SSP245_2050","Omnivore",3,3,0,0,0,0,0,0
"Conservancy","Conservancy_41","Ondjou","SSP245_2090","Browser",7,7,-700424,-585647,-54.3093849384188,-53.2421026631919,0,7
"Conservancy","Conservancy_41","Ondjou","SSP245_2090","Carnivore",4,0,,,,,0,0
"Conservancy","Conservancy_41","Ondjou","SSP245_2090","Grazer",12,12,114189,82990,252.38196610653,226.843534375698,12,0
"Conservancy","Conservancy_41","Ondjou","SSP245_2090","Mixed",6,6,74282,55905,46.1020108419792,56.2394550003297,6,0
"Conservancy","Conservancy_41","Ondjou","SSP245_2090","Omnivore",3,3,0,0,0,0,0,0
"Conservancy","Conservancy_41","Ondjou","SSP585_2050","Browser",7,7,-696603,-582452,-54.1969782275547,-53.1472335781579,0,7
"Conservancy","Conservancy_41","Ondjou","SSP585_2050","Carnivore",4,0,,,,,0,0
"Conservancy","Conservancy_41","Ondjou","SSP585_2050","Grazer",12,12,113566,82538,248.902185897213,224.197546389059,12,0
"Conservancy","Conservancy_41","Ondjou","SSP585_2050","Mixed",6,6,73877,55600,45.8399794056872,55.9126334027417,6,0
"Conservancy","Conservancy_41","Ondjou","SSP585_2050","Omnivore",3,3,0,0,0,0,0,0
"Conservancy","Conservancy_41","Ondjou","SSP585_2090","Browser",7,7,-657272,-549566,-54.3095722660101,-53.2422794581629,0,7
"Conservancy","Conservancy_41","Ondjou","SSP585_2090","Carnivore",4,0,,,,,0,0
"Conservancy","Conservancy_41","Ondjou","SSP585_2090","Grazer",12,12,107154,77877,252.384034607321,226.84519427593,12,0
"Conservancy","Conservancy_41","Ondjou","SSP585_2090","Mixed",6,6,69706,52461,46.1022364118265,56.23973318773,6,0
"Conservancy","Conservancy_41","Ondjou","SSP585_2090","Omnivore",3,3,0,0,0,0,0,0
"Conservancy","Conservancy_42","#Gaingu","SSP245_2050","Browser",7,7,378,269,212.8522146615,112.57517130986,7,0
"Conservancy","Conservancy_42","#Gaingu","SSP245_2050","Carnivore",4,0,,,,,0,0
"Conservancy","Conservancy_42","#Gaingu","SSP245_2050","Grazer",12,12,258,184,722.459541659575,863.076313375595,12,0
"Conservancy","Conservancy_42","#Gaingu","SSP245_2050","Mixed",6,6,289,219,553.126699556781,686.487809360128,6,0
"Conservancy","Conservancy_42","#Gaingu","SSP245_2050","Omnivore",3,3,1140,552,443.678616338861,443.678616338861,3,0
"Conservancy","Conservancy_42","#Gaingu","SSP245_2090","Browser",7,7,360,257,212.86215862349,112.580430560868,7,0
"Conservancy","Conservancy_42","#Gaingu","SSP245_2090","Carnivore",4,0,,,,,0,0
"Conservancy","Conservancy_42","#Gaingu","SSP245_2090","Grazer",12,12,245,176,722.493293294402,863.116634299989,12,0
"Conservancy","Conservancy_42","#Gaingu","SSP245_2090","Mixed",6,6,275,208,553.152540353808,686.519880479019,6,0
"Conservancy","Conservancy_42","#Gaingu","SSP245_2090","Omnivore",3,3,1086,525,443.699343975186,443.699343975186,3,0
"Conservancy","Conservancy_42","#Gaingu","SSP585_2050","Browser",7,7,367,261,212.863982596178,112.581395239756,7,0
"Conservancy","Conservancy_42","#Gaingu","SSP585_2050","Carnivore",4,0,,,,,0,0
"Conservancy","Conservancy_42","#Gaingu","SSP585_2050","Grazer",12,12,250,179,722.499484192974,863.124030171464,12,0
"Conservancy","Conservancy_42","#Gaingu","SSP585_2050","Mixed",6,6,280,212,553.157280205796,686.52576312871,6,0
"Conservancy","Conservancy_42","#Gaingu","SSP585_2050","Omnivore",3,3,1106,535,443.703145944921,443.703145944921,3,0
"Conservancy","Conservancy_42","#Gaingu","SSP585_2090","Browser",7,7,328,233,212.808011474853,112.551792735589,7,0
"Conservancy","Conservancy_42","#Gaingu","SSP585_2090","Carnivore",4,0,,,,,0,0
"Conservancy","Conservancy_42","#Gaingu","SSP585_2090","Grazer",12,12,223,160,722.309507918953,862.897077639514,12,0
"Conservancy","Conservancy_42","#Gaingu","SSP585_2090","Mixed",6,6,250,189,553.011831300515,686.345245897414,6,0
"Conservancy","Conservancy_42","#Gaingu","SSP585_2090","Omnivore",3,3,986,477,443.586477252026,443.586477252026,3,0
"Conservancy","Conservancy_43","#Gaingu","SSP245_2050","Browser",7,7,55229,35066,66.8568062920193,59.9454517036488,7,0
"Conservancy","Conservancy_43","#Gaingu","SSP245_2050","Carnivore",4,0,,,,,0,0
"Conservancy","Conservancy_43","#Gaingu","SSP245_2050","Grazer",12,12,46330,33175,557.652478584317,480.953532371589,12,0
"Conservancy","Conservancy_43","#Gaingu","SSP245_2050","Mixed",6,6,51162,38698,301.69926794239,352.042254781372,6,0
"Conservancy","Conservancy_43","#Gaingu","SSP245_2050","Omnivore",3,3,197550,95589,235.813076605869,235.813076605869,3,0
"Conservancy","Conservancy_43","#Gaingu","SSP245_2090","Browser",7,7,52640,33377,67.3897824180181,60.3286033503527,7,0
"Conservancy","Conservancy_43","#Gaingu","SSP245_2090","Carnivore",4,0,,,,,0,0
"Conservancy","Conservancy_43","#Gaingu","SSP245_2090","Grazer",12,12,44267,31698,593.781540819125,502.854066954495,12,0
"Conservancy","Conservancy_43","#Gaingu","SSP245_2090","Mixed",6,6,48876,36969,311.023772435199,364.002814432509,6,0
"Conservancy","Conservancy_43","#Gaingu","SSP245_2090","Omnivore",3,3,188670,91292,241.345039574408,241.345039574408,3,0
"Conservancy","Conservancy_43","#Gaingu","SSP585_2050","Browser",7,7,53989,34317,67.2605250089834,60.2482072833387,7,0
"Conservancy","Conservancy_43","#Gaingu","SSP585_2050","Carnivore",4,0,,,,,0,0
"Conservancy","Conservancy_43","#Gaingu","SSP585_2050","Grazer",12,12,45227,32386,560.166523837511,482.644813336745,12,0
"Conservancy","Conservancy_43","#Gaingu","SSP585_2050","Mixed",6,6,49948,37781,302.859820246895,353.472314874877,6,0
"Conservancy","Conservancy_43","#Gaingu","SSP585_2050","Omnivore",3,3,192883,93330,236.798730452583,236.798730452583,3,0
"Conservancy","Conservancy_43","#Gaingu","SSP585_2090","Browser",7,7,48004,30458,67.6430844810883,60.5106632601003,7,0
"Conservancy","Conservancy_43","#Gaingu","SSP585_2090","Carnivore",4,0,,,,,0,0
"Conservancy","Conservancy_43","#Gaingu","SSP585_2090","Grazer",12,12,40327,28877,594.754475534646,503.503791318128,12,0
"Conservancy","Conservancy_43","#Gaingu","SSP585_2090","Mixed",6,6,44528,33680,311.571889054325,364.673661303631,6,0
"Conservancy","Conservancy_43","#Gaingu","SSP585_2090","Omnivore",3,3,171904,83179,241.858582506101,241.858582506101,3,0
"Conservancy","Conservancy_44","Sheya Shuushona","SSP245_2050","Browser",7,7,-155773,-127737,-25.721077595015,-25.3651447035863,0,7
"Conservancy","Conservancy_44","Sheya Shuushona","SSP245_2050","Carnivore",4,0,,,,,0,0
"Conservancy","Conservancy_44","Sheya Shuushona","SSP245_2050","Grazer",12,12,25088,18253,41.9396306358483,41.088585734927,12,0
"Conservancy","Conservancy_44","Sheya Shuushona","SSP245_2050","Mixed",6,6,16248,12189,13.3317563304209,16.1927929344868,6,0
"Conservancy","Conservancy_44","Sheya Shuushona","SSP245_2050","Omnivore",3,3,18,9,0.00308212286904611,0.00308212286904611,3,0
"Conservancy","Conservancy_44","Sheya Shuushona","SSP245_2090","Browser",7,7,-153533,-128375,-26.3810520852003,-25.6979704458559,0,7
"Conservancy","Conservancy_44","Sheya Shuushona","SSP245_2090","Carnivore",4,0,,,,,0,0
"Conservancy","Conservancy_44","Sheya Shuushona","SSP245_2090","Grazer",12,12,25088,18233,43.5955932177188,42.7105597453227,12,0
"Conservancy","Conservancy_44","Sheya Shuushona","SSP245_2090","Mixed",6,6,16342,12299,13.9572954409088,16.8857399817869,6,0
"Conservancy","Conservancy_44","Sheya Shuushona","SSP245_2090","Omnivore",3,3,186,90,0.0337498775491109,0.0337498775491154,3,0
"Conservancy","Conservancy_44","Sheya Shuushona","SSP585_2050","Browser",7,7,-151457,-125891,-26.0934709866503,-25.5120660562324,0,7
"Conservancy","Conservancy_44","Sheya Shuushona","SSP585_2050","Carnivore",4,0,,,,,0,0
"Conservancy","Conservancy_44","Sheya Shuushona","SSP585_2050","Grazer",12,12,24678,17941,42.8030258826884,41.9409930467632,12,0
"Conservancy","Conservancy_44","Sheya Shuushona","SSP585_2050","Mixed",6,6,16061,12077,13.7174313659794,16.609486070917,6,0
"Conservancy","Conservancy_44","Sheya Shuushona","SSP585_2050","Omnivore",3,3,231,112,0.0419823994877884,0.0419823994877887,3,0
"Conservancy","Conservancy_44","Sheya Shuushona","SSP585_2090","Browser",7,7,-145155,-120673,-26.2207970598466,-25.6364155732907,0,7
"Conservancy","Conservancy_44","Sheya Shuushona","SSP585_2090","Carnivore",4,0,,,,,0,0
"Conservancy","Conservancy_44","Sheya Shuushona","SSP585_2090","Grazer",12,12,23601,17158,43.2424535663641,42.3610510860914,12,0
"Conservancy","Conservancy_44","Sheya Shuushona","SSP585_2090","Mixed",6,6,15341,11535,13.7935899392387,16.7096760757937,6,0
"Conservancy","Conservancy_44","Sheya Shuushona","SSP585_2090","Omnivore",3,3,87,42,0.0166565277010996,0.0166565277010989,3,0
"Conservancy","Conservancy_45","!Khoro !goreb","SSP245_2050","Browser",7,7,-55338,-46208,-38.3582599860185,-37.3373783426015,0,7
"Conservancy","Conservancy_45","!Khoro !goreb","SSP245_2050","Carnivore",4,0,,,,,0,0
"Conservancy","Conservancy_45","!Khoro !goreb","SSP245_2050","Grazer",12,12,12737,9223,199.670700510392,184.928013992823,12,0
"Conservancy","Conservancy_45","!Khoro !goreb","SSP245_2050","Mixed",6,6,9697,7311,51.4371061601042,60.5299207246563,6,0
"Conservancy","Conservancy_45","!Khoro !goreb","SSP245_2050","Omnivore",3,3,13263,6417,12.2169582229108,12.2169582229108,3,0
"Conservancy","Conservancy_45","!Khoro !goreb","SSP245_2090","Browser",7,7,-54144,-45214,-38.8369411858014,-37.7889750458386,0,7
"Conservancy","Conservancy_45","!Khoro !goreb","SSP245_2090","Carnivore",4,0,,,,,0,0
"Conservancy","Conservancy_45","!Khoro !goreb","SSP245_2090","Grazer",12,12,12245,8869,200.927860057644,185.825972214291,12,0
"Conservancy","Conservancy_45","!Khoro !goreb","SSP245_2090","Mixed",6,6,9264,6984,50.999970260327,60.1013934019612,6,0
"Conservancy","Conservancy_45","!Khoro !goreb","SSP245_2090","Omnivore",3,3,12203,5905,11.6571626146835,11.6571626146835,3,0
"Conservancy","Conservancy_45","!Khoro !goreb","SSP585_2050","Browser",7,7,-53338,-44538,-38.3488184632039,-37.3280484942566,0,7
"Conservancy","Conservancy_45","!Khoro !goreb","SSP585_2050","Carnivore",4,0,,,,,0,0
"Conservancy","Conservancy_45","!Khoro !goreb","SSP585_2050","Grazer",12,12,12284,8896,199.680839933338,184.944413497906,12,0
"Conservancy","Conservancy_45","!Khoro !goreb","SSP585_2050","Mixed",6,6,9355,7053,51.4649647858264,60.559820369204,6,0
"Conservancy","Conservancy_45","!Khoro !goreb","SSP585_2050","Omnivore",3,3,12812,6199,12.2400970631866,12.2400970631866,3,0
"Conservancy","Conservancy_45","!Khoro !goreb","SSP585_2090","Browser",7,7,-50065,-41809,-38.8355688517974,-37.7876950952481,0,7
"Conservancy","Conservancy_45","!Khoro !goreb","SSP585_2090","Carnivore",4,0,,,,,0,0
"Conservancy","Conservancy_45","!Khoro !goreb","SSP585_2090","Grazer",12,12,11322,8200,200.841675988966,185.753705793865,12,0
"Conservancy","Conservancy_45","!Khoro !goreb","SSP585_2090","Mixed",6,6,8565,6457,50.9847448741396,60.0836278876761,6,0
"Conservancy","Conservancy_45","!Khoro !goreb","SSP585_2090","Omnivore",3,3,11279,5458,11.6514411415254,11.6514411415254,3,0
"Conservancy","Conservancy_46","Otjimboyo","SSP245_2050","Browser",7,7,3831,2727,130.666769977681,98.0267396975435,7,0
"Conservancy","Conservancy_46","Otjimboyo","SSP245_2050","Carnivore",4,0,,,,,0,0
"Conservancy","Conservancy_46","Otjimboyo","SSP245_2050","Grazer",12,12,2607,1866,276.782962748438,271.574422955169,12,0
"Conservancy","Conservancy_46","Otjimboyo","SSP245_2050","Mixed",6,6,2924,2212,227.794924022456,253.929183558673,6,0
"Conservancy","Conservancy_46","Otjimboyo","SSP245_2050","Omnivore",3,3,11538,5583,216.810369450947,216.810369450947,3,0
"Conservancy","Conservancy_46","Otjimboyo","SSP245_2090","Browser",7,7,3717,2646,152.993331367886,107.953597539776,7,0
"Conservancy","Conservancy_46","Otjimboyo","SSP245_2090","Carnivore",4,0,,,,,0,0
"Conservancy","Conservancy_46","Otjimboyo","SSP245_2090","Grazer",12,12,2530,1810,356.97684042899,342.538641050157,12,0
"Conservancy","Conservancy_46","Otjimboyo","SSP245_2090","Mixed",6,6,2837,2146,278.944072376388,316.039858843545,6,0
"Conservancy","Conservancy_46","Otjimboyo","SSP245_2090","Omnivore",3,3,11194,5416,261.856791653302,261.856791653302,3,0
"Conservancy","Conservancy_46","Otjimboyo","SSP585_2050","Browser",7,7,3728,2653,130.742366469214,98.065107049686,7,0
"Conservancy","Conservancy_46","Otjimboyo","SSP585_2050","Carnivore",4,0,,,,,0,0
"Conservancy","Conservancy_46","Otjimboyo","SSP585_2050","Grazer",12,12,2537,1816,277.056369725075,271.825168625246,12,0
"Conservancy","Conservancy_46","Otjimboyo","SSP585_2050","Mixed",6,6,2845,2152,227.979152928906,254.149590952551,6,0
"Conservancy","Conservancy_46","Otjimboyo","SSP585_2050","Omnivore",3,3,11227,5432,216.973850338461,216.973850338461,3,0
"Conservancy","Conservancy_46","Otjimboyo","SSP585_2090","Browser",7,7,3429,2441,152.993245989459,107.952226741072,7,0
"Conservancy","Conservancy_46","Otjimboyo","SSP585_2090","Carnivore",4,0,,,,,0,0
"Conservancy","Conservancy_46","Otjimboyo","SSP585_2090","Grazer",12,12,2334,1670,356.986038005855,342.545334171983,12,0
"Conservancy","Conservancy_46","Otjimboyo","SSP585_2090","Mixed",6,6,2617,1980,278.947491823499,316.044883265485,6,0
"Conservancy","Conservancy_46","Otjimboyo","SSP585_2090","Omnivore",3,3,10328,4997,261.859004824674,261.859004824674,3,0
"Conservancy","Conservancy_47","Tsiseb","SSP245_2050","Browser",7,7,71386,50622,221.518379709405,130.745883584189,7,0
"Conservancy","Conservancy_47","Tsiseb","SSP245_2050","Carnivore",4,0,,,,,0,0
"Conservancy","Conservancy_47","Tsiseb","SSP245_2050","Grazer",12,12,48908,35002,1312.6824700513,805.249483855108,12,0
"Conservancy","Conservancy_47","Tsiseb","SSP245_2050","Mixed",6,6,54820,41468,550.988041794602,667.809965590386,6,0
"Conservancy","Conservancy_47","Tsiseb","SSP245_2050","Omnivore",3,3,216183,104605,463.315884149183,463.315884149183,3,0
"Conservancy","Conservancy_47","Tsiseb","SSP245_2090","Browser",7,7,68479,48638,234.252643215509,134.160017219744,7,0
"Conservancy","Conservancy_47","Tsiseb","SSP245_2090","Carnivore",4,0,,,,,0,0
"Conservancy","Conservancy_47","Tsiseb","SSP245_2090","Grazer",12,12,46792,33488,1766.02489303983,882.495491934187,12,0
"Conservancy","Conservancy_47","Tsiseb","SSP245_2090","Mixed",6,6,52459,39683,592.152152174241,722.928619074325,6,0
"Conservancy","Conservancy_47","Tsiseb","SSP245_2090","Omnivore",3,3,206921,100123,491.187555398958,491.187555398958,3,0
"Conservancy","Conservancy_47","Tsiseb","SSP585_2050","Browser",7,7,69975,49622,221.715459533546,130.799488409086,7,0
"Conservancy","Conservancy_47","Tsiseb","SSP585_2050","Carnivore",4,0,,,,,0,0
"Conservancy","Conservancy_47","Tsiseb","SSP585_2050","Grazer",12,12,47940,34310,1318.51997230048,806.555971465346,12,0
"Conservancy","Conservancy_47","Tsiseb","SSP585_2050","Mixed",6,6,53735,40648,551.684151201541,668.739976707698,6,0
"Conservancy","Conservancy_47","Tsiseb","SSP585_2050","Omnivore",3,3,211905,102535,463.78718935991,463.78718935991,3,0
"Conservancy","Conservancy_47","Tsiseb","SSP585_2090","Browser",7,7,62933,44699,234.281463807023,134.166370489221,7,0
"Conservancy","Conservancy_47","Tsiseb","SSP585_2090","Carnivore",4,0,,,,,0,0
"Conservancy","Conservancy_47","Tsiseb","SSP585_2090","Grazer",12,12,43003,30776,1770.35781718427,883.027436232259,12,0
"Conservancy","Conservancy_47","Tsiseb","SSP585_2090","Mixed",6,6,48211,36470,592.406393495117,723.273920764119,6,0
"Conservancy","Conservancy_47","Tsiseb","SSP585_2090","Omnivore",3,3,190164,92015,491.338470158964,491.338470158964,3,0
"Conservancy","Conservancy_48","Sorris Sorris","SSP245_2050","Browser",7,7,7900,640,12.0197672496124,14.0007346943174,6,1
"Conservancy","Conservancy_48","Sorris Sorris","SSP245_2050","Carnivore",4,0,,,,,0,0
"Conservancy","Conservancy_48","Sorris Sorris","SSP245_2050","Grazer",12,12,19287,13833,203.560928005307,201.681376198501,12,0
"Conservancy","Conservancy_48","Sorris Sorris","SSP245_2050","Mixed",6,6,20363,15398,135.219494871723,148.564917396913,6,0
"Conservancy","Conservancy_48","Sorris Sorris","SSP245_2050","Omnivore",3,3,73451,35541,102.222686695933,102.222686695933,3,0
"Conservancy","Conservancy_48","Sorris Sorris","SSP245_2090","Browser",7,7,7549,612,12.0426165137649,14.0554346615464,6,1
"Conservancy","Conservancy_48","Sorris Sorris","SSP245_2090","Carnivore",4,0,,,,,0,0
"Conservancy","Conservancy_48","Sorris Sorris","SSP245_2090","Grazer",12,12,18642,13371,212.0313790749,209.825726301135,12,0
"Conservancy","Conservancy_48","Sorris Sorris","SSP245_2090","Mixed",6,6,19678,14879,139.374764009865,153.360451158593,6,0
"Conservancy","Conservancy_48","Sorris Sorris","SSP245_2090","Omnivore",3,3,70947,34329,104.791532379095,104.791532379095,3,0
"Conservancy","Conservancy_48","Sorris Sorris","SSP585_2050","Browser",7,7,7762,628,12.1704200456112,14.148495851032,6,1
"Conservancy","Conservancy_48","Sorris Sorris","SSP585_2050","Carnivore",4,0,,,,,0,0
"Conservancy","Conservancy_48","Sorris Sorris","SSP585_2050","Grazer",12,12,18758,13454,203.745067239828,201.868768575567,12,0
"Conservancy","Conservancy_48","Sorris Sorris","SSP585_2050","Mixed",6,6,19810,14979,135.443825257421,148.806816405945,6,0
"Conservancy","Conservancy_48","Sorris Sorris","SSP585_2050","Omnivore",3,3,71485,34589,102.462137022391,102.462137022391,3,0
"Conservancy","Conservancy_48","Sorris Sorris","SSP585_2090","Browser",7,7,6953,564,11.9988801288668,14.0124790249721,6,1
"Conservancy","Conservancy_48","Sorris Sorris","SSP585_2090","Carnivore",4,0,,,,,0,0
"Conservancy","Conservancy_48","Sorris Sorris","SSP585_2090","Grazer",12,12,17223,12353,211.965002348549,209.758906587817,12,0
"Conservancy","Conservancy_48","Sorris Sorris","SSP585_2090","Mixed",6,6,18178,13745,139.302823376771,153.282283906667,6,0
"Conservancy","Conservancy_48","Sorris Sorris","SSP585_2090","Omnivore",3,3,65533,31710,104.717673335363,104.717673335363,3,0
"Conservancy","Conservancy_49","Okangundumba","SSP245_2050","Browser",7,7,-76308,-63803,-43.7793610405317,-42.9137435962699,0,7
"Conservancy","Conservancy_49","Okangundumba","SSP245_2050","Carnivore",4,0,,,,,0,0
"Conservancy","Conservancy_49","Okangundumba","SSP245_2050","Grazer",12,12,12485,9074,205.357960544486,184.377574205966,12,0
"Conservancy","Conservancy_49","Okangundumba","SSP245_2050","Mixed",6,6,8139,6126,37.4608759618492,45.6772744167195,6,0
"Conservancy","Conservancy_49","Okangundumba","SSP245_2050","Omnivore",3,3,160,78,0.127228467829098,0.127228467829098,3,0
"Conservancy","Conservancy_49","Okangundumba","SSP245_2090","Browser",7,7,-72941,-60988,-43.86334424677,-42.9961941133907,0,7
"Conservancy","Conservancy_49","Okangundumba","SSP245_2090","Carnivore",4,0,,,,,0,0
"Conservancy","Conservancy_49","Okangundumba","SSP245_2090","Grazer",12,12,11891,8642,206.939089816116,185.497866032057,12,0
"Conservancy","Conservancy_49","Okangundumba","SSP245_2090","Mixed",6,6,7736,5822,37.4103637670357,45.6421137511378,6,0
"Conservancy","Conservancy_49","Okangundumba","SSP245_2090","Omnivore",3,3,0,0,0,0,0,0
"Conservancy","Conservancy_49","Okangundumba","SSP585_2050","Browser",7,7,-73413,-61382,-43.780147546545,-42.9145148250552,0,7
"Conservancy","Conservancy_49","Okangundumba","SSP585_2050","Carnivore",4,0,,,,,0,0
"Conservancy","Conservancy_49","Okangundumba","SSP585_2050","Grazer",12,12,12012,8729,205.362424781212,184.381580294833,12,0
"Conservancy","Conservancy_49","Okangundumba","SSP585_2050","Mixed",6,6,7830,5893,37.4617983360193,45.6783736865028,6,0
"Conservancy","Conservancy_49","Okangundumba","SSP585_2050","Omnivore",3,3,154,75,0.12736785020864,0.12736785020864,3,0
"Conservancy","Conservancy_49","Okangundumba","SSP585_2090","Browser",7,7,-68808,-57533,-43.8633808407011,-42.9962299838832,0,7
"Conservancy","Conservancy_49","Okangundumba","SSP585_2090","Carnivore",4,0,,,,,0,0
"Conservancy","Conservancy_49","Okangundumba","SSP585_2090","Grazer",12,12,11218,8153,206.939262459468,185.498020787611,12,0
"Conservancy","Conservancy_49","Okangundumba","SSP585_2090","Mixed",6,6,7297,5492,37.4103949774301,45.6421518290453,6,0
"Conservancy","Conservancy_49","Okangundumba","SSP585_2090","Omnivore",3,3,0,0,0,0,0,0
"Conservancy","Conservancy_5","Omuramba ua Mbinda","SSP245_2050","Browser",7,7,-266474,-222807,-54.4538538974206,-53.377336192694,0,7
"Conservancy","Conservancy_5","Omuramba ua Mbinda","SSP245_2050","Carnivore",4,0,,,,,0,0
"Conservancy","Conservancy_5","Omuramba ua Mbinda","SSP245_2050","Grazer",12,12,43443,31573,256.903142157059,230.285079002766,12,0
"Conservancy","Conservancy_5","Omuramba ua Mbinda","SSP245_2050","Mixed",6,6,28260,21269,46.4428446531304,56.6620953430137,6,0
"Conservancy","Conservancy_5","Omuramba ua Mbinda","SSP245_2050","Omnivore",3,3,0,0,0,0,0,0
"Conservancy","Conservancy_5","Omuramba ua Mbinda","SSP245_2090","Browser",7,7,-258009,-215729,-54.4518675704941,-53.3753891341746,0,7
"Conservancy","Conservancy_5","Omuramba ua Mbinda","SSP245_2090","Carnivore",4,0,,,,,0,0
"Conservancy","Conservancy_5","Omuramba ua Mbinda","SSP245_2090","Grazer",12,12,42063,30570,256.893771036518,230.27667883601,12,0
"Conservancy","Conservancy_5","Omuramba ua Mbinda","SSP245_2090","Mixed",6,6,27363,20593,46.4411505458032,56.6600284655084,6,0
"Conservancy","Conservancy_5","Omuramba ua Mbinda","SSP245_2090","Omnivore",3,3,0,0,0,0,0,0
"Conservancy","Conservancy_5","Omuramba ua Mbinda","SSP585_2050","Browser",7,7,-258918,-216490,-54.4517727434329,-53.3752961817834,0,7
"Conservancy","Conservancy_5","Omuramba ua Mbinda","SSP585_2050","Carnivore",4,0,,,,,0,0
"Conservancy","Conservancy_5","Omuramba ua Mbinda","SSP585_2050","Grazer",12,12,42211,30678,256.893323660102,230.276277812837,12,0
"Conservancy","Conservancy_5","Omuramba ua Mbinda","SSP585_2050","Mixed",6,6,27459,20666,46.4410696692782,56.6599297929701,6,0
"Conservancy","Conservancy_5","Omuramba ua Mbinda","SSP585_2050","Omnivore",3,3,0,0,0,0,0,0
"Conservancy","Conservancy_5","Omuramba ua Mbinda","SSP585_2090","Browser",7,7,-241537,-201957,-54.4475103906767,-53.3711180930027,0,7
"Conservancy","Conservancy_5","Omuramba ua Mbinda","SSP585_2090","Carnivore",4,0,,,,,0,0
"Conservancy","Conservancy_5","Omuramba ua Mbinda","SSP585_2090","Grazer",12,12,39377,28619,256.873214673544,230.258252344097,12,0
"Conservancy","Conservancy_5","Omuramba ua Mbinda","SSP585_2090","Mixed",6,6,25616,19279,46.4374343749374,56.6554945910336,6,0
"Conservancy","Conservancy_5","Omuramba ua Mbinda","SSP585_2090","Omnivore",3,3,0,0,0,0,0,0
"Conservancy","Conservancy_50","Sanitatas","SSP245_2050","Browser",7,7,-1807,-725,-3.41074172230523,-3.39485326396209,0,7
"Conservancy","Conservancy_50","Sanitatas","SSP245_2050","Carnivore",4,0,,,,,0,0
"Conservancy","Conservancy_50","Sanitatas","SSP245_2050","Grazer",12,12,14782,10614,589.290616755596,517.366968154417,12,0
"Conservancy","Conservancy_50","Sanitatas","SSP245_2050","Mixed",6,6,15121,11431,222.246169749904,255.649598162345,6,0
"Conservancy","Conservancy_50","Sanitatas","SSP245_2050","Omnivore",3,3,51722,25027,132.4757596648,132.4757596648,3,0
"Conservancy","Conservancy_50","Sanitatas","SSP245_2090","Browser",7,7,-1875,-960,-3.70885298874433,-3.72934673039804,0,7
"Conservancy","Conservancy_50","Sanitatas","SSP245_2090","Carnivore",4,0,,,,,0,0
"Conservancy","Conservancy_50","Sanitatas","SSP245_2090","Grazer",12,12,14004,10055,617.29102414611,534.605188510813,12,0
"Conservancy","Conservancy_50","Sanitatas","SSP245_2090","Mixed",6,6,14314,10821,223.85377520427,257.870130287425,6,0
"Conservancy","Conservancy_50","Sanitatas","SSP245_2090","Omnivore",3,3,48904,23663,132.083377639503,132.083377639503,3,0
"Conservancy","Conservancy_50","Sanitatas","SSP585_2050","Browser",7,7,-1704,-610,-3.29959326316336,-3.26914887545946,0,7
"Conservancy","Conservancy_50","Sanitatas","SSP585_2050","Carnivore",4,0,,,,,0,0
"Conservancy","Conservancy_50","Sanitatas","SSP585_2050","Grazer",12,12,14418,10352,590.39415596354,518.22215070929,12,0
"Conservancy","Conservancy_50","Sanitatas","SSP585_2050","Mixed",6,6,14751,11151,222.725540906223,256.211834507603,6,0
"Conservancy","Conservancy_50","Sanitatas","SSP585_2050","Omnivore",3,3,50480,24426,132.832434294991,132.832434294991,3,0
"Conservancy","Conservancy_50","Sanitatas","SSP585_2090","Browser",7,7,-1872,-1047,-3.86320207541346,-3.90343143780768,0,7
"Conservancy","Conservancy_50","Sanitatas","SSP585_2090","Carnivore",4,0,,,,,0,0
"Conservancy","Conservancy_50","Sanitatas","SSP585_2090","Grazer",12,12,13410,9629,615.724987338026,533.420581452398,12,0
"Conservancy","Conservancy_50","Sanitatas","SSP585_2090","Mixed",6,6,13703,10359,223.189551951137,257.090035700614,6,0
"Conservancy","Conservancy_50","Sanitatas","SSP585_2090","Omnivore",3,3,46785,22638,131.590105328419,131.590105328419,3,0
"Conservancy","Conservancy_51","Epupa","SSP245_2050","Browser",7,7,-187425,-156682,-42.6998384628617,-41.8147625486821,0,7
"Conservancy","Conservancy_51","Epupa","SSP245_2050","Carnivore",4,0,,,,,0,0
"Conservancy","Conservancy_51","Epupa","SSP245_2050","Grazer",12,12,32357,23500,212.704171650951,190.607457318826,12,0
"Conservancy","Conservancy_51","Epupa","SSP245_2050","Mixed",6,6,21733,16363,40.0881898993384,48.5403097619795,6,0
"Conservancy","Conservancy_51","Epupa","SSP245_2050","Omnivore",3,3,6431,3112,2.02881129446429,2.02881129446429,3,0
"Conservancy","Conservancy_51","Epupa","SSP245_2090","Browser",7,7,-179645,-150181,-42.7326432270133,-41.8499806921726,0,7
"Conservancy","Conservancy_51","Epupa","SSP245_2090","Carnivore",4,0,,,,,0,0
"Conservancy","Conservancy_51","Epupa","SSP245_2090","Grazer",12,12,30865,22418,211.888454997991,189.877719013391,12,0
"Conservancy","Conservancy_51","Epupa","SSP245_2090","Mixed",6,6,20678,15568,39.8010542328626,48.2219898541783,6,0
"Conservancy","Conservancy_51","Epupa","SSP245_2090","Omnivore",3,3,5632,2725,1.85512204633484,1.85512204633484,3,0
"Conservancy","Conservancy_51","Epupa","SSP585_2050","Browser",7,7,-181931,-152090,-42.7013283954342,-41.8162818257924,0,7
"Conservancy","Conservancy_51","Epupa","SSP585_2050","Carnivore",4,0,,,,,0,0
"Conservancy","Conservancy_51","Epupa","SSP585_2050","Grazer",12,12,31406,22810,212.694831928703,190.599184005837,12,0
"Conservancy","Conservancy_51","Epupa","SSP585_2050","Mixed",6,6,21094,15881,40.0841242436505,48.5358823333721,6,0
"Conservancy","Conservancy_51","Epupa","SSP585_2050","Omnivore",3,3,6234,3016,2.02585934051905,2.02585934051905,3,0
"Conservancy","Conservancy_51","Epupa","SSP585_2090","Browser",7,7,-173573,-145104,-42.7314099472829,-41.8486767692843,0,7
"Conservancy","Conservancy_51","Epupa","SSP585_2090","Carnivore",4,0,,,,,0,0
"Conservancy","Conservancy_51","Epupa","SSP585_2090","Grazer",12,12,29826,21663,211.908376946134,189.895402571629,12,0
"Conservancy","Conservancy_51","Epupa","SSP585_2090","Mixed",6,6,19983,15044,39.8084012982681,48.23011674661,6,0
"Conservancy","Conservancy_51","Epupa","SSP585_2090","Omnivore",3,3,5456,2640,1.85977091413921,1.85977091413921,3,0
"Conservancy","Conservancy_52","Ongongo","SSP245_2050","Browser",7,7,-21915,-18295,-38.8598952151156,-37.855648912074,0,7
"Conservancy","Conservancy_52","Ongongo","SSP245_2050","Carnivore",4,0,,,,,0,0
"Conservancy","Conservancy_52","Ongongo","SSP245_2050","Grazer",12,12,5286,3827,263.480743813331,235.571889557834,12,0
"Conservancy","Conservancy_52","Ongongo","SSP245_2050","Mixed",6,6,4090,3084,59.9386241784167,70.5443404612643,6,0
"Conservancy","Conservancy_52","Ongongo","SSP245_2050","Omnivore",3,3,6118,2960,14.9872312330288,14.9872312330288,3,0
"Conservancy","Conservancy_52","Ongongo","SSP245_2090","Browser",7,7,-20879,-17431,-38.7270212440667,-37.7258897261492,0,7
"Conservancy","Conservancy_52","Ongongo","SSP245_2090","Carnivore",4,0,,,,,0,0
"Conservancy","Conservancy_52","Ongongo","SSP245_2090","Grazer",12,12,5025,3638,264.557852741393,236.106752171335,12,0
"Conservancy","Conservancy_52","Ongongo","SSP245_2090","Mixed",6,6,3885,2930,59.7287727704633,70.3156526060331,6,0
"Conservancy","Conservancy_52","Ongongo","SSP245_2090","Omnivore",3,3,5789,2801,14.8568763163319,14.8568763163319,3,0
"Conservancy","Conservancy_52","Ongongo","SSP585_2050","Browser",7,7,-21190,-17690,-38.8570963899806,-37.8529842913766,0,7
"Conservancy","Conservancy_52","Ongongo","SSP585_2050","Carnivore",4,0,,,,,0,0
"Conservancy","Conservancy_52","Ongongo","SSP585_2050","Grazer",12,12,5113,3701,263.513116301124,235.600866881757,12,0
"Conservancy","Conservancy_52","Ongongo","SSP585_2050","Mixed",6,6,3956,2983,59.9521459262895,70.5593344423399,6,0
"Conservancy","Conservancy_52","Ongongo","SSP585_2050","Omnivore",3,3,5919,2864,14.9962489033712,14.9962489033712,3,0
"Conservancy","Conservancy_52","Ongongo","SSP585_2090","Browser",7,7,-19877,-16594,-38.720228905676,-37.7190756392157,0,7
"Conservancy","Conservancy_52","Ongongo","SSP585_2090","Carnivore",4,0,,,,,0,0
"Conservancy","Conservancy_52","Ongongo","SSP585_2090","Grazer",12,12,4788,3466,264.688300811209,236.220396481481,12,0
"Conservancy","Conservancy_52","Ongongo","SSP585_2090","Mixed",6,6,3702,2792,59.775939376744,70.3683862301636,6,0
"Conservancy","Conservancy_52","Ongongo","SSP585_2090","Omnivore",3,3,5523,2672,14.8865416146481,14.8865416146481,3,0
"Conservancy","Conservancy_53","Otjiu-West","SSP245_2050","Browser",7,7,-53764,-44900,-41.1224580053793,-40.0919351207855,0,7
"Conservancy","Conservancy_53","Otjiu-West","SSP245_2050","Carnivore",4,0,,,,,0,0
"Conservancy","Conservancy_53","Otjiu-West","SSP245_2050","Grazer",12,12,12022,8708,255.226288469248,229.144729311037,12,0
"Conservancy","Conservancy_53","Otjiu-West","SSP245_2050","Mixed",6,6,9058,6828,56.7619166546336,67.1035700419029,6,0
"Conservancy","Conservancy_53","Otjiu-West","SSP245_2050","Omnivore",3,3,11626,5626,12.2560390959081,12.2560390959081,3,0
"Conservancy","Conservancy_53","Otjiu-West","SSP245_2090","Browser",7,7,-51583,-43079,-41.1727119281914,-40.1518954449113,0,7
"Conservancy","Conservancy_53","Otjiu-West","SSP245_2090","Carnivore",4,0,,,,,0,0
"Conservancy","Conservancy_53","Otjiu-West","SSP245_2090","Grazer",12,12,11461,8302,256.707838522252,230.062911432213,12,0
"Conservancy","Conservancy_53","Otjiu-West","SSP245_2090","Mixed",6,6,8615,6495,56.5115282672387,66.8431891651918,6,0
"Conservancy","Conservancy_53","Otjiu-West","SSP245_2090","Omnivore",3,3,10895,5272,12.0062631568595,12.0062631568595,3,0
"Conservancy","Conservancy_53","Otjiu-West","SSP585_2050","Browser",7,7,-51982,-43412,-41.118215639935,-40.0876608728632,0,7
"Conservancy","Conservancy_53","Otjiu-West","SSP585_2050","Carnivore",4,0,,,,,0,0
"Conservancy","Conservancy_53","Otjiu-West","SSP585_2050","Grazer",12,12,11627,8422,255.27508022429,229.186959134178,12,0
"Conservancy","Conservancy_53","Otjiu-West","SSP585_2050","Mixed",6,6,8761,6605,56.7799491090817,67.1235832808127,6,0
"Conservancy","Conservancy_53","Otjiu-West","SSP585_2050","Omnivore",3,3,11253,5445,12.2680373470355,12.2680373470355,3,0
"Conservancy","Conservancy_53","Otjiu-West","SSP585_2090","Browser",7,7,-49064,-40976,-41.1633090039075,-40.1424807876697,0,7
"Conservancy","Conservancy_53","Otjiu-West","SSP585_2090","Carnivore",4,0,,,,,0,0
"Conservancy","Conservancy_53","Otjiu-West","SSP585_2090","Grazer",12,12,10909,7902,256.803361925779,230.147339744794,12,0
"Conservancy","Conservancy_53","Otjiu-West","SSP585_2090","Mixed",6,6,8202,6183,56.5506863006567,66.8865208547054,6,0
"Conservancy","Conservancy_53","Otjiu-West","SSP585_2090","Omnivore",3,3,10388,5027,12.0327924800001,12.0327924800001,3,0
"Conservancy","Conservancy_54","Marienfluss","SSP245_2050","Browser",7,7,40418,27134,181.627233741337,142.675322168679,7,0
"Conservancy","Conservancy_54","Marienfluss","SSP245_2050","Carnivore",4,0,,,,,0,0
"Conservancy","Conservancy_54","Marienfluss","SSP245_2050","Grazer",12,12,30884,22110,4280.09013464073,1465.47390011494,12,0
"Conservancy","Conservancy_54","Marienfluss","SSP245_2050","Mixed",6,6,34328,25966,822.768060551703,1003.28973765687,6,0
"Conservancy","Conservancy_54","Marienfluss","SSP245_2050","Omnivore",3,3,133779,64732,613.505320837749,613.505320837749,3,0
"Conservancy","Conservancy_54","Marienfluss","SSP245_2090","Browser",7,7,38486,25930,188.734213447034,146.349391041552,7,0
"Conservancy","Conservancy_54","Marienfluss","SSP245_2090","Carnivore",4,0,,,,,0,0
"Conservancy","Conservancy_54","Marienfluss","SSP245_2090","Grazer",12,12,29214,20914,4520.05825347036,1480.09080325303,12,0
"Conservancy","Conservancy_54","Marienfluss","SSP245_2090","Mixed",6,6,32487,24574,836.640126831271,1021.21351949149,6,0
"Conservancy","Conservancy_54","Marienfluss","SSP245_2090","Omnivore",3,3,126692,61302,626.16370577823,626.16370577823,3,0
"Conservancy","Conservancy_54","Marienfluss","SSP585_2050","Browser",7,7,39757,26698,182.125028571099,142.94224057821,7,0
"Conservancy","Conservancy_54","Marienfluss","SSP585_2050","Carnivore",4,0,,,,,0,0
"Conservancy","Conservancy_54","Marienfluss","SSP585_2050","Grazer",12,12,30362,21736,4295.81488841201,1466.53880943915,12,0
"Conservancy","Conservancy_54","Marienfluss","SSP585_2050","Mixed",6,6,33749,25529,823.752175740469,1004.55643455379,6,0
"Conservancy","Conservancy_54","Marienfluss","SSP585_2050","Omnivore",3,3,131531,63644,614.398888670544,614.398888670544,3,0
"Conservancy","Conservancy_54","Marienfluss","SSP585_2090","Browser",7,7,37416,25216,189.235862858923,146.605962267479,7,0
"Conservancy","Conservancy_54","Marienfluss","SSP585_2090","Carnivore",4,0,,,,,0,0
"Conservancy","Conservancy_54","Marienfluss","SSP585_2090","Grazer",12,12,28387,20322,4537.11110200291,1481.02462743087,12,0
"Conservancy","Conservancy_54","Marienfluss","SSP585_2090","Mixed",6,6,31569,23879,837.560194761203,1022.40410079779,6,0
"Conservancy","Conservancy_54","Marienfluss","SSP585_2090","Omnivore",3,3,123117,59573,627.014581619577,627.014581619577,3,0
"Conservancy","Conservancy_55","Puros","SSP245_2050","Browser",7,7,51180,35654,294.652198632673,190.54583906654,7,0
"Conservancy","Conservancy_55","Puros","SSP245_2050","Carnivore",4,0,,,,,0,0
"Conservancy","Conservancy_55","Puros","SSP245_2050","Grazer",12,12,36436,26079,11072.8647482755,1638.72034950168,12,0
"Conservancy","Conservancy_55","Puros","SSP245_2050","Mixed",6,6,40715,30799,996.9663042756,1229.31922000142,6,0
"Conservancy","Conservancy_55","Puros","SSP245_2050","Omnivore",3,3,159863,77353,776.734956661889,776.734956661889,3,0
"Conservancy","Conservancy_55","Puros","SSP245_2090","Browser",7,7,48962,34216,304.690902078361,194.144934287748,7,0
"Conservancy","Conservancy_55","Puros","SSP245_2090","Carnivore",4,0,,,,,0,0
"Conservancy","Conservancy_55","Puros","SSP245_2090","Grazer",12,12,34636,24790,12159.6060170485,1649.09037755905,12,0
"Conservancy","Conservancy_55","Puros","SSP245_2090","Mixed",6,6,38723,29292,1008.13802896568,1243.80828486737,6,0
"Conservancy","Conservancy_55","Puros","SSP245_2090","Omnivore",3,3,152145,73618,787.635282306473,787.635282306473,3,0
"Conservancy","Conservancy_55","Puros","SSP585_2050","Browser",7,7,49879,34752,295.11805526966,190.704101231707,7,0
"Conservancy","Conservancy_55","Puros","SSP585_2050","Carnivore",4,0,,,,,0,0
"Conservancy","Conservancy_55","Puros","SSP585_2050","Grazer",12,12,35502,25410,11123.8854210663,1639.17878647128,12,0
"Conservancy","Conservancy_55","Puros","SSP585_2050","Mixed",6,6,39672,30010,997.486094836511,1229.9980980334,6,0
"Conservancy","Conservancy_55","Puros","SSP585_2050","Omnivore",3,3,155770,75373,777.244713755717,777.244713755717,3,0
"Conservancy","Conservancy_55","Puros","SSP585_2090","Browser",7,7,46178,32271,304.805607120278,194.184661782452,7,0
"Conservancy","Conservancy_55","Puros","SSP585_2090","Carnivore",4,0,,,,,0,0
"Conservancy","Conservancy_55","Puros","SSP585_2090","Grazer",12,12,32665,23380,12173.4047624397,1649.22283099513,12,0
"Conservancy","Conservancy_55","Puros","SSP585_2090","Mixed",6,6,36520,27626,1008.27319093248,1243.98345335765,6,0
"Conservancy","Conservancy_55","Puros","SSP585_2090","Omnivore",3,3,143489,69430,787.764655700392,787.764655700392,3,0
"Conservancy","Conservancy_56","Okondjombo","SSP245_2050","Browser",7,7,-13786,-11280,-17.1889314589705,-18.4377326621551,0,7
"Conservancy","Conservancy_56","Okondjombo","SSP245_2050","Carnivore",4,0,,,,,0,0
"Conservancy","Conservancy_56","Okondjombo","SSP245_2050","Grazer",12,12,17142,12325,515.928254784122,451.907655976336,12,0
"Conservancy","Conservancy_56","Okondjombo","SSP245_2050","Mixed",6,6,16810,12704,168.354236003542,193.359400053645,6,0
"Conservancy","Conservancy_56","Okondjombo","SSP245_2050","Omnivore",3,3,53174,25729,89.5821098297964,89.5821098297964,3,0
"Conservancy","Conservancy_56","Okondjombo","SSP245_2090","Browser",7,7,-13114,-10730,-17.2434298659218,-18.4956015388148,0,7
"Conservancy","Conservancy_56","Okondjombo","SSP245_2090","Carnivore",4,0,,,,,0,0
"Conservancy","Conservancy_56","Okondjombo","SSP245_2090","Grazer",12,12,16274,11701,526.131500980615,458.763110918464,12,0
"Conservancy","Conservancy_56","Okondjombo","SSP245_2090","Mixed",6,6,15957,12059,169.507359502152,194.775967621725,6,0
"Conservancy","Conservancy_56","Okondjombo","SSP245_2090","Omnivore",3,3,50466,24419,89.9465930994508,89.9465930994508,3,0
"Conservancy","Conservancy_56","Okondjombo","SSP585_2050","Browser",7,7,-13330,-10906,-17.1356615777754,-18.3810840375168,0,7
"Conservancy","Conservancy_56","Okondjombo","SSP585_2050","Carnivore",4,0,,,,,0,0
"Conservancy","Conservancy_56","Okondjombo","SSP585_2050","Grazer",12,12,16648,11970,516.485424692294,452.36019241906,12,0
"Conservancy","Conservancy_56","Okondjombo","SSP585_2050","Mixed",6,6,16329,12340,168.596427267367,193.638432417573,6,0
"Conservancy","Conservancy_56","Okondjombo","SSP585_2050","Omnivore",3,3,51675,25004,89.7556921990251,89.7556921990251,3,0
"Conservancy","Conservancy_56","Okondjombo","SSP585_2090","Browser",7,7,-12543,-10265,-17.3127381746938,-18.5689558294965,0,7
"Conservancy","Conservancy_56","Okondjombo","SSP585_2090","Carnivore",4,0,,,,,0,0
"Conservancy","Conservancy_56","Okondjombo","SSP585_2090","Grazer",12,12,15472,11124,524.940761860319,457.848546887854,12,0
"Conservancy","Conservancy_56","Okondjombo","SSP585_2090","Mixed",6,6,15166,11461,169.107461018257,194.311372092548,6,0
"Conservancy","Conservancy_56","Okondjombo","SSP585_2090","Omnivore",3,3,47935,23195,89.6791104550725,89.6791104550725,3,0
"Conservancy","Conservancy_57","Otjikongo","SSP245_2050","Browser",7,7,-12025,-9918,-21.3805597464324,-22.7204931243573,0,7
"Conservancy","Conservancy_57","Otjikongo","SSP245_2050","Carnivore",4,0,,,,,0,0
"Conservancy","Conservancy_57","Otjikongo","SSP245_2050","Grazer",12,12,10177,7323,374.997553904101,342.718866307664,12,0
"Conservancy","Conservancy_57","Otjikongo","SSP245_2050","Mixed",6,6,9742,7361,132.259806815148,151.212750254346,6,0
"Conservancy","Conservancy_57","Otjikongo","SSP245_2050","Omnivore",3,3,29332,14193,68.438068286546,68.438068286546,3,0
"Conservancy","Conservancy_57","Otjikongo","SSP245_2090","Browser",7,7,-11284,-9304,-21.1373704278872,-22.5696470978012,0,7
"Conservancy","Conservancy_57","Otjikongo","SSP245_2090","Carnivore",4,0,,,,,0,0
"Conservancy","Conservancy_57","Otjikongo","SSP245_2090","Grazer",12,12,9741,7009,410.382009843729,369.333233157533,12,0
"Conservancy","Conservancy_57","Otjikongo","SSP245_2090","Mixed",6,6,9339,7056,137.506574244715,157.529447965405,6,0
"Conservancy","Conservancy_57","Otjikongo","SSP245_2090","Omnivore",3,3,28209,13650,70.4620335321434,70.4620335321434,3,0
"Conservancy","Conservancy_57","Otjikongo","SSP585_2050","Browser",7,7,-11637,-9598,-21.3762768887317,-22.7174373796204,0,7
"Conservancy","Conservancy_57","Otjikongo","SSP585_2050","Carnivore",4,0,,,,,0,0
"Conservancy","Conservancy_57","Otjikongo","SSP585_2050","Grazer",12,12,9852,7089,375.036118542589,342.754035483803,12,0
"Conservancy","Conservancy_57","Otjikongo","SSP585_2050","Mixed",6,6,9431,7126,132.280456551273,151.236092328632,6,0
"Conservancy","Conservancy_57","Otjikongo","SSP585_2050","Omnivore",3,3,28397,13741,68.4530295302675,68.4530295302675,3,0
"Conservancy","Conservancy_57","Otjikongo","SSP585_2090","Browser",7,7,-10715,-8835,-21.1814487946868,-22.6026512319125,0,7
"Conservancy","Conservancy_57","Otjikongo","SSP585_2090","Carnivore",4,0,,,,,0,0
"Conservancy","Conservancy_57","Otjikongo","SSP585_2090","Grazer",12,12,9219,6633,409.920481727653,368.941327161925,12,0
"Conservancy","Conservancy_57","Otjikongo","SSP585_2090","Mixed",6,6,8836,6676,137.302587327947,157.296406321896,6,0
"Conservancy","Conservancy_57","Otjikongo","SSP585_2090","Omnivore",3,3,26675,12907,70.3174344733766,70.3174344733766,3,0
"Conservancy","Conservancy_58","Kunene River","SSP245_2050","Browser",7,7,-187518,-156787,-43.9012261869307,-43.0294165189689,0,7
"Conservancy","Conservancy_58","Kunene River","SSP245_2050","Carnivore",4,0,,,,,0,0
"Conservancy","Conservancy_58","Kunene River","SSP245_2050","Grazer",12,12,30704,22314,206.581793490425,185.391140474365,12,0
"Conservancy","Conservancy_58","Kunene River","SSP245_2050","Mixed",6,6,20024,15071,37.6419719498778,45.8946578033426,6,0
"Conservancy","Conservancy_58","Kunene River","SSP245_2050","Omnivore",3,3,476,230,0.154169602819514,0.154169602819515,3,0
"Conservancy","Conservancy_58","Kunene River","SSP245_2090","Browser",7,7,-180132,-150613,-43.9417634861724,-43.0715122274752,0,7
"Conservancy","Conservancy_58","Kunene River","SSP245_2090","Carnivore",4,0,,,,,0,0
"Conservancy","Conservancy_58","Kunene River","SSP245_2090","Grazer",12,12,29419,21380,207.216269247518,185.811080018825,12,0
"Conservancy","Conservancy_58","Kunene River","SSP245_2090","Mixed",6,6,19157,14418,37.5650808483669,45.8191792528114,6,0
"Conservancy","Conservancy_58","Kunene River","SSP245_2090","Omnivore",3,3,185,90,0.0625509766711362,0.0625509766711342,3,0
"Conservancy","Conservancy_58","Kunene River","SSP585_2050","Browser",7,7,-181223,-151525,-43.8993764707508,-43.0276025000906,0,7
"Conservancy","Conservancy_58","Kunene River","SSP585_2050","Carnivore",4,0,,,,,0,0
"Conservancy","Conservancy_58","Kunene River","SSP585_2050","Grazer",12,12,29674,21565,206.572388212068,185.383036450258,12,0
"Conservancy","Conservancy_58","Kunene River","SSP585_2050","Mixed",6,6,19352,14565,37.6407219463471,45.893083750329,6,0
"Conservancy","Conservancy_58","Kunene River","SSP585_2050","Omnivore",3,3,461,223,0.154413271876156,0.154413271876159,3,0
"Conservancy","Conservancy_58","Kunene River","SSP585_2090","Browser",7,7,-172940,-144600,-43.9393547694685,-43.0691484628992,0,7
"Conservancy","Conservancy_58","Kunene River","SSP585_2090","Carnivore",4,0,,,,,0,0
"Conservancy","Conservancy_58","Kunene River","SSP585_2090","Grazer",12,12,28244,20527,207.205034195189,185.801082602515,12,0
"Conservancy","Conservancy_58","Kunene River","SSP585_2090","Mixed",6,6,18392,13842,37.5632054436343,45.8168698664439,6,0
"Conservancy","Conservancy_58","Kunene River","SSP585_2090","Omnivore",3,3,178,86,0.0626661571122408,0.0626661571122405,3,0
"Conservancy","Conservancy_59","Ombazu","SSP245_2050","Browser",7,7,-58452,-48873,-43.7030897311145,-42.8367413629945,0,7
"Conservancy","Conservancy_59","Ombazu","SSP245_2050","Carnivore",4,0,,,,,0,0
"Conservancy","Conservancy_59","Ombazu","SSP245_2050","Grazer",12,12,9563,6950,206.405794246239,185.092955204689,12,0
"Conservancy","Conservancy_59","Ombazu","SSP245_2050","Mixed",6,6,6234,4692,37.4736617601077,45.694862801354,6,0
"Conservancy","Conservancy_59","Ombazu","SSP245_2050","Omnivore",3,3,121,59,0.12530373488634,0.12530373488634,3,0
"Conservancy","Conservancy_59","Ombazu","SSP245_2090","Browser",7,7,-55921,-46757,-43.7503769576296,-42.8861640459639,0,7
"Conservancy","Conservancy_59","Ombazu","SSP245_2090","Carnivore",4,0,,,,,0,0
"Conservancy","Conservancy_59","Ombazu","SSP245_2090","Grazer",12,12,9144,6645,206.864498072718,185.45324722132,12,0
"Conservancy","Conservancy_59","Ombazu","SSP245_2090","Mixed",6,6,5959,4485,37.498315607263,45.7288997471278,6,0
"Conservancy","Conservancy_59","Ombazu","SSP245_2090","Omnivore",3,3,98,47,0.105621133714303,0.105621133714306,3,0
"Conservancy","Conservancy_59","Ombazu","SSP585_2050","Browser",7,7,-56429,-47182,-43.7032284469884,-42.8368677377461,0,7
"Conservancy","Conservancy_59","Ombazu","SSP585_2050","Carnivore",4,0,,,,,0,0
"Conservancy","Conservancy_59","Ombazu","SSP585_2050","Grazer",12,12,9232,6710,206.406801818589,185.093932700623,12,0
"Conservancy","Conservancy_59","Ombazu","SSP585_2050","Mixed",6,6,6018,4530,37.4740397702094,45.695293858848,6,0
"Conservancy","Conservancy_59","Ombazu","SSP585_2050","Omnivore",3,3,117,57,0.125464399683878,0.125464399683877,3,0
"Conservancy","Conservancy_59","Ombazu","SSP585_2090","Browser",7,7,-53473,-44710,-43.7507713463109,-42.8865537184122,0,7
"Conservancy","Conservancy_59","Ombazu","SSP585_2090","Carnivore",4,0,,,,,0,0
"Conservancy","Conservancy_59","Ombazu","SSP585_2090","Grazer",12,12,8744,6355,206.867870238569,185.45635122801,12,0
"Conservancy","Conservancy_59","Ombazu","SSP585_2090","Mixed",6,6,5698,4288,37.4992713007644,45.7299962899153,6,0
"Conservancy","Conservancy_59","Ombazu","SSP585_2090","Omnivore",3,3,94,45,0.105976836689307,0.105976836689308,3,0
"Conservancy","Conservancy_6","Otjombinde","SSP245_2050","Browser",7,7,-486520,-406795,-54.5299601338489,-53.4511317574923,0,7
"Conservancy","Conservancy_6","Otjombinde","SSP245_2050","Carnivore",4,0,,,,,0,0
"Conservancy","Conservancy_6","Otjombinde","SSP245_2050","Grazer",12,12,79317,57646,256.055175980228,229.714076679594,12,0
"Conservancy","Conservancy_6","Otjombinde","SSP245_2050","Mixed",6,6,51597,38832,46.4386414536858,56.6553407253607,6,0
"Conservancy","Conservancy_6","Otjombinde","SSP245_2050","Omnivore",3,3,0,0,0,0,0,0
"Conservancy","Conservancy_6","Otjombinde","SSP245_2090","Browser",7,7,-471283,-394055,-54.5307065190464,-53.4524007826857,0,7
"Conservancy","Conservancy_6","Otjombinde","SSP245_2090","Carnivore",4,0,,,,,0,0
"Conservancy","Conservancy_6","Otjombinde","SSP245_2090","Grazer",12,12,76833,55840,256.862009214993,230.311693843371,12,0
"Conservancy","Conservancy_6","Otjombinde","SSP245_2090","Mixed",6,6,49981,37616,46.485329998692,56.7133859553217,6,0
"Conservancy","Conservancy_6","Otjombinde","SSP245_2090","Omnivore",3,3,0,0,0,0,0,0
"Conservancy","Conservancy_6","Otjombinde","SSP585_2050","Browser",7,7,-474137,-396441,-54.529232947353,-53.4504208562158,0,7
"Conservancy","Conservancy_6","Otjombinde","SSP585_2050","Carnivore",4,0,,,,,0,0
"Conservancy","Conservancy_6","Otjombinde","SSP585_2050","Grazer",12,12,77298,56178,256.054589672603,229.713107965227,12,0
"Conservancy","Conservancy_6","Otjombinde","SSP585_2050","Mixed",6,6,50284,37844,46.4381846956758,56.6547873046309,6,0
"Conservancy","Conservancy_6","Otjombinde","SSP585_2050","Omnivore",3,3,0,0,0,0,0,0
"Conservancy","Conservancy_6","Otjombinde","SSP585_2090","Browser",7,7,-440883,-368636,-54.5309149426833,-53.4526053439665,0,7
"Conservancy","Conservancy_6","Otjombinde","SSP585_2090","Carnivore",4,0,,,,,0,0
"Conservancy","Conservancy_6","Otjombinde","SSP585_2090","Grazer",12,12,71876,52238,256.863379555041,230.312861451045,12,0
"Conservancy","Conservancy_6","Otjombinde","SSP585_2090","Mixed",6,6,46757,35190,46.4855298951304,56.7136303579865,6,0
"Conservancy","Conservancy_6","Otjombinde","SSP585_2090","Omnivore",3,3,0,0,0,0,0,0
"Conservancy","Conservancy_60","Ombombo","SSP245_2050","Browser",7,7,-98474,-82336,-43.2702112644355,-42.4021450715336,0,7
"Conservancy","Conservancy_60","Ombombo","SSP245_2050","Carnivore",4,0,,,,,0,0
"Conservancy","Conservancy_60","Ombombo","SSP245_2050","Grazer",12,12,16116,11713,190.15090894755,172.573198937798,12,0
"Conservancy","Conservancy_60","Ombombo","SSP245_2050","Mixed",6,6,10508,7908,36.2580929491714,44.190591858092,6,0
"Conservancy","Conservancy_60","Ombombo","SSP245_2050","Omnivore",3,3,223,108,0.133857370633793,0.133857370633793,3,0
"Conservancy","Conservancy_60","Ombombo","SSP245_2090","Browser",7,7,-94774,-79242,-43.3360160155217,-42.4673631687646,0,7
"Conservancy","Conservancy_60","Ombombo","SSP245_2090","Carnivore",4,0,,,,,0,0
"Conservancy","Conservancy_60","Ombombo","SSP245_2090","Grazer",12,12,15501,11265,191.60289609017,173.707090817403,12,0
"Conservancy","Conservancy_60","Ombombo","SSP245_2090","Mixed",6,6,10103,7604,36.3554960353582,44.3157668337202,6,0
"Conservancy","Conservancy_60","Ombombo","SSP245_2090","Omnivore",3,3,180,87,0.112564948582467,0.112564948582467,3,0
"Conservancy","Conservancy_60","Ombombo","SSP585_2050","Browser",7,7,-95040,-79465,-43.2693865406627,-42.4013197624287,0,7
"Conservancy","Conservancy_60","Ombombo","SSP585_2050","Carnivore",4,0,,,,,0,0
"Conservancy","Conservancy_60","Ombombo","SSP585_2050","Grazer",12,12,15555,11304,190.131983981488,172.558371592665,12,0
"Conservancy","Conservancy_60","Ombombo","SSP585_2050","Mixed",6,6,10142,7633,36.2567733295119,44.1889142340497,6,0
"Conservancy","Conservancy_60","Ombombo","SSP585_2050","Omnivore",3,3,215,104,0.134092819569932,0.134092819569935,3,0
"Conservancy","Conservancy_60","Ombombo","SSP585_2090","Browser",7,7,-90673,-75814,-43.3351169010945,-42.4664579887581,0,7
"Conservancy","Conservancy_60","Ombombo","SSP585_2090","Carnivore",4,0,,,,,0,0
"Conservancy","Conservancy_60","Ombombo","SSP585_2090","Grazer",12,12,14831,10778,191.575290005052,173.685626337527,12,0
"Conservancy","Conservancy_60","Ombombo","SSP585_2090","Mixed",6,6,9666,7275,36.3535999251107,44.3133745319732,6,0
"Conservancy","Conservancy_60","Ombombo","SSP585_2090","Omnivore",3,3,172,83,0.112802824992028,0.112802824992028,3,0
"Conservancy","Conservancy_61","Otjikondavirongo","SSP245_2050","Browser",7,7,-11687,-9623,-20.5737724804503,-21.9943512933094,0,7
"Conservancy","Conservancy_61","Otjikondavirongo","SSP245_2050","Carnivore",4,0,,,,,0,0
"Conservancy","Conservancy_61","Otjikondavirongo","SSP245_2050","Grazer",12,12,10859,7811,469.455820268103,413.496973984748,12,0
"Conservancy","Conservancy_61","Otjikondavirongo","SSP245_2050","Mixed",6,6,10465,7908,148.996859111789,171.094822342067,6,0
"Conservancy","Conservancy_61","Otjikondavirongo","SSP245_2050","Omnivore",3,3,31963,15466,76.2326352893123,76.2326352893123,3,0
"Conservancy","Conservancy_61","Otjikondavirongo","SSP245_2090","Browser",7,7,-10939,-9004,-20.4032602582968,-21.8148029185753,0,7
"Conservancy","Conservancy_61","Otjikondavirongo","SSP245_2090","Carnivore",4,0,,,,,0,0
"Conservancy","Conservancy_61","Otjikondavirongo","SSP245_2090","Grazer",12,12,10350,7446,481.97836326327,422.651774264608,12,0
"Conservancy","Conservancy_61","Otjikondavirongo","SSP245_2090","Mixed",6,6,9988,7547,151.435920249445,173.963501994102,6,0
"Conservancy","Conservancy_61","Otjikondavirongo","SSP245_2090","Omnivore",3,3,30585,14799,77.5044564675148,77.5044564675148,3,0
"Conservancy","Conservancy_61","Otjikondavirongo","SSP585_2050","Browser",7,7,-11248,-9261,-20.5138296893462,-21.9316927082371,0,7
"Conservancy","Conservancy_61","Otjikondavirongo","SSP585_2050","Carnivore",4,0,,,,,0,0
"Conservancy","Conservancy_61","Otjikondavirongo","SSP585_2050","Grazer",12,12,10498,7552,470.112804894706,414.033734656075,12,0
"Conservancy","Conservancy_61","Otjikondavirongo","SSP585_2050","Mixed",6,6,10121,7648,149.271928814681,171.410518742311,6,0
"Conservancy","Conservancy_61","Otjikondavirongo","SSP585_2050","Omnivore",3,3,30933,14967,76.4269625942224,76.4269625942224,3,0
"Conservancy","Conservancy_61","Otjikondavirongo","SSP585_2090","Browser",7,7,-10276,-8458,-20.3595742056361,-21.7689884350648,0,7
"Conservancy","Conservancy_61","Otjikondavirongo","SSP585_2090","Carnivore",4,0,,,,,0,0
"Conservancy","Conservancy_61","Otjikondavirongo","SSP585_2090","Grazer",12,12,9755,7017,482.404618002219,423.001894258704,12,0
"Conservancy","Conservancy_61","Otjikondavirongo","SSP585_2090","Mixed",6,6,9415,7114,151.623785469305,174.178800580906,6,0
"Conservancy","Conservancy_61","Otjikondavirongo","SSP585_2090","Omnivore",3,3,28843,13956,77.6392643374452,77.6392643374452,3,0
"Conservancy","Conservancy_62","Ombujokanguindi","SSP245_2050","Browser",7,7,-64482,-53884,-41.072160253612,-40.2064766238884,0,7
"Conservancy","Conservancy_62","Ombujokanguindi","SSP245_2050","Carnivore",4,0,,,,,0,0
"Conservancy","Conservancy_62","Ombujokanguindi","SSP245_2050","Grazer",12,12,12440,9024,222.613279377959,200.150869938825,12,0
"Conservancy","Conservancy_62","Ombujokanguindi","SSP245_2050","Mixed",6,6,8825,6649,45.6908608700445,54.6430684045487,6,0
"Conservancy","Conservancy_62","Ombujokanguindi","SSP245_2050","Omnivore",3,3,6882,3330,6.04813873923092,6.04813873923092,3,0
"Conservancy","Conservancy_62","Ombujokanguindi","SSP245_2090","Browser",7,7,-61222,-51160,-41.0285875330796,-40.1543016789695,0,7
"Conservancy","Conservancy_62","Ombujokanguindi","SSP245_2090","Carnivore",4,0,,,,,0,0
"Conservancy","Conservancy_62","Ombujokanguindi","SSP245_2090","Grazer",12,12,11767,8536,223.807843482097,200.857038996823,12,0
"Conservancy","Conservancy_62","Ombujokanguindi","SSP245_2090","Mixed",6,6,8333,6278,45.5198896909111,54.4660059001611,6,0
"Conservancy","Conservancy_62","Ombujokanguindi","SSP245_2090","Omnivore",3,3,6375,3085,5.90400417378045,5.90400417378045,3,0
"Conservancy","Conservancy_62","Ombujokanguindi","SSP585_2050","Browser",7,7,-62055,-51855,-41.0638043133303,-40.1980990720299,0,7
"Conservancy","Conservancy_62","Ombujokanguindi","SSP585_2050","Carnivore",4,0,,,,,0,0
"Conservancy","Conservancy_62","Ombujokanguindi","SSP585_2050","Grazer",12,12,11982,8692,222.741273624416,200.266490856714,12,0
"Conservancy","Conservancy_62","Ombujokanguindi","SSP585_2050","Mixed",6,6,8504,6406,45.7417115505165,54.6993177698303,6,0
"Conservancy","Conservancy_62","Ombujokanguindi","SSP585_2050","Omnivore",3,3,6660,3223,6.08070603154662,6.08070603154662,3,0
"Conservancy","Conservancy_62","Ombujokanguindi","SSP585_2090","Browser",7,7,-57806,-48306,-41.0292924499374,-40.1550347365491,0,7
"Conservancy","Conservancy_62","Ombujokanguindi","SSP585_2090","Carnivore",4,0,,,,,0,0
"Conservancy","Conservancy_62","Ombujokanguindi","SSP585_2090","Grazer",12,12,11109,8058,223.777271910342,200.830723835506,12,0
"Conservancy","Conservancy_62","Ombujokanguindi","SSP585_2090","Mixed",6,6,7866,5926,45.5108846434785,54.45592125545,6,0
"Conservancy","Conservancy_62","Ombujokanguindi","SSP585_2090","Omnivore",3,3,6014,2910,5.89884772508092,5.89884772508092,3,0
"Conservancy","Conservancy_63","Otuzemba","SSP245_2050","Browser",7,7,-51725,-43249,-45.3909571527733,-44.4897114987684,0,7
"Conservancy","Conservancy_63","Otuzemba","SSP245_2050","Carnivore",4,0,,,,,0,0
"Conservancy","Conservancy_63","Otuzemba","SSP245_2050","Grazer",12,12,8433,6129,208.45123450964,187.722180142304,12,0
"Conservancy","Conservancy_63","Otuzemba","SSP245_2050","Mixed",6,6,5486,4128,38.3816254783423,46.8193325791638,6,0
"Conservancy","Conservancy_63","Otuzemba","SSP245_2050","Omnivore",3,3,0,0,0,0,0,0
"Conservancy","Conservancy_63","Otuzemba","SSP245_2090","Browser",7,7,-49595,-41468,-45.4327058290006,-44.5312972881831,0,7
"Conservancy","Conservancy_63","Otuzemba","SSP245_2090","Carnivore",4,0,,,,,0,0
"Conservancy","Conservancy_63","Otuzemba","SSP245_2090","Grazer",12,12,8085,5876,209.593419811306,188.605755938159,12,0
"Conservancy","Conservancy_63","Otuzemba","SSP245_2090","Mixed",6,6,5260,3959,38.4732186852534,46.9323819520184,6,0
"Conservancy","Conservancy_63","Otuzemba","SSP245_2090","Omnivore",3,3,0,0,0,0,0,0
"Conservancy","Conservancy_63","Otuzemba","SSP585_2050","Browser",7,7,-49763,-41609,-45.3909130770706,-44.4896630609805,0,7
"Conservancy","Conservancy_63","Otuzemba","SSP585_2050","Carnivore",4,0,,,,,0,0
"Conservancy","Conservancy_63","Otuzemba","SSP585_2050","Grazer",12,12,8113,5896,208.443595159233,187.71642903105,12,0
"Conservancy","Conservancy_63","Otuzemba","SSP585_2050","Mixed",6,6,5278,3972,38.3811462345864,46.8187376239227,6,0
"Conservancy","Conservancy_63","Otuzemba","SSP585_2050","Omnivore",3,3,0,0,0,0,0,0
"Conservancy","Conservancy_63","Otuzemba","SSP585_2090","Browser",7,7,-46946,-39253,-45.4330434491114,-44.5316241348857,0,7
"Conservancy","Conservancy_63","Otuzemba","SSP585_2090","Carnivore",4,0,,,,,0,0
"Conservancy","Conservancy_63","Otuzemba","SSP585_2090","Grazer",12,12,7654,5562,209.589134079776,188.602791732233,12,0
"Conservancy","Conservancy_63","Otuzemba","SSP585_2090","Mixed",6,6,4979,3747,38.4731596913174,46.93230189795,6,0
"Conservancy","Conservancy_63","Otuzemba","SSP585_2090","Omnivore",3,3,0,0,0,0,0,0
"Conservancy","Conservancy_64","Etanga","SSP245_2050","Browser",7,7,-61386,-51327,-43.3679166231195,-42.5039074547272,0,7
"Conservancy","Conservancy_64","Etanga","SSP245_2050","Carnivore",4,0,,,,,0,0
"Conservancy","Conservancy_64","Etanga","SSP245_2050","Grazer",12,12,10008,7273,195.089380830998,176.291796413455,12,0
"Conservancy","Conservancy_64","Etanga","SSP245_2050","Mixed",6,6,6510,4900,36.4252709150683,44.42717316363,6,0
"Conservancy","Conservancy_64","Etanga","SSP245_2050","Omnivore",3,3,0,0,0,0,0,0
"Conservancy","Conservancy_64","Etanga","SSP245_2090","Browser",7,7,-58805,-49168,-43.5700251367816,-42.706049640907,0,7
"Conservancy","Conservancy_64","Etanga","SSP245_2090","Carnivore",4,0,,,,,0,0
"Conservancy","Conservancy_64","Etanga","SSP245_2090","Grazer",12,12,9587,6968,201.686175916248,181.385137832265,12,0
"Conservancy","Conservancy_64","Etanga","SSP245_2090","Mixed",6,6,6236,4694,36.936242793835,45.0584167099134,6,0
"Conservancy","Conservancy_64","Etanga","SSP245_2090","Omnivore",3,3,0,0,0,0,0,0
"Conservancy","Conservancy_64","Etanga","SSP585_2050","Browser",7,7,-59575,-49813,-43.3677844782986,-42.503770298409,0,7
"Conservancy","Conservancy_64","Etanga","SSP585_2050","Carnivore",4,0,,,,,0,0
"Conservancy","Conservancy_64","Etanga","SSP585_2050","Grazer",12,12,9712,7059,195.078402760685,176.283406761534,12,0
"Conservancy","Conservancy_64","Etanga","SSP585_2050","Mixed",6,6,6318,4755,36.4245234972085,44.4262467065318,6,0
"Conservancy","Conservancy_64","Etanga","SSP585_2050","Omnivore",3,3,0,0,0,0,0,0
"Conservancy","Conservancy_64","Etanga","SSP585_2090","Browser",7,7,-56615,-47338,-43.5707242159005,-42.7067269654641,0,7
"Conservancy","Conservancy_64","Etanga","SSP585_2090","Carnivore",4,0,,,,,0,0
"Conservancy","Conservancy_64","Etanga","SSP585_2090","Grazer",12,12,9230,6708,201.678011878767,181.379544789424,12,0
"Conservancy","Conservancy_64","Etanga","SSP585_2090","Mixed",6,6,6004,4519,36.9361659773086,45.0583072893822,6,0
"Conservancy","Conservancy_64","Etanga","SSP585_2090","Omnivore",3,3,0,0,0,0,0,0
"Conservancy","Conservancy_65","Eiseb","SSP245_2050","Browser",7,7,-555486,-464460,-55.0268220005442,-53.9376211358932,0,7
"Conservancy","Conservancy_65","Eiseb","SSP245_2050","Carnivore",4,0,,,,,0,0
"Conservancy","Conservancy_65","Eiseb","SSP245_2050","Grazer",12,12,90560,65817,257.58278381018,231.210150376127,12,0
"Conservancy","Conservancy_65","Eiseb","SSP245_2050","Mixed",6,6,58911,44337,46.8153804010581,57.1138725251767,6,0
"Conservancy","Conservancy_65","Eiseb","SSP245_2050","Omnivore",3,3,0,0,0,0,0,0
"Conservancy","Conservancy_65","Eiseb","SSP245_2090","Browser",7,7,-538046,-449877,-55.0398389342992,-53.9509535594795,0,7
"Conservancy","Conservancy_65","Eiseb","SSP245_2090","Carnivore",4,0,,,,,0,0
"Conservancy","Conservancy_65","Eiseb","SSP245_2090","Grazer",12,12,87717,63751,258.494872700031,231.895676268558,12,0
"Conservancy","Conservancy_65","Eiseb","SSP245_2090","Mixed",6,6,57062,42945,46.8754754439336,57.188341561019,6,0
"Conservancy","Conservancy_65","Eiseb","SSP245_2090","Omnivore",3,3,0,0,0,0,0,0
"Conservancy","Conservancy_65","Eiseb","SSP585_2050","Browser",7,7,-538245,-450044,-55.027056870813,-53.9378512543894,0,7
"Conservancy","Conservancy_65","Eiseb","SSP585_2050","Carnivore",4,0,,,,,0,0
"Conservancy","Conservancy_65","Eiseb","SSP585_2050","Grazer",12,12,87749,63774,257.583731198358,231.211024463251,12,0
"Conservancy","Conservancy_65","Eiseb","SSP585_2050","Mixed",6,6,57083,42961,46.815571443637,57.1141053869575,6,0
"Conservancy","Conservancy_65","Eiseb","SSP585_2050","Omnivore",3,3,0,0,0,0,0,0
"Conservancy","Conservancy_65","Eiseb","SSP585_2090","Browser",7,7,-504314,-421673,-55.0401273682161,-53.9512359995642,0,7
"Conservancy","Conservancy_65","Eiseb","SSP585_2090","Carnivore",4,0,,,,,0,0
"Conservancy","Conservancy_65","Eiseb","SSP585_2090","Grazer",12,12,82218,59754,258.495798745185,231.896574125904,12,0
"Conservancy","Conservancy_65","Eiseb","SSP585_2090","Mixed",6,6,53484,40252,46.8756964710107,57.1886106356505,6,0
"Conservancy","Conservancy_65","Eiseb","SSP585_2090","Omnivore",3,3,0,0,0,0,0,0
"Conservancy","Conservancy_66","Otjambangu","SSP245_2050","Browser",7,7,-22835,-19093,-43.2330525025291,-42.3699380306132,0,7
"Conservancy","Conservancy_66","Otjambangu","SSP245_2050","Carnivore",4,0,,,,,0,0
"Conservancy","Conservancy_66","Otjambangu","SSP245_2050","Grazer",12,12,3768,2738,206.270808209989,184.868325815107,12,0
"Conservancy","Conservancy_66","Otjambangu","SSP245_2050","Mixed",6,6,2468,1857,37.6277710937276,45.8335115444144,6,0
"Conservancy","Conservancy_66","Otjambangu","SSP245_2050","Omnivore",3,3,160,77,0.41885691406657,0.41885691406657,3,0
"Conservancy","Conservancy_66","Otjambangu","SSP245_2090","Browser",7,7,-21792,-18221,-43.2941229169305,-42.4355192976865,0,7
"Conservancy","Conservancy_66","Otjambangu","SSP245_2090","Carnivore",4,0,,,,,0,0
"Conservancy","Conservancy_66","Otjambangu","SSP245_2090","Grazer",12,12,3567,2592,205.005469780665,183.739425512177,12,0
"Conservancy","Conservancy_66","Otjambangu","SSP245_2090","Mixed",6,6,2326,1750,37.1734077504904,45.330504542768,6,0
"Conservancy","Conservancy_66","Otjambangu","SSP245_2090","Omnivore",3,3,51,24,0.1391775223635,0.1391775223635,3,0
"Conservancy","Conservancy_66","Otjambangu","SSP585_2050","Browser",7,7,-21956,-18358,-43.2328855361511,-42.3697744178374,0,7
"Conservancy","Conservancy_66","Otjambangu","SSP585_2050","Carnivore",4,0,,,,,0,0
"Conservancy","Conservancy_66","Otjambangu","SSP585_2050","Grazer",12,12,3623,2632,206.270019659929,184.867597049728,12,0
"Conservancy","Conservancy_66","Otjambangu","SSP585_2050","Mixed",6,6,2373,1786,37.6276316598896,45.8333437597859,6,0
"Conservancy","Conservancy_66","Otjambangu","SSP585_2050","Omnivore",3,3,154,74,0.418860459531991,0.41886045953199,3,0
"Conservancy","Conservancy_66","Otjambangu","SSP585_2090","Browser",7,7,-20412,-17067,-43.2953767204642,-42.436730277357,0,7
"Conservancy","Conservancy_66","Otjambangu","SSP585_2090","Carnivore",4,0,,,,,0,0
"Conservancy","Conservancy_66","Otjambangu","SSP585_2090","Grazer",12,12,3341,2428,205.016383743105,183.74904665111,12,0
"Conservancy","Conservancy_66","Otjambangu","SSP585_2090","Mixed",6,6,2179,1640,37.176128451796,45.3336737515789,6,0
"Conservancy","Conservancy_66","Otjambangu","SSP585_2090","Omnivore",3,3,48,23,0.140101919073573,0.14010191907358,3,0
"Conservancy","Conservancy_67","Sikunga","SSP245_2050","Browser",7,7,-958,-18,-4.05473429321106,-7.11295348108765,3,4
"Conservancy","Conservancy_67","Sikunga","SSP245_2050","Carnivore",4,0,,,,,0,0
"Conservancy","Conservancy_67","Sikunga","SSP245_2050","Grazer",12,12,-16,-3,-0.643533321427726,-0.122099261503405,3,9
"Conservancy","Conservancy_67","Sikunga","SSP245_2050","Mixed",6,6,-57,-60,-2.34690287667965,-1.3597870817356,0,6
"Conservancy","Conservancy_67","Sikunga","SSP245_2050","Omnivore",3,3,-130,-63,-0.413295749639442,-0.41329574963944,0,3
"Conservancy","Conservancy_67","Sikunga","SSP245_2090","Browser",7,7,-1046,-20,-4.67719043039444,-7.65684193242201,3,4
"Conservancy","Conservancy_67","Sikunga","SSP245_2090","Carnivore",4,0,,,,,0,0
"Conservancy","Conservancy_67","Sikunga","SSP245_2090","Grazer",12,12,8,13,0.0277316333766937,0.567440418369342,10,2
"Conservancy","Conservancy_67","Sikunga","SSP245_2090","Mixed",6,6,-39,-45,-1.85364206118797,-0.884347238707854,0,6
"Conservancy","Conservancy_67","Sikunga","SSP245_2090","Omnivore",3,3,-123,-60,-0.392499801985016,-0.392499801985013,0,3
"Conservancy","Conservancy_67","Sikunga","SSP585_2050","Browser",7,7,-967,-18,-4.05175199104245,-7.10845654289409,3,4
"Conservancy","Conservancy_67","Sikunga","SSP585_2050","Carnivore",4,0,,,,,0,0
"Conservancy","Conservancy_67","Sikunga","SSP585_2050","Grazer",12,12,-16,-3,-0.64439091222528,-0.123274995022791,3,9
"Conservancy","Conservancy_67","Sikunga","SSP585_2050","Mixed",6,6,-58,-60,-2.34648317234918,-1.35978623974904,0,6
"Conservancy","Conservancy_67","Sikunga","SSP585_2050","Omnivore",3,3,-132,-64,-0.413052145968633,-0.413052145968633,0,3
"Conservancy","Conservancy_67","Sikunga","SSP585_2090","Browser",7,7,-993,-19,-4.67482591883914,-7.65307210897769,3,4
"Conservancy","Conservancy_67","Sikunga","SSP585_2090","Carnivore",4,0,,,,,0,0
"Conservancy","Conservancy_67","Sikunga","SSP585_2090","Grazer",12,12,7,12,0.0271704551023603,0.566566591947443,10,2
"Conservancy","Conservancy_67","Sikunga","SSP585_2090","Mixed",6,6,-37,-43,-1.85303918815524,-0.884153025512563,0,6
"Conservancy","Conservancy_67","Sikunga","SSP585_2090","Omnivore",3,3,-117,-57,-0.392264351947263,-0.392264351947267,0,3
"Conservancy","Conservancy_68","Okongo","SSP245_2050","Browser",7,7,-47974,-28973,-21.5170934972705,-24.418658583447,0,7
"Conservancy","Conservancy_68","Okongo","SSP245_2050","Carnivore",4,0,,,,,0,0
"Conservancy","Conservancy_68","Okongo","SSP245_2050","Grazer",12,12,5980,4440,90.4520450172163,80.4870577431554,12,0
"Conservancy","Conservancy_68","Okongo","SSP245_2050","Mixed",6,6,3393,2374,12.8802715001828,17.1029362003909,5,1
"Conservancy","Conservancy_68","Okongo","SSP245_2050","Omnivore",3,3,-1400,-677,-0.955306026203462,-0.955306026203459,0,3
"Conservancy","Conservancy_68","Okongo","SSP245_2090","Browser",7,7,-47906,-29028,-21.9358943236721,-24.8023517804108,0,7
"Conservancy","Conservancy_68","Okongo","SSP245_2090","Carnivore",4,0,,,,,0,0
"Conservancy","Conservancy_68","Okongo","SSP245_2090","Grazer",12,12,5962,4427,91.9158571557491,81.6326471754854,12,0
"Conservancy","Conservancy_68","Okongo","SSP245_2090","Mixed",6,6,3377,2363,13.0453564504967,17.341994379041,5,1
"Conservancy","Conservancy_68","Okongo","SSP245_2090","Omnivore",3,3,-1401,-678,-0.977662146122743,-0.977662146122742,0,3
"Conservancy","Conservancy_68","Okongo","SSP585_2050","Browser",7,7,-46568,-28123,-21.5149771363557,-24.416714551981,0,7
"Conservancy","Conservancy_68","Okongo","SSP585_2050","Carnivore",4,0,,,,,0,0
"Conservancy","Conservancy_68","Okongo","SSP585_2050","Grazer",12,12,5805,4310,90.4453139841128,80.4812438438033,12,0
"Conservancy","Conservancy_68","Okongo","SSP585_2050","Mixed",6,6,3293,2304,12.8787142845745,17.1009844100206,5,1
"Conservancy","Conservancy_68","Okongo","SSP585_2050","Omnivore",3,3,-1359,-658,-0.955282129031938,-0.955282129031937,0,3
"Conservancy","Conservancy_68","Okongo","SSP585_2090","Browser",7,7,-45440,-27534,-21.9359329045825,-24.8022432442296,0,7
"Conservancy","Conservancy_68","Okongo","SSP585_2090","Carnivore",4,0,,,,,0,0
"Conservancy","Conservancy_68","Okongo","SSP585_2090","Grazer",12,12,5655,4199,91.9161834874239,81.6329615329075,12,0
"Conservancy","Conservancy_68","Okongo","SSP585_2090","Mixed",6,6,3203,2242,13.0455832171397,17.3422174923628,5,1
"Conservancy","Conservancy_68","Okongo","SSP585_2090","Omnivore",3,3,-1329,-643,-0.977625752692748,-0.977625752692747,0,3
"Conservancy","Conservancy_69","Okatjandja Kozomenje","SSP245_2050","Browser",7,7,-43756,-36586,-43.4574493597425,-42.5939656710744,0,7
"Conservancy","Conservancy_69","Okatjandja Kozomenje","SSP245_2050","Carnivore",4,0,,,,,0,0
"Conservancy","Conservancy_69","Okatjandja Kozomenje","SSP245_2050","Grazer",12,12,7141,5190,199.917204233107,180.010673336758,12,0
"Conservancy","Conservancy_69","Okatjandja Kozomenje","SSP245_2050","Mixed",6,6,4648,3498,36.8212460881101,44.9098105894764,6,0
"Conservancy","Conservancy_69","Okatjandja Kozomenje","SSP245_2050","Omnivore",3,3,27,13,0.0366899222225326,0.0366899222225332,3,0
"Conservancy","Conservancy_69","Okatjandja Kozomenje","SSP245_2090","Browser",7,7,-41785,-34938,-43.4215072263438,-42.561891544306,0,7
"Conservancy","Conservancy_69","Okatjandja Kozomenje","SSP245_2090","Carnivore",4,0,,,,,0,0
"Conservancy","Conservancy_69","Okatjandja Kozomenje","SSP245_2090","Grazer",12,12,6812,4951,203.0650571431,182.304236508294,12,0
"Conservancy","Conservancy_69","Okatjandja Kozomenje","SSP245_2090","Mixed",6,6,4431,3335,36.9307437626762,45.0545420999868,6,0
"Conservancy","Conservancy_69","Okatjandja Kozomenje","SSP245_2090","Omnivore",3,3,0,0,0,0,0,0
"Conservancy","Conservancy_69","Okatjandja Kozomenje","SSP585_2050","Browser",7,7,-42131,-35227,-43.4585168279822,-42.5950110038337,0,7
"Conservancy","Conservancy_69","Okatjandja Kozomenje","SSP585_2050","Carnivore",4,0,,,,,0,0
"Conservancy","Conservancy_69","Okatjandja Kozomenje","SSP585_2050","Grazer",12,12,6876,4997,199.921236866932,180.014447076772,12,0
"Conservancy","Conservancy_69","Okatjandja Kozomenje","SSP585_2050","Mixed",6,6,4476,3368,36.8221175735028,44.910869966706,6,0
"Conservancy","Conservancy_69","Okatjandja Kozomenje","SSP585_2050","Omnivore",3,3,26,12,0.0367038292043462,0.0367038292043468,3,0
"Conservancy","Conservancy_69","Okatjandja Kozomenje","SSP585_2090","Browser",7,7,-39731,-33220,-43.4224975904099,-42.5628632709748,0,7
"Conservancy","Conservancy_69","Okatjandja Kozomenje","SSP585_2090","Carnivore",4,0,,,,,0,0
"Conservancy","Conservancy_69","Okatjandja Kozomenje","SSP585_2090","Grazer",12,12,6477,4708,203.071119441109,182.309456315828,12,0
"Conservancy","Conservancy_69","Okatjandja Kozomenje","SSP585_2090","Mixed",6,6,4214,3171,36.9316688111551,45.0556725807514,6,0
"Conservancy","Conservancy_69","Okatjandja Kozomenje","SSP585_2090","Omnivore",3,3,0,0,0,0,0,0
"Conservancy","Conservancy_7","Bamunu","SSP245_2050","Browser",7,7,-4930,-3877,-8.46078568625333,-8.8996428546219,0,7
"Conservancy","Conservancy_7","Bamunu","SSP245_2050","Carnivore",4,0,,,,,0,0
"Conservancy","Conservancy_7","Bamunu","SSP245_2050","Grazer",12,12,762,556,11.9582835910922,13.6367244675538,12,0
"Conservancy","Conservancy_7","Bamunu","SSP245_2050","Mixed",6,6,485,361,4.74176353631604,5.64688704304908,6,0
"Conservancy","Conservancy_7","Bamunu","SSP245_2050","Omnivore",3,3,-31,-15,-0.0519441755952231,-0.0519441755952238,0,3
"Conservancy","Conservancy_7","Bamunu","SSP245_2090","Browser",7,7,-5012,-4047,-8.72440945660236,-9.07256395150659,0,7
"Conservancy","Conservancy_7","Bamunu","SSP245_2090","Carnivore",4,0,,,,,0,0
"Conservancy","Conservancy_7","Bamunu","SSP245_2090","Grazer",12,12,793,577,12.6186648355424,14.3961431578034,12,0
"Conservancy","Conservancy_7","Bamunu","SSP245_2090","Mixed",6,6,509,381,5.0834158590295,6.00925284350171,6,0
"Conservancy","Conservancy_7","Bamunu","SSP245_2090","Omnivore",3,3,-18,-9,-0.0305347211814802,-0.0305347211814809,0,3
"Conservancy","Conservancy_7","Bamunu","SSP585_2050","Browser",7,7,-5314,-3717,-8.78322696448604,-9.67145829243124,0,7
"Conservancy","Conservancy_7","Bamunu","SSP585_2050","Carnivore",4,0,,,,,0,0
"Conservancy","Conservancy_7","Bamunu","SSP585_2050","Grazer",12,12,743,546,11.6482224897796,13.3446999521549,12,0
"Conservancy","Conservancy_7","Bamunu","SSP585_2050","Mixed",6,6,450,327,4.2732935809138,5.26684007730358,5,1
"Conservancy","Conservancy_7","Bamunu","SSP585_2050","Omnivore",3,3,-93,-45,-0.153222041599124,-0.153222041599121,0,3
"Conservancy","Conservancy_7","Bamunu","SSP585_2090","Browser",7,7,-5021,-3519,-8.85396094919448,-9.73832019423844,0,7
"Conservancy","Conservancy_7","Bamunu","SSP585_2090","Carnivore",4,0,,,,,0,0
"Conservancy","Conservancy_7","Bamunu","SSP585_2090","Grazer",12,12,704,517,11.8537566234016,13.6002268068216,12,0
"Conservancy","Conservancy_7","Bamunu","SSP585_2090","Mixed",6,6,426,310,4.35531278571629,5.36175663268254,5,1
"Conservancy","Conservancy_7","Bamunu","SSP585_2090","Omnivore",3,3,-87,-42,-0.153033767239077,-0.153033767239075,0,3
"Conservancy","Conservancy_70","Otjombande","SSP245_2050","Browser",7,7,-22264,-18616,-43.7771584158599,-42.9117121209829,0,7
"Conservancy","Conservancy_70","Otjombande","SSP245_2050","Carnivore",4,0,,,,,0,0
"Conservancy","Conservancy_70","Otjombande","SSP245_2050","Grazer",12,12,3630,2638,206.53248111562,185.133386579098,12,0
"Conservancy","Conservancy_70","Otjombande","SSP245_2050","Mixed",6,6,2361,1777,37.3368572129578,45.5524328668895,6,0
"Conservancy","Conservancy_70","Otjombande","SSP245_2050","Omnivore",3,3,0,0,0,0,0,0
"Conservancy","Conservancy_70","Otjombande","SSP245_2090","Browser",7,7,-21210,-17735,-43.7753291845706,-42.909919052421,0,7
"Conservancy","Conservancy_70","Otjombande","SSP245_2090","Carnivore",4,0,,,,,0,0
"Conservancy","Conservancy_70","Otjombande","SSP245_2090","Grazer",12,12,3458,2513,206.523851143041,185.125650769016,12,0
"Conservancy","Conservancy_70","Otjombande","SSP245_2090","Mixed",6,6,2249,1693,37.3352970900551,45.5505294556468,6,0
"Conservancy","Conservancy_70","Otjombande","SSP245_2090","Omnivore",3,3,0,0,0,0,0,0
"Conservancy","Conservancy_70","Otjombande","SSP585_2050","Browser",7,7,-21407,-17899,-43.7762618638908,-42.9108332932703,0,7
"Conservancy","Conservancy_70","Otjombande","SSP585_2050","Carnivore",4,0,,,,,0,0
"Conservancy","Conservancy_70","Otjombande","SSP585_2050","Grazer",12,12,3490,2536,206.528251350388,185.129595065252,12,0
"Conservancy","Conservancy_70","Otjombande","SSP585_2050","Mixed",6,6,2270,1709,37.3360925577343,45.5514999574715,6,0
"Conservancy","Conservancy_70","Otjombande","SSP585_2050","Omnivore",3,3,0,0,0,0,0,0
"Conservancy","Conservancy_70","Otjombande","SSP585_2090","Browser",7,7,-20090,-16798,-43.7739585162534,-42.9085754813358,0,7
"Conservancy","Conservancy_70","Otjombande","SSP585_2090","Carnivore",4,0,,,,,0,0
"Conservancy","Conservancy_70","Otjombande","SSP585_2090","Grazer",12,12,3275,2380,206.51738458517,185.119854219477,12,0
"Conservancy","Conservancy_70","Otjombande","SSP585_2090","Mixed",6,6,2131,1603,37.3341280683759,45.5491032032641,6,0
"Conservancy","Conservancy_70","Otjombande","SSP585_2090","Omnivore",3,3,0,0,0,0,0,0
"Conservancy","Conservancy_71","Sobbe","SSP245_2050","Browser",7,7,-4179,-3482,-8.1052518576264,-8.3035825477161,0,7
"Conservancy","Conservancy_71","Sobbe","SSP245_2050","Carnivore",4,0,,,,,0,0
"Conservancy","Conservancy_71","Sobbe","SSP245_2050","Grazer",12,12,679,494,25.2271821311617,24.2572270037571,12,0
"Conservancy","Conservancy_71","Sobbe","SSP245_2050","Mixed",6,6,441,332,6.06232286346674,7.30621650756293,6,0
"Conservancy","Conservancy_71","Sobbe","SSP245_2050","Omnivore",3,3,-1,-1,-0.00363424525627615,-0.00363424525627895,0,3
"Conservancy","Conservancy_71","Sobbe","SSP245_2090","Browser",7,7,-4375,-3658,-8.41574466547181,-8.59574740262029,0,7
"Conservancy","Conservancy_71","Sobbe","SSP245_2090","Carnivore",4,0,,,,,0,0
"Conservancy","Conservancy_71","Sobbe","SSP245_2090","Grazer",12,12,713,518,28.5751342528782,27.1908778915611,12,0
"Conservancy","Conservancy_71","Sobbe","SSP245_2090","Mixed",6,6,464,349,6.53182056318114,7.87337431601974,6,0
"Conservancy","Conservancy_71","Sobbe","SSP245_2090","Omnivore",3,3,0,0,0,0,0,0
"Conservancy","Conservancy_71","Sobbe","SSP585_2050","Browser",7,7,-4252,-3449,-8.15211323180258,-8.45028748654436,0,7
"Conservancy","Conservancy_71","Sobbe","SSP585_2050","Carnivore",4,0,,,,,0,0
"Conservancy","Conservancy_71","Sobbe","SSP585_2050","Grazer",12,12,675,492,25.0502569659888,24.0741223466756,12,0
"Conservancy","Conservancy_71","Sobbe","SSP585_2050","Mixed",6,6,434,325,5.91975188969159,7.1785187929209,6,0
"Conservancy","Conservancy_71","Sobbe","SSP585_2050","Omnivore",3,3,-14,-7,-0.0331946746457484,-0.0331946746457489,0,3
"Conservancy","Conservancy_71","Sobbe","SSP585_2090","Browser",7,7,-4209,-3420,-8.4669069099343,-8.75686568697717,0,7
"Conservancy","Conservancy_71","Sobbe","SSP585_2090","Carnivore",4,0,,,,,0,0
"Conservancy","Conservancy_71","Sobbe","SSP585_2090","Grazer",12,12,669,487,28.3636418892942,26.971908024856,12,0
"Conservancy","Conservancy_71","Sobbe","SSP585_2090","Mixed",6,6,431,323,6.36954978304226,7.72757306853955,6,0
"Conservancy","Conservancy_71","Sobbe","SSP585_2090","Omnivore",3,3,-13,-6,-0.033187738452242,-0.0331877384522417,0,3
"Conservancy","Conservancy_72","Balyerwa","SSP245_2050","Browser",7,7,-1751,-1464,-7.77971641745801,-8.01193454880737,0,7
"Conservancy","Conservancy_72","Balyerwa","SSP245_2050","Carnivore",4,0,,,,,0,0
"Conservancy","Conservancy_72","Balyerwa","SSP245_2050","Grazer",12,12,285,207,10.854301786715,12.3459697482655,12,0
"Conservancy","Conservancy_72","Balyerwa","SSP245_2050","Mixed",6,6,186,140,4.57391917309099,5.34694265494783,6,0
"Conservancy","Conservancy_72","Balyerwa","SSP245_2050","Omnivore",3,3,0,0,0,0,0,0
"Conservancy","Conservancy_72","Balyerwa","SSP245_2090","Browser",7,7,-1759,-1471,-7.82205963133719,-8.05069354879509,0,7
"Conservancy","Conservancy_72","Balyerwa","SSP245_2090","Carnivore",4,0,,,,,0,0
"Conservancy","Conservancy_72","Balyerwa","SSP245_2090","Grazer",12,12,287,208,11.2056171173778,12.770579020876,12,0
"Conservancy","Conservancy_72","Balyerwa","SSP245_2090","Mixed",6,6,187,140,4.69095482982323,5.48194789466959,6,0
"Conservancy","Conservancy_72","Balyerwa","SSP245_2090","Omnivore",3,3,0,0,0,0,0,0
"Conservancy","Conservancy_72","Balyerwa","SSP585_2050","Browser",7,7,-1754,-1466,-7.77962737760429,-8.01183622034752,0,7
"Conservancy","Conservancy_72","Balyerwa","SSP585_2050","Carnivore",4,0,,,,,0,0
"Conservancy","Conservancy_72","Balyerwa","SSP585_2050","Grazer",12,12,286,208,10.8547601776108,12.3464919349105,12,0
"Conservancy","Conservancy_72","Balyerwa","SSP585_2050","Mixed",6,6,186,140,4.57399183924769,5.34703921789339,6,0
"Conservancy","Conservancy_72","Balyerwa","SSP585_2050","Omnivore",3,3,0,0,0,0,0,0
"Conservancy","Conservancy_72","Balyerwa","SSP585_2090","Browser",7,7,-1666,-1393,-7.82212917171758,-8.05070334131226,0,7
"Conservancy","Conservancy_72","Balyerwa","SSP585_2090","Carnivore",4,0,,,,,0,0
"Conservancy","Conservancy_72","Balyerwa","SSP585_2090","Grazer",12,12,272,197,11.2063741057228,12.771436068435,12,0
"Conservancy","Conservancy_72","Balyerwa","SSP585_2090","Mixed",6,6,177,133,4.69109631712349,5.48214473150402,6,0
"Conservancy","Conservancy_72","Balyerwa","SSP585_2090","Omnivore",3,3,0,0,0,0,0,0
"Conservancy","Conservancy_73","Wuparo","SSP245_2050","Browser",7,7,-1558,-1303,-8.0390697657629,-8.08651183805461,0,7
"Conservancy","Conservancy_73","Wuparo","SSP245_2050","Carnivore",4,0,,,,,0,0
"Conservancy","Conservancy_73","Wuparo","SSP245_2050","Grazer",12,12,254,185,10.3481026807555,11.0034864072908,12,0
"Conservancy","Conservancy_73","Wuparo","SSP245_2050","Mixed",6,6,165,124,3.9486531174819,4.73125793171377,6,0
"Conservancy","Conservancy_73","Wuparo","SSP245_2050","Omnivore",3,3,0,0,0,0,0,0
"Conservancy","Conservancy_73","Wuparo","SSP245_2090","Browser",7,7,-1513,-1265,-7.86929924931978,-7.86106699998778,0,7
"Conservancy","Conservancy_73","Wuparo","SSP245_2090","Carnivore",4,0,,,,,0,0
"Conservancy","Conservancy_73","Wuparo","SSP245_2090","Grazer",12,12,247,179,10.1338372816393,10.7181095114414,12,0
"Conservancy","Conservancy_73","Wuparo","SSP245_2090","Mixed",6,6,160,121,3.83690094379822,4.60312335504439,6,0
"Conservancy","Conservancy_73","Wuparo","SSP245_2090","Omnivore",3,3,0,0,0,0,0,0
"Conservancy","Conservancy_73","Wuparo","SSP585_2050","Browser",7,7,-1560,-1305,-8.03861398182099,-8.08602311928181,0,7
"Conservancy","Conservancy_73","Wuparo","SSP585_2050","Carnivore",4,0,,,,,0,0
"Conservancy","Conservancy_73","Wuparo","SSP585_2050","Grazer",12,12,254,185,10.3489560119135,11.0043774240444,12,0
"Conservancy","Conservancy_73","Wuparo","SSP585_2050","Mixed",6,6,165,125,3.94877539274224,4.73141340406452,6,0
"Conservancy","Conservancy_73","Wuparo","SSP585_2050","Omnivore",3,3,0,0,0,0,0,0
"Conservancy","Conservancy_73","Wuparo","SSP585_2090","Browser",7,7,-1433,-1198,-7.87001941547783,-7.86175332850509,0,7
"Conservancy","Conservancy_73","Wuparo","SSP585_2090","Carnivore",4,0,,,,,0,0
"Conservancy","Conservancy_73","Wuparo","SSP585_2090","Grazer",12,12,234,170,10.1352763042544,10.7195449452277,12,0
"Conservancy","Conservancy_73","Wuparo","SSP585_2090","Mixed",6,6,152,114,3.83733916659433,4.60365653837147,6,0
"Conservancy","Conservancy_73","Wuparo","SSP585_2090","Omnivore",3,3,0,0,0,0,0,0
"Conservancy","Conservancy_74","Dzoti","SSP245_2050","Browser",7,7,-3164,-2645,-9.90640620419094,-9.91812135583206,0,7
"Conservancy","Conservancy_74","Dzoti","SSP245_2050","Carnivore",4,0,,,,,0,0
"Conservancy","Conservancy_74","Dzoti","SSP245_2050","Grazer",12,12,516,375,15.5673036039205,16.9610453029163,12,0
"Conservancy","Conservancy_74","Dzoti","SSP245_2050","Mixed",6,6,336,253,5.6770952359779,6.79327004013532,6,0
"Conservancy","Conservancy_74","Dzoti","SSP245_2050","Omnivore",3,3,0,0,0,0,0,0
"Conservancy","Conservancy_74","Dzoti","SSP245_2090","Browser",7,7,-3185,-2663,-9.98102820112297,-10.0270795945827,0,7
"Conservancy","Conservancy_74","Dzoti","SSP245_2090","Carnivore",4,0,,,,,0,0
"Conservancy","Conservancy_74","Dzoti","SSP245_2090","Grazer",12,12,519,377,16.0245019170579,17.4830608655981,12,0
"Conservancy","Conservancy_74","Dzoti","SSP245_2090","Mixed",6,6,338,254,5.79674471658631,6.94040005952438,6,0
"Conservancy","Conservancy_74","Dzoti","SSP245_2090","Omnivore",3,3,0,0,0,0,0,0
"Conservancy","Conservancy_74","Dzoti","SSP585_2050","Browser",7,7,-3169,-2650,-9.90719966854899,-9.91903384169396,0,7
"Conservancy","Conservancy_74","Dzoti","SSP585_2050","Carnivore",4,0,,,,,0,0
"Conservancy","Conservancy_74","Dzoti","SSP585_2050","Grazer",12,12,517,376,15.5721267024747,16.9660269940551,12,0
"Conservancy","Conservancy_74","Dzoti","SSP585_2050","Mixed",6,6,336,253,5.6781848246498,6.79461763326555,6,0
"Conservancy","Conservancy_74","Dzoti","SSP585_2050","Omnivore",3,3,0,0,0,0,0,0
"Conservancy","Conservancy_74","Dzoti","SSP585_2090","Browser",7,7,-3016,-2521,-9.9809548852538,-10.0270606381713,0,7
"Conservancy","Conservancy_74","Dzoti","SSP585_2090","Carnivore",4,0,,,,,0,0
"Conservancy","Conservancy_74","Dzoti","SSP585_2090","Grazer",12,12,492,357,16.0260503508427,17.4846093036623,12,0
"Conservancy","Conservancy_74","Dzoti","SSP585_2090","Mixed",6,6,320,241,5.79698649587008,6.94071068553142,6,0
"Conservancy","Conservancy_74","Dzoti","SSP585_2090","Omnivore",3,3,0,0,0,0,0,0
"Conservancy","Conservancy_75","Huibes","SSP245_2050","Browser",7,7,-26304,-21992,-17.6611486398224,-17.1868274636416,0,7
"Conservancy","Conservancy_75","Huibes","SSP245_2050","Carnivore",4,0,,,,,0,0
"Conservancy","Conservancy_75","Huibes","SSP245_2050","Grazer",12,12,4347,3159,27.160963149167,26.6768653752632,12,0
"Conservancy","Conservancy_75","Huibes","SSP245_2050","Mixed",6,6,2850,2145,9.06230721473518,10.9339467758542,6,0
"Conservancy","Conservancy_75","Huibes","SSP245_2050","Omnivore",3,3,211,102,0.144971495826763,0.144971495826762,3,0
"Conservancy","Conservancy_75","Huibes","SSP245_2090","Browser",7,7,-25510,-21329,-17.600451774958,-17.1294504410713,0,7
"Conservancy","Conservancy_75","Huibes","SSP245_2090","Carnivore",4,0,,,,,0,0
"Conservancy","Conservancy_75","Huibes","SSP245_2090","Grazer",12,12,4202,3053,27.3032002476823,26.806953145106,12,0
"Conservancy","Conservancy_75","Huibes","SSP245_2090","Mixed",6,6,2750,2070,9.04436477391407,10.920082081443,6,0
"Conservancy","Conservancy_75","Huibes","SSP245_2090","Omnivore",3,3,153,74,0.108858738449129,0.108858738449124,3,0
"Conservancy","Conservancy_75","Huibes","SSP585_2050","Browser",7,7,-25400,-21237,-17.6546215067706,-17.1801976635794,0,7
"Conservancy","Conservancy_75","Huibes","SSP585_2050","Carnivore",4,0,,,,,0,0
"Conservancy","Conservancy_75","Huibes","SSP585_2050","Grazer",12,12,4198,3051,27.1117454162447,26.6296458880257,12,0
"Conservancy","Conservancy_75","Huibes","SSP585_2050","Mixed",6,6,2753,2072,9.05161088951679,10.9207538576338,6,0
"Conservancy","Conservancy_75","Huibes","SSP585_2050","Omnivore",3,3,205,99,0.145599165689005,0.145599165689013,3,0
"Conservancy","Conservancy_75","Huibes","SSP585_2090","Browser",7,7,-22938,-19178,-17.5876582197602,-17.1163917560621,0,7
"Conservancy","Conservancy_75","Huibes","SSP585_2090","Carnivore",4,0,,,,,0,0
"Conservancy","Conservancy_75","Huibes","SSP585_2090","Grazer",12,12,3778,2746,27.1970337945074,26.7051650613993,12,0
"Conservancy","Conservancy_75","Huibes","SSP585_2090","Mixed",6,6,2473,1861,9.02109969491781,10.8915043764974,6,0
"Conservancy","Conservancy_75","Huibes","SSP585_2090","Omnivore",3,3,139,67,0.109601821691077,0.109601821691078,3,0
"Conservancy","Conservancy_76","Kabulabula","SSP245_2050","Browser",7,7,78,53,2.43870075566531,1.9724196251152,7,0
"Conservancy","Conservancy_76","Kabulabula","SSP245_2050","Carnivore",4,0,,,,,0,0
"Conservancy","Conservancy_76","Kabulabula","SSP245_2050","Grazer",12,12,-28,-20,-2.45472828655324,-2.31451226734506,0,12
"Conservancy","Conservancy_76","Kabulabula","SSP245_2050","Mixed",6,6,-22,-18,-2.34844388827247,-1.94238050340436,0,6
"Conservancy","Conservancy_76","Kabulabula","SSP245_2050","Omnivore",3,3,-11,-6,-0.116036587670319,-0.116036587670319,0,3
"Conservancy","Conservancy_76","Kabulabula","SSP245_2090","Browser",7,7,46,31,1.44732795532296,1.18114720881358,7,0
"Conservancy","Conservancy_76","Kabulabula","SSP245_2090","Carnivore",4,0,,,,,0,0
"Conservancy","Conservancy_76","Kabulabula","SSP245_2090","Grazer",12,12,-16,-12,-1.48832903816995,-1.38880440206489,0,12
"Conservancy","Conservancy_76","Kabulabula","SSP245_2090","Mixed",6,6,-13,-11,-1.43383611552766,-1.17016785099731,0,6
"Conservancy","Conservancy_76","Kabulabula","SSP245_2090","Omnivore",3,3,-7,-3,-0.0689518025600355,-0.0689518025600358,0,3
"Conservancy","Conservancy_76","Kabulabula","SSP585_2050","Browser",7,7,79,53,2.43887591923897,1.97255156389628,7,0
"Conservancy","Conservancy_76","Kabulabula","SSP585_2050","Carnivore",4,0,,,,,0,0
"Conservancy","Conservancy_76","Kabulabula","SSP585_2050","Grazer",12,12,-28,-20,-2.45487625842747,-2.31466453829746,0,12
"Conservancy","Conservancy_76","Kabulabula","SSP585_2050","Mixed",6,6,-23,-18,-2.34857670361238,-1.94250407541102,0,6
"Conservancy","Conservancy_76","Kabulabula","SSP585_2050","Omnivore",3,3,-12,-6,-0.116044841153758,-0.116044841153757,0,3
"Conservancy","Conservancy_76","Kabulabula","SSP585_2090","Browser",7,7,44,29,1.44689177888753,1.18079711325109,7,0
"Conservancy","Conservancy_76","Kabulabula","SSP585_2090","Carnivore",4,0,,,,,0,0
"Conservancy","Conservancy_76","Kabulabula","SSP585_2090","Grazer",12,12,-16,-11,-1.48789844790951,-1.38839431956341,0,12
"Conservancy","Conservancy_76","Kabulabula","SSP585_2090","Mixed",6,6,-13,-10,-1.43342697150726,-1.16982493678284,0,6
"Conservancy","Conservancy_76","Kabulabula","SSP585_2090","Omnivore",3,3,-6,-3,-0.0689310696139664,-0.0689310696139669,0,3
"Conservancy","Conservancy_77","Okongoro","SSP245_2050","Browser",7,7,-63077,-52741,-43.1865323025876,-42.3182364137135,0,7
"Conservancy","Conservancy_77","Okongoro","SSP245_2050","Carnivore",4,0,,,,,0,0
"Conservancy","Conservancy_77","Okongoro","SSP245_2050","Grazer",12,12,10283,7474,181.929445888063,166.08277022043,12,0
"Conservancy","Conservancy_77","Okongoro","SSP245_2050","Mixed",6,6,6690,5035,35.4792888507783,43.2547146450149,6,0
"Conservancy","Conservancy_77","Okongoro","SSP245_2050","Omnivore",3,3,0,0,0,0,0,0
"Conservancy","Conservancy_77","Okongoro","SSP245_2090","Browser",7,7,-60892,-50914,-43.2693227140244,-42.4013608946366,0,7
"Conservancy","Conservancy_77","Okongoro","SSP245_2090","Carnivore",4,0,,,,,0,0
"Conservancy","Conservancy_77","Okongoro","SSP245_2090","Grazer",12,12,9927,7215,186.948158408941,170.015849811469,12,0
"Conservancy","Conservancy_77","Okongoro","SSP245_2090","Mixed",6,6,6458,4860,35.856459759125,43.7221937920105,6,0
"Conservancy","Conservancy_77","Okongoro","SSP245_2090","Omnivore",3,3,0,0,0,0,0,0
"Conservancy","Conservancy_77","Okongoro","SSP585_2050","Browser",7,7,-60748,-50794,-43.1864382194055,-42.3181418850869,0,7
"Conservancy","Conservancy_77","Okongoro","SSP585_2050","Carnivore",4,0,,,,,0,0
"Conservancy","Conservancy_77","Okongoro","SSP585_2050","Grazer",12,12,9904,7198,181.925599286561,166.079722323849,12,0
"Conservancy","Conservancy_77","Okongoro","SSP585_2050","Mixed",6,6,6443,4849,35.4789788759481,43.2543312372577,6,0
"Conservancy","Conservancy_77","Okongoro","SSP585_2050","Omnivore",3,3,0,0,0,0,0,0
"Conservancy","Conservancy_77","Okongoro","SSP585_2090","Browser",7,7,-57859,-48378,-43.2696618102427,-42.4016873788709,0,7
"Conservancy","Conservancy_77","Okongoro","SSP585_2090","Carnivore",4,0,,,,,0,0
"Conservancy","Conservancy_77","Okongoro","SSP585_2090","Grazer",12,12,9433,6855,186.942384387319,170.011606412339,12,0
"Conservancy","Conservancy_77","Okongoro","SSP585_2090","Mixed",6,6,6136,4618,35.8562699801047,43.7219514959053,6,0
"Conservancy","Conservancy_77","Okongoro","SSP585_2090","Omnivore",3,3,0,0,0,0,0,0
"Conservancy","Conservancy_78","Lusese","SSP245_2050","Browser",7,7,-1433,-428,-8.2895864396537,-11.5061040247085,0,7
"Conservancy","Conservancy_78","Lusese","SSP245_2050","Carnivore",4,0,,,,,0,0
"Conservancy","Conservancy_78","Lusese","SSP245_2050","Grazer",12,12,103,82,4.12113652221195,5.01783976580223,12,0
"Conservancy","Conservancy_78","Lusese","SSP245_2050","Mixed",6,6,32,24,0.322117167281412,1.43363998529901,4,2
"Conservancy","Conservancy_78","Lusese","SSP245_2050","Omnivore",3,3,-99,-48,-0.433856527200731,-0.433856527200732,0,3
"Conservancy","Conservancy_78","Lusese","SSP245_2090","Browser",7,7,-1419,-440,-8.25570657292616,-11.3979484917405,0,7
"Conservancy","Conservancy_78","Lusese","SSP245_2090","Carnivore",4,0,,,,,0,0
"Conservancy","Conservancy_78","Lusese","SSP245_2090","Grazer",12,12,105,83,4.26719376644253,5.16246138479098,12,0
"Conservancy","Conservancy_78","Lusese","SSP245_2090","Mixed",6,6,34,25,0.434585239192227,1.53283819626885,4,2
"Conservancy","Conservancy_78","Lusese","SSP245_2090","Omnivore",3,3,-96,-46,-0.42362462149799,-0.42362462149799,0,3
"Conservancy","Conservancy_78","Lusese","SSP585_2050","Browser",7,7,-1446,-432,-8.28824011536401,-11.5040185319084,0,7
"Conservancy","Conservancy_78","Lusese","SSP585_2050","Carnivore",4,0,,,,,0,0
"Conservancy","Conservancy_78","Lusese","SSP585_2050","Grazer",12,12,104,82,4.11974465997069,5.01600545278787,12,0
"Conservancy","Conservancy_78","Lusese","SSP585_2050","Mixed",6,6,32,24,0.322236665059577,1.43340541961569,4,2
"Conservancy","Conservancy_78","Lusese","SSP585_2050","Omnivore",3,3,-99,-48,-0.433681350773326,-0.433681350773325,0,3
"Conservancy","Conservancy_78","Lusese","SSP585_2090","Browser",7,7,-1347,-418,-8.25323051151716,-11.3945104833175,0,7
"Conservancy","Conservancy_78","Lusese","SSP585_2090","Carnivore",4,0,,,,,0,0
"Conservancy","Conservancy_78","Lusese","SSP585_2090","Grazer",12,12,100,78,4.26445863945328,5.1590848557533,12,0
"Conservancy","Conservancy_78","Lusese","SSP585_2090","Mixed",6,6,32,24,0.434207192149527,1.53198203451413,4,2
"Conservancy","Conservancy_78","Lusese","SSP585_2090","Omnivore",3,3,-91,-44,-0.423406209781308,-0.423406209781304,0,3
"Conservancy","Conservancy_79","Nakabolelwa","SSP245_2050","Browser",7,7,-17,-1,0.239431509050758,-0.784539557785246,3,4
"Conservancy","Conservancy_79","Nakabolelwa","SSP245_2050","Carnivore",4,0,,,,,0,0
"Conservancy","Conservancy_79","Nakabolelwa","SSP245_2050","Grazer",12,12,-21,-14,-1.5320440044132,-1.35564625677082,0,12
"Conservancy","Conservancy_79","Nakabolelwa","SSP245_2050","Mixed",6,6,-21,-18,-1.80014682134454,-1.36105998956214,0,6
"Conservancy","Conservancy_79","Nakabolelwa","SSP245_2050","Omnivore",3,3,-18,-9,-0.144857780645187,-0.144857780645184,0,3
"Conservancy","Conservancy_79","Nakabolelwa","SSP245_2090","Browser",7,7,-58,-1,-0.705816862292041,-1.49265952781059,3,4
"Conservancy","Conservancy_79","Nakabolelwa","SSP245_2090","Carnivore",4,0,,,,,0,0
"Conservancy","Conservancy_79","Nakabolelwa","SSP245_2090","Grazer",12,12,-7,-4,-0.538383460750254,-0.399456070115047,0,12
"Conservancy","Conservancy_79","Nakabolelwa","SSP245_2090","Mixed",6,6,-9,-8,-0.895757789108034,-0.5832289404454,0,6
"Conservancy","Conservancy_79","Nakabolelwa","SSP245_2090","Omnivore",3,3,-12,-6,-0.0976800631166823,-0.0976800631166818,0,3
"Conservancy","Conservancy_79","Nakabolelwa","SSP585_2050","Browser",7,7,-18,-1,0.239737155595151,-0.784397917727014,3,4
"Conservancy","Conservancy_79","Nakabolelwa","SSP585_2050","Carnivore",4,0,,,,,0,0
"Conservancy","Conservancy_79","Nakabolelwa","SSP585_2050","Grazer",12,12,-22,-14,-1.53251723791025,-1.3560792751334,0,12
"Conservancy","Conservancy_79","Nakabolelwa","SSP585_2050","Mixed",6,6,-21,-18,-1.80062473801957,-1.36143970986041,0,6
"Conservancy","Conservancy_79","Nakabolelwa","SSP585_2050","Omnivore",3,3,-19,-9,-0.144886071524588,-0.144886071524592,0,3
"Conservancy","Conservancy_79","Nakabolelwa","SSP585_2090","Browser",7,7,-55,-1,-0.70556831148371,-1.49186530475406,3,4
"Conservancy","Conservancy_79","Nakabolelwa","SSP585_2090","Carnivore",4,0,,,,,0,0
"Conservancy","Conservancy_79","Nakabolelwa","SSP585_2090","Grazer",12,12,-7,-4,-0.537861955065749,-0.399024684510066,0,12
"Conservancy","Conservancy_79","Nakabolelwa","SSP585_2090","Mixed",6,6,-8,-8,-0.895037835154783,-0.582713944285131,0,6
"Conservancy","Conservancy_79","Nakabolelwa","SSP585_2090","Omnivore",3,3,-12,-6,-0.0976069418776627,-0.0976069418776661,0,3
"Conservancy","Conservancy_8","Mashi","SSP245_2050","Browser",7,7,-4000,-3344,-7.02790818699157,-7.43175009349963,0,7
"Conservancy","Conservancy_8","Mashi","SSP245_2050","Carnivore",4,0,,,,,0,0
"Conservancy","Conservancy_8","Mashi","SSP245_2050","Grazer",12,12,652,474,23.0259472450973,24.0965389415882,12,0
"Conservancy","Conservancy_8","Mashi","SSP245_2050","Mixed",6,6,424,319,5.78990390383851,6.87890708670148,6,0
"Conservancy","Conservancy_8","Mashi","SSP245_2050","Omnivore",3,3,0,0,0,0,0,0
"Conservancy","Conservancy_8","Mashi","SSP245_2090","Browser",7,7,-4305,-3600,-7.5383366526867,-7.95360024152547,0,7
"Conservancy","Conservancy_8","Mashi","SSP245_2090","Carnivore",4,0,,,,,0,0
"Conservancy","Conservancy_8","Mashi","SSP245_2090","Grazer",12,12,702,510,26.1361423256303,27.3574086016067,12,0
"Conservancy","Conservancy_8","Mashi","SSP245_2090","Mixed",6,6,457,344,6.36036536092223,7.56285792974708,6,0
"Conservancy","Conservancy_8","Mashi","SSP245_2090","Omnivore",3,3,0,0,0,0,0,0
"Conservancy","Conservancy_8","Mashi","SSP585_2050","Browser",7,7,-4168,-3189,-7.1316997525222,-7.81197761409076,0,7
"Conservancy","Conservancy_8","Mashi","SSP585_2050","Carnivore",4,0,,,,,0,0
"Conservancy","Conservancy_8","Mashi","SSP585_2050","Grazer",12,12,629,460,22.3140255290256,23.3466802867167,12,0
"Conservancy","Conservancy_8","Mashi","SSP585_2050","Mixed",6,6,396,293,5.30755166843065,6.44339567824992,6,0
"Conservancy","Conservancy_8","Mashi","SSP585_2050","Omnivore",3,3,-38,-18,-0.0829936612770743,-0.0829936612770743,0,3
"Conservancy","Conservancy_8","Mashi","SSP585_2090","Browser",7,7,-4253,-3279,-7.68541651488332,-8.37596380922158,0,7
"Conservancy","Conservancy_8","Mashi","SSP585_2090","Carnivore",4,0,,,,,0,0
"Conservancy","Conservancy_8","Mashi","SSP585_2090","Grazer",12,12,647,472,25.5536537546312,26.7417978031738,12,0
"Conservancy","Conservancy_8","Mashi","SSP585_2090","Mixed",6,6,408,302,5.91324929175595,7.16931876002278,6,0
"Conservancy","Conservancy_8","Mashi","SSP585_2090","Omnivore",3,3,-35,-17,-0.0828970425693062,-0.0828970425693057,0,3
"Conservancy","Conservancy_80","Ohungu","SSP245_2050","Browser",7,7,-15020,-12513,-16.4945537117684,-16.3031298590713,0,7
"Conservancy","Conservancy_80","Ohungu","SSP245_2050","Carnivore",4,0,,,,,0,0
"Conservancy","Conservancy_80","Ohungu","SSP245_2050","Grazer",12,12,5229,3775,42.85587838791,42.4613383401555,12,0
"Conservancy","Conservancy_80","Ohungu","SSP245_2050","Mixed",6,6,4458,3365,21.7090950058191,24.379251817139,6,0
"Conservancy","Conservancy_80","Ohungu","SSP245_2050","Omnivore",3,3,9926,4803,10.2561683973611,10.2561683973611,3,0
"Conservancy","Conservancy_80","Ohungu","SSP245_2090","Browser",7,7,-14615,-12177,-16.5755907525939,-16.3676162346016,0,7
"Conservancy","Conservancy_80","Ohungu","SSP245_2090","Carnivore",4,0,,,,,0,0
"Conservancy","Conservancy_80","Ohungu","SSP245_2090","Grazer",12,12,4984,3599,42.4444538111997,42.0457804669315,12,0
"Conservancy","Conservancy_80","Ohungu","SSP245_2090","Mixed",6,6,4231,3193,21.3387642955527,23.9885520724345,6,0
"Conservancy","Conservancy_80","Ohungu","SSP245_2090","Omnivore",3,3,9287,4494,9.93557537004919,9.93557537004919,3,0
"Conservancy","Conservancy_80","Ohungu","SSP585_2050","Browser",7,7,-14523,-12098,-16.4782940900732,-16.2886875893985,0,7
"Conservancy","Conservancy_80","Ohungu","SSP585_2050","Carnivore",4,0,,,,,0,0
"Conservancy","Conservancy_80","Ohungu","SSP585_2050","Grazer",12,12,5065,3657,42.848816788382,42.4554449403483,12,0
"Conservancy","Conservancy_80","Ohungu","SSP585_2050","Mixed",6,6,4320,3261,21.7234085642883,24.3927580428776,6,0
"Conservancy","Conservancy_80","Ohungu","SSP585_2050","Omnivore",3,3,9630,4660,10.2768494586582,10.2768494586582,3,0
"Conservancy","Conservancy_80","Ohungu","SSP585_2090","Browser",7,7,-13465,-11219,-16.5747495708125,-16.3672123545025,0,7
"Conservancy","Conservancy_80","Ohungu","SSP585_2090","Carnivore",4,0,,,,,0,0
"Conservancy","Conservancy_80","Ohungu","SSP585_2090","Grazer",12,12,4595,3318,42.4800855105994,42.0809932737354,12,0
"Conservancy","Conservancy_80","Ohungu","SSP585_2090","Mixed",6,6,3901,2944,21.3590422940406,24.0107725092618,6,0
"Conservancy","Conservancy_80","Ohungu","SSP585_2090","Omnivore",3,3,8567,4145,9.94906812236739,9.94906812236739,3,0
"Conservancy","Conservancy_81","Maurus Nekaro","SSP245_2050","Browser",7,7,-22704,-9228,-11.8112650586117,-15.1144497074858,0,7
"Conservancy","Conservancy_81","Maurus Nekaro","SSP245_2050","Carnivore",4,0,,,,,0,0
"Conservancy","Conservancy_81","Maurus Nekaro","SSP245_2050","Grazer",12,12,2447,1852,41.8676101931553,37.8601436528692,12,0
"Conservancy","Conservancy_81","Maurus Nekaro","SSP245_2050","Mixed",6,6,1279,865,5.55986233114187,8.02949036244257,5,1
"Conservancy","Conservancy_81","Maurus Nekaro","SSP245_2050","Omnivore",3,3,-1080,-523,-0.892894162847921,-0.89289416284792,0,3
"Conservancy","Conservancy_81","Maurus Nekaro","SSP245_2090","Browser",7,7,-23410,-9392,-12.26065356674,-15.691553620767,0,7
"Conservancy","Conservancy_81","Maurus Nekaro","SSP245_2090","Carnivore",4,0,,,,,0,0
"Conservancy","Conservancy_81","Maurus Nekaro","SSP245_2090","Grazer",12,12,2441,1853,42.4489645144094,38.1333785160363,12,0
"Conservancy","Conservancy_81","Maurus Nekaro","SSP245_2090","Mixed",6,6,1238,841,5.33658693955321,7.87874967539952,5,1
"Conservancy","Conservancy_81","Maurus Nekaro","SSP245_2090","Omnivore",3,3,-1179,-571,-0.99179855367929,-0.99179855367929,0,3
"Conservancy","Conservancy_81","Maurus Nekaro","SSP585_2050","Browser",7,7,-26094,-5793,-12.6097486425322,-18.1788012173631,0,7
"Conservancy","Conservancy_81","Maurus Nekaro","SSP585_2050","Carnivore",4,0,,,,,0,0
"Conservancy","Conservancy_81","Maurus Nekaro","SSP585_2050","Grazer",12,12,1930,1530,36.0899663291099,31.9216311911598,12,0
"Conservancy","Conservancy_81","Maurus Nekaro","SSP585_2050","Mixed",6,6,651,492,1.9101726326902,4.66624170912233,4,2
"Conservancy","Conservancy_81","Maurus Nekaro","SSP585_2050","Omnivore",3,3,-1887,-913,-1.59235173373222,-1.59235173373222,0,3
"Conservancy","Conservancy_81","Maurus Nekaro","SSP585_2090","Browser",7,7,-25318,-5563,-12.7340578613118,-18.3560137098332,0,7
"Conservancy","Conservancy_81","Maurus Nekaro","SSP585_2090","Carnivore",4,0,,,,,0,0
"Conservancy","Conservancy_81","Maurus Nekaro","SSP585_2090","Grazer",12,12,1814,1444,35.7259106437008,31.3550456916966,12,0
"Conservancy","Conservancy_81","Maurus Nekaro","SSP585_2090","Mixed",6,6,574,441,1.60251712961648,4.3618821024079,4,2
"Conservancy","Conservancy_81","Maurus Nekaro","SSP585_2090","Omnivore",3,3,-1884,-912,-1.67289243801929,-1.67289243801929,0,3
"Conservancy","Conservancy_82","Kapinga kaMwalye","SSP245_2050","Browser",7,7,-19701,-16250,-10.3082088848635,-10.2626065654684,0,7
"Conservancy","Conservancy_82","Kapinga kaMwalye","SSP245_2050","Carnivore",4,0,,,,,0,0
"Conservancy","Conservancy_82","Kapinga kaMwalye","SSP245_2050","Grazer",12,12,3271,2377,48.4445725769431,43.7869217292333,12,0
"Conservancy","Conservancy_82","Kapinga kaMwalye","SSP245_2050","Mixed",6,6,2151,1617,9.08016590702669,11.0278560760229,6,0
"Conservancy","Conservancy_82","Kapinga kaMwalye","SSP245_2050","Omnivore",3,3,26,13,0.0189898635404863,0.0189898635404887,3,0
"Conservancy","Conservancy_82","Kapinga kaMwalye","SSP245_2090","Browser",7,7,-19474,-16310,-10.388732755369,-10.2182510896525,0,7
"Conservancy","Conservancy_82","Kapinga kaMwalye","SSP245_2090","Carnivore",4,0,,,,,0,0
"Conservancy","Conservancy_82","Kapinga kaMwalye","SSP245_2090","Grazer",12,12,3268,2373,49.4683405934298,44.6177943946433,12,0
"Conservancy","Conservancy_82","Kapinga kaMwalye","SSP245_2090","Mixed",6,6,2158,1626,9.2701303339779,11.2351812699737,6,0
"Conservancy","Conservancy_82","Kapinga kaMwalye","SSP245_2090","Omnivore",3,3,54,26,0.0393151160761301,0.0393151160761307,3,0
"Conservancy","Conservancy_82","Kapinga kaMwalye","SSP585_2050","Browser",7,7,-23213,-12798,-10.9657425553189,-12.7572043067861,0,7
"Conservancy","Conservancy_82","Kapinga kaMwalye","SSP585_2050","Carnivore",4,0,,,,,0,0
"Conservancy","Conservancy_82","Kapinga kaMwalye","SSP585_2050","Grazer",12,12,2760,2060,43.4284219143148,38.6278431554512,12,0
"Conservancy","Conservancy_82","Kapinga kaMwalye","SSP585_2050","Mixed",6,6,1524,1042,6.02881195658462,8.20477014771308,5,1
"Conservancy","Conservancy_82","Kapinga kaMwalye","SSP585_2050","Omnivore",3,3,-792,-383,-0.578243573833246,-0.578243573833247,0,3
"Conservancy","Conservancy_82","Kapinga kaMwalye","SSP585_2090","Browser",7,7,-22303,-12327,-11.1212950476356,-12.9098680848527,0,7
"Conservancy","Conservancy_82","Kapinga kaMwalye","SSP585_2090","Carnivore",4,0,,,,,0,0
"Conservancy","Conservancy_82","Kapinga kaMwalye","SSP585_2090","Grazer",12,12,2649,1977,44.4039867570087,39.3814422836886,12,0
"Conservancy","Conservancy_82","Kapinga kaMwalye","SSP585_2090","Mixed",6,6,1461,999,6.10968890882483,8.32046259807672,5,1
"Conservancy","Conservancy_82","Kapinga kaMwalye","SSP585_2090","Omnivore",3,3,-762,-368,-0.588886815432645,-0.588886815432645,0,3
"Conservancy","Conservancy_83","Otjindjerese","SSP245_2050","Browser",7,7,-49127,-41075,-44.5191579936425,-43.6351527610075,0,7
"Conservancy","Conservancy_83","Otjindjerese","SSP245_2050","Carnivore",4,0,,,,,0,0
"Conservancy","Conservancy_83","Otjindjerese","SSP245_2050","Grazer",12,12,8084,5875,195.907711117663,177.917425753835,12,0
"Conservancy","Conservancy_83","Otjindjerese","SSP245_2050","Mixed",6,6,5288,3980,37.6066248692363,45.7938115731235,6,0
"Conservancy","Conservancy_83","Otjindjerese","SSP245_2050","Omnivore",3,3,268,130,0.331417757387637,0.331417757387635,3,0
"Conservancy","Conservancy_83","Otjindjerese","SSP245_2090","Browser",7,7,-47630,-39824,-44.7292635500205,-43.8447964182085,0,7
"Conservancy","Conservancy_83","Otjindjerese","SSP245_2090","Carnivore",4,0,,,,,0,0
"Conservancy","Conservancy_83","Otjindjerese","SSP245_2090","Grazer",12,12,7837,5695,202.616617869122,183.158954336385,12,0
"Conservancy","Conservancy_83","Otjindjerese","SSP245_2090","Mixed",6,6,5125,3858,38.1419044956118,46.45620886451,6,0
"Conservancy","Conservancy_83","Otjindjerese","SSP245_2090","Omnivore",3,3,256,124,0.32962198881488,0.329621988814883,3,0
"Conservancy","Conservancy_83","Otjindjerese","SSP585_2050","Browser",7,7,-47379,-39614,-44.5178266075345,-43.6338609118471,0,7
"Conservancy","Conservancy_83","Otjindjerese","SSP585_2050","Carnivore",4,0,,,,,0,0
"Conservancy","Conservancy_83","Otjindjerese","SSP585_2050","Grazer",12,12,7797,5666,195.895112295171,177.907302468722,12,0
"Conservancy","Conservancy_83","Otjindjerese","SSP585_2050","Mixed",6,6,5100,3838,37.6057361089156,45.7926238663878,6,0
"Conservancy","Conservancy_83","Otjindjerese","SSP585_2050","Omnivore",3,3,259,125,0.331861562877474,0.331861562877471,3,0
"Conservancy","Conservancy_83","Otjindjerese","SSP585_2090","Browser",7,7,-45454,-38004,-44.7287162264701,-43.8442580720337,0,7
"Conservancy","Conservancy_83","Otjindjerese","SSP585_2090","Carnivore",4,0,,,,,0,0
"Conservancy","Conservancy_83","Otjindjerese","SSP585_2090","Grazer",12,12,7479,5435,202.597778199529,183.145267701408,12,0
"Conservancy","Conservancy_83","Otjindjerese","SSP585_2090","Mixed",6,6,4891,3681,38.1421290200106,46.4562303406947,6,0
"Conservancy","Conservancy_83","Otjindjerese","SSP585_2090","Omnivore",3,3,245,119,0.330765068585387,0.330765068585386,3,0
"Conservancy","Conservancy_84","Nyae Nyae","SSP245_2050","Browser",7,7,-698610,-584130,-53.5075871543877,-52.5792049785387,0,7
"Conservancy","Conservancy_84","Nyae Nyae","SSP245_2050","Carnivore",4,0,,,,,0,0
"Conservancy","Conservancy_84","Nyae Nyae","SSP245_2050","Grazer",12,12,113893,82775,190.995033794077,179.592273941465,12,0
"Conservancy","Conservancy_84","Nyae Nyae","SSP245_2050","Mixed",6,6,74090,55760,41.5898118294296,50.6152528315148,6,0
"Conservancy","Conservancy_84","Nyae Nyae","SSP245_2050","Omnivore",3,3,0,0,0,0,0,0
"Conservancy","Conservancy_84","Nyae Nyae","SSP245_2090","Browser",7,7,-690285,-577169,-53.7886982239766,-52.8018558256902,0,7
"Conservancy","Conservancy_84","Nyae Nyae","SSP245_2090","Carnivore",4,0,,,,,0,0
"Conservancy","Conservancy_84","Nyae Nyae","SSP245_2090","Grazer",12,12,112536,81789,200.777848284261,187.407170968036,12,0
"Conservancy","Conservancy_84","Nyae Nyae","SSP245_2090","Mixed",6,6,73207,55096,42.4644081176693,51.7069018642694,6,0
"Conservancy","Conservancy_84","Nyae Nyae","SSP245_2090","Omnivore",3,3,0,0,0,0,0,0
"Conservancy","Conservancy_84","Nyae Nyae","SSP585_2050","Browser",7,7,-676609,-565734,-53.5075266577846,-52.5793619369682,0,7
"Conservancy","Conservancy_84","Nyae Nyae","SSP585_2050","Carnivore",4,0,,,,,0,0
"Conservancy","Conservancy_84","Nyae Nyae","SSP585_2050","Grazer",12,12,110307,80169,191.017965607033,179.609618401099,12,0
"Conservancy","Conservancy_84","Nyae Nyae","SSP585_2050","Mixed",6,6,71757,54004,41.5915296694398,50.6173647340923,6,0
"Conservancy","Conservancy_84","Nyae Nyae","SSP585_2050","Omnivore",3,3,0,0,0,0,0,0
"Conservancy","Conservancy_84","Nyae Nyae","SSP585_2090","Browser",7,7,-648265,-542035,-53.7869109277139,-52.8002177729689,0,7
"Conservancy","Conservancy_84","Nyae Nyae","SSP585_2090","Carnivore",4,0,,,,,0,0
"Conservancy","Conservancy_84","Nyae Nyae","SSP585_2090","Grazer",12,12,105686,76810,200.808501241009,187.431724635241,12,0
"Conservancy","Conservancy_84","Nyae Nyae","SSP585_2090","Mixed",6,6,68751,51742,42.4660086294091,51.708905246686,6,0
"Conservancy","Conservancy_84","Nyae Nyae","SSP585_2090","Omnivore",3,3,0,0,0,0,0,0
"Conservancy","Conservancy_85","Ekango Lyomongwa","SSP245_2050","Browser",7,7,-24666,-20609,-20.8731832517861,-20.2197251655669,0,7
"Conservancy","Conservancy_85","Ekango Lyomongwa","SSP245_2050","Carnivore",4,0,,,,,0,0
"Conservancy","Conservancy_85","Ekango Lyomongwa","SSP245_2050","Grazer",12,12,4443,3225,21.0748310910256,20.9078020350493,12,0
"Conservancy","Conservancy_85","Ekango Lyomongwa","SSP245_2050","Mixed",6,6,3051,2297,8.81512727574476,10.4248764887405,6,0
"Conservancy","Conservancy_85","Ekango Lyomongwa","SSP245_2050","Omnivore",3,3,1490,721,1.02708492940149,1.02708492940148,3,0
"Conservancy","Conservancy_85","Ekango Lyomongwa","SSP245_2090","Browser",7,7,-24352,-20355,-21.1010178684736,-20.4418110121475,0,7
"Conservancy","Conservancy_85","Ekango Lyomongwa","SSP245_2090","Carnivore",4,0,,,,,0,0
"Conservancy","Conservancy_85","Ekango Lyomongwa","SSP245_2090","Grazer",12,12,4366,3169,21.5468781032073,21.3714553181952,12,0
"Conservancy","Conservancy_85","Ekango Lyomongwa","SSP245_2090","Mixed",6,6,2990,2252,8.94370880307969,10.5875892010094,6,0
"Conservancy","Conservancy_85","Ekango Lyomongwa","SSP245_2090","Omnivore",3,3,1412,683,1.00487188523081,1.00487188523081,3,0
"Conservancy","Conservancy_85","Ekango Lyomongwa","SSP585_2050","Browser",7,7,-23793,-19889,-20.8815905828355,-20.2211106215959,0,7
"Conservancy","Conservancy_85","Ekango Lyomongwa","SSP585_2050","Carnivore",4,0,,,,,0,0
"Conservancy","Conservancy_85","Ekango Lyomongwa","SSP585_2050","Grazer",12,12,4287,3112,21.0787338431664,20.9117767642564,12,0
"Conservancy","Conservancy_85","Ekango Lyomongwa","SSP585_2050","Mixed",6,6,2944,2217,8.81898404496057,10.4285942872304,6,0
"Conservancy","Conservancy_85","Ekango Lyomongwa","SSP585_2050","Omnivore",3,3,1437,695,1.02701269326364,1.02701269326364,3,0
"Conservancy","Conservancy_85","Ekango Lyomongwa","SSP585_2090","Browser",7,7,-23274,-19454,-21.1028228090198,-20.4435782855022,0,7
"Conservancy","Conservancy_85","Ekango Lyomongwa","SSP585_2090","Carnivore",4,0,,,,,0,0
"Conservancy","Conservancy_85","Ekango Lyomongwa","SSP585_2090","Grazer",12,12,4172,3029,21.550845533205,21.3753118597458,12,0
"Conservancy","Conservancy_85","Ekango Lyomongwa","SSP585_2090","Mixed",6,6,2857,2152,8.94397854422476,10.5881684182172,6,0
"Conservancy","Conservancy_85","Ekango Lyomongwa","SSP585_2090","Omnivore",3,3,1348,652,1.00359715563688,1.00359715563688,3,0
"Conservancy","Conservancy_86","#Khoadi-//Hôas","SSP245_2050","Browser",7,7,-96234,-80353,-30.3421050239542,-29.5865105402823,0,7
"Conservancy","Conservancy_86","#Khoadi-//Hôas","SSP245_2050","Carnivore",4,0,,,,,0,0
"Conservancy","Conservancy_86","#Khoadi-//Hôas","SSP245_2050","Grazer",12,12,22388,16211,61.1920037532411,60.3303482685933,12,0
"Conservancy","Conservancy_86","#Khoadi-//Hôas","SSP245_2050","Mixed",6,6,17109,12900,25.5864842445424,29.5566432886414,6,0
"Conservancy","Conservancy_86","#Khoadi-//Hôas","SSP245_2050","Omnivore",3,3,23917,11573,7.53729167618491,7.53729167618491,3,0
"Conservancy","Conservancy_86","#Khoadi-//Hôas","SSP245_2090","Browser",7,7,-93152,-77744,-30.547119217962,-29.8083817030453,0,7
"Conservancy","Conservancy_86","#Khoadi-//Hôas","SSP245_2090","Carnivore",4,0,,,,,0,0
"Conservancy","Conservancy_86","#Khoadi-//Hôas","SSP245_2090","Grazer",12,12,21725,15731,62.6654087591113,61.7613552154055,12,0
"Conservancy","Conservancy_86","#Khoadi-//Hôas","SSP245_2090","Mixed",6,6,16617,12528,26.0897601473553,30.1399437979908,6,0
"Conservancy","Conservancy_86","#Khoadi-//Hôas","SSP245_2090","Omnivore",3,3,23359,11303,7.70260966947397,7.70260966947396,3,0
"Conservancy","Conservancy_86","#Khoadi-//Hôas","SSP585_2050","Browser",7,7,-93198,-77782,-30.3252781139105,-29.5790933544984,0,7
"Conservancy","Conservancy_86","#Khoadi-//Hôas","SSP585_2050","Carnivore",4,0,,,,,0,0
"Conservancy","Conservancy_86","#Khoadi-//Hôas","SSP585_2050","Grazer",12,12,21684,15702,61.1466070568346,60.2862570506979,12,0
"Conservancy","Conservancy_86","#Khoadi-//Hôas","SSP585_2050","Mixed",6,6,16572,12495,25.5736451326785,29.541891445225,6,0
"Conservancy","Conservancy_86","#Khoadi-//Hôas","SSP585_2050","Omnivore",3,3,23187,11220,7.54108283495345,7.54108283495345,3,0
"Conservancy","Conservancy_86","#Khoadi-//Hôas","SSP585_2090","Browser",7,7,-86860,-72493,-30.5628376322874,-29.8227213345305,0,7
"Conservancy","Conservancy_86","#Khoadi-//Hôas","SSP585_2090","Carnivore",4,0,,,,,0,0
"Conservancy","Conservancy_86","#Khoadi-//Hôas","SSP585_2090","Grazer",12,12,20220,14642,62.5893029564961,61.6856500536139,12,0
"Conservancy","Conservancy_86","#Khoadi-//Hôas","SSP585_2090","Mixed",6,6,15457,11653,26.0358601542458,30.082439496668,6,0
"Conservancy","Conservancy_86","#Khoadi-//Hôas","SSP585_2090","Omnivore",3,3,21648,10475,7.65978795117159,7.65978795117159,3,0
"Conservancy","Conservancy_87","Joseph Mbambangandu","SSP245_2050","Browser",7,7,-484,-243,-7.99112455778774,-9.86576016029853,0,7
"Conservancy","Conservancy_87","Joseph Mbambangandu","SSP245_2050","Carnivore",4,0,,,,,0,0
"Conservancy","Conservancy_87","Joseph Mbambangandu","SSP245_2050","Grazer",12,12,63,47,21.726822258526,20.7966126184793,12,0
"Conservancy","Conservancy_87","Joseph Mbambangandu","SSP245_2050","Mixed",6,6,37,26,4.55932993993083,5.92983718651685,6,0
"Conservancy","Conservancy_87","Joseph Mbambangandu","SSP245_2050","Omnivore",3,3,-38,-19,-0.835468933287503,-0.835468933287506,0,3
"Conservancy","Conservancy_87","Joseph Mbambangandu","SSP245_2090","Browser",7,7,-442,-376,-8.4614458527328,-8.68846827601923,0,7
"Conservancy","Conservancy_87","Joseph Mbambangandu","SSP245_2090","Carnivore",4,0,,,,,0,0
"Conservancy","Conservancy_87","Joseph Mbambangandu","SSP245_2090","Grazer",12,12,92,67,30.735988071829,29.7173373612134,12,0
"Conservancy","Conservancy_87","Joseph Mbambangandu","SSP245_2090","Mixed",6,6,67,51,9.01755114802418,10.3954541010577,6,0
"Conservancy","Conservancy_87","Joseph Mbambangandu","SSP245_2090","Omnivore",3,3,12,6,0.255232193567133,0.255232193567131,3,0
"Conservancy","Conservancy_87","Joseph Mbambangandu","SSP585_2050","Browser",7,7,-785,-15,-10.1462500055175,-17.4605624161251,3,4
"Conservancy","Conservancy_87","Joseph Mbambangandu","SSP585_2050","Carnivore",4,0,,,,,0,0
"Conservancy","Conservancy_87","Joseph Mbambangandu","SSP585_2050","Grazer",12,12,23,20,11.1226285842475,9.98526807245205,10,2
"Conservancy","Conservancy_87","Joseph Mbambangandu","SSP585_2050","Mixed",6,6,-13,-13,-3.42559638233928,-1.2816774176802,0,6
"Conservancy","Conservancy_87","Joseph Mbambangandu","SSP585_2050","Omnivore",3,3,-106,-51,-2.33844176472703,-2.33844176472704,0,3
"Conservancy","Conservancy_87","Joseph Mbambangandu","SSP585_2090","Browser",7,7,-698,-13,-8.99728094559677,-16.5333339526898,3,4
"Conservancy","Conservancy_87","Joseph Mbambangandu","SSP585_2090","Carnivore",4,0,,,,,0,0
"Conservancy","Conservancy_87","Joseph Mbambangandu","SSP585_2090","Grazer",12,12,17,16,9.47298390390186,8.42317718043996,10,2
"Conservancy","Conservancy_87","Joseph Mbambangandu","SSP585_2090","Mixed",6,6,-14,-14,-3.54930871542241,-1.46212034577857,0,6
"Conservancy","Conservancy_87","Joseph Mbambangandu","SSP585_2090","Omnivore",3,3,-76,-37,-1.77343387311717,-1.77343387311717,0,3
"Conservancy","Conservancy_88","Impalila","SSP245_2050","Browser",7,7,-143,-3,-2.43244882215098,-4.0551409993919,3,4
"Conservancy","Conservancy_88","Impalila","SSP245_2050","Carnivore",4,0,,,,,0,0
"Conservancy","Conservancy_88","Impalila","SSP245_2050","Grazer",12,12,0,1,-0.192969962717489,0.162793778682375,10,2
"Conservancy","Conservancy_88","Impalila","SSP245_2050","Mixed",6,6,-7,-7,-1.29366790452572,-0.66696372875775,0,6
"Conservancy","Conservancy_88","Impalila","SSP245_2050","Omnivore",3,3,-18,-9,-0.235665973302996,-0.235665973302993,0,3
"Conservancy","Conservancy_88","Impalila","SSP245_2090","Browser",7,7,-154,-3,-2.50169156166089,-4.25037019145722,3,4
"Conservancy","Conservancy_88","Impalila","SSP245_2090","Carnivore",4,0,,,,,0,0
"Conservancy","Conservancy_88","Impalila","SSP245_2090","Grazer",12,12,-2,0,-0.37918862706806,0.0329842619041163,10,2
"Conservancy","Conservancy_88","Impalila","SSP245_2090","Mixed",6,6,-8,-9,-1.56008257854414,-0.840207754658866,0,6
"Conservancy","Conservancy_88","Impalila","SSP245_2090","Omnivore",3,3,-20,-10,-0.262875006668749,-0.262875006668748,0,3
"Conservancy","Conservancy_88","Impalila","SSP585_2050","Browser",7,7,-145,-3,-2.43333456066841,-4.05621321551399,3,4
"Conservancy","Conservancy_88","Impalila","SSP585_2050","Carnivore",4,0,,,,,0,0
"Conservancy","Conservancy_88","Impalila","SSP585_2050","Grazer",12,12,0,1,-0.192225848125105,0.16359475541915,10,2
"Conservancy","Conservancy_88","Impalila","SSP585_2050","Mixed",6,6,-7,-7,-1.29330914752932,-0.666560372872153,0,6
"Conservancy","Conservancy_88","Impalila","SSP585_2050","Omnivore",3,3,-18,-9,-0.235680666576787,-0.235680666576787,0,3
"Conservancy","Conservancy_88","Impalila","SSP585_2090","Browser",7,7,-146,-3,-2.49982645667778,-4.24703592335761,3,4
"Conservancy","Conservancy_88","Impalila","SSP585_2090","Carnivore",4,0,,,,,0,0
"Conservancy","Conservancy_88","Impalila","SSP585_2090","Grazer",12,12,-2,0,-0.378835855536643,0.032883563675828,10,2
"Conservancy","Conservancy_88","Impalila","SSP585_2090","Mixed",6,6,-8,-8,-1.55855672459535,-0.839298955627103,0,6
"Conservancy","Conservancy_88","Impalila","SSP585_2090","Omnivore",3,3,-19,-9,-0.262574361803455,-0.262574361803453,0,3
"Conservancy","Conservancy_89","Kasika","SSP245_2050","Browser",7,7,63,42,1.19838031894169,0.980469489095035,7,0
"Conservancy","Conservancy_89","Kasika","SSP245_2050","Carnivore",4,0,,,,,0,0
"Conservancy","Conservancy_89","Kasika","SSP245_2050","Grazer",12,12,-23,-16,-1.24071707892804,-1.15410545818427,0,12
"Conservancy","Conservancy_89","Kasika","SSP245_2050","Mixed",6,6,-18,-15,-1.19766076297509,-0.973453400732083,0,6
"Conservancy","Conservancy_89","Kasika","SSP245_2050","Omnivore",3,3,-9,-4,-0.0571299520202775,-0.0571299520202782,0,3
"Conservancy","Conservancy_89","Kasika","SSP245_2090","Browser",7,7,16,11,0.298283789833062,0.2464099592364,7,0
"Conservancy","Conservancy_89","Kasika","SSP245_2090","Carnivore",4,0,,,,,0,0
"Conservancy","Conservancy_89","Kasika","SSP245_2090","Grazer",12,12,-6,-4,-0.316390300558521,-0.290692150826916,0,12
"Conservancy","Conservancy_89","Kasika","SSP245_2090","Mixed",6,6,-4,-4,-0.307893784157311,-0.246274361677483,0,6
"Conservancy","Conservancy_89","Kasika","SSP245_2090","Omnivore",3,3,-2,-1,-0.0142382119054043,-0.0142382119054036,0,3
"Conservancy","Conservancy_89","Kasika","SSP585_2050","Browser",7,7,64,43,1.19746869709891,0.979731844371949,7,0
"Conservancy","Conservancy_89","Kasika","SSP585_2050","Carnivore",4,0,,,,,0,0
"Conservancy","Conservancy_89","Kasika","SSP585_2050","Grazer",12,12,-23,-16,-1.23979888260884,-1.1532394721305,0,12
"Conservancy","Conservancy_89","Kasika","SSP585_2050","Mixed",6,6,-18,-15,-1.1967825630936,-0.972726642109206,0,6
"Conservancy","Conservancy_89","Kasika","SSP585_2050","Omnivore",3,3,-9,-5,-0.0570865600565109,-0.0570865600565173,0,3
"Conservancy","Conservancy_89","Kasika","SSP585_2090","Browser",7,7,15,10,0.297888635455108,0.246083977261718,7,0
"Conservancy","Conservancy_89","Kasika","SSP585_2090","Carnivore",4,0,,,,,0,0
"Conservancy","Conservancy_89","Kasika","SSP585_2090","Grazer",12,12,-5,-4,-0.315972553852963,-0.290307635566128,0,12
"Conservancy","Conservancy_89","Kasika","SSP585_2090","Mixed",6,6,-4,-3,-0.307487755147264,-0.245948818880405,0,6
"Conservancy","Conservancy_89","Kasika","SSP585_2090","Omnivore",3,3,-2,-1,-0.0142193508237967,-0.0142193508238005,0,3
"Conservancy","Conservancy_9","Ovitoto","SSP245_2050","Browser",7,7,-52271,-43706,-53.774469784159,-52.7113830668445,0,7
"Conservancy","Conservancy_9","Ovitoto","SSP245_2050","Carnivore",4,0,,,,,0,0
"Conservancy","Conservancy_9","Ovitoto","SSP245_2050","Grazer",12,12,8522,6193,253.697934427275,227.411966945529,12,0
"Conservancy","Conservancy_9","Ovitoto","SSP245_2050","Mixed",6,6,5544,4172,45.8634085145706,55.9551604863425,6,0
"Conservancy","Conservancy_9","Ovitoto","SSP245_2050","Omnivore",3,3,0,0,0,0,0,0
"Conservancy","Conservancy_9","Ovitoto","SSP245_2090","Browser",7,7,-50058,-41855,-53.7739788928753,-52.710901880166,0,7
"Conservancy","Conservancy_9","Ovitoto","SSP245_2090","Carnivore",4,0,,,,,0,0
"Conservancy","Conservancy_9","Ovitoto","SSP245_2090","Grazer",12,12,8161,5931,253.695618493614,227.409890968716,12,0
"Conservancy","Conservancy_9","Ovitoto","SSP245_2090","Mixed",6,6,5309,3995,45.8629898410333,55.9546496881762,6,0
"Conservancy","Conservancy_9","Ovitoto","SSP245_2090","Omnivore",3,3,0,0,0,0,0,0
"Conservancy","Conservancy_9","Ovitoto","SSP585_2050","Browser",7,7,-49872,-41700,-53.774308373454,-52.7112248471255,0,7
"Conservancy","Conservancy_9","Ovitoto","SSP585_2050","Carnivore",4,0,,,,,0,0
"Conservancy","Conservancy_9","Ovitoto","SSP585_2050","Grazer",12,12,8131,5909,253.697172921628,227.411284340456,12,0
"Conservancy","Conservancy_9","Ovitoto","SSP585_2050","Mixed",6,6,5289,3981,45.8632708498921,55.9549925300255,6,0
"Conservancy","Conservancy_9","Ovitoto","SSP585_2050","Omnivore",3,3,0,0,0,0,0,0
"Conservancy","Conservancy_9","Ovitoto","SSP585_2090","Browser",7,7,-45838,-38327,-53.7738077565014,-52.7107341270483,0,7
"Conservancy","Conservancy_9","Ovitoto","SSP585_2090","Carnivore",4,0,,,,,0,0
"Conservancy","Conservancy_9","Ovitoto","SSP585_2090","Grazer",12,12,7473,5431,253.694811104071,227.409167233837,12,0
"Conservancy","Conservancy_9","Ovitoto","SSP585_2090","Mixed",6,6,4861,3659,45.862843881483,55.9544716117897,6,0
"Conservancy","Conservancy_9","Ovitoto","SSP585_2090","Omnivore",3,3,0,0,0,0,0,0
"Conservancy","Conservancy_90","!Gawachab","SSP245_2050","Browser",7,7,940,590,79.7763607460917,69.1510246753698,7,0
"Conservancy","Conservancy_90","!Gawachab","SSP245_2050","Carnivore",4,0,,,,,0,0
"Conservancy","Conservancy_90","!Gawachab","SSP245_2050","Grazer",12,12,803,575,1843.47241742722,854.452139256344,12,0
"Conservancy","Conservancy_90","!Gawachab","SSP245_2050","Mixed",6,6,885,670,450.186602249288,544.213591220922,6,0
"Conservancy","Conservancy_90","!Gawachab","SSP245_2050","Omnivore",3,3,3413,1651,323.551322927687,323.551322927687,3,0
"Conservancy","Conservancy_90","!Gawachab","SSP245_2090","Browser",7,7,1128,803,187.361920124458,124.146045579051,7,0
"Conservancy","Conservancy_90","!Gawachab","SSP245_2090","Carnivore",4,0,,,,,0,0
"Conservancy","Conservancy_90","!Gawachab","SSP245_2090","Grazer",12,12,768,549,6048.49907881945,1035.90269230045,12,0
"Conservancy","Conservancy_90","!Gawachab","SSP245_2090","Mixed",6,6,861,651,627.750811444796,772.734152447628,6,0
"Conservancy","Conservancy_90","!Gawachab","SSP245_2090","Omnivore",3,3,3397,1644,489.281473752729,489.281473752729,3,0
"Conservancy","Conservancy_90","!Gawachab","SSP585_2050","Browser",7,7,903,567,79.6962242870061,69.0903853529945,7,0
"Conservancy","Conservancy_90","!Gawachab","SSP585_2050","Carnivore",4,0,,,,,0,0
"Conservancy","Conservancy_90","!Gawachab","SSP585_2050","Grazer",12,12,771,552,1842.00732938272,854.060394087407,12,0
"Conservancy","Conservancy_90","!Gawachab","SSP585_2050","Mixed",6,6,851,643,449.934774470113,543.903077081286,6,0
"Conservancy","Conservancy_90","!Gawachab","SSP585_2050","Omnivore",3,3,3279,1587,323.349156974729,323.349156974729,3,0
"Conservancy","Conservancy_90","!Gawachab","SSP585_2090","Browser",7,7,1013,721,187.397759902903,124.166673113948,7,0
"Conservancy","Conservancy_90","!Gawachab","SSP585_2090","Carnivore",4,0,,,,,0,0
"Conservancy","Conservancy_90","!Gawachab","SSP585_2090","Grazer",12,12,689,493,6050.23140217217,1036.06233591202,12,0
"Conservancy","Conservancy_90","!Gawachab","SSP585_2090","Mixed",6,6,773,585,627.852575412397,772.860364166256,6,0
"Conservancy","Conservancy_90","!Gawachab","SSP585_2090","Omnivore",3,3,3050,1476,489.362770507914,489.362770507914,3,0
