"species","feeding_group","habitat_profile","body_mass_kg","annual_demand_kg","species_usable_forage_kg","carrying_capacity_raw","capacity_method","estimate_status","total_area_ha","missing_area_ha","missing_area_pct","spatial_unit","unit_id","unit","climate_scenario","management_scenario","scenario_id","current_capacity_raw","capacity_change_from_current_raw","capacity_change_from_current_pct","carrying_capacity_animals","capacity_change_from_current_animals"
"Baboon","Omnivore","Omnivore",24,219,104557580.868118,477431.876110126,"Forage-limited potential carrying capacity","Estimated",2738207.08076389,0,0,"Cluster","Cluster_1","Cluster A — South, Kunene South & Erongo","Current","Current","Current",477431.876110126,0,0,477432,0
"Black rhinoceros","Browser","Shrub_Browser",1000,9125,182916543.798148,20045.6486354135,"Forage-limited potential carrying capacity","Estimated",2738207.08076389,0,0,"Cluster","Cluster_1","Cluster A — South, Kunene South & Erongo","Current","Current","Current",20045.6486354135,0,0,20046,0
"Black-backed Jackal","Carnivore","Carnivore",8.5,,,,"Prey biomass required - not estimated from forage","Not estimated: requires local preferred-prey biomass/density data",2738207.08076389,0,0,"Cluster","Cluster_1","Cluster A — South, Kunene South & Erongo","Current","Current","Current",,,,,
"Black-faced Impala","Mixed","Mixed_Open",50,456.25,156004671.093354,341928.046232009,"Forage-limited potential carrying capacity","Estimated",2738207.08076389,0,0,"Cluster","Cluster_1","Cluster A — South, Kunene South & Erongo","Current","Current","Current",341928.046232009,0,0,341928,0
"Blue wildebeest","Grazer","General_Grazer",220,2007.5,120922993.881016,60235.6133902942,"Forage-limited potential carrying capacity","Estimated",2738207.08076389,0,0,"Cluster","Cluster_1","Cluster A — South, Kunene South & Erongo","Current","Current","Current",60235.6133902942,0,0,60236,0
"Buffalo","Grazer","General_Grazer",500,4562.5,120922993.881016,26503.6698917294,"Forage-limited potential carrying capacity","Estimated",2738207.08076389,0,0,"Cluster","Cluster_1","Cluster A — South, Kunene South & Erongo","Current","Current","Current",26503.6698917294,0,0,26504,0
"Burchell's zebra","Grazer","General_Grazer",320,2920,120922993.881016,41411.9842058272,"Forage-limited potential carrying capacity","Estimated",2738207.08076389,0,0,"Cluster","Cluster_1","Cluster A — South, Kunene South & Erongo","Current","Current","Current",41411.9842058272,0,0,41412,0
"Bushpig","Omnivore","Omnivore",60,547.5,104557580.868118,190972.75044405,"Forage-limited potential carrying capacity","Estimated",2738207.08076389,0,0,"Cluster","Cluster_1","Cluster A — South, Kunene South & Erongo","Current","Current","Current",190972.75044405,0,0,190973,0
"Cheetah","Carnivore","Carnivore",45,,,,"Prey biomass required - not estimated from forage","Not estimated: requires local preferred-prey biomass/density data",2738207.08076389,0,0,"Cluster","Cluster_1","Cluster A — South, Kunene South & Erongo","Current","Current","Current",,,,,
"Damara dik dik","Browser","Shrub_Browser",5,45.625,182916543.798148,4009129.72708269,"Forage-limited potential carrying capacity","Estimated",2738207.08076389,0,0,"Cluster","Cluster_1","Cluster A — South, Kunene South & Erongo","Current","Current","Current",4009129.72708269,0,0,4009130,0
"Duiker","Browser","Woodland_Browser",17.5,159.6875,142065382.99205,889646.234001098,"Forage-limited potential carrying capacity","Estimated",2738207.08076389,0,0,"Cluster","Cluster_1","Cluster A — South, Kunene South & Erongo","Current","Current","Current",889646.234001098,0,0,889646,0
"Eland","Mixed","Mixed_Open",500,4562.5,156004671.093354,34192.8046232009,"Forage-limited potential carrying capacity","Estimated",2738207.08076389,0,0,"Cluster","Cluster_1","Cluster A — South, Kunene South & Erongo","Current","Current","Current",34192.8046232009,0,0,34193,0
"Elephant","Mixed","Large_Mixed",3500,31937.5,163280744.856897,5112.50864522573,"Forage-limited potential carrying capacity","Estimated",2738207.08076389,0,0,"Cluster","Cluster_1","Cluster A — South, Kunene South & Erongo","Current","Current","Current",5112.50864522573,0,0,5113,0
"Gemsbok","Mixed","Arid_Mixed",210,1916.25,179212840.60307,93522.6826369575,"Forage-limited potential carrying capacity","Estimated",2738207.08076389,0,0,"Cluster","Cluster_1","Cluster A — South, Kunene South & Erongo","Current","Current","Current",93522.6826369575,0,0,93523,0
"Giraffe","Browser","Woodland_Browser",850,7756.25,142065382.99205,18316.2459941402,"Forage-limited potential carrying capacity","Estimated",2738207.08076389,0,0,"Cluster","Cluster_1","Cluster A — South, Kunene South & Erongo","Current","Current","Current",18316.2459941402,0,0,18316,0
"Hartmann's zebra","Grazer","Arid_Grazer",280,2555,159255062.920002,62330.7486966738,"Forage-limited potential carrying capacity","Estimated",2738207.08076389,0,0,"Cluster","Cluster_1","Cluster A — South, Kunene South & Erongo","Current","Current","Current",62330.7486966738,0,0,62331,0
"Hippopotamus","Grazer","Wetland_Grazer",1400,12775,38713859.1013074,3030.43906859549,"Forage-limited potential carrying capacity","Estimated",2738207.08076389,0,0,"Cluster","Cluster_1","Cluster A — South, Kunene South & Erongo","Current","Current","Current",3030.43906859549,0,0,3030,0
"Impala","Mixed","Mixed_Open",50,456.25,156004671.093354,341928.046232009,"Forage-limited potential carrying capacity","Estimated",2738207.08076389,0,0,"Cluster","Cluster_1","Cluster A — South, Kunene South & Erongo","Current","Current","Current",341928.046232009,0,0,341928,0
"Klipspringer","Browser","Rocky_Browser",11,100.375,173357822.738413,1727101.59639763,"Forage-limited potential carrying capacity","Estimated",2738207.08076389,0,0,"Cluster","Cluster_1","Cluster A — South, Kunene South & Erongo","Current","Current","Current",1727101.59639763,0,0,1727102,0
"Kudu","Browser","Woodland_Browser",190,1733.75,142065382.99205,81941.1005001011,"Forage-limited potential carrying capacity","Estimated",2738207.08076389,0,0,"Cluster","Cluster_1","Cluster A — South, Kunene South & Erongo","Current","Current","Current",81941.1005001011,0,0,81941,0
"Leopard","Carnivore","Carnivore",50,,,,"Prey biomass required - not estimated from forage","Not estimated: requires local preferred-prey biomass/density data",2738207.08076389,0,0,"Cluster","Cluster_1","Cluster A — South, Kunene South & Erongo","Current","Current","Current",,,,,
"Ostrich","Mixed","Mixed_Open",100,912.5,156004671.093354,170964.023116004,"Forage-limited potential carrying capacity","Estimated",2738207.08076389,0,0,"Cluster","Cluster_1","Cluster A — South, Kunene South & Erongo","Current","Current","Current",170964.023116004,0,0,170964,0
"Red Hartebeest","Grazer","General_Grazer",150,1368.75,120922993.881016,88345.5663057648,"Forage-limited potential carrying capacity","Estimated",2738207.08076389,0,0,"Cluster","Cluster_1","Cluster A — South, Kunene South & Erongo","Current","Current","Current",88345.5663057648,0,0,88346,0
"Red Lechwe","Grazer","Wetland_Grazer",80,730,38713859.1013074,53032.6837004211,"Forage-limited potential carrying capacity","Estimated",2738207.08076389,0,0,"Cluster","Cluster_1","Cluster A — South, Kunene South & Erongo","Current","Current","Current",53032.6837004211,0,0,53033,0
"Reedbuck","Grazer","Wetland_Grazer",45,410.625,38713859.1013074,94280.3265785264,"Forage-limited potential carrying capacity","Estimated",2738207.08076389,0,0,"Cluster","Cluster_1","Cluster A — South, Kunene South & Erongo","Current","Current","Current",94280.3265785264,0,0,94280,0
"Roan","Grazer","General_Grazer",240,2190,120922993.881016,55215.978941103,"Forage-limited potential carrying capacity","Estimated",2738207.08076389,0,0,"Cluster","Cluster_1","Cluster A — South, Kunene South & Erongo","Current","Current","Current",55215.978941103,0,0,55216,0
"Sable","Grazer","General_Grazer",200,1825,120922993.881016,66259.1747293236,"Forage-limited potential carrying capacity","Estimated",2738207.08076389,0,0,"Cluster","Cluster_1","Cluster A — South, Kunene South & Erongo","Current","Current","Current",66259.1747293236,0,0,66259,0
"Spotted Hyaena","Carnivore","Carnivore",55,,,,"Prey biomass required - not estimated from forage","Not estimated: requires local preferred-prey biomass/density data",2738207.08076389,0,0,"Cluster","Cluster_1","Cluster A — South, Kunene South & Erongo","Current","Current","Current",,,,,
"Springbok","Grazer","Arid_Grazer",38,346.75,159255062.920002,459279.20092286,"Forage-limited potential carrying capacity","Estimated",2738207.08076389,0,0,"Cluster","Cluster_1","Cluster A — South, Kunene South & Erongo","Current","Current","Current",459279.20092286,0,0,459279,0
"Steenbok","Browser","Shrub_Browser",10,91.25,182916543.798148,2004564.86354135,"Forage-limited potential carrying capacity","Estimated",2738207.08076389,0,0,"Cluster","Cluster_1","Cluster A — South, Kunene South & Erongo","Current","Current","Current",2004564.86354135,0,0,2004565,0
"Vervet monkey","Omnivore","Omnivore",5,45.625,104557580.868118,2291673.0053286,"Forage-limited potential carrying capacity","Estimated",2738207.08076389,0,0,"Cluster","Cluster_1","Cluster A — South, Kunene South & Erongo","Current","Current","Current",2291673.0053286,0,0,2291673,0
"Warthog","Grazer","General_Grazer",70,638.75,120922993.881016,189311.927798067,"Forage-limited potential carrying capacity","Estimated",2738207.08076389,0,0,"Cluster","Cluster_1","Cluster A — South, Kunene South & Erongo","Current","Current","Current",189311.927798067,0,0,189312,0
"Baboon","Omnivore","Omnivore",24,219,94821598.6231134,432975.3361786,"Forage-limited potential carrying capacity","Estimated",783233.539348635,2941.53979417973,0.375563563918116,"Cluster","Cluster_2","Cluster C — Kavango East, Kavango West & Zambezi","Current","Current","Current",432975.3361786,0,0,432975,0
"Black rhinoceros","Browser","Shrub_Browser",1000,9125,143827489.189156,15761.9166234691,"Forage-limited potential carrying capacity","Estimated",783233.539348635,2941.53979417973,0.375563563918116,"Cluster","Cluster_2","Cluster C — Kavango East, Kavango West & Zambezi","Current","Current","Current",15761.9166234691,0,0,15762,0
"Black-backed Jackal","Carnivore","Carnivore",8.5,,,,"Prey biomass required - not estimated from forage","Not estimated: requires local preferred-prey biomass/density data",783233.539348635,2941.53979417973,0.375563563918116,"Cluster","Cluster_2","Cluster C — Kavango East, Kavango West & Zambezi","Current","Current","Current",,,,,
"Black-faced Impala","Mixed","Mixed_Open",50,456.25,122249149.758546,267943.34193654,"Forage-limited potential carrying capacity","Estimated",783233.539348635,2941.53979417973,0.375563563918116,"Cluster","Cluster_2","Cluster C — Kavango East, Kavango West & Zambezi","Current","Current","Current",267943.34193654,0,0,267943,0
"Blue wildebeest","Grazer","General_Grazer",220,2007.5,95561513.9240069,47602.2485300159,"Forage-limited potential carrying capacity","Estimated",783233.539348635,2941.53979417973,0.375563563918116,"Cluster","Cluster_2","Cluster C — Kavango East, Kavango West & Zambezi","Current","Current","Current",47602.2485300159,0,0,47602,0
"Buffalo","Grazer","General_Grazer",500,4562.5,95561513.9240069,20944.989353207,"Forage-limited potential carrying capacity","Estimated",783233.539348635,2941.53979417973,0.375563563918116,"Cluster","Cluster_2","Cluster C — Kavango East, Kavango West & Zambezi","Current","Current","Current",20944.989353207,0,0,20945,0
"Burchell's zebra","Grazer","General_Grazer",320,2920,95561513.9240069,32726.5458643859,"Forage-limited potential carrying capacity","Estimated",783233.539348635,2941.53979417973,0.375563563918116,"Cluster","Cluster_2","Cluster C — Kavango East, Kavango West & Zambezi","Current","Current","Current",32726.5458643859,0,0,32727,0
"Bushpig","Omnivore","Omnivore",60,547.5,94821598.6231134,173190.13447144,"Forage-limited potential carrying capacity","Estimated",783233.539348635,2941.53979417973,0.375563563918116,"Cluster","Cluster_2","Cluster C — Kavango East, Kavango West & Zambezi","Current","Current","Current",173190.13447144,0,0,173190,0
"Cheetah","Carnivore","Carnivore",45,,,,"Prey biomass required - not estimated from forage","Not estimated: requires local preferred-prey biomass/density data",783233.539348635,2941.53979417973,0.375563563918116,"Cluster","Cluster_2","Cluster C — Kavango East, Kavango West & Zambezi","Current","Current","Current",,,,,
"Damara dik dik","Browser","Shrub_Browser",5,45.625,143827489.189156,3152383.32469382,"Forage-limited potential carrying capacity","Estimated",783233.539348635,2941.53979417973,0.375563563918116,"Cluster","Cluster_2","Cluster C — Kavango East, Kavango West & Zambezi","Current","Current","Current",3152383.32469382,0,0,3152383,0
"Duiker","Browser","Woodland_Browser",17.5,159.6875,136833909.976211,856885.54192539,"Forage-limited potential carrying capacity","Estimated",783233.539348635,2941.53979417973,0.375563563918116,"Cluster","Cluster_2","Cluster C — Kavango East, Kavango West & Zambezi","Current","Current","Current",856885.54192539,0,0,856886,0
"Eland","Mixed","Mixed_Open",500,4562.5,122249149.758546,26794.334193654,"Forage-limited potential carrying capacity","Estimated",783233.539348635,2941.53979417973,0.375563563918116,"Cluster","Cluster_2","Cluster C — Kavango East, Kavango West & Zambezi","Current","Current","Current",26794.334193654,0,0,26794,0
"Elephant","Mixed","Large_Mixed",3500,31937.5,130647159.642897,4090.71341347623,"Forage-limited potential carrying capacity","Estimated",783233.539348635,2941.53979417973,0.375563563918116,"Cluster","Cluster_2","Cluster C — Kavango East, Kavango West & Zambezi","Current","Current","Current",4090.71341347623,0,0,4091,0
"Gemsbok","Mixed","Arid_Mixed",210,1916.25,105825551.40404,55225.3366752983,"Forage-limited potential carrying capacity","Estimated",783233.539348635,2941.53979417973,0.375563563918116,"Cluster","Cluster_2","Cluster C — Kavango East, Kavango West & Zambezi","Current","Current","Current",55225.3366752983,0,0,55225,0
"Giraffe","Browser","Woodland_Browser",850,7756.25,136833909.976211,17641.7611572874,"Forage-limited potential carrying capacity","Estimated",783233.539348635,2941.53979417973,0.375563563918116,"Cluster","Cluster_2","Cluster C — Kavango East, Kavango West & Zambezi","Current","Current","Current",17641.7611572874,0,0,17642,0
"Hartmann's zebra","Grazer","Arid_Grazer",280,2555,84772840.3411658,33179.1938712978,"Forage-limited potential carrying capacity","Estimated",783233.539348635,2941.53979417973,0.375563563918116,"Cluster","Cluster_2","Cluster C — Kavango East, Kavango West & Zambezi","Current","Current","Current",33179.1938712978,0,0,33179,0
"Hippopotamus","Grazer","Wetland_Grazer",1400,12775,68807068.3289527,5386.07188484953,"Forage-limited potential carrying capacity","Estimated",783233.539348635,2941.53979417973,0.375563563918116,"Cluster","Cluster_2","Cluster C — Kavango East, Kavango West & Zambezi","Current","Current","Current",5386.07188484953,0,0,5386,0
"Impala","Mixed","Mixed_Open",50,456.25,122249149.758546,267943.34193654,"Forage-limited potential carrying capacity","Estimated",783233.539348635,2941.53979417973,0.375563563918116,"Cluster","Cluster_2","Cluster C — Kavango East, Kavango West & Zambezi","Current","Current","Current",267943.34193654,0,0,267943,0
"Klipspringer","Browser","Rocky_Browser",11,100.375,104291073.300415,1039014.42889579,"Forage-limited potential carrying capacity","Estimated",783233.539348635,2941.53979417973,0.375563563918116,"Cluster","Cluster_2","Cluster C — Kavango East, Kavango West & Zambezi","Current","Current","Current",1039014.42889579,0,0,1039014,0
"Kudu","Browser","Woodland_Browser",190,1733.75,136833909.976211,78923.6683352333,"Forage-limited potential carrying capacity","Estimated",783233.539348635,2941.53979417973,0.375563563918116,"Cluster","Cluster_2","Cluster C — Kavango East, Kavango West & Zambezi","Current","Current","Current",78923.6683352333,0,0,78924,0
"Leopard","Carnivore","Carnivore",50,,,,"Prey biomass required - not estimated from forage","Not estimated: requires local preferred-prey biomass/density data",783233.539348635,2941.53979417973,0.375563563918116,"Cluster","Cluster_2","Cluster C — Kavango East, Kavango West & Zambezi","Current","Current","Current",,,,,
"Ostrich","Mixed","Mixed_Open",100,912.5,122249149.758546,133971.67096827,"Forage-limited potential carrying capacity","Estimated",783233.539348635,2941.53979417973,0.375563563918116,"Cluster","Cluster_2","Cluster C — Kavango East, Kavango West & Zambezi","Current","Current","Current",133971.67096827,0,0,133972,0
"Red Hartebeest","Grazer","General_Grazer",150,1368.75,95561513.9240069,69816.6311773566,"Forage-limited potential carrying capacity","Estimated",783233.539348635,2941.53979417973,0.375563563918116,"Cluster","Cluster_2","Cluster C — Kavango East, Kavango West & Zambezi","Current","Current","Current",69816.6311773566,0,0,69817,0
"Red Lechwe","Grazer","Wetland_Grazer",80,730,68807068.3289527,94256.2579848667,"Forage-limited potential carrying capacity","Estimated",783233.539348635,2941.53979417973,0.375563563918116,"Cluster","Cluster_2","Cluster C — Kavango East, Kavango West & Zambezi","Current","Current","Current",94256.2579848667,0,0,94256,0
"Reedbuck","Grazer","Wetland_Grazer",45,410.625,68807068.3289527,167566.680861985,"Forage-limited potential carrying capacity","Estimated",783233.539348635,2941.53979417973,0.375563563918116,"Cluster","Cluster_2","Cluster C — Kavango East, Kavango West & Zambezi","Current","Current","Current",167566.680861985,0,0,167567,0
"Roan","Grazer","General_Grazer",240,2190,95561513.9240069,43635.3944858479,"Forage-limited potential carrying capacity","Estimated",783233.539348635,2941.53979417973,0.375563563918116,"Cluster","Cluster_2","Cluster C — Kavango East, Kavango West & Zambezi","Current","Current","Current",43635.3944858479,0,0,43635,0
"Sable","Grazer","General_Grazer",200,1825,95561513.9240069,52362.4733830175,"Forage-limited potential carrying capacity","Estimated",783233.539348635,2941.53979417973,0.375563563918116,"Cluster","Cluster_2","Cluster C — Kavango East, Kavango West & Zambezi","Current","Current","Current",52362.4733830175,0,0,52362,0
"Spotted Hyaena","Carnivore","Carnivore",55,,,,"Prey biomass required - not estimated from forage","Not estimated: requires local preferred-prey biomass/density data",783233.539348635,2941.53979417973,0.375563563918116,"Cluster","Cluster_2","Cluster C — Kavango East, Kavango West & Zambezi","Current","Current","Current",,,,,
"Springbok","Grazer","Arid_Grazer",38,346.75,84772840.3411658,244478.270630615,"Forage-limited potential carrying capacity","Estimated",783233.539348635,2941.53979417973,0.375563563918116,"Cluster","Cluster_2","Cluster C — Kavango East, Kavango West & Zambezi","Current","Current","Current",244478.270630615,0,0,244478,0
"Steenbok","Browser","Shrub_Browser",10,91.25,143827489.189156,1576191.66234691,"Forage-limited potential carrying capacity","Estimated",783233.539348635,2941.53979417973,0.375563563918116,"Cluster","Cluster_2","Cluster C — Kavango East, Kavango West & Zambezi","Current","Current","Current",1576191.66234691,0,0,1576192,0
"Vervet monkey","Omnivore","Omnivore",5,45.625,94821598.6231134,2078281.61365728,"Forage-limited potential carrying capacity","Estimated",783233.539348635,2941.53979417973,0.375563563918116,"Cluster","Cluster_2","Cluster C — Kavango East, Kavango West & Zambezi","Current","Current","Current",2078281.61365728,0,0,2078282,0
"Warthog","Grazer","General_Grazer",70,638.75,95561513.9240069,149607.066808621,"Forage-limited potential carrying capacity","Estimated",783233.539348635,2941.53979417973,0.375563563918116,"Cluster","Cluster_2","Cluster C — Kavango East, Kavango West & Zambezi","Current","Current","Current",149607.066808621,0,0,149607,0
"Baboon","Omnivore","Omnivore",24,219,726434292.125253,3317051.56221577,"Forage-limited potential carrying capacity","Estimated",5946321.81049356,10245.6165617956,0.172301750364654,"Cluster","Cluster_3","Cluster B — Omaheke & Otjozondjupa (Central / Group 4)","Current","Current","Current",3317051.56221577,0,0,3317052,0
"Black rhinoceros","Browser","Shrub_Browser",1000,9125,1422654371.30967,155907.328362704,"Forage-limited potential carrying capacity","Estimated",5946321.81049356,10245.6165617956,0.172301750364654,"Cluster","Cluster_3","Cluster B — Omaheke & Otjozondjupa (Central / Group 4)","Current","Current","Current",155907.328362704,0,0,155907,0
"Black-backed Jackal","Carnivore","Carnivore",8.5,,,,"Prey biomass required - not estimated from forage","Not estimated: requires local preferred-prey biomass/density data",5946321.81049356,10245.6165617956,0.172301750364654,"Cluster","Cluster_3","Cluster B — Omaheke & Otjozondjupa (Central / Group 4)","Current","Current","Current",,,,,
"Black-faced Impala","Mixed","Mixed_Open",50,456.25,960979463.888899,2106256.35920855,"Forage-limited potential carrying capacity","Estimated",5946321.81049356,10245.6165617956,0.172301750364654,"Cluster","Cluster_3","Cluster B — Omaheke & Otjozondjupa (Central / Group 4)","Current","Current","Current",2106256.35920855,0,0,2106256,0
"Blue wildebeest","Grazer","General_Grazer",220,2007.5,547962312.761528,272957.565510101,"Forage-limited potential carrying capacity","Estimated",5946321.81049356,10245.6165617956,0.172301750364654,"Cluster","Cluster_3","Cluster B — Omaheke & Otjozondjupa (Central / Group 4)","Current","Current","Current",272957.565510101,0,0,272958,0
"Buffalo","Grazer","General_Grazer",500,4562.5,547962312.761528,120101.328824444,"Forage-limited potential carrying capacity","Estimated",5946321.81049356,10245.6165617956,0.172301750364654,"Cluster","Cluster_3","Cluster B — Omaheke & Otjozondjupa (Central / Group 4)","Current","Current","Current",120101.328824444,0,0,120101,0
"Burchell's zebra","Grazer","General_Grazer",320,2920,547962312.761528,187658.326288194,"Forage-limited potential carrying capacity","Estimated",5946321.81049356,10245.6165617956,0.172301750364654,"Cluster","Cluster_3","Cluster B — Omaheke & Otjozondjupa (Central / Group 4)","Current","Current","Current",187658.326288194,0,0,187658,0
"Bushpig","Omnivore","Omnivore",60,547.5,726434292.125253,1326820.62488631,"Forage-limited potential carrying capacity","Estimated",5946321.81049356,10245.6165617956,0.172301750364654,"Cluster","Cluster_3","Cluster B — Omaheke & Otjozondjupa (Central / Group 4)","Current","Current","Current",1326820.62488631,0,0,1326821,0
"Cheetah","Carnivore","Carnivore",45,,,,"Prey biomass required - not estimated from forage","Not estimated: requires local preferred-prey biomass/density data",5946321.81049356,10245.6165617956,0.172301750364654,"Cluster","Cluster_3","Cluster B — Omaheke & Otjozondjupa (Central / Group 4)","Current","Current","Current",,,,,
"Damara dik dik","Browser","Shrub_Browser",5,45.625,1422654371.30967,31181465.6725408,"Forage-limited potential carrying capacity","Estimated",5946321.81049356,10245.6165617956,0.172301750364654,"Cluster","Cluster_3","Cluster B — Omaheke & Otjozondjupa (Central / Group 4)","Current","Current","Current",31181465.6725408,0,0,31181466,0
"Duiker","Browser","Woodland_Browser",17.5,159.6875,1212024065.2855,7589974.57713032,"Forage-limited potential carrying capacity","Estimated",5946321.81049356,10245.6165617956,0.172301750364654,"Cluster","Cluster_3","Cluster B — Omaheke & Otjozondjupa (Central / Group 4)","Current","Current","Current",7589974.57713032,0,0,7589975,0
"Eland","Mixed","Mixed_Open",500,4562.5,960979463.888899,210625.635920855,"Forage-limited potential carrying capacity","Estimated",5946321.81049356,10245.6165617956,0.172301750364654,"Cluster","Cluster_3","Cluster B — Omaheke & Otjozondjupa (Central / Group 4)","Current","Current","Current",210625.635920855,0,0,210626,0
"Elephant","Mixed","Large_Mixed",3500,31937.5,1089468992.45948,34112.5320535259,"Forage-limited potential carrying capacity","Estimated",5946321.81049356,10245.6165617956,0.172301750364654,"Cluster","Cluster_3","Cluster B — Omaheke & Otjozondjupa (Central / Group 4)","Current","Current","Current",34112.5320535259,0,0,34113,0
"Gemsbok","Mixed","Arid_Mixed",210,1916.25,956268117.718383,499030.981196808,"Forage-limited potential carrying capacity","Estimated",5946321.81049356,10245.6165617956,0.172301750364654,"Cluster","Cluster_3","Cluster B — Omaheke & Otjozondjupa (Central / Group 4)","Current","Current","Current",499030.981196808,0,0,499031,0
"Giraffe","Browser","Woodland_Browser",850,7756.25,1212024065.2855,156264.18247033,"Forage-limited potential carrying capacity","Estimated",5946321.81049356,10245.6165617956,0.172301750364654,"Cluster","Cluster_3","Cluster B — Omaheke & Otjozondjupa (Central / Group 4)","Current","Current","Current",156264.18247033,0,0,156264,0
"Hartmann's zebra","Grazer","Arid_Grazer",280,2555,679465240.24563,265935.514773241,"Forage-limited potential carrying capacity","Estimated",5946321.81049356,10245.6165617956,0.172301750364654,"Cluster","Cluster_3","Cluster B — Omaheke & Otjozondjupa (Central / Group 4)","Current","Current","Current",265935.514773241,0,0,265936,0
"Hippopotamus","Grazer","Wetland_Grazer",1400,12775,167229228.098172,13090.3505360604,"Forage-limited potential carrying capacity","Estimated",5946321.81049356,10245.6165617956,0.172301750364654,"Cluster","Cluster_3","Cluster B — Omaheke & Otjozondjupa (Central / Group 4)","Current","Current","Current",13090.3505360604,0,0,13090,0
"Impala","Mixed","Mixed_Open",50,456.25,960979463.888899,2106256.35920855,"Forage-limited potential carrying capacity","Estimated",5946321.81049356,10245.6165617956,0.172301750364654,"Cluster","Cluster_3","Cluster B — Omaheke & Otjozondjupa (Central / Group 4)","Current","Current","Current",2106256.35920855,0,0,2106256,0
"Klipspringer","Browser","Rocky_Browser",11,100.375,1066389292.27588,10624052.7250399,"Forage-limited potential carrying capacity","Estimated",5946321.81049356,10245.6165617956,0.172301750364654,"Cluster","Cluster_3","Cluster B — Omaheke & Otjozondjupa (Central / Group 4)","Current","Current","Current",10624052.7250399,0,0,10624053,0
"Kudu","Browser","Woodland_Browser",190,1733.75,1212024065.2855,699076.605788319,"Forage-limited potential carrying capacity","Estimated",5946321.81049356,10245.6165617956,0.172301750364654,"Cluster","Cluster_3","Cluster B — Omaheke & Otjozondjupa (Central / Group 4)","Current","Current","Current",699076.605788319,0,0,699077,0
"Leopard","Carnivore","Carnivore",50,,,,"Prey biomass required - not estimated from forage","Not estimated: requires local preferred-prey biomass/density data",5946321.81049356,10245.6165617956,0.172301750364654,"Cluster","Cluster_3","Cluster B — Omaheke & Otjozondjupa (Central / Group 4)","Current","Current","Current",,,,,
"Ostrich","Mixed","Mixed_Open",100,912.5,960979463.888899,1053128.17960427,"Forage-limited potential carrying capacity","Estimated",5946321.81049356,10245.6165617956,0.172301750364654,"Cluster","Cluster_3","Cluster B — Omaheke & Otjozondjupa (Central / Group 4)","Current","Current","Current",1053128.17960427,0,0,1053128,0
"Red Hartebeest","Grazer","General_Grazer",150,1368.75,547962312.761528,400337.762748148,"Forage-limited potential carrying capacity","Estimated",5946321.81049356,10245.6165617956,0.172301750364654,"Cluster","Cluster_3","Cluster B — Omaheke & Otjozondjupa (Central / Group 4)","Current","Current","Current",400337.762748148,0,0,400338,0
"Red Lechwe","Grazer","Wetland_Grazer",80,730,167229228.098172,229081.134381058,"Forage-limited potential carrying capacity","Estimated",5946321.81049356,10245.6165617956,0.172301750364654,"Cluster","Cluster_3","Cluster B — Omaheke & Otjozondjupa (Central / Group 4)","Current","Current","Current",229081.134381058,0,0,229081,0
"Reedbuck","Grazer","Wetland_Grazer",45,410.625,167229228.098172,407255.350010769,"Forage-limited potential carrying capacity","Estimated",5946321.81049356,10245.6165617956,0.172301750364654,"Cluster","Cluster_3","Cluster B — Omaheke & Otjozondjupa (Central / Group 4)","Current","Current","Current",407255.350010769,0,0,407255,0
"Roan","Grazer","General_Grazer",240,2190,547962312.761528,250211.101717593,"Forage-limited potential carrying capacity","Estimated",5946321.81049356,10245.6165617956,0.172301750364654,"Cluster","Cluster_3","Cluster B — Omaheke & Otjozondjupa (Central / Group 4)","Current","Current","Current",250211.101717593,0,0,250211,0
"Sable","Grazer","General_Grazer",200,1825,547962312.761528,300253.322061111,"Forage-limited potential carrying capacity","Estimated",5946321.81049356,10245.6165617956,0.172301750364654,"Cluster","Cluster_3","Cluster B — Omaheke & Otjozondjupa (Central / Group 4)","Current","Current","Current",300253.322061111,0,0,300253,0
"Spotted Hyaena","Carnivore","Carnivore",55,,,,"Prey biomass required - not estimated from forage","Not estimated: requires local preferred-prey biomass/density data",5946321.81049356,10245.6165617956,0.172301750364654,"Cluster","Cluster_3","Cluster B — Omaheke & Otjozondjupa (Central / Group 4)","Current","Current","Current",,,,,
"Springbok","Grazer","Arid_Grazer",38,346.75,679465240.24563,1959524.84569756,"Forage-limited potential carrying capacity","Estimated",5946321.81049356,10245.6165617956,0.172301750364654,"Cluster","Cluster_3","Cluster B — Omaheke & Otjozondjupa (Central / Group 4)","Current","Current","Current",1959524.84569756,0,0,1959525,0
"Steenbok","Browser","Shrub_Browser",10,91.25,1422654371.30967,15590732.8362704,"Forage-limited potential carrying capacity","Estimated",5946321.81049356,10245.6165617956,0.172301750364654,"Cluster","Cluster_3","Cluster B — Omaheke & Otjozondjupa (Central / Group 4)","Current","Current","Current",15590732.8362704,0,0,15590733,0
"Vervet monkey","Omnivore","Omnivore",5,45.625,726434292.125253,15921847.4986357,"Forage-limited potential carrying capacity","Estimated",5946321.81049356,10245.6165617956,0.172301750364654,"Cluster","Cluster_3","Cluster B — Omaheke & Otjozondjupa (Central / Group 4)","Current","Current","Current",15921847.4986357,0,0,15921847,0
"Warthog","Grazer","General_Grazer",70,638.75,547962312.761528,857866.634460317,"Forage-limited potential carrying capacity","Estimated",5946321.81049356,10245.6165617956,0.172301750364654,"Cluster","Cluster_3","Cluster B — Omaheke & Otjozondjupa (Central / Group 4)","Current","Current","Current",857866.634460317,0,0,857867,0
"Baboon","Omnivore","Omnivore",24,219,341897852.102462,1561177.40686056,"Forage-limited potential carrying capacity","Estimated",5126424.88987576,596.71867974475,0.0116400550590962,"Cluster","Cluster_4","Cluster E — Kunene (North)","Current","Current","Current",1561177.40686056,0,0,1561177,0
"Black rhinoceros","Browser","Shrub_Browser",1000,9125,639040624.735606,70031.8492860938,"Forage-limited potential carrying capacity","Estimated",5126424.88987576,596.71867974475,0.0116400550590962,"Cluster","Cluster_4","Cluster E — Kunene (North)","Current","Current","Current",70031.8492860938,0,0,70032,0
"Black-backed Jackal","Carnivore","Carnivore",8.5,,,,"Prey biomass required - not estimated from forage","Not estimated: requires local preferred-prey biomass/density data",5126424.88987576,596.71867974475,0.0116400550590962,"Cluster","Cluster_4","Cluster E — Kunene (North)","Current","Current","Current",,,,,
"Black-faced Impala","Mixed","Mixed_Open",50,456.25,477342651.713616,1046230.4695093,"Forage-limited potential carrying capacity","Estimated",5126424.88987576,596.71867974475,0.0116400550590962,"Cluster","Cluster_4","Cluster E — Kunene (North)","Current","Current","Current",1046230.4695093,0,0,1046230,0
"Blue wildebeest","Grazer","General_Grazer",220,2007.5,316321604.971575,157569.9153034,"Forage-limited potential carrying capacity","Estimated",5126424.88987576,596.71867974475,0.0116400550590962,"Cluster","Cluster_4","Cluster E — Kunene (North)","Current","Current","Current",157569.9153034,0,0,157570,0
"Buffalo","Grazer","General_Grazer",500,4562.5,316321604.971575,69330.7627334959,"Forage-limited potential carrying capacity","Estimated",5126424.88987576,596.71867974475,0.0116400550590962,"Cluster","Cluster_4","Cluster E — Kunene (North)","Current","Current","Current",69330.7627334959,0,0,69331,0
"Burchell's zebra","Grazer","General_Grazer",320,2920,316321604.971575,108329.316771087,"Forage-limited potential carrying capacity","Estimated",5126424.88987576,596.71867974475,0.0116400550590962,"Cluster","Cluster_4","Cluster E — Kunene (North)","Current","Current","Current",108329.316771087,0,0,108329,0
"Bushpig","Omnivore","Omnivore",60,547.5,341897852.102462,624470.962744223,"Forage-limited potential carrying capacity","Estimated",5126424.88987576,596.71867974475,0.0116400550590962,"Cluster","Cluster_4","Cluster E — Kunene (North)","Current","Current","Current",624470.962744223,0,0,624471,0
"Cheetah","Carnivore","Carnivore",45,,,,"Prey biomass required - not estimated from forage","Not estimated: requires local preferred-prey biomass/density data",5126424.88987576,596.71867974475,0.0116400550590962,"Cluster","Cluster_4","Cluster E — Kunene (North)","Current","Current","Current",,,,,
"Damara dik dik","Browser","Shrub_Browser",5,45.625,639040624.735606,14006369.8572188,"Forage-limited potential carrying capacity","Estimated",5126424.88987576,596.71867974475,0.0116400550590962,"Cluster","Cluster_4","Cluster E — Kunene (North)","Current","Current","Current",14006369.8572188,0,0,14006370,0
"Duiker","Browser","Woodland_Browser",17.5,159.6875,526265951.950752,3295598.91632565,"Forage-limited potential carrying capacity","Estimated",5126424.88987576,596.71867974475,0.0116400550590962,"Cluster","Cluster_4","Cluster E — Kunene (North)","Current","Current","Current",3295598.91632565,0,0,3295599,0
"Eland","Mixed","Mixed_Open",500,4562.5,477342651.713616,104623.04695093,"Forage-limited potential carrying capacity","Estimated",5126424.88987576,596.71867974475,0.0116400550590962,"Cluster","Cluster_4","Cluster E — Kunene (North)","Current","Current","Current",104623.04695093,0,0,104623,0
"Elephant","Mixed","Large_Mixed",3500,31937.5,521164247.456038,16318.2543234767,"Forage-limited potential carrying capacity","Estimated",5126424.88987576,596.71867974475,0.0116400550590962,"Cluster","Cluster_4","Cluster E — Kunene (North)","Current","Current","Current",16318.2543234767,0,0,16318,0
"Gemsbok","Mixed","Arid_Mixed",210,1916.25,504779971.259442,263420.728641587,"Forage-limited potential carrying capacity","Estimated",5126424.88987576,596.71867974475,0.0116400550590962,"Cluster","Cluster_4","Cluster E — Kunene (North)","Current","Current","Current",263420.728641587,0,0,263421,0
"Giraffe","Browser","Woodland_Browser",850,7756.25,526265951.950752,67850.5659243516,"Forage-limited potential carrying capacity","Estimated",5126424.88987576,596.71867974475,0.0116400550590962,"Cluster","Cluster_4","Cluster E — Kunene (North)","Current","Current","Current",67850.5659243516,0,0,67851,0
"Hartmann's zebra","Grazer","Arid_Grazer",280,2555,400904863.78045,156909.927115636,"Forage-limited potential carrying capacity","Estimated",5126424.88987576,596.71867974475,0.0116400550590962,"Cluster","Cluster_4","Cluster E — Kunene (North)","Current","Current","Current",156909.927115636,0,0,156910,0
"Hippopotamus","Grazer","Wetland_Grazer",1400,12775,99485312.3183465,7787.49998578055,"Forage-limited potential carrying capacity","Estimated",5126424.88987576,596.71867974475,0.0116400550590962,"Cluster","Cluster_4","Cluster E — Kunene (North)","Current","Current","Current",7787.49998578055,0,0,7787,0
"Impala","Mixed","Mixed_Open",50,456.25,477342651.713616,1046230.4695093,"Forage-limited potential carrying capacity","Estimated",5126424.88987576,596.71867974475,0.0116400550590962,"Cluster","Cluster_4","Cluster E — Kunene (North)","Current","Current","Current",1046230.4695093,0,0,1046230,0
"Klipspringer","Browser","Rocky_Browser",11,100.375,524014672.710787,5220569.59114109,"Forage-limited potential carrying capacity","Estimated",5126424.88987576,596.71867974475,0.0116400550590962,"Cluster","Cluster_4","Cluster E — Kunene (North)","Current","Current","Current",5220569.59114109,0,0,5220570,0
"Kudu","Browser","Woodland_Browser",190,1733.75,526265951.950752,303542.005451046,"Forage-limited potential carrying capacity","Estimated",5126424.88987576,596.71867974475,0.0116400550590962,"Cluster","Cluster_4","Cluster E — Kunene (North)","Current","Current","Current",303542.005451046,0,0,303542,0
"Leopard","Carnivore","Carnivore",50,,,,"Prey biomass required - not estimated from forage","Not estimated: requires local preferred-prey biomass/density data",5126424.88987576,596.71867974475,0.0116400550590962,"Cluster","Cluster_4","Cluster E — Kunene (North)","Current","Current","Current",,,,,
"Ostrich","Mixed","Mixed_Open",100,912.5,477342651.713616,523115.234754648,"Forage-limited potential carrying capacity","Estimated",5126424.88987576,596.71867974475,0.0116400550590962,"Cluster","Cluster_4","Cluster E — Kunene (North)","Current","Current","Current",523115.234754648,0,0,523115,0
"Red Hartebeest","Grazer","General_Grazer",150,1368.75,316321604.971575,231102.542444986,"Forage-limited potential carrying capacity","Estimated",5126424.88987576,596.71867974475,0.0116400550590962,"Cluster","Cluster_4","Cluster E — Kunene (North)","Current","Current","Current",231102.542444986,0,0,231103,0
"Red Lechwe","Grazer","Wetland_Grazer",80,730,99485312.3183465,136281.24975116,"Forage-limited potential carrying capacity","Estimated",5126424.88987576,596.71867974475,0.0116400550590962,"Cluster","Cluster_4","Cluster E — Kunene (North)","Current","Current","Current",136281.24975116,0,0,136281,0
"Reedbuck","Grazer","Wetland_Grazer",45,410.625,99485312.3183465,242277.777335395,"Forage-limited potential carrying capacity","Estimated",5126424.88987576,596.71867974475,0.0116400550590962,"Cluster","Cluster_4","Cluster E — Kunene (North)","Current","Current","Current",242277.777335395,0,0,242278,0
"Roan","Grazer","General_Grazer",240,2190,316321604.971575,144439.089028116,"Forage-limited potential carrying capacity","Estimated",5126424.88987576,596.71867974475,0.0116400550590962,"Cluster","Cluster_4","Cluster E — Kunene (North)","Current","Current","Current",144439.089028116,0,0,144439,0
"Sable","Grazer","General_Grazer",200,1825,316321604.971575,173326.90683374,"Forage-limited potential carrying capacity","Estimated",5126424.88987576,596.71867974475,0.0116400550590962,"Cluster","Cluster_4","Cluster E — Kunene (North)","Current","Current","Current",173326.90683374,0,0,173327,0
"Spotted Hyaena","Carnivore","Carnivore",55,,,,"Prey biomass required - not estimated from forage","Not estimated: requires local preferred-prey biomass/density data",5126424.88987576,596.71867974475,0.0116400550590962,"Cluster","Cluster_4","Cluster E — Kunene (North)","Current","Current","Current",,,,,
"Springbok","Grazer","Arid_Grazer",38,346.75,400904863.78045,1156178.41032574,"Forage-limited potential carrying capacity","Estimated",5126424.88987576,596.71867974475,0.0116400550590962,"Cluster","Cluster_4","Cluster E — Kunene (North)","Current","Current","Current",1156178.41032574,0,0,1156178,0
"Steenbok","Browser","Shrub_Browser",10,91.25,639040624.735606,7003184.92860938,"Forage-limited potential carrying capacity","Estimated",5126424.88987576,596.71867974475,0.0116400550590962,"Cluster","Cluster_4","Cluster E — Kunene (North)","Current","Current","Current",7003184.92860938,0,0,7003185,0
"Vervet monkey","Omnivore","Omnivore",5,45.625,341897852.102462,7493651.55293068,"Forage-limited potential carrying capacity","Estimated",5126424.88987576,596.71867974475,0.0116400550590962,"Cluster","Cluster_4","Cluster E — Kunene (North)","Current","Current","Current",7493651.55293068,0,0,7493652,0
"Warthog","Grazer","General_Grazer",70,638.75,316321604.971575,495219.733810685,"Forage-limited potential carrying capacity","Estimated",5126424.88987576,596.71867974475,0.0116400550590962,"Cluster","Cluster_4","Cluster E — Kunene (North)","Current","Current","Current",495219.733810685,0,0,495220,0
"Baboon","Omnivore","Omnivore",24,219,171520033.412103,783196.499598643,"Forage-limited potential carrying capacity","Estimated",1422473.1935077,908.663016745588,0.0638790959923049,"Cluster","Cluster_5","Cluster D — Omusati, Oshana, Oshikoto & Ohangwena","Current","Current","Current",783196.499598643,0,0,783196,0
"Black rhinoceros","Browser","Shrub_Browser",1000,9125,262893315.103491,28810.2263127114,"Forage-limited potential carrying capacity","Estimated",1422473.1935077,908.663016745588,0.0638790959923049,"Cluster","Cluster_5","Cluster D — Omusati, Oshana, Oshikoto & Ohangwena","Current","Current","Current",28810.2263127114,0,0,28810,0
"Black-backed Jackal","Carnivore","Carnivore",8.5,,,,"Prey biomass required - not estimated from forage","Not estimated: requires local preferred-prey biomass/density data",1422473.1935077,908.663016745588,0.0638790959923049,"Cluster","Cluster_5","Cluster D — Omusati, Oshana, Oshikoto & Ohangwena","Current","Current","Current",,,,,
"Black-faced Impala","Mixed","Mixed_Open",50,456.25,271786600.915041,595696.659539816,"Forage-limited potential carrying capacity","Estimated",1422473.1935077,908.663016745588,0.0638790959923049,"Cluster","Cluster_5","Cluster D — Omusati, Oshana, Oshikoto & Ohangwena","Current","Current","Current",595696.659539816,0,0,595697,0
"Blue wildebeest","Grazer","General_Grazer",220,2007.5,231825312.200559,115479.607571885,"Forage-limited potential carrying capacity","Estimated",1422473.1935077,908.663016745588,0.0638790959923049,"Cluster","Cluster_5","Cluster D — Omusati, Oshana, Oshikoto & Ohangwena","Current","Current","Current",115479.607571885,0,0,115480,0
"Buffalo","Grazer","General_Grazer",500,4562.5,231825312.200559,50811.0273316293,"Forage-limited potential carrying capacity","Estimated",1422473.1935077,908.663016745588,0.0638790959923049,"Cluster","Cluster_5","Cluster D — Omusati, Oshana, Oshikoto & Ohangwena","Current","Current","Current",50811.0273316293,0,0,50811,0
"Burchell's zebra","Grazer","General_Grazer",320,2920,231825312.200559,79392.2302056708,"Forage-limited potential carrying capacity","Estimated",1422473.1935077,908.663016745588,0.0638790959923049,"Cluster","Cluster_5","Cluster D — Omusati, Oshana, Oshikoto & Ohangwena","Current","Current","Current",79392.2302056708,0,0,79392,0
"Bushpig","Omnivore","Omnivore",60,547.5,171520033.412103,313278.599839457,"Forage-limited potential carrying capacity","Estimated",1422473.1935077,908.663016745588,0.0638790959923049,"Cluster","Cluster_5","Cluster D — Omusati, Oshana, Oshikoto & Ohangwena","Current","Current","Current",313278.599839457,0,0,313279,0
"Cheetah","Carnivore","Carnivore",45,,,,"Prey biomass required - not estimated from forage","Not estimated: requires local preferred-prey biomass/density data",1422473.1935077,908.663016745588,0.0638790959923049,"Cluster","Cluster_5","Cluster D — Omusati, Oshana, Oshikoto & Ohangwena","Current","Current","Current",,,,,
"Damara dik dik","Browser","Shrub_Browser",5,45.625,262893315.103491,5762045.26254227,"Forage-limited potential carrying capacity","Estimated",1422473.1935077,908.663016745588,0.0638790959923049,"Cluster","Cluster_5","Cluster D — Omusati, Oshana, Oshikoto & Ohangwena","Current","Current","Current",5762045.26254227,0,0,5762045,0
"Duiker","Browser","Woodland_Browser",17.5,159.6875,222341910.24954,1392356.38512432,"Forage-limited potential carrying capacity","Estimated",1422473.1935077,908.663016745588,0.0638790959923049,"Cluster","Cluster_5","Cluster D — Omusati, Oshana, Oshikoto & Ohangwena","Current","Current","Current",1392356.38512432,0,0,1392356,0
"Eland","Mixed","Mixed_Open",500,4562.5,271786600.915041,59569.6659539816,"Forage-limited potential carrying capacity","Estimated",1422473.1935077,908.663016745588,0.0638790959923049,"Cluster","Cluster_5","Cluster D — Omusati, Oshana, Oshikoto & Ohangwena","Current","Current","Current",59569.6659539816,0,0,59570,0
"Elephant","Mixed","Large_Mixed",3500,31937.5,257600949.30127,8065.78314837636,"Forage-limited potential carrying capacity","Estimated",1422473.1935077,908.663016745588,0.0638790959923049,"Cluster","Cluster_5","Cluster D — Omusati, Oshana, Oshikoto & Ohangwena","Current","Current","Current",8065.78314837636,0,0,8066,0
"Gemsbok","Mixed","Arid_Mixed",210,1916.25,263129308.161193,137314.707455286,"Forage-limited potential carrying capacity","Estimated",1422473.1935077,908.663016745588,0.0638790959923049,"Cluster","Cluster_5","Cluster D — Omusati, Oshana, Oshikoto & Ohangwena","Current","Current","Current",137314.707455286,0,0,137315,0
"Giraffe","Browser","Woodland_Browser",850,7756.25,222341910.24954,28666.1608702066,"Forage-limited potential carrying capacity","Estimated",1422473.1935077,908.663016745588,0.0638790959923049,"Cluster","Cluster_5","Cluster D — Omusati, Oshana, Oshikoto & Ohangwena","Current","Current","Current",28666.1608702066,0,0,28666,0
"Hartmann's zebra","Grazer","Arid_Grazer",280,2555,231734234.621038,90698.3305757486,"Forage-limited potential carrying capacity","Estimated",1422473.1935077,908.663016745588,0.0638790959923049,"Cluster","Cluster_5","Cluster D — Omusati, Oshana, Oshikoto & Ohangwena","Current","Current","Current",90698.3305757486,0,0,90698,0
"Hippopotamus","Grazer","Wetland_Grazer",1400,12775,91638302.7441988,7173.25266099403,"Forage-limited potential carrying capacity","Estimated",1422473.1935077,908.663016745588,0.0638790959923049,"Cluster","Cluster_5","Cluster D — Omusati, Oshana, Oshikoto & Ohangwena","Current","Current","Current",7173.25266099403,0,0,7173,0
"Impala","Mixed","Mixed_Open",50,456.25,271786600.915041,595696.659539816,"Forage-limited potential carrying capacity","Estimated",1422473.1935077,908.663016745588,0.0638790959923049,"Cluster","Cluster_5","Cluster D — Omusati, Oshana, Oshikoto & Ohangwena","Current","Current","Current",595696.659539816,0,0,595697,0
"Klipspringer","Browser","Rocky_Browser",11,100.375,196837058.859777,1961016.77568894,"Forage-limited potential carrying capacity","Estimated",1422473.1935077,908.663016745588,0.0638790959923049,"Cluster","Cluster_5","Cluster D — Omusati, Oshana, Oshikoto & Ohangwena","Current","Current","Current",1961016.77568894,0,0,1961017,0
"Kudu","Browser","Woodland_Browser",190,1733.75,222341910.24954,128243.351261451,"Forage-limited potential carrying capacity","Estimated",1422473.1935077,908.663016745588,0.0638790959923049,"Cluster","Cluster_5","Cluster D — Omusati, Oshana, Oshikoto & Ohangwena","Current","Current","Current",128243.351261451,0,0,128243,0
"Leopard","Carnivore","Carnivore",50,,,,"Prey biomass required - not estimated from forage","Not estimated: requires local preferred-prey biomass/density data",1422473.1935077,908.663016745588,0.0638790959923049,"Cluster","Cluster_5","Cluster D — Omusati, Oshana, Oshikoto & Ohangwena","Current","Current","Current",,,,,
"Ostrich","Mixed","Mixed_Open",100,912.5,271786600.915041,297848.329769908,"Forage-limited potential carrying capacity","Estimated",1422473.1935077,908.663016745588,0.0638790959923049,"Cluster","Cluster_5","Cluster D — Omusati, Oshana, Oshikoto & Ohangwena","Current","Current","Current",297848.329769908,0,0,297848,0
"Red Hartebeest","Grazer","General_Grazer",150,1368.75,231825312.200559,169370.091105431,"Forage-limited potential carrying capacity","Estimated",1422473.1935077,908.663016745588,0.0638790959923049,"Cluster","Cluster_5","Cluster D — Omusati, Oshana, Oshikoto & Ohangwena","Current","Current","Current",169370.091105431,0,0,169370,0
"Red Lechwe","Grazer","Wetland_Grazer",80,730,91638302.7441988,125531.921567396,"Forage-limited potential carrying capacity","Estimated",1422473.1935077,908.663016745588,0.0638790959923049,"Cluster","Cluster_5","Cluster D — Omusati, Oshana, Oshikoto & Ohangwena","Current","Current","Current",125531.921567396,0,0,125532,0
"Reedbuck","Grazer","Wetland_Grazer",45,410.625,91638302.7441988,223167.860564259,"Forage-limited potential carrying capacity","Estimated",1422473.1935077,908.663016745588,0.0638790959923049,"Cluster","Cluster_5","Cluster D — Omusati, Oshana, Oshikoto & Ohangwena","Current","Current","Current",223167.860564259,0,0,223168,0
"Roan","Grazer","General_Grazer",240,2190,231825312.200559,105856.306940894,"Forage-limited potential carrying capacity","Estimated",1422473.1935077,908.663016745588,0.0638790959923049,"Cluster","Cluster_5","Cluster D — Omusati, Oshana, Oshikoto & Ohangwena","Current","Current","Current",105856.306940894,0,0,105856,0
"Sable","Grazer","General_Grazer",200,1825,231825312.200559,127027.568329073,"Forage-limited potential carrying capacity","Estimated",1422473.1935077,908.663016745588,0.0638790959923049,"Cluster","Cluster_5","Cluster D — Omusati, Oshana, Oshikoto & Ohangwena","Current","Current","Current",127027.568329073,0,0,127028,0
"Spotted Hyaena","Carnivore","Carnivore",55,,,,"Prey biomass required - not estimated from forage","Not estimated: requires local preferred-prey biomass/density data",1422473.1935077,908.663016745588,0.0638790959923049,"Cluster","Cluster_5","Cluster D — Omusati, Oshana, Oshikoto & Ohangwena","Current","Current","Current",,,,,
"Springbok","Grazer","Arid_Grazer",38,346.75,231734234.621038,668303.488452884,"Forage-limited potential carrying capacity","Estimated",1422473.1935077,908.663016745588,0.0638790959923049,"Cluster","Cluster_5","Cluster D — Omusati, Oshana, Oshikoto & Ohangwena","Current","Current","Current",668303.488452884,0,0,668303,0
"Steenbok","Browser","Shrub_Browser",10,91.25,262893315.103491,2881022.63127114,"Forage-limited potential carrying capacity","Estimated",1422473.1935077,908.663016745588,0.0638790959923049,"Cluster","Cluster_5","Cluster D — Omusati, Oshana, Oshikoto & Ohangwena","Current","Current","Current",2881022.63127114,0,0,2881023,0
"Vervet monkey","Omnivore","Omnivore",5,45.625,171520033.412103,3759343.19807349,"Forage-limited potential carrying capacity","Estimated",1422473.1935077,908.663016745588,0.0638790959923049,"Cluster","Cluster_5","Cluster D — Omusati, Oshana, Oshikoto & Ohangwena","Current","Current","Current",3759343.19807349,0,0,3759343,0
"Warthog","Grazer","General_Grazer",70,638.75,231825312.200559,362935.909511638,"Forage-limited potential carrying capacity","Estimated",1422473.1935077,908.663016745588,0.0638790959923049,"Cluster","Cluster_5","Cluster D — Omusati, Oshana, Oshikoto & Ohangwena","Current","Current","Current",362935.909511638,0,0,362936,0
"Baboon","Omnivore","Omnivore",24,219,48323941.793529,220657.268463603,"Forage-limited potential carrying capacity","Estimated",797331.445462821,0,0,"Cluster","Cluster_6","Cluster F —    //Karas,Hardap","Current","Current","Current",220657.268463603,0,0,220657,0
"Black rhinoceros","Browser","Shrub_Browser",1000,9125,51186029.4785791,5609.42788806347,"Forage-limited potential carrying capacity","Estimated",797331.445462821,0,0,"Cluster","Cluster_6","Cluster F —    //Karas,Hardap","Current","Current","Current",5609.42788806347,0,0,5609,0
"Black-backed Jackal","Carnivore","Carnivore",8.5,,,,"Prey biomass required - not estimated from forage","Not estimated: requires local preferred-prey biomass/density data",797331.445462821,0,0,"Cluster","Cluster_6","Cluster F —    //Karas,Hardap","Current","Current","Current",,,,,
"Black-faced Impala","Mixed","Mixed_Open",50,456.25,94626477.0017328,207400.497538045,"Forage-limited potential carrying capacity","Estimated",797331.445462821,0,0,"Cluster","Cluster_6","Cluster F —    //Karas,Hardap","Current","Current","Current",207400.497538045,0,0,207400,0
"Blue wildebeest","Grazer","General_Grazer",220,2007.5,104232227.300452,51921.408368843,"Forage-limited potential carrying capacity","Estimated",797331.445462821,0,0,"Cluster","Cluster_6","Cluster F —    //Karas,Hardap","Current","Current","Current",51921.408368843,0,0,51921,0
"Buffalo","Grazer","General_Grazer",500,4562.5,104232227.300452,22845.4196822909,"Forage-limited potential carrying capacity","Estimated",797331.445462821,0,0,"Cluster","Cluster_6","Cluster F —    //Karas,Hardap","Current","Current","Current",22845.4196822909,0,0,22845,0
"Burchell's zebra","Grazer","General_Grazer",320,2920,104232227.300452,35695.9682535795,"Forage-limited potential carrying capacity","Estimated",797331.445462821,0,0,"Cluster","Cluster_6","Cluster F —    //Karas,Hardap","Current","Current","Current",35695.9682535795,0,0,35696,0
"Bushpig","Omnivore","Omnivore",60,547.5,48323941.793529,88262.9073854411,"Forage-limited potential carrying capacity","Estimated",797331.445462821,0,0,"Cluster","Cluster_6","Cluster F —    //Karas,Hardap","Current","Current","Current",88262.9073854411,0,0,88263,0
"Cheetah","Carnivore","Carnivore",45,,,,"Prey biomass required - not estimated from forage","Not estimated: requires local preferred-prey biomass/density data",797331.445462821,0,0,"Cluster","Cluster_6","Cluster F —    //Karas,Hardap","Current","Current","Current",,,,,
"Damara dik dik","Browser","Shrub_Browser",5,45.625,51186029.4785791,1121885.57761269,"Forage-limited potential carrying capacity","Estimated",797331.445462821,0,0,"Cluster","Cluster_6","Cluster F —    //Karas,Hardap","Current","Current","Current",1121885.57761269,0,0,1121886,0
"Duiker","Browser","Woodland_Browser",17.5,159.6875,39047735.8806847,244525.938978847,"Forage-limited potential carrying capacity","Estimated",797331.445462821,0,0,"Cluster","Cluster_6","Cluster F —    //Karas,Hardap","Current","Current","Current",244525.938978847,0,0,244526,0
"Eland","Mixed","Mixed_Open",500,4562.5,94626477.0017328,20740.0497538045,"Forage-limited potential carrying capacity","Estimated",797331.445462821,0,0,"Cluster","Cluster_6","Cluster F —    //Karas,Hardap","Current","Current","Current",20740.0497538045,0,0,20740,0
"Elephant","Mixed","Large_Mixed",3500,31937.5,75861101.2339543,2375.29866877352,"Forage-limited potential carrying capacity","Estimated",797331.445462821,0,0,"Cluster","Cluster_6","Cluster F —    //Karas,Hardap","Current","Current","Current",2375.29866877352,0,0,2375,0
"Gemsbok","Mixed","Arid_Mixed",210,1916.25,95596195.7820692,49887.1210865332,"Forage-limited potential carrying capacity","Estimated",797331.445462821,0,0,"Cluster","Cluster_6","Cluster F —    //Karas,Hardap","Current","Current","Current",49887.1210865332,0,0,49887,0
"Giraffe","Browser","Woodland_Browser",850,7756.25,39047735.8806847,5034.35756721156,"Forage-limited potential carrying capacity","Estimated",797331.445462821,0,0,"Cluster","Cluster_6","Cluster F —    //Karas,Hardap","Current","Current","Current",5034.35756721156,0,0,5034,0
"Hartmann's zebra","Grazer","Arid_Grazer",280,2555,100074076.545554,39167.9360256571,"Forage-limited potential carrying capacity","Estimated",797331.445462821,0,0,"Cluster","Cluster_6","Cluster F —    //Karas,Hardap","Current","Current","Current",39167.9360256571,0,0,39168,0
"Hippopotamus","Grazer","Wetland_Grazer",1400,12775,43771249.145855,3426.32087247397,"Forage-limited potential carrying capacity","Estimated",797331.445462821,0,0,"Cluster","Cluster_6","Cluster F —    //Karas,Hardap","Current","Current","Current",3426.32087247397,0,0,3426,0
"Impala","Mixed","Mixed_Open",50,456.25,94626477.0017328,207400.497538045,"Forage-limited potential carrying capacity","Estimated",797331.445462821,0,0,"Cluster","Cluster_6","Cluster F —    //Karas,Hardap","Current","Current","Current",207400.497538045,0,0,207400,0
"Klipspringer","Browser","Rocky_Browser",11,100.375,46114342.9765924,459420.602506524,"Forage-limited potential carrying capacity","Estimated",797331.445462821,0,0,"Cluster","Cluster_6","Cluster F —    //Karas,Hardap","Current","Current","Current",459420.602506524,0,0,459421,0
"Kudu","Browser","Woodland_Browser",190,1733.75,39047735.8806847,22522.125958578,"Forage-limited potential carrying capacity","Estimated",797331.445462821,0,0,"Cluster","Cluster_6","Cluster F —    //Karas,Hardap","Current","Current","Current",22522.125958578,0,0,22522,0
"Leopard","Carnivore","Carnivore",50,,,,"Prey biomass required - not estimated from forage","Not estimated: requires local preferred-prey biomass/density data",797331.445462821,0,0,"Cluster","Cluster_6","Cluster F —    //Karas,Hardap","Current","Current","Current",,,,,
"Ostrich","Mixed","Mixed_Open",100,912.5,94626477.0017328,103700.248769022,"Forage-limited potential carrying capacity","Estimated",797331.445462821,0,0,"Cluster","Cluster_6","Cluster F —    //Karas,Hardap","Current","Current","Current",103700.248769022,0,0,103700,0
"Red Hartebeest","Grazer","General_Grazer",150,1368.75,104232227.300452,76151.3989409697,"Forage-limited potential carrying capacity","Estimated",797331.445462821,0,0,"Cluster","Cluster_6","Cluster F —    //Karas,Hardap","Current","Current","Current",76151.3989409697,0,0,76151,0
"Red Lechwe","Grazer","Wetland_Grazer",80,730,43771249.145855,59960.6152682945,"Forage-limited potential carrying capacity","Estimated",797331.445462821,0,0,"Cluster","Cluster_6","Cluster F —    //Karas,Hardap","Current","Current","Current",59960.6152682945,0,0,59961,0
"Reedbuck","Grazer","Wetland_Grazer",45,410.625,43771249.145855,106596.649365857,"Forage-limited potential carrying capacity","Estimated",797331.445462821,0,0,"Cluster","Cluster_6","Cluster F —    //Karas,Hardap","Current","Current","Current",106596.649365857,0,0,106597,0
"Roan","Grazer","General_Grazer",240,2190,104232227.300452,47594.6243381061,"Forage-limited potential carrying capacity","Estimated",797331.445462821,0,0,"Cluster","Cluster_6","Cluster F —    //Karas,Hardap","Current","Current","Current",47594.6243381061,0,0,47595,0
"Sable","Grazer","General_Grazer",200,1825,104232227.300452,57113.5492057273,"Forage-limited potential carrying capacity","Estimated",797331.445462821,0,0,"Cluster","Cluster_6","Cluster F —    //Karas,Hardap","Current","Current","Current",57113.5492057273,0,0,57114,0
"Spotted Hyaena","Carnivore","Carnivore",55,,,,"Prey biomass required - not estimated from forage","Not estimated: requires local preferred-prey biomass/density data",797331.445462821,0,0,"Cluster","Cluster_6","Cluster F —    //Karas,Hardap","Current","Current","Current",,,,,
"Springbok","Grazer","Arid_Grazer",38,346.75,100074076.545554,288605.844399578,"Forage-limited potential carrying capacity","Estimated",797331.445462821,0,0,"Cluster","Cluster_6","Cluster F —    //Karas,Hardap","Current","Current","Current",288605.844399578,0,0,288606,0
"Steenbok","Browser","Shrub_Browser",10,91.25,51186029.4785791,560942.788806347,"Forage-limited potential carrying capacity","Estimated",797331.445462821,0,0,"Cluster","Cluster_6","Cluster F —    //Karas,Hardap","Current","Current","Current",560942.788806347,0,0,560943,0
"Vervet monkey","Omnivore","Omnivore",5,45.625,48323941.793529,1059154.88862529,"Forage-limited potential carrying capacity","Estimated",797331.445462821,0,0,"Cluster","Cluster_6","Cluster F —    //Karas,Hardap","Current","Current","Current",1059154.88862529,0,0,1059155,0
"Warthog","Grazer","General_Grazer",70,638.75,104232227.300452,163181.569159221,"Forage-limited potential carrying capacity","Estimated",797331.445462821,0,0,"Cluster","Cluster_6","Cluster F —    //Karas,Hardap","Current","Current","Current",163181.569159221,0,0,163182,0
"Baboon","Omnivore","Omnivore",24,219,99658598.96251,455062.095719224,"Forage-limited potential carrying capacity","Estimated",2738207.08076389,0,0,"Cluster","Cluster_1","Cluster A — South, Kunene South & Erongo","SSP245_2050","Without_Intervention","SSP245_2050_Without_Intervention",477431.876110126,-22369.7803909023,-4.6854392239496,455062,-22370
"Black rhinoceros","Browser","Shrub_Browser",1000,9125,180763404.469384,19809.6881610284,"Forage-limited potential carrying capacity","Estimated",2738207.08076389,0,0,"Cluster","Cluster_1","Cluster A — South, Kunene South & Erongo","SSP245_2050","Without_Intervention","SSP245_2050_Without_Intervention",20045.6486354135,-235.960474385109,-1.17711568568677,19810,-236
"Black-backed Jackal","Carnivore","Carnivore",8.5,,,,"Prey biomass required - not estimated from forage","Not estimated: requires local preferred-prey biomass/density data",2738207.08076389,0,0,"Cluster","Cluster_1","Cluster A — South, Kunene South & Erongo","SSP245_2050","Without_Intervention","SSP245_2050_Without_Intervention",,,,,
"Black-faced Impala","Mixed","Mixed_Open",50,456.25,144424465.20376,316546.773049336,"Forage-limited potential carrying capacity","Estimated",2738207.08076389,0,0,"Cluster","Cluster_1","Cluster A — South, Kunene South & Erongo","SSP245_2050","Without_Intervention","SSP245_2050_Without_Intervention",341928.046232009,-25381.2731826723,-7.42298663779405,316547,-25381
"Blue wildebeest","Grazer","General_Grazer",220,2007.5,106053183.646948,52828.4850047063,"Forage-limited potential carrying capacity","Estimated",2738207.08076389,0,0,"Cluster","Cluster_1","Cluster A — South, Kunene South & Erongo","SSP245_2050","Without_Intervention","SSP245_2050_Without_Intervention",60235.6133902942,-7407.12838558791,-12.2969253049583,52828,-7407
"Buffalo","Grazer","General_Grazer",500,4562.5,106053183.646948,23244.5334020708,"Forage-limited potential carrying capacity","Estimated",2738207.08076389,0,0,"Cluster","Cluster_1","Cluster A — South, Kunene South & Erongo","SSP245_2050","Without_Intervention","SSP245_2050_Without_Intervention",26503.6698917294,-3259.13648965868,-12.2969253049583,23245,-3259
"Burchell's zebra","Grazer","General_Grazer",320,2920,106053183.646948,36319.5834407356,"Forage-limited potential carrying capacity","Estimated",2738207.08076389,0,0,"Cluster","Cluster_1","Cluster A — South, Kunene South & Erongo","SSP245_2050","Without_Intervention","SSP245_2050_Without_Intervention",41411.9842058272,-5092.40076509168,-12.2969253049582,36320,-5092
"Bushpig","Omnivore","Omnivore",60,547.5,99658598.96251,182024.838287689,"Forage-limited potential carrying capacity","Estimated",2738207.08076389,0,0,"Cluster","Cluster_1","Cluster A — South, Kunene South & Erongo","SSP245_2050","Without_Intervention","SSP245_2050_Without_Intervention",190972.75044405,-8947.91215636089,-4.68543922394959,182025,-8948
"Cheetah","Carnivore","Carnivore",45,,,,"Prey biomass required - not estimated from forage","Not estimated: requires local preferred-prey biomass/density data",2738207.08076389,0,0,"Cluster","Cluster_1","Cluster A — South, Kunene South & Erongo","SSP245_2050","Without_Intervention","SSP245_2050_Without_Intervention",,,,,
"Damara dik dik","Browser","Shrub_Browser",5,45.625,180763404.469384,3961937.63220567,"Forage-limited potential carrying capacity","Estimated",2738207.08076389,0,0,"Cluster","Cluster_1","Cluster A — South, Kunene South & Erongo","SSP245_2050","Without_Intervention","SSP245_2050_Without_Intervention",4009129.72708269,-47192.0948770214,-1.17711568568677,3961938,-47192
"Duiker","Browser","Woodland_Browser",17.5,159.6875,140488073.839125,879768.759853621,"Forage-limited potential carrying capacity","Estimated",2738207.08076389,0,0,"Cluster","Cluster_1","Cluster A — South, Kunene South & Erongo","SSP245_2050","Without_Intervention","SSP245_2050_Without_Intervention",889646.234001098,-9877.47414747602,-1.11026987694345,879769,-9877
"Eland","Mixed","Mixed_Open",500,4562.5,144424465.20376,31654.6773049336,"Forage-limited potential carrying capacity","Estimated",2738207.08076389,0,0,"Cluster","Cluster_1","Cluster A — South, Kunene South & Erongo","SSP245_2050","Without_Intervention","SSP245_2050_Without_Intervention",34192.8046232009,-2538.12731826723,-7.42298663779405,31655,-2538
"Elephant","Mixed","Large_Mixed",3500,31937.5,155591318.001794,4871.74381218925,"Forage-limited potential carrying capacity","Estimated",2738207.08076389,0,0,"Cluster","Cluster_1","Cluster A — South, Kunene South & Erongo","SSP245_2050","Without_Intervention","SSP245_2050_Without_Intervention",5112.50864522573,-240.764833036483,-4.7093286240468,4872,-241
"Gemsbok","Mixed","Arid_Mixed",210,1916.25,168453105.430052,87907.6871128776,"Forage-limited potential carrying capacity","Estimated",2738207.08076389,0,0,"Cluster","Cluster_1","Cluster A — South, Kunene South & Erongo","SSP245_2050","Without_Intervention","SSP245_2050_Without_Intervention",93522.6826369575,-5614.99552407992,-6.003886293421,87908,-5615
"Giraffe","Browser","Woodland_Browser",850,7756.25,140488073.839125,18112.8862322804,"Forage-limited potential carrying capacity","Estimated",2738207.08076389,0,0,"Cluster","Cluster_1","Cluster A — South, Kunene South & Erongo","SSP245_2050","Without_Intervention","SSP245_2050_Without_Intervention",18316.2459941402,-203.359761859803,-1.11026987694347,18113,-203
"Hartmann's zebra","Grazer","Arid_Grazer",280,2555,146813775.324942,57461.3602054568,"Forage-limited potential carrying capacity","Estimated",2738207.08076389,0,0,"Cluster","Cluster_1","Cluster A — South, Kunene South & Erongo","SSP245_2050","Without_Intervention","SSP245_2050_Without_Intervention",62330.7486966738,-4869.38849121703,-7.81217712450947,57461,-4869
"Hippopotamus","Grazer","Wetland_Grazer",1400,12775,31958638.3780054,2501.65466755424,"Forage-limited potential carrying capacity","Estimated",2738207.08076389,0,0,"Cluster","Cluster_1","Cluster A — South, Kunene South & Erongo","SSP245_2050","Without_Intervention","SSP245_2050_Without_Intervention",3030.43906859549,-528.784401041254,-17.4491018981724,2502,-529
"Impala","Mixed","Mixed_Open",50,456.25,144424465.20376,316546.773049336,"Forage-limited potential carrying capacity","Estimated",2738207.08076389,0,0,"Cluster","Cluster_1","Cluster A — South, Kunene South & Erongo","SSP245_2050","Without_Intervention","SSP245_2050_Without_Intervention",341928.046232009,-25381.2731826723,-7.42298663779405,316547,-25381
"Klipspringer","Browser","Rocky_Browser",11,100.375,171812709.917991,1711708.19345446,"Forage-limited potential carrying capacity","Estimated",2738207.08076389,0,0,"Cluster","Cluster_1","Cluster A — South, Kunene South & Erongo","SSP245_2050","Without_Intervention","SSP245_2050_Without_Intervention",1727101.59639763,-15393.4029431737,-0.89128531727844,1711708,-15393
"Kudu","Browser","Woodland_Browser",190,1733.75,140488073.839125,81031.3331444125,"Forage-limited potential carrying capacity","Estimated",2738207.08076389,0,0,"Cluster","Cluster_1","Cluster A — South, Kunene South & Erongo","SSP245_2050","Without_Intervention","SSP245_2050_Without_Intervention",81941.1005001011,-909.767355688586,-1.11026987694346,81031,-910
"Leopard","Carnivore","Carnivore",50,,,,"Prey biomass required - not estimated from forage","Not estimated: requires local preferred-prey biomass/density data",2738207.08076389,0,0,"Cluster","Cluster_1","Cluster A — South, Kunene South & Erongo","SSP245_2050","Without_Intervention","SSP245_2050_Without_Intervention",,,,,
"Ostrich","Mixed","Mixed_Open",100,912.5,144424465.20376,158273.386524668,"Forage-limited potential carrying capacity","Estimated",2738207.08076389,0,0,"Cluster","Cluster_1","Cluster A — South, Kunene South & Erongo","SSP245_2050","Without_Intervention","SSP245_2050_Without_Intervention",170964.023116004,-12690.6365913361,-7.42298663779405,158273,-12691
"Red Hartebeest","Grazer","General_Grazer",150,1368.75,106053183.646948,77481.7780069025,"Forage-limited potential carrying capacity","Estimated",2738207.08076389,0,0,"Cluster","Cluster_1","Cluster A — South, Kunene South & Erongo","SSP245_2050","Without_Intervention","SSP245_2050_Without_Intervention",88345.5663057648,-10863.7882988623,-12.2969253049583,77482,-10864
"Red Lechwe","Grazer","Wetland_Grazer",80,730,31958638.3780054,43778.9566821992,"Forage-limited potential carrying capacity","Estimated",2738207.08076389,0,0,"Cluster","Cluster_1","Cluster A — South, Kunene South & Erongo","SSP245_2050","Without_Intervention","SSP245_2050_Without_Intervention",53032.6837004211,-9253.72701822194,-17.4491018981724,43779,-9254
"Reedbuck","Grazer","Wetland_Grazer",45,410.625,31958638.3780054,77829.2563239096,"Forage-limited potential carrying capacity","Estimated",2738207.08076389,0,0,"Cluster","Cluster_1","Cluster A — South, Kunene South & Erongo","SSP245_2050","Without_Intervention","SSP245_2050_Without_Intervention",94280.3265785264,-16451.0702546168,-17.4491018981724,77829,-16451
"Roan","Grazer","General_Grazer",240,2190,106053183.646948,48426.1112543141,"Forage-limited potential carrying capacity","Estimated",2738207.08076389,0,0,"Cluster","Cluster_1","Cluster A — South, Kunene South & Erongo","SSP245_2050","Without_Intervention","SSP245_2050_Without_Intervention",55215.978941103,-6789.86768678892,-12.2969253049583,48426,-6790
"Sable","Grazer","General_Grazer",200,1825,106053183.646948,58111.3335051769,"Forage-limited potential carrying capacity","Estimated",2738207.08076389,0,0,"Cluster","Cluster_1","Cluster A — South, Kunene South & Erongo","SSP245_2050","Without_Intervention","SSP245_2050_Without_Intervention",66259.1747293236,-8147.8412241467,-12.2969253049583,58111,-8148
"Spotted Hyaena","Carnivore","Carnivore",55,,,,"Prey biomass required - not estimated from forage","Not estimated: requires local preferred-prey biomass/density data",2738207.08076389,0,0,"Cluster","Cluster_1","Cluster A — South, Kunene South & Erongo","SSP245_2050","Without_Intervention","SSP245_2050_Without_Intervention",,,,,
"Springbok","Grazer","Arid_Grazer",38,346.75,146813775.324942,423399.496250734,"Forage-limited potential carrying capacity","Estimated",2738207.08076389,0,0,"Cluster","Cluster_1","Cluster A — South, Kunene South & Erongo","SSP245_2050","Without_Intervention","SSP245_2050_Without_Intervention",459279.20092286,-35879.7046721255,-7.81217712450947,423399,-35880
"Steenbok","Browser","Shrub_Browser",10,91.25,180763404.469384,1980968.81610284,"Forage-limited potential carrying capacity","Estimated",2738207.08076389,0,0,"Cluster","Cluster_1","Cluster A — South, Kunene South & Erongo","SSP245_2050","Without_Intervention","SSP245_2050_Without_Intervention",2004564.86354135,-23596.0474385107,-1.17711568568677,1980969,-23596
"Vervet monkey","Omnivore","Omnivore",5,45.625,99658598.96251,2184298.05945227,"Forage-limited potential carrying capacity","Estimated",2738207.08076389,0,0,"Cluster","Cluster_1","Cluster A — South, Kunene South & Erongo","SSP245_2050","Without_Intervention","SSP245_2050_Without_Intervention",2291673.0053286,-107374.945876331,-4.6854392239496,2184298,-107375
"Warthog","Grazer","General_Grazer",70,638.75,106053183.646948,166032.381443363,"Forage-limited potential carrying capacity","Estimated",2738207.08076389,0,0,"Cluster","Cluster_1","Cluster A — South, Kunene South & Erongo","SSP245_2050","Without_Intervention","SSP245_2050_Without_Intervention",189311.927798067,-23279.5463547049,-12.2969253049583,166032,-23280
"Baboon","Omnivore","Omnivore",24,219,90367951.3159419,412639.047104757,"Forage-limited potential carrying capacity","Estimated",783233.539348635,121.515780112008,0.0155146292909091,"Cluster","Cluster_2","Cluster C — Kavango East, Kavango West & Zambezi","SSP245_2050","Without_Intervention","SSP245_2050_Without_Intervention",432975.3361786,-20336.2890738428,-4.69687009272374,412639,-20336
"Black rhinoceros","Browser","Shrub_Browser",1000,9125,143129487.793704,15685.4233198579,"Forage-limited potential carrying capacity","Estimated",783233.539348635,121.515780112008,0.0155146292909091,"Cluster","Cluster_2","Cluster C — Kavango East, Kavango West & Zambezi","SSP245_2050","Without_Intervention","SSP245_2050_Without_Intervention",15761.9166234691,-76.4933036111779,-0.485304582167889,15685,-76
"Black-backed Jackal","Carnivore","Carnivore",8.5,,,,"Prey biomass required - not estimated from forage","Not estimated: requires local preferred-prey biomass/density data",783233.539348635,121.515780112008,0.0155146292909091,"Cluster","Cluster_2","Cluster C — Kavango East, Kavango West & Zambezi","SSP245_2050","Without_Intervention","SSP245_2050_Without_Intervention",,,,,
"Black-faced Impala","Mixed","Mixed_Open",50,456.25,115008244.365083,252072.864361826,"Forage-limited potential carrying capacity","Estimated",783233.539348635,121.515780112008,0.0155146292909091,"Cluster","Cluster_2","Cluster C — Kavango East, Kavango West & Zambezi","SSP245_2050","Without_Intervention","SSP245_2050_Without_Intervention",267943.34193654,-15870.4775747136,-5.92307219131139,252073,-15870
"Blue wildebeest","Grazer","General_Grazer",220,2007.5,86351294.7992438,43014.3436110803,"Forage-limited potential carrying capacity","Estimated",783233.539348635,121.515780112008,0.0155146292909091,"Cluster","Cluster_2","Cluster C — Kavango East, Kavango West & Zambezi","SSP245_2050","Without_Intervention","SSP245_2050_Without_Intervention",47602.2485300159,-4587.90491893554,-9.63800043193887,43014,-4588
"Buffalo","Grazer","General_Grazer",500,4562.5,86351294.7992438,18926.3111888753,"Forage-limited potential carrying capacity","Estimated",783233.539348635,121.515780112008,0.0155146292909091,"Cluster","Cluster_2","Cluster C — Kavango East, Kavango West & Zambezi","SSP245_2050","Without_Intervention","SSP245_2050_Without_Intervention",20944.989353207,-2018.67816433164,-9.63800043193887,18926,-2019
"Burchell's zebra","Grazer","General_Grazer",320,2920,86351294.7992438,29572.3612326177,"Forage-limited potential carrying capacity","Estimated",783233.539348635,121.515780112008,0.0155146292909091,"Cluster","Cluster_2","Cluster C — Kavango East, Kavango West & Zambezi","SSP245_2050","Without_Intervention","SSP245_2050_Without_Intervention",32726.5458643859,-3154.18463176818,-9.63800043193886,29572,-3154
"Bushpig","Omnivore","Omnivore",60,547.5,90367951.3159419,165055.618841903,"Forage-limited potential carrying capacity","Estimated",783233.539348635,121.515780112008,0.0155146292909091,"Cluster","Cluster_2","Cluster C — Kavango East, Kavango West & Zambezi","SSP245_2050","Without_Intervention","SSP245_2050_Without_Intervention",173190.13447144,-8134.51562953708,-4.69687009272373,165056,-8135
"Cheetah","Carnivore","Carnivore",45,,,,"Prey biomass required - not estimated from forage","Not estimated: requires local preferred-prey biomass/density data",783233.539348635,121.515780112008,0.0155146292909091,"Cluster","Cluster_2","Cluster C — Kavango East, Kavango West & Zambezi","SSP245_2050","Without_Intervention","SSP245_2050_Without_Intervention",,,,,
"Damara dik dik","Browser","Shrub_Browser",5,45.625,143129487.793704,3137084.66397159,"Forage-limited potential carrying capacity","Estimated",783233.539348635,121.515780112008,0.0155146292909091,"Cluster","Cluster_2","Cluster C — Kavango East, Kavango West & Zambezi","SSP245_2050","Without_Intervention","SSP245_2050_Without_Intervention",3152383.32469382,-15298.6607222357,-0.485304582167893,3137085,-15299
"Duiker","Browser","Woodland_Browser",17.5,159.6875,132567271.276765,830166.865138251,"Forage-limited potential carrying capacity","Estimated",783233.539348635,121.515780112008,0.0155146292909091,"Cluster","Cluster_2","Cluster C — Kavango East, Kavango West & Zambezi","SSP245_2050","Without_Intervention","SSP245_2050_Without_Intervention",856885.54192539,-26718.6767871383,-3.11811502001801,830167,-26719
"Eland","Mixed","Mixed_Open",500,4562.5,115008244.365083,25207.2864361826,"Forage-limited potential carrying capacity","Estimated",783233.539348635,121.515780112008,0.0155146292909091,"Cluster","Cluster_2","Cluster C — Kavango East, Kavango West & Zambezi","SSP245_2050","Without_Intervention","SSP245_2050_Without_Intervention",26794.334193654,-1587.04775747136,-5.92307219131139,25207,-1587
"Elephant","Mixed","Large_Mixed",3500,31937.5,125305779.016989,3923.46861892726,"Forage-limited potential carrying capacity","Estimated",783233.539348635,121.515780112008,0.0155146292909091,"Cluster","Cluster_2","Cluster C — Kavango East, Kavango West & Zambezi","SSP245_2050","Without_Intervention","SSP245_2050_Without_Intervention",4090.71341347623,-167.244794548971,-4.08840164647098,3923,-167
"Gemsbok","Mixed","Arid_Mixed",210,1916.25,100983974.598011,52698.747344037,"Forage-limited potential carrying capacity","Estimated",783233.539348635,121.515780112008,0.0155146292909091,"Cluster","Cluster_2","Cluster C — Kavango East, Kavango West & Zambezi","SSP245_2050","Without_Intervention","SSP245_2050_Without_Intervention",55225.3366752983,-2526.58933126134,-4.57505464587137,52699,-2527
"Giraffe","Browser","Woodland_Browser",850,7756.25,132567271.276765,17091.6707528464,"Forage-limited potential carrying capacity","Estimated",783233.539348635,121.515780112008,0.0155146292909091,"Cluster","Cluster_2","Cluster C — Kavango East, Kavango West & Zambezi","SSP245_2050","Without_Intervention","SSP245_2050_Without_Intervention",17641.7611572874,-550.090404441085,-3.11811502001803,17092,-550
"Hartmann's zebra","Grazer","Arid_Grazer",280,2555,78528326.2580853,30735.1570481743,"Forage-limited potential carrying capacity","Estimated",783233.539348635,121.515780112008,0.0155146292909091,"Cluster","Cluster_2","Cluster C — Kavango East, Kavango West & Zambezi","SSP245_2050","Without_Intervention","SSP245_2050_Without_Intervention",33179.1938712978,-2444.03682312348,-7.36617300771051,30735,-2444
"Hippopotamus","Grazer","Wetland_Grazer",1400,12775,63383981.3271596,4961.56409605946,"Forage-limited potential carrying capacity","Estimated",783233.539348635,121.515780112008,0.0155146292909091,"Cluster","Cluster_2","Cluster C — Kavango East, Kavango West & Zambezi","SSP245_2050","Without_Intervention","SSP245_2050_Without_Intervention",5386.07188484953,-424.507788790065,-7.88158416496747,4962,-425
"Impala","Mixed","Mixed_Open",50,456.25,115008244.365083,252072.864361826,"Forage-limited potential carrying capacity","Estimated",783233.539348635,121.515780112008,0.0155146292909091,"Cluster","Cluster_2","Cluster C — Kavango East, Kavango West & Zambezi","SSP245_2050","Without_Intervention","SSP245_2050_Without_Intervention",267943.34193654,-15870.4775747136,-5.92307219131139,252073,-15870
"Klipspringer","Browser","Rocky_Browser",11,100.375,104366998.643388,1039770.84576228,"Forage-limited potential carrying capacity","Estimated",783233.539348635,121.515780112008,0.0155146292909091,"Cluster","Cluster_2","Cluster C — Kavango East, Kavango West & Zambezi","SSP245_2050","Without_Intervention","SSP245_2050_Without_Intervention",1039014.42889579,756.41686648177,0.0728013822951089,1039771,756
"Kudu","Browser","Woodland_Browser",190,1733.75,132567271.276765,76462.7375785232,"Forage-limited potential carrying capacity","Estimated",783233.539348635,121.515780112008,0.0155146292909091,"Cluster","Cluster_2","Cluster C — Kavango East, Kavango West & Zambezi","SSP245_2050","Without_Intervention","SSP245_2050_Without_Intervention",78923.6683352333,-2460.93075671012,-3.11811502001803,76463,-2461
"Leopard","Carnivore","Carnivore",50,,,,"Prey biomass required - not estimated from forage","Not estimated: requires local preferred-prey biomass/density data",783233.539348635,121.515780112008,0.0155146292909091,"Cluster","Cluster_2","Cluster C — Kavango East, Kavango West & Zambezi","SSP245_2050","Without_Intervention","SSP245_2050_Without_Intervention",,,,,
"Ostrich","Mixed","Mixed_Open",100,912.5,115008244.365083,126036.432180913,"Forage-limited potential carrying capacity","Estimated",783233.539348635,121.515780112008,0.0155146292909091,"Cluster","Cluster_2","Cluster C — Kavango East, Kavango West & Zambezi","SSP245_2050","Without_Intervention","SSP245_2050_Without_Intervention",133971.67096827,-7935.23878735679,-5.92307219131139,126036,-7935
"Red Hartebeest","Grazer","General_Grazer",150,1368.75,86351294.7992438,63087.7039629178,"Forage-limited potential carrying capacity","Estimated",783233.539348635,121.515780112008,0.0155146292909091,"Cluster","Cluster_2","Cluster C — Kavango East, Kavango West & Zambezi","SSP245_2050","Without_Intervention","SSP245_2050_Without_Intervention",69816.6311773566,-6728.9272144388,-9.63800043193887,63088,-6729
"Red Lechwe","Grazer","Wetland_Grazer",80,730,63383981.3271596,86827.3716810405,"Forage-limited potential carrying capacity","Estimated",783233.539348635,121.515780112008,0.0155146292909091,"Cluster","Cluster_2","Cluster C — Kavango East, Kavango West & Zambezi","SSP245_2050","Without_Intervention","SSP245_2050_Without_Intervention",94256.2579848667,-7428.88630382615,-7.88158416496748,86827,-7429
"Reedbuck","Grazer","Wetland_Grazer",45,410.625,63383981.3271596,154359.771877405,"Forage-limited potential carrying capacity","Estimated",783233.539348635,121.515780112008,0.0155146292909091,"Cluster","Cluster_2","Cluster C — Kavango East, Kavango West & Zambezi","SSP245_2050","Without_Intervention","SSP245_2050_Without_Intervention",167566.680861985,-13206.9089845798,-7.88158416496748,154360,-13207
"Roan","Grazer","General_Grazer",240,2190,86351294.7992438,39429.8149768236,"Forage-limited potential carrying capacity","Estimated",783233.539348635,121.515780112008,0.0155146292909091,"Cluster","Cluster_2","Cluster C — Kavango East, Kavango West & Zambezi","SSP245_2050","Without_Intervention","SSP245_2050_Without_Intervention",43635.3944858479,-4205.57950902425,-9.63800043193888,39430,-4206
"Sable","Grazer","General_Grazer",200,1825,86351294.7992438,47315.7779721884,"Forage-limited potential carrying capacity","Estimated",783233.539348635,121.515780112008,0.0155146292909091,"Cluster","Cluster_2","Cluster C — Kavango East, Kavango West & Zambezi","SSP245_2050","Without_Intervention","SSP245_2050_Without_Intervention",52362.4733830175,-5046.6954108291,-9.63800043193886,47316,-5047
"Spotted Hyaena","Carnivore","Carnivore",55,,,,"Prey biomass required - not estimated from forage","Not estimated: requires local preferred-prey biomass/density data",783233.539348635,121.515780112008,0.0155146292909091,"Cluster","Cluster_2","Cluster C — Kavango East, Kavango West & Zambezi","SSP245_2050","Without_Intervention","SSP245_2050_Without_Intervention",,,,,
"Springbok","Grazer","Arid_Grazer",38,346.75,78528326.2580853,226469.578249705,"Forage-limited potential carrying capacity","Estimated",783233.539348635,121.515780112008,0.0155146292909091,"Cluster","Cluster_2","Cluster C — Kavango East, Kavango West & Zambezi","SSP245_2050","Without_Intervention","SSP245_2050_Without_Intervention",244478.270630615,-18008.6923809098,-7.36617300771052,226470,-18009
"Steenbok","Browser","Shrub_Browser",10,91.25,143129487.793704,1568542.33198579,"Forage-limited potential carrying capacity","Estimated",783233.539348635,121.515780112008,0.0155146292909091,"Cluster","Cluster_2","Cluster C — Kavango East, Kavango West & Zambezi","SSP245_2050","Without_Intervention","SSP245_2050_Without_Intervention",1576191.66234691,-7649.33036111784,-0.485304582167893,1568542,-7649
"Vervet monkey","Omnivore","Omnivore",5,45.625,90367951.3159419,1980667.42610284,"Forage-limited potential carrying capacity","Estimated",783233.539348635,121.515780112008,0.0155146292909091,"Cluster","Cluster_2","Cluster C — Kavango East, Kavango West & Zambezi","SSP245_2050","Without_Intervention","SSP245_2050_Without_Intervention",2078281.61365728,-97614.1875544449,-4.69687009272373,1980667,-97614
"Warthog","Grazer","General_Grazer",70,638.75,86351294.7992438,135187.937063395,"Forage-limited potential carrying capacity","Estimated",783233.539348635,121.515780112008,0.0155146292909091,"Cluster","Cluster_2","Cluster C — Kavango East, Kavango West & Zambezi","SSP245_2050","Without_Intervention","SSP245_2050_Without_Intervention",149607.066808621,-14419.129745226,-9.63800043193887,135188,-14419
"Baboon","Omnivore","Omnivore",24,219,695855653.585112,3177423.0757311,"Forage-limited potential carrying capacity","Estimated",5946321.81049356,2607.16219025292,0.0438449561483877,"Cluster","Cluster_3","Cluster B — Omaheke & Otjozondjupa (Central / Group 4)","SSP245_2050","Without_Intervention","SSP245_2050_Without_Intervention",3317051.56221577,-139628.486484666,-4.20941561702451,3177423,-139628
"Black rhinoceros","Browser","Shrub_Browser",1000,9125,1378925191.73019,151115.089504678,"Forage-limited potential carrying capacity","Estimated",5946321.81049356,2607.16219025292,0.0438449561483877,"Cluster","Cluster_3","Cluster B — Omaheke & Otjozondjupa (Central / Group 4)","SSP245_2050","Without_Intervention","SSP245_2050_Without_Intervention",155907.328362704,-4792.23885802555,-3.07377395812777,151115,-4792
"Black-backed Jackal","Carnivore","Carnivore",8.5,,,,"Prey biomass required - not estimated from forage","Not estimated: requires local preferred-prey biomass/density data",5946321.81049356,2607.16219025292,0.0438449561483877,"Cluster","Cluster_3","Cluster B — Omaheke & Otjozondjupa (Central / Group 4)","SSP245_2050","Without_Intervention","SSP245_2050_Without_Intervention",,,,,
"Black-faced Impala","Mixed","Mixed_Open",50,456.25,912157360.919689,1999249.01023493,"Forage-limited potential carrying capacity","Estimated",5946321.81049356,2607.16219025292,0.0438449561483877,"Cluster","Cluster_3","Cluster B — Omaheke & Otjozondjupa (Central / Group 4)","SSP245_2050","Without_Intervention","SSP245_2050_Without_Intervention",2106256.35920855,-107007.348973612,-5.08045226810953,1999249,-107007
"Blue wildebeest","Grazer","General_Grazer",220,2007.5,504602447.149252,251358.628716938,"Forage-limited potential carrying capacity","Estimated",5946321.81049356,2607.16219025292,0.0438449561483877,"Cluster","Cluster_3","Cluster B — Omaheke & Otjozondjupa (Central / Group 4)","SSP245_2050","Without_Intervention","SSP245_2050_Without_Intervention",272957.565510101,-21598.9367931635,-7.91292842636531,251359,-21599
"Buffalo","Grazer","General_Grazer",500,4562.5,504602447.149252,110597.796635453,"Forage-limited potential carrying capacity","Estimated",5946321.81049356,2607.16219025292,0.0438449561483877,"Cluster","Cluster_3","Cluster B — Omaheke & Otjozondjupa (Central / Group 4)","SSP245_2050","Without_Intervention","SSP245_2050_Without_Intervention",120101.328824444,-9503.53218899193,-7.9129284263653,110598,-9504
"Burchell's zebra","Grazer","General_Grazer",320,2920,504602447.149252,172809.057242895,"Forage-limited potential carrying capacity","Estimated",5946321.81049356,2607.16219025292,0.0438449561483877,"Cluster","Cluster_3","Cluster B — Omaheke & Otjozondjupa (Central / Group 4)","SSP245_2050","Without_Intervention","SSP245_2050_Without_Intervention",187658.326288194,-14849.2690452999,-7.9129284263653,172809,-14849
"Bushpig","Omnivore","Omnivore",60,547.5,695855653.585112,1270969.23029244,"Forage-limited potential carrying capacity","Estimated",5946321.81049356,2607.16219025292,0.0438449561483877,"Cluster","Cluster_3","Cluster B — Omaheke & Otjozondjupa (Central / Group 4)","SSP245_2050","Without_Intervention","SSP245_2050_Without_Intervention",1326820.62488631,-55851.3945938663,-4.2094156170245,1270969,-55851
"Cheetah","Carnivore","Carnivore",45,,,,"Prey biomass required - not estimated from forage","Not estimated: requires local preferred-prey biomass/density data",5946321.81049356,2607.16219025292,0.0438449561483877,"Cluster","Cluster_3","Cluster B — Omaheke & Otjozondjupa (Central / Group 4)","SSP245_2050","Without_Intervention","SSP245_2050_Without_Intervention",,,,,
"Damara dik dik","Browser","Shrub_Browser",5,45.625,1378925191.73019,30223017.9009357,"Forage-limited potential carrying capacity","Estimated",5946321.81049356,2607.16219025292,0.0438449561483877,"Cluster","Cluster_3","Cluster B — Omaheke & Otjozondjupa (Central / Group 4)","SSP245_2050","Without_Intervention","SSP245_2050_Without_Intervention",31181465.6725408,-958447.771605112,-3.07377395812778,30223018,-958448
"Duiker","Browser","Woodland_Browser",17.5,159.6875,1172759740.16458,7344092.30631441,"Forage-limited potential carrying capacity","Estimated",5946321.81049356,2607.16219025292,0.0438449561483877,"Cluster","Cluster_3","Cluster B — Omaheke & Otjozondjupa (Central / Group 4)","SSP245_2050","Without_Intervention","SSP245_2050_Without_Intervention",7589974.57713032,-245882.270815906,-3.23956646122089,7344092,-245882
"Eland","Mixed","Mixed_Open",500,4562.5,912157360.919689,199924.901023493,"Forage-limited potential carrying capacity","Estimated",5946321.81049356,2607.16219025292,0.0438449561483877,"Cluster","Cluster_3","Cluster B — Omaheke & Otjozondjupa (Central / Group 4)","SSP245_2050","Without_Intervention","SSP245_2050_Without_Intervention",210625.635920855,-10700.7348973612,-5.08045226810954,199925,-10701
"Elephant","Mixed","Large_Mixed",3500,31937.5,1043933513.59839,32686.7636351747,"Forage-limited potential carrying capacity","Estimated",5946321.81049356,2607.16219025292,0.0438449561483877,"Cluster","Cluster_3","Cluster B — Omaheke & Otjozondjupa (Central / Group 4)","SSP245_2050","Without_Intervention","SSP245_2050_Without_Intervention",34112.5320535259,-1425.76841835118,-4.1796030154373,32687,-1426
"Gemsbok","Mixed","Arid_Mixed",210,1916.25,910332710.731329,475059.470701281,"Forage-limited potential carrying capacity","Estimated",5946321.81049356,2607.16219025292,0.0438449561483877,"Cluster","Cluster_3","Cluster B — Omaheke & Otjozondjupa (Central / Group 4)","SSP245_2050","Without_Intervention","SSP245_2050_Without_Intervention",499030.981196808,-23971.5104955272,-4.80361167918616,475059,-23972
"Giraffe","Browser","Woodland_Browser",850,7756.25,1172759740.16458,151201.90042412,"Forage-limited potential carrying capacity","Estimated",5946321.81049356,2607.16219025292,0.0438449561483877,"Cluster","Cluster_3","Cluster B — Omaheke & Otjozondjupa (Central / Group 4)","SSP245_2050","Without_Intervention","SSP245_2050_Without_Intervention",156264.18247033,-5062.28204620982,-3.23956646122088,151202,-5062
"Hartmann's zebra","Grazer","Arid_Grazer",280,2555,637915968.115416,249673.568734018,"Forage-limited potential carrying capacity","Estimated",5946321.81049356,2607.16219025292,0.0438449561483877,"Cluster","Cluster_3","Cluster B — Omaheke & Otjozondjupa (Central / Group 4)","SSP245_2050","Without_Intervention","SSP245_2050_Without_Intervention",265935.514773241,-16261.9460392224,-6.11499598054392,249674,-16262
"Hippopotamus","Grazer","Wetland_Grazer",1400,12775,148816966.147208,11649.0775849086,"Forage-limited potential carrying capacity","Estimated",5946321.81049356,2607.16219025292,0.0438449561483877,"Cluster","Cluster_3","Cluster B — Omaheke & Otjozondjupa (Central / Group 4)","SSP245_2050","Without_Intervention","SSP245_2050_Without_Intervention",13090.3505360604,-1441.27295115182,-11.0101937085756,11649,-1441
"Impala","Mixed","Mixed_Open",50,456.25,912157360.919689,1999249.01023493,"Forage-limited potential carrying capacity","Estimated",5946321.81049356,2607.16219025292,0.0438449561483877,"Cluster","Cluster_3","Cluster B — Omaheke & Otjozondjupa (Central / Group 4)","SSP245_2050","Without_Intervention","SSP245_2050_Without_Intervention",2106256.35920855,-107007.348973612,-5.08045226810953,1999249,-107007
"Klipspringer","Browser","Rocky_Browser",11,100.375,1034011485.79802,10301484.2918856,"Forage-limited potential carrying capacity","Estimated",5946321.81049356,2607.16219025292,0.0438449561483877,"Cluster","Cluster_3","Cluster B — Omaheke & Otjozondjupa (Central / Group 4)","SSP245_2050","Without_Intervention","SSP245_2050_Without_Intervention",10624052.7250399,-322568.433154259,-3.03620888847808,10301484,-322568
"Kudu","Browser","Woodland_Browser",190,1733.75,1172759740.16458,676429.554528959,"Forage-limited potential carrying capacity","Estimated",5946321.81049356,2607.16219025292,0.0438449561483877,"Cluster","Cluster_3","Cluster B — Omaheke & Otjozondjupa (Central / Group 4)","SSP245_2050","Without_Intervention","SSP245_2050_Without_Intervention",699076.605788319,-22647.0512593597,-3.23956646122088,676430,-22647
"Leopard","Carnivore","Carnivore",50,,,,"Prey biomass required - not estimated from forage","Not estimated: requires local preferred-prey biomass/density data",5946321.81049356,2607.16219025292,0.0438449561483877,"Cluster","Cluster_3","Cluster B — Omaheke & Otjozondjupa (Central / Group 4)","SSP245_2050","Without_Intervention","SSP245_2050_Without_Intervention",,,,,
"Ostrich","Mixed","Mixed_Open",100,912.5,912157360.919689,999624.505117467,"Forage-limited potential carrying capacity","Estimated",5946321.81049356,2607.16219025292,0.0438449561483877,"Cluster","Cluster_3","Cluster B — Omaheke & Otjozondjupa (Central / Group 4)","SSP245_2050","Without_Intervention","SSP245_2050_Without_Intervention",1053128.17960427,-53503.6744868059,-5.08045226810953,999625,-53504
"Red Hartebeest","Grazer","General_Grazer",150,1368.75,504602447.149252,368659.322118175,"Forage-limited potential carrying capacity","Estimated",5946321.81049356,2607.16219025292,0.0438449561483877,"Cluster","Cluster_3","Cluster B — Omaheke & Otjozondjupa (Central / Group 4)","SSP245_2050","Without_Intervention","SSP245_2050_Without_Intervention",400337.762748148,-31678.4406299731,-7.91292842636531,368659,-31678
"Red Lechwe","Grazer","Wetland_Grazer",80,730,148816966.147208,203858.857735901,"Forage-limited potential carrying capacity","Estimated",5946321.81049356,2607.16219025292,0.0438449561483877,"Cluster","Cluster_3","Cluster B — Omaheke & Otjozondjupa (Central / Group 4)","SSP245_2050","Without_Intervention","SSP245_2050_Without_Intervention",229081.134381058,-25222.2766451568,-11.0101937085756,203859,-25222
"Reedbuck","Grazer","Wetland_Grazer",45,410.625,148816966.147208,362415.747086046,"Forage-limited potential carrying capacity","Estimated",5946321.81049356,2607.16219025292,0.0438449561483877,"Cluster","Cluster_3","Cluster B — Omaheke & Otjozondjupa (Central / Group 4)","SSP245_2050","Without_Intervention","SSP245_2050_Without_Intervention",407255.350010769,-44839.6029247234,-11.0101937085756,362416,-44840
"Roan","Grazer","General_Grazer",240,2190,504602447.149252,230412.076323859,"Forage-limited potential carrying capacity","Estimated",5946321.81049356,2607.16219025292,0.0438449561483877,"Cluster","Cluster_3","Cluster B — Omaheke & Otjozondjupa (Central / Group 4)","SSP245_2050","Without_Intervention","SSP245_2050_Without_Intervention",250211.101717593,-19799.0253937332,-7.9129284263653,230412,-19799
"Sable","Grazer","General_Grazer",200,1825,504602447.149252,276494.491588631,"Forage-limited potential carrying capacity","Estimated",5946321.81049356,2607.16219025292,0.0438449561483877,"Cluster","Cluster_3","Cluster B — Omaheke & Otjozondjupa (Central / Group 4)","SSP245_2050","Without_Intervention","SSP245_2050_Without_Intervention",300253.322061111,-23758.8304724798,-7.9129284263653,276494,-23759
"Spotted Hyaena","Carnivore","Carnivore",55,,,,"Prey biomass required - not estimated from forage","Not estimated: requires local preferred-prey biomass/density data",5946321.81049356,2607.16219025292,0.0438449561483877,"Cluster","Cluster_3","Cluster B — Omaheke & Otjozondjupa (Central / Group 4)","SSP245_2050","Without_Intervention","SSP245_2050_Without_Intervention",,,,,
"Springbok","Grazer","Arid_Grazer",38,346.75,637915968.115416,1839699.9801454,"Forage-limited potential carrying capacity","Estimated",5946321.81049356,2607.16219025292,0.0438449561483877,"Cluster","Cluster_3","Cluster B — Omaheke & Otjozondjupa (Central / Group 4)","SSP245_2050","Without_Intervention","SSP245_2050_Without_Intervention",1959524.84569756,-119824.865552166,-6.11499598054393,1839700,-119825
"Steenbok","Browser","Shrub_Browser",10,91.25,1378925191.73019,15111508.9504678,"Forage-limited potential carrying capacity","Estimated",5946321.81049356,2607.16219025292,0.0438449561483877,"Cluster","Cluster_3","Cluster B — Omaheke & Otjozondjupa (Central / Group 4)","SSP245_2050","Without_Intervention","SSP245_2050_Without_Intervention",15590732.8362704,-479223.885802556,-3.07377395812778,15111509,-479224
"Vervet monkey","Omnivore","Omnivore",5,45.625,695855653.585112,15251630.7635093,"Forage-limited potential carrying capacity","Estimated",5946321.81049356,2607.16219025292,0.0438449561483877,"Cluster","Cluster_3","Cluster B — Omaheke & Otjozondjupa (Central / Group 4)","SSP245_2050","Without_Intervention","SSP245_2050_Without_Intervention",15921847.4986357,-670216.735126397,-4.20941561702451,15251631,-670217
"Warthog","Grazer","General_Grazer",70,638.75,504602447.149252,789984.261681804,"Forage-limited potential carrying capacity","Estimated",5946321.81049356,2607.16219025292,0.0438449561483877,"Cluster","Cluster_3","Cluster B — Omaheke & Otjozondjupa (Central / Group 4)","SSP245_2050","Without_Intervention","SSP245_2050_Without_Intervention",857866.634460317,-67882.3727785137,-7.91292842636529,789984,-67882
"Baboon","Omnivore","Omnivore",24,219,331475987.425664,1513588.98367883,"Forage-limited potential carrying capacity","Estimated",5126424.88987576,4.55000840686262,8.87559752576982e-05,"Cluster","Cluster_4","Cluster E — Kunene (North)","SSP245_2050","Without_Intervention","SSP245_2050_Without_Intervention",1561177.40686056,-47588.4231817299,-3.0482392950733,1513589,-47588
"Black rhinoceros","Browser","Shrub_Browser",1000,9125,630558711.540425,69102.3245523753,"Forage-limited potential carrying capacity","Estimated",5126424.88987576,4.55000840686262,8.87559752576982e-05,"Cluster","Cluster_4","Cluster E — Kunene (North)","SSP245_2050","Without_Intervention","SSP245_2050_Without_Intervention",70031.8492860938,-929.524733718456,-1.32728857397606,69102,-930
"Black-backed Jackal","Carnivore","Carnivore",8.5,,,,"Prey biomass required - not estimated from forage","Not estimated: requires local preferred-prey biomass/density data",5126424.88987576,4.55000840686262,8.87559752576982e-05,"Cluster","Cluster_4","Cluster E — Kunene (North)","SSP245_2050","Without_Intervention","SSP245_2050_Without_Intervention",,,,,
"Black-faced Impala","Mixed","Mixed_Open",50,456.25,455707707.209603,998811.413062144,"Forage-limited potential carrying capacity","Estimated",5126424.88987576,4.55000840686262,8.87559752576982e-05,"Cluster","Cluster_4","Cluster E — Kunene (North)","SSP245_2050","Without_Intervention","SSP245_2050_Without_Intervention",1046230.4695093,-47419.0564471515,-4.53237196096879,998811,-47419
"Blue wildebeest","Grazer","General_Grazer",220,2007.5,291097029.134344,145004.746766797,"Forage-limited potential carrying capacity","Estimated",5126424.88987576,4.55000840686262,8.87559752576982e-05,"Cluster","Cluster_4","Cluster E — Kunene (North)","SSP245_2050","Without_Intervention","SSP245_2050_Without_Intervention",157569.9153034,-12565.1685366032,-7.97434492010045,145005,-12565
"Buffalo","Grazer","General_Grazer",500,4562.5,291097029.134344,63802.0885773905,"Forage-limited potential carrying capacity","Estimated",5126424.88987576,4.55000840686262,8.87559752576982e-05,"Cluster","Cluster_4","Cluster E — Kunene (North)","SSP245_2050","Without_Intervention","SSP245_2050_Without_Intervention",69330.7627334959,-5528.67415610544,-7.97434492010046,63802,-5529
"Burchell's zebra","Grazer","General_Grazer",320,2920,291097029.134344,99690.7634021726,"Forage-limited potential carrying capacity","Estimated",5126424.88987576,4.55000840686262,8.87559752576982e-05,"Cluster","Cluster_4","Cluster E — Kunene (North)","SSP245_2050","Without_Intervention","SSP245_2050_Without_Intervention",108329.316771087,-8638.55336891474,-7.97434492010046,99691,-8639
"Bushpig","Omnivore","Omnivore",60,547.5,331475987.425664,605435.593471532,"Forage-limited potential carrying capacity","Estimated",5126424.88987576,4.55000840686262,8.87559752576982e-05,"Cluster","Cluster_4","Cluster E — Kunene (North)","SSP245_2050","Without_Intervention","SSP245_2050_Without_Intervention",624470.962744223,-19035.3692726919,-3.04823929507329,605436,-19035
"Cheetah","Carnivore","Carnivore",45,,,,"Prey biomass required - not estimated from forage","Not estimated: requires local preferred-prey biomass/density data",5126424.88987576,4.55000840686262,8.87559752576982e-05,"Cluster","Cluster_4","Cluster E — Kunene (North)","SSP245_2050","Without_Intervention","SSP245_2050_Without_Intervention",,,,,
"Damara dik dik","Browser","Shrub_Browser",5,45.625,630558711.540425,13820464.9104751,"Forage-limited potential carrying capacity","Estimated",5126424.88987576,4.55000840686262,8.87559752576982e-05,"Cluster","Cluster_4","Cluster E — Kunene (North)","SSP245_2050","Without_Intervention","SSP245_2050_Without_Intervention",14006369.8572188,-185904.946743693,-1.32728857397607,13820465,-185905
"Duiker","Browser","Woodland_Browser",17.5,159.6875,519136813.549012,3250954.60539498,"Forage-limited potential carrying capacity","Estimated",5126424.88987576,4.55000840686262,8.87559752576982e-05,"Cluster","Cluster_4","Cluster E — Kunene (North)","SSP245_2050","Without_Intervention","SSP245_2050_Without_Intervention",3295598.91632565,-44644.3109306628,-1.35466457127125,3250955,-44644
"Eland","Mixed","Mixed_Open",500,4562.5,455707707.209603,99881.1413062144,"Forage-limited potential carrying capacity","Estimated",5126424.88987576,4.55000840686262,8.87559752576982e-05,"Cluster","Cluster_4","Cluster E — Kunene (North)","SSP245_2050","Without_Intervention","SSP245_2050_Without_Intervention",104623.04695093,-4741.90564471515,-4.5323719609688,99881,-4742
"Elephant","Mixed","Large_Mixed",3500,31937.5,505213868.212858,15818.8295330836,"Forage-limited potential carrying capacity","Estimated",5126424.88987576,4.55000840686262,8.87559752576982e-05,"Cluster","Cluster_4","Cluster E — Kunene (North)","SSP245_2050","Without_Intervention","SSP245_2050_Without_Intervention",16318.2543234767,-499.424790393135,-3.06052829238372,15819,-499
"Gemsbok","Mixed","Arid_Mixed",210,1916.25,484865824.198615,253028.479686165,"Forage-limited potential carrying capacity","Estimated",5126424.88987576,4.55000840686262,8.87559752576982e-05,"Cluster","Cluster_4","Cluster E — Kunene (North)","SSP245_2050","Without_Intervention","SSP245_2050_Without_Intervention",263420.728641587,-10392.2489554218,-3.94511434578923,253028,-10392
"Giraffe","Browser","Woodland_Browser",850,7756.25,519136813.549012,66931.4183463673,"Forage-limited potential carrying capacity","Estimated",5126424.88987576,4.55000840686262,8.87559752576982e-05,"Cluster","Cluster_4","Cluster E — Kunene (North)","SSP245_2050","Without_Intervention","SSP245_2050_Without_Intervention",67850.5659243516,-919.147577984229,-1.35466457127124,66931,-919
"Hartmann's zebra","Grazer","Arid_Grazer",280,2555,379454686.367819,148514.554351397,"Forage-limited potential carrying capacity","Estimated",5126424.88987576,4.55000840686262,8.87559752576982e-05,"Cluster","Cluster_4","Cluster E — Kunene (North)","SSP245_2050","Without_Intervention","SSP245_2050_Without_Intervention",156909.927115636,-8395.37276423923,-5.35044080292778,148515,-8395
"Hippopotamus","Grazer","Wetland_Grazer",1400,12775,88223491.599272,6905.94846178254,"Forage-limited potential carrying capacity","Estimated",5126424.88987576,4.55000840686262,8.87559752576982e-05,"Cluster","Cluster_4","Cluster E — Kunene (North)","SSP245_2050","Without_Intervention","SSP245_2050_Without_Intervention",7787.49998578055,-881.551523998007,-11.320083795925,6906,-882
"Impala","Mixed","Mixed_Open",50,456.25,455707707.209603,998811.413062144,"Forage-limited potential carrying capacity","Estimated",5126424.88987576,4.55000840686262,8.87559752576982e-05,"Cluster","Cluster_4","Cluster E — Kunene (North)","SSP245_2050","Without_Intervention","SSP245_2050_Without_Intervention",1046230.4695093,-47419.0564471515,-4.53237196096879,998811,-47419
"Klipspringer","Browser","Rocky_Browser",11,100.375,518267558.998958,5163313.16561851,"Forage-limited potential carrying capacity","Estimated",5126424.88987576,4.55000840686262,8.87559752576982e-05,"Cluster","Cluster_4","Cluster E — Kunene (North)","SSP245_2050","Without_Intervention","SSP245_2050_Without_Intervention",5220569.59114109,-57256.4255225733,-1.0967467155257,5163313,-57256
"Kudu","Browser","Woodland_Browser",190,1733.75,519136813.549012,299430.029444275,"Forage-limited potential carrying capacity","Estimated",5126424.88987576,4.55000840686262,8.87559752576982e-05,"Cluster","Cluster_4","Cluster E — Kunene (North)","SSP245_2050","Without_Intervention","SSP245_2050_Without_Intervention",303542.005451046,-4111.97600677155,-1.35466457127124,299430,-4112
"Leopard","Carnivore","Carnivore",50,,,,"Prey biomass required - not estimated from forage","Not estimated: requires local preferred-prey biomass/density data",5126424.88987576,4.55000840686262,8.87559752576982e-05,"Cluster","Cluster_4","Cluster E — Kunene (North)","SSP245_2050","Without_Intervention","SSP245_2050_Without_Intervention",,,,,
"Ostrich","Mixed","Mixed_Open",100,912.5,455707707.209603,499405.706531072,"Forage-limited potential carrying capacity","Estimated",5126424.88987576,4.55000840686262,8.87559752576982e-05,"Cluster","Cluster_4","Cluster E — Kunene (North)","SSP245_2050","Without_Intervention","SSP245_2050_Without_Intervention",523115.234754648,-23709.5282235757,-4.53237196096879,499406,-23710
"Red Hartebeest","Grazer","General_Grazer",150,1368.75,291097029.134344,212673.628591302,"Forage-limited potential carrying capacity","Estimated",5126424.88987576,4.55000840686262,8.87559752576982e-05,"Cluster","Cluster_4","Cluster E — Kunene (North)","SSP245_2050","Without_Intervention","SSP245_2050_Without_Intervention",231102.542444986,-18428.9138536848,-7.97434492010045,212674,-18429
"Red Lechwe","Grazer","Wetland_Grazer",80,730,88223491.599272,120854.098081194,"Forage-limited potential carrying capacity","Estimated",5126424.88987576,4.55000840686262,8.87559752576982e-05,"Cluster","Cluster_4","Cluster E — Kunene (North)","SSP245_2050","Without_Intervention","SSP245_2050_Without_Intervention",136281.24975116,-15427.1516699651,-11.320083795925,120854,-15427
"Reedbuck","Grazer","Wetland_Grazer",45,410.625,88223491.599272,214851.729922123,"Forage-limited potential carrying capacity","Estimated",5126424.88987576,4.55000840686262,8.87559752576982e-05,"Cluster","Cluster_4","Cluster E — Kunene (North)","SSP245_2050","Without_Intervention","SSP245_2050_Without_Intervention",242277.777335395,-27426.0474132713,-11.320083795925,214852,-27426
"Roan","Grazer","General_Grazer",240,2190,291097029.134344,132921.017869563,"Forage-limited potential carrying capacity","Estimated",5126424.88987576,4.55000840686262,8.87559752576982e-05,"Cluster","Cluster_4","Cluster E — Kunene (North)","SSP245_2050","Without_Intervention","SSP245_2050_Without_Intervention",144439.089028116,-11518.071158553,-7.97434492010046,132921,-11518
"Sable","Grazer","General_Grazer",200,1825,291097029.134344,159505.221443476,"Forage-limited potential carrying capacity","Estimated",5126424.88987576,4.55000840686262,8.87559752576982e-05,"Cluster","Cluster_4","Cluster E — Kunene (North)","SSP245_2050","Without_Intervention","SSP245_2050_Without_Intervention",173326.90683374,-13821.6853902636,-7.97434492010046,159505,-13822
"Spotted Hyaena","Carnivore","Carnivore",55,,,,"Prey biomass required - not estimated from forage","Not estimated: requires local preferred-prey biomass/density data",5126424.88987576,4.55000840686262,8.87559752576982e-05,"Cluster","Cluster_4","Cluster E — Kunene (North)","SSP245_2050","Without_Intervention","SSP245_2050_Without_Intervention",,,,,
"Springbok","Grazer","Arid_Grazer",38,346.75,379454686.367819,1094317.76890503,"Forage-limited potential carrying capacity","Estimated",5126424.88987576,4.55000840686262,8.87559752576982e-05,"Cluster","Cluster_4","Cluster E — Kunene (North)","SSP245_2050","Without_Intervention","SSP245_2050_Without_Intervention",1156178.41032574,-61860.6414207101,-5.35044080292778,1094318,-61861
"Steenbok","Browser","Shrub_Browser",10,91.25,630558711.540425,6910232.45523753,"Forage-limited potential carrying capacity","Estimated",5126424.88987576,4.55000840686262,8.87559752576982e-05,"Cluster","Cluster_4","Cluster E — Kunene (North)","SSP245_2050","Without_Intervention","SSP245_2050_Without_Intervention",7003184.92860938,-92952.4733718466,-1.32728857397607,6910232,-92952
"Vervet monkey","Omnivore","Omnivore",5,45.625,331475987.425664,7265227.12165838,"Forage-limited potential carrying capacity","Estimated",5126424.88987576,4.55000840686262,8.87559752576982e-05,"Cluster","Cluster_4","Cluster E — Kunene (North)","SSP245_2050","Without_Intervention","SSP245_2050_Without_Intervention",7493651.55293068,-228424.431272303,-3.04823929507329,7265227,-228424
"Warthog","Grazer","General_Grazer",70,638.75,291097029.134344,455729.204124218,"Forage-limited potential carrying capacity","Estimated",5126424.88987576,4.55000840686262,8.87559752576982e-05,"Cluster","Cluster_4","Cluster E — Kunene (North)","SSP245_2050","Without_Intervention","SSP245_2050_Without_Intervention",495219.733810685,-39490.5296864674,-7.97434492010046,455729,-39491
"Baboon","Omnivore","Omnivore",24,219,167770496.122968,766075.324762411,"Forage-limited potential carrying capacity","Estimated",1422473.1935077,91.0463462725747,0.00640056675149442,"Cluster","Cluster_5","Cluster D — Omusati, Oshana, Oshikoto & Ohangwena","SSP245_2050","Without_Intervention","SSP245_2050_Without_Intervention",783196.499598643,-17121.174836232,-2.18606375858497,766075,-17121
"Black rhinoceros","Browser","Shrub_Browser",1000,9125,263182561.955363,28841.924597848,"Forage-limited potential carrying capacity","Estimated",1422473.1935077,91.0463462725747,0.00640056675149442,"Cluster","Cluster_5","Cluster D — Omusati, Oshana, Oshikoto & Ohangwena","SSP245_2050","Without_Intervention","SSP245_2050_Without_Intervention",28810.2263127114,31.6982851366447,0.110024422552554,28842,32
"Black-backed Jackal","Carnivore","Carnivore",8.5,,,,"Prey biomass required - not estimated from forage","Not estimated: requires local preferred-prey biomass/density data",1422473.1935077,91.0463462725747,0.00640056675149442,"Cluster","Cluster_5","Cluster D — Omusati, Oshana, Oshikoto & Ohangwena","SSP245_2050","Without_Intervention","SSP245_2050_Without_Intervention",,,,,
"Black-faced Impala","Mixed","Mixed_Open",50,456.25,266266450.73415,583597.700239233,"Forage-limited potential carrying capacity","Estimated",1422473.1935077,91.0463462725747,0.00640056675149442,"Cluster","Cluster_5","Cluster D — Omusati, Oshana, Oshikoto & Ohangwena","SSP245_2050","Without_Intervention","SSP245_2050_Without_Intervention",595696.659539816,-12098.9593005823,-2.03106045783922,583598,-12099
"Blue wildebeest","Grazer","General_Grazer",220,2007.5,224114874.772053,111638.79191634,"Forage-limited potential carrying capacity","Estimated",1422473.1935077,91.0463462725747,0.00640056675149442,"Cluster","Cluster_5","Cluster D — Omusati, Oshana, Oshikoto & Ohangwena","SSP245_2050","Without_Intervention","SSP245_2050_Without_Intervention",115479.607571885,-3840.81565554468,-3.32596874574051,111639,-3841
"Buffalo","Grazer","General_Grazer",500,4562.5,224114874.772053,49121.0684431897,"Forage-limited potential carrying capacity","Estimated",1422473.1935077,91.0463462725747,0.00640056675149442,"Cluster","Cluster_5","Cluster D — Omusati, Oshana, Oshikoto & Ohangwena","SSP245_2050","Without_Intervention","SSP245_2050_Without_Intervention",50811.0273316293,-1689.95888843966,-3.32596874574051,49121,-1690
"Burchell's zebra","Grazer","General_Grazer",320,2920,224114874.772053,76751.6694424839,"Forage-limited potential carrying capacity","Estimated",1422473.1935077,91.0463462725747,0.00640056675149442,"Cluster","Cluster_5","Cluster D — Omusati, Oshana, Oshikoto & Ohangwena","SSP245_2050","Without_Intervention","SSP245_2050_Without_Intervention",79392.2302056708,-2640.56076318696,-3.3259687457405,76752,-2641
"Bushpig","Omnivore","Omnivore",60,547.5,167770496.122968,306430.129904964,"Forage-limited potential carrying capacity","Estimated",1422473.1935077,91.0463462725747,0.00640056675149442,"Cluster","Cluster_5","Cluster D — Omusati, Oshana, Oshikoto & Ohangwena","SSP245_2050","Without_Intervention","SSP245_2050_Without_Intervention",313278.599839457,-6848.46993449278,-2.18606375858496,306430,-6848
"Cheetah","Carnivore","Carnivore",45,,,,"Prey biomass required - not estimated from forage","Not estimated: requires local preferred-prey biomass/density data",1422473.1935077,91.0463462725747,0.00640056675149442,"Cluster","Cluster_5","Cluster D — Omusati, Oshana, Oshikoto & Ohangwena","SSP245_2050","Without_Intervention","SSP245_2050_Without_Intervention",,,,,
"Damara dik dik","Browser","Shrub_Browser",5,45.625,263182561.955363,5768384.9195696,"Forage-limited potential carrying capacity","Estimated",1422473.1935077,91.0463462725747,0.00640056675149442,"Cluster","Cluster_5","Cluster D — Omusati, Oshana, Oshikoto & Ohangwena","SSP245_2050","Without_Intervention","SSP245_2050_Without_Intervention",5762045.26254227,6339.65702732839,0.110024422552545,5768385,6340
"Duiker","Browser","Woodland_Browser",17.5,159.6875,221762442.265265,1388727.62279618,"Forage-limited potential carrying capacity","Estimated",1422473.1935077,91.0463462725747,0.00640056675149442,"Cluster","Cluster_5","Cluster D — Omusati, Oshana, Oshikoto & Ohangwena","SSP245_2050","Without_Intervention","SSP245_2050_Without_Intervention",1392356.38512432,-3628.76232813881,-0.26062022388146,1388728,-3629
"Eland","Mixed","Mixed_Open",500,4562.5,266266450.73415,58359.7700239233,"Forage-limited potential carrying capacity","Estimated",1422473.1935077,91.0463462725747,0.00640056675149442,"Cluster","Cluster_5","Cluster D — Omusati, Oshana, Oshikoto & Ohangwena","SSP245_2050","Without_Intervention","SSP245_2050_Without_Intervention",59569.6659539816,-1209.89593005823,-2.03106045783921,58360,-1210
"Elephant","Mixed","Large_Mixed",3500,31937.5,254373217.68898,7964.71914486043,"Forage-limited potential carrying capacity","Estimated",1422473.1935077,91.0463462725747,0.00640056675149442,"Cluster","Cluster_5","Cluster D — Omusati, Oshana, Oshikoto & Ohangwena","SSP245_2050","Without_Intervention","SSP245_2050_Without_Intervention",8065.78314837636,-101.064003515938,-1.25299678477324,7965,-101
"Gemsbok","Mixed","Arid_Mixed",210,1916.25,258805041.275391,135058.077638821,"Forage-limited potential carrying capacity","Estimated",1422473.1935077,91.0463462725747,0.00640056675149442,"Cluster","Cluster_5","Cluster D — Omusati, Oshana, Oshikoto & Ohangwena","SSP245_2050","Without_Intervention","SSP245_2050_Without_Intervention",137314.707455286,-2256.62981646514,-1.64339993747572,135058,-2257
"Giraffe","Browser","Woodland_Browser",850,7756.25,221762442.265265,28591.4510575685,"Forage-limited potential carrying capacity","Estimated",1422473.1935077,91.0463462725747,0.00640056675149442,"Cluster","Cluster_5","Cluster D — Omusati, Oshana, Oshikoto & Ohangwena","SSP245_2050","Without_Intervention","SSP245_2050_Without_Intervention",28666.1608702066,-74.7098126381497,-0.260620223881452,28591,-75
"Hartmann's zebra","Grazer","Arid_Grazer",280,2555,226125634.329752,88503.1836907052,"Forage-limited potential carrying capacity","Estimated",1422473.1935077,91.0463462725747,0.00640056675149442,"Cluster","Cluster_5","Cluster D — Omusati, Oshana, Oshikoto & Ohangwena","SSP245_2050","Without_Intervention","SSP245_2050_Without_Intervention",90698.3305757486,-2195.14688504334,-2.42027264571317,88503,-2195
"Hippopotamus","Grazer","Wetland_Grazer",1400,12775,87467661.3704629,6846.78366892077,"Forage-limited potential carrying capacity","Estimated",1422473.1935077,91.0463462725747,0.00640056675149442,"Cluster","Cluster_5","Cluster D — Omusati, Oshana, Oshikoto & Ohangwena","SSP245_2050","Without_Intervention","SSP245_2050_Without_Intervention",7173.25266099403,-326.468992073262,-4.55119884245122,6847,-326
"Impala","Mixed","Mixed_Open",50,456.25,266266450.73415,583597.700239233,"Forage-limited potential carrying capacity","Estimated",1422473.1935077,91.0463462725747,0.00640056675149442,"Cluster","Cluster_5","Cluster D — Omusati, Oshana, Oshikoto & Ohangwena","SSP245_2050","Without_Intervention","SSP245_2050_Without_Intervention",595696.659539816,-12098.9593005823,-2.03106045783922,583598,-12099
"Klipspringer","Browser","Rocky_Browser",11,100.375,197382498.334914,1966450.79287585,"Forage-limited potential carrying capacity","Estimated",1422473.1935077,91.0463462725747,0.00640056675149442,"Cluster","Cluster_5","Cluster D — Omusati, Oshana, Oshikoto & Ohangwena","SSP245_2050","Without_Intervention","SSP245_2050_Without_Intervention",1961016.77568894,5434.01718691294,0.277102024535403,1966451,5434
"Kudu","Browser","Woodland_Browser",190,1733.75,221762442.265265,127909.12315228,"Forage-limited potential carrying capacity","Estimated",1422473.1935077,91.0463462725747,0.00640056675149442,"Cluster","Cluster_5","Cluster D — Omusati, Oshana, Oshikoto & Ohangwena","SSP245_2050","Without_Intervention","SSP245_2050_Without_Intervention",128243.351261451,-334.228109170683,-0.260620223881462,127909,-334
"Leopard","Carnivore","Carnivore",50,,,,"Prey biomass required - not estimated from forage","Not estimated: requires local preferred-prey biomass/density data",1422473.1935077,91.0463462725747,0.00640056675149442,"Cluster","Cluster_5","Cluster D — Omusati, Oshana, Oshikoto & Ohangwena","SSP245_2050","Without_Intervention","SSP245_2050_Without_Intervention",,,,,
"Ostrich","Mixed","Mixed_Open",100,912.5,266266450.73415,291798.850119617,"Forage-limited potential carrying capacity","Estimated",1422473.1935077,91.0463462725747,0.00640056675149442,"Cluster","Cluster_5","Cluster D — Omusati, Oshana, Oshikoto & Ohangwena","SSP245_2050","Without_Intervention","SSP245_2050_Without_Intervention",297848.329769908,-6049.47965029115,-2.03106045783922,291799,-6049
"Red Hartebeest","Grazer","General_Grazer",150,1368.75,224114874.772053,163736.894810632,"Forage-limited potential carrying capacity","Estimated",1422473.1935077,91.0463462725747,0.00640056675149442,"Cluster","Cluster_5","Cluster D — Omusati, Oshana, Oshikoto & Ohangwena","SSP245_2050","Without_Intervention","SSP245_2050_Without_Intervention",169370.091105431,-5633.19629479884,-3.32596874574049,163737,-5633
"Red Lechwe","Grazer","Wetland_Grazer",80,730,87467661.3704629,119818.714206114,"Forage-limited potential carrying capacity","Estimated",1422473.1935077,91.0463462725747,0.00640056675149442,"Cluster","Cluster_5","Cluster D — Omusati, Oshana, Oshikoto & Ohangwena","SSP245_2050","Without_Intervention","SSP245_2050_Without_Intervention",125531.921567396,-5713.20736128208,-4.55119884245122,119819,-5713
"Reedbuck","Grazer","Wetland_Grazer",45,410.625,87467661.3704629,213011.047477535,"Forage-limited potential carrying capacity","Estimated",1422473.1935077,91.0463462725747,0.00640056675149442,"Cluster","Cluster_5","Cluster D — Omusati, Oshana, Oshikoto & Ohangwena","SSP245_2050","Without_Intervention","SSP245_2050_Without_Intervention",223167.860564259,-10156.8130867237,-4.55119884245121,213011,-10157
"Roan","Grazer","General_Grazer",240,2190,224114874.772053,102335.559256645,"Forage-limited potential carrying capacity","Estimated",1422473.1935077,91.0463462725747,0.00640056675149442,"Cluster","Cluster_5","Cluster D — Omusati, Oshana, Oshikoto & Ohangwena","SSP245_2050","Without_Intervention","SSP245_2050_Without_Intervention",105856.306940894,-3520.74768424928,-3.3259687457405,102336,-3521
"Sable","Grazer","General_Grazer",200,1825,224114874.772053,122802.671107974,"Forage-limited potential carrying capacity","Estimated",1422473.1935077,91.0463462725747,0.00640056675149442,"Cluster","Cluster_5","Cluster D — Omusati, Oshana, Oshikoto & Ohangwena","SSP245_2050","Without_Intervention","SSP245_2050_Without_Intervention",127027.568329073,-4224.89722109913,-3.3259687457405,122803,-4225
"Spotted Hyaena","Carnivore","Carnivore",55,,,,"Prey biomass required - not estimated from forage","Not estimated: requires local preferred-prey biomass/density data",1422473.1935077,91.0463462725747,0.00640056675149442,"Cluster","Cluster_5","Cluster D — Omusati, Oshana, Oshikoto & Ohangwena","SSP245_2050","Without_Intervention","SSP245_2050_Without_Intervention",,,,,
"Springbok","Grazer","Arid_Grazer",38,346.75,226125634.329752,652128.721931512,"Forage-limited potential carrying capacity","Estimated",1422473.1935077,91.0463462725747,0.00640056675149442,"Cluster","Cluster_5","Cluster D — Omusati, Oshana, Oshikoto & Ohangwena","SSP245_2050","Without_Intervention","SSP245_2050_Without_Intervention",668303.488452884,-16174.766521372,-2.42027264571317,652129,-16175
"Steenbok","Browser","Shrub_Browser",10,91.25,263182561.955363,2884192.4597848,"Forage-limited potential carrying capacity","Estimated",1422473.1935077,91.0463462725747,0.00640056675149442,"Cluster","Cluster_5","Cluster D — Omusati, Oshana, Oshikoto & Ohangwena","SSP245_2050","Without_Intervention","SSP245_2050_Without_Intervention",2881022.63127114,3169.82851366419,0.110024422552545,2884192,3170
"Vervet monkey","Omnivore","Omnivore",5,45.625,167770496.122968,3677161.55885957,"Forage-limited potential carrying capacity","Estimated",1422473.1935077,91.0463462725747,0.00640056675149442,"Cluster","Cluster_5","Cluster D — Omusati, Oshana, Oshikoto & Ohangwena","SSP245_2050","Without_Intervention","SSP245_2050_Without_Intervention",3759343.19807349,-82181.6392139136,-2.18606375858497,3677162,-82182
"Warthog","Grazer","General_Grazer",70,638.75,224114874.772053,350864.774594212,"Forage-limited potential carrying capacity","Estimated",1422473.1935077,91.0463462725747,0.00640056675149442,"Cluster","Cluster_5","Cluster D — Omusati, Oshana, Oshikoto & Ohangwena","SSP245_2050","Without_Intervention","SSP245_2050_Without_Intervention",362935.909511638,-12071.1349174261,-3.3259687457405,350865,-12071
"Baboon","Omnivore","Omnivore",24,219,42417351.9316634,193686.538500746,"Forage-limited potential carrying capacity","Estimated",797331.445462821,0,0,"Cluster","Cluster_6","Cluster F —    //Karas,Hardap","SSP245_2050","Without_Intervention","SSP245_2050_Without_Intervention",220657.268463603,-26970.7299628567,-12.2229057536373,193687,-26971
"Black rhinoceros","Browser","Shrub_Browser",1000,9125,43083941.0856977,4721.52779021345,"Forage-limited potential carrying capacity","Estimated",797331.445462821,0,0,"Cluster","Cluster_6","Cluster F —    //Karas,Hardap","SSP245_2050","Without_Intervention","SSP245_2050_Without_Intervention",5609.42788806347,-887.900097850022,-15.8287104419226,4722,-888
"Black-backed Jackal","Carnivore","Carnivore",8.5,,,,"Prey biomass required - not estimated from forage","Not estimated: requires local preferred-prey biomass/density data",797331.445462821,0,0,"Cluster","Cluster_6","Cluster F —    //Karas,Hardap","SSP245_2050","Without_Intervention","SSP245_2050_Without_Intervention",,,,,
"Black-faced Impala","Mixed","Mixed_Open",50,456.25,84391544.7724404,184967.769364253,"Forage-limited potential carrying capacity","Estimated",797331.445462821,0,0,"Cluster","Cluster_6","Cluster F —    //Karas,Hardap","SSP245_2050","Without_Intervention","SSP245_2050_Without_Intervention",207400.497538045,-22432.7281737915,-10.8161399997011,184968,-22433
"Blue wildebeest","Grazer","General_Grazer",220,2007.5,94499641.9252403,47073.2961022368,"Forage-limited potential carrying capacity","Estimated",797331.445462821,0,0,"Cluster","Cluster_6","Cluster F —    //Karas,Hardap","SSP245_2050","Without_Intervention","SSP245_2050_Without_Intervention",51921.408368843,-4848.1122666062,-9.33740516467858,47073,-4848
"Buffalo","Grazer","General_Grazer",500,4562.5,94499641.9252403,20712.2502849842,"Forage-limited potential carrying capacity","Estimated",797331.445462821,0,0,"Cluster","Cluster_6","Cluster F —    //Karas,Hardap","SSP245_2050","Without_Intervention","SSP245_2050_Without_Intervention",22845.4196822909,-2133.16939730673,-9.33740516467859,20712,-2133
"Burchell's zebra","Grazer","General_Grazer",320,2920,94499641.9252403,32362.8910702878,"Forage-limited potential carrying capacity","Estimated",797331.445462821,0,0,"Cluster","Cluster_6","Cluster F —    //Karas,Hardap","SSP245_2050","Without_Intervention","SSP245_2050_Without_Intervention",35695.9682535795,-3333.07718329176,-9.33740516467858,32363,-3333
"Bushpig","Omnivore","Omnivore",60,547.5,42417351.9316634,77474.6154002984,"Forage-limited potential carrying capacity","Estimated",797331.445462821,0,0,"Cluster","Cluster_6","Cluster F —    //Karas,Hardap","SSP245_2050","Without_Intervention","SSP245_2050_Without_Intervention",88262.9073854411,-10788.2919851427,-12.2229057536373,77475,-10788
"Cheetah","Carnivore","Carnivore",45,,,,"Prey biomass required - not estimated from forage","Not estimated: requires local preferred-prey biomass/density data",797331.445462821,0,0,"Cluster","Cluster_6","Cluster F —    //Karas,Hardap","SSP245_2050","Without_Intervention","SSP245_2050_Without_Intervention",,,,,
"Damara dik dik","Browser","Shrub_Browser",5,45.625,43083941.0856977,944305.558042689,"Forage-limited potential carrying capacity","Estimated",797331.445462821,0,0,"Cluster","Cluster_6","Cluster F —    //Karas,Hardap","SSP245_2050","Without_Intervention","SSP245_2050_Without_Intervention",1121885.57761269,-177580.019570004,-15.8287104419226,944306,-177580
"Duiker","Browser","Woodland_Browser",17.5,159.6875,32305553.7434537,202304.837532391,"Forage-limited potential carrying capacity","Estimated",797331.445462821,0,0,"Cluster","Cluster_6","Cluster F —    //Karas,Hardap","SSP245_2050","Without_Intervention","SSP245_2050_Without_Intervention",244525.938978847,-42221.101446456,-17.2665123474317,202305,-42221
"Eland","Mixed","Mixed_Open",500,4562.5,84391544.7724404,18496.7769364253,"Forage-limited potential carrying capacity","Estimated",797331.445462821,0,0,"Cluster","Cluster_6","Cluster F —    //Karas,Hardap","SSP245_2050","Without_Intervention","SSP245_2050_Without_Intervention",20740.0497538045,-2243.27281737915,-10.8161399997011,18497,-2243
"Elephant","Mixed","Large_Mixed",3500,31937.5,66815968.3981616,2092.0851161851,"Forage-limited potential carrying capacity","Estimated",797331.445462821,0,0,"Cluster","Cluster_6","Cluster F —    //Karas,Hardap","SSP245_2050","Without_Intervention","SSP245_2050_Without_Intervention",2375.29866877352,-283.213552588421,-11.923281746066,2092,-283
"Gemsbok","Mixed","Arid_Mixed",210,1916.25,85728480.3036029,44737.6283384751,"Forage-limited potential carrying capacity","Estimated",797331.445462821,0,0,"Cluster","Cluster_6","Cluster F —    //Karas,Hardap","SSP245_2050","Without_Intervention","SSP245_2050_Without_Intervention",49887.1210865332,-5149.4927480581,-10.3222888711615,44738,-5149
"Giraffe","Browser","Woodland_Browser",850,7756.25,32305553.7434537,4165.09959625511,"Forage-limited potential carrying capacity","Estimated",797331.445462821,0,0,"Cluster","Cluster_6","Cluster F —    //Karas,Hardap","SSP245_2050","Without_Intervention","SSP245_2050_Without_Intervention",5034.35756721156,-869.257970956448,-17.2665123474317,4165,-869
"Hartmann's zebra","Grazer","Arid_Grazer",280,2555,90786229.9154126,35532.7710040754,"Forage-limited potential carrying capacity","Estimated",797331.445462821,0,0,"Cluster","Cluster_6","Cluster F —    //Karas,Hardap","SSP245_2050","Without_Intervention","SSP245_2050_Without_Intervention",39167.9360256571,-3635.16502158168,-9.2809716069809,35533,-3635
"Hippopotamus","Grazer","Wetland_Grazer",1400,12775,39773089.1526167,3113.35335832616,"Forage-limited potential carrying capacity","Estimated",797331.445462821,0,0,"Cluster","Cluster_6","Cluster F —    //Karas,Hardap","SSP245_2050","Without_Intervention","SSP245_2050_Without_Intervention",3426.32087247397,-312.967514147807,-9.13421497274509,3113,-313
"Impala","Mixed","Mixed_Open",50,456.25,84391544.7724404,184967.769364253,"Forage-limited potential carrying capacity","Estimated",797331.445462821,0,0,"Cluster","Cluster_6","Cluster F —    //Karas,Hardap","SSP245_2050","Without_Intervention","SSP245_2050_Without_Intervention",207400.497538045,-22432.7281737915,-10.8161399997011,184968,-22433
"Klipspringer","Browser","Rocky_Browser",11,100.375,40029772.3467688,398802.215160835,"Forage-limited potential carrying capacity","Estimated",797331.445462821,0,0,"Cluster","Cluster_6","Cluster F —    //Karas,Hardap","SSP245_2050","Without_Intervention","SSP245_2050_Without_Intervention",459420.602506524,-60618.3873456896,-13.1945295911776,398802,-60618
"Kudu","Browser","Woodland_Browser",190,1733.75,32305553.7434537,18633.340299036,"Forage-limited potential carrying capacity","Estimated",797331.445462821,0,0,"Cluster","Cluster_6","Cluster F —    //Karas,Hardap","SSP245_2050","Without_Intervention","SSP245_2050_Without_Intervention",22522.125958578,-3888.78565954201,-17.2665123474317,18633,-3889
"Leopard","Carnivore","Carnivore",50,,,,"Prey biomass required - not estimated from forage","Not estimated: requires local preferred-prey biomass/density data",797331.445462821,0,0,"Cluster","Cluster_6","Cluster F —    //Karas,Hardap","SSP245_2050","Without_Intervention","SSP245_2050_Without_Intervention",,,,,
"Ostrich","Mixed","Mixed_Open",100,912.5,84391544.7724404,92483.8846821265,"Forage-limited potential carrying capacity","Estimated",797331.445462821,0,0,"Cluster","Cluster_6","Cluster F —    //Karas,Hardap","SSP245_2050","Without_Intervention","SSP245_2050_Without_Intervention",103700.248769022,-11216.3640868957,-10.8161399997011,92484,-11216
"Red Hartebeest","Grazer","General_Grazer",150,1368.75,94499641.9252403,69040.8342832806,"Forage-limited potential carrying capacity","Estimated",797331.445462821,0,0,"Cluster","Cluster_6","Cluster F —    //Karas,Hardap","SSP245_2050","Without_Intervention","SSP245_2050_Without_Intervention",76151.3989409697,-7110.56465768909,-9.33740516467857,69041,-7111
"Red Lechwe","Grazer","Wetland_Grazer",80,730,39773089.1526167,54483.6837707078,"Forage-limited potential carrying capacity","Estimated",797331.445462821,0,0,"Cluster","Cluster_6","Cluster F —    //Karas,Hardap","SSP245_2050","Without_Intervention","SSP245_2050_Without_Intervention",59960.6152682945,-5476.93149758663,-9.13421497274509,54484,-5477
"Reedbuck","Grazer","Wetland_Grazer",45,410.625,39773089.1526167,96859.8822590361,"Forage-limited potential carrying capacity","Estimated",797331.445462821,0,0,"Cluster","Cluster_6","Cluster F —    //Karas,Hardap","SSP245_2050","Without_Intervention","SSP245_2050_Without_Intervention",106596.649365857,-9736.76710682068,-9.1342149727451,96860,-9737
"Roan","Grazer","General_Grazer",240,2190,94499641.9252403,43150.5214270504,"Forage-limited potential carrying capacity","Estimated",797331.445462821,0,0,"Cluster","Cluster_6","Cluster F —    //Karas,Hardap","SSP245_2050","Without_Intervention","SSP245_2050_Without_Intervention",47594.6243381061,-4444.10291105568,-9.33740516467858,43151,-4444
"Sable","Grazer","General_Grazer",200,1825,94499641.9252403,51780.6257124605,"Forage-limited potential carrying capacity","Estimated",797331.445462821,0,0,"Cluster","Cluster_6","Cluster F —    //Karas,Hardap","SSP245_2050","Without_Intervention","SSP245_2050_Without_Intervention",57113.5492057273,-5332.92349326683,-9.33740516467859,51781,-5333
"Spotted Hyaena","Carnivore","Carnivore",55,,,,"Prey biomass required - not estimated from forage","Not estimated: requires local preferred-prey biomass/density data",797331.445462821,0,0,"Cluster","Cluster_6","Cluster F —    //Karas,Hardap","SSP245_2050","Without_Intervention","SSP245_2050_Without_Intervention",,,,,
"Springbok","Grazer","Arid_Grazer",38,346.75,90786229.9154126,261820.417924766,"Forage-limited potential carrying capacity","Estimated",797331.445462821,0,0,"Cluster","Cluster_6","Cluster F —    //Karas,Hardap","SSP245_2050","Without_Intervention","SSP245_2050_Without_Intervention",288605.844399578,-26785.4264748124,-9.28097160698091,261820,-26785
"Steenbok","Browser","Shrub_Browser",10,91.25,43083941.0856977,472152.779021345,"Forage-limited potential carrying capacity","Estimated",797331.445462821,0,0,"Cluster","Cluster_6","Cluster F —    //Karas,Hardap","SSP245_2050","Without_Intervention","SSP245_2050_Without_Intervention",560942.788806347,-88790.0097850022,-15.8287104419226,472153,-88790
"Vervet monkey","Omnivore","Omnivore",5,45.625,42417351.9316634,929695.384803581,"Forage-limited potential carrying capacity","Estimated",797331.445462821,0,0,"Cluster","Cluster_6","Cluster F —    //Karas,Hardap","SSP245_2050","Without_Intervention","SSP245_2050_Without_Intervention",1059154.88862529,-129459.503821712,-12.2229057536373,929695,-129460
"Warthog","Grazer","General_Grazer",70,638.75,94499641.9252403,147944.644892744,"Forage-limited potential carrying capacity","Estimated",797331.445462821,0,0,"Cluster","Cluster_6","Cluster F —    //Karas,Hardap","SSP245_2050","Without_Intervention","SSP245_2050_Without_Intervention",163181.569159221,-15236.9242664766,-9.33740516467859,147945,-15237
"Baboon","Omnivore","Omnivore",24,219,157481130.34846,719091.919399359,"Forage-limited potential carrying capacity","Estimated",2738207.08076389,0,0,"Cluster","Cluster_1","Cluster A — South, Kunene South & Erongo","SSP245_2050","With_Intervention","SSP245_2050_With_Intervention",477431.876110126,241660.043289233,50.6166545179507,719092,241660
"Black rhinoceros","Browser","Shrub_Browser",1000,9125,172011986.819824,18850.6286925834,"Forage-limited potential carrying capacity","Estimated",2738207.08076389,0,0,"Cluster","Cluster_1","Cluster A — South, Kunene South & Erongo","SSP245_2050","With_Intervention","SSP245_2050_With_Intervention",20045.6486354135,-1195.01994283004,-5.96149301309646,18851,-1195
"Black-backed Jackal","Carnivore","Carnivore",8.5,,,,"Prey biomass required - not estimated from forage","Not estimated: requires local preferred-prey biomass/density data",2738207.08076389,0,0,"Cluster","Cluster_1","Cluster A — South, Kunene South & Erongo","SSP245_2050","With_Intervention","SSP245_2050_With_Intervention",,,,,
"Black-faced Impala","Mixed","Mixed_Open",50,456.25,304897743.78224,668269.027467922,"Forage-limited potential carrying capacity","Estimated",2738207.08076389,0,0,"Cluster","Cluster_1","Cluster A — South, Kunene South & Erongo","SSP245_2050","With_Intervention","SSP245_2050_With_Intervention",341928.046232009,326340.981235914,95.4414195712045,668269,326341
"Blue wildebeest","Grazer","General_Grazer",220,2007.5,332277200.380273,165517.908035005,"Forage-limited potential carrying capacity","Estimated",2738207.08076389,0,0,"Cluster","Cluster_1","Cluster A — South, Kunene South & Erongo","SSP245_2050","With_Intervention","SSP245_2050_With_Intervention",60235.6133902942,105282.294644711,174.784133038604,165518,105282
"Buffalo","Grazer","General_Grazer",500,4562.5,332277200.380273,72827.8795354022,"Forage-limited potential carrying capacity","Estimated",2738207.08076389,0,0,"Cluster","Cluster_1","Cluster A — South, Kunene South & Erongo","SSP245_2050","With_Intervention","SSP245_2050_With_Intervention",26503.6698917294,46324.2096436728,174.784133038604,72828,46324
"Burchell's zebra","Grazer","General_Grazer",320,2920,332277200.380273,113793.561774066,"Forage-limited potential carrying capacity","Estimated",2738207.08076389,0,0,"Cluster","Cluster_1","Cluster A — South, Kunene South & Erongo","SSP245_2050","With_Intervention","SSP245_2050_With_Intervention",41411.9842058272,72381.5775682387,174.784133038604,113794,72382
"Bushpig","Omnivore","Omnivore",60,547.5,157481130.34846,287636.767759743,"Forage-limited potential carrying capacity","Estimated",2738207.08076389,0,0,"Cluster","Cluster_1","Cluster A — South, Kunene South & Erongo","SSP245_2050","With_Intervention","SSP245_2050_With_Intervention",190972.75044405,96664.0173156931,50.6166545179507,287637,96664
"Cheetah","Carnivore","Carnivore",45,,,,"Prey biomass required - not estimated from forage","Not estimated: requires local preferred-prey biomass/density data",2738207.08076389,0,0,"Cluster","Cluster_1","Cluster A — South, Kunene South & Erongo","SSP245_2050","With_Intervention","SSP245_2050_With_Intervention",,,,,
"Damara dik dik","Browser","Shrub_Browser",5,45.625,172011986.819824,3770125.73851668,"Forage-limited potential carrying capacity","Estimated",2738207.08076389,0,0,"Cluster","Cluster_1","Cluster A — South, Kunene South & Erongo","SSP245_2050","With_Intervention","SSP245_2050_With_Intervention",4009129.72708269,-239003.988566008,-5.96149301309646,3770126,-239004
"Duiker","Browser","Woodland_Browser",17.5,159.6875,131197369.244889,821588.222277192,"Forage-limited potential carrying capacity","Estimated",2738207.08076389,0,0,"Cluster","Cluster_1","Cluster A — South, Kunene South & Erongo","SSP245_2050","With_Intervention","SSP245_2050_With_Intervention",889646.234001098,-68058.0117239053,-7.65000841040163,821588,-68058
"Eland","Mixed","Mixed_Open",500,4562.5,304897743.78224,66826.9027467922,"Forage-limited potential carrying capacity","Estimated",2738207.08076389,0,0,"Cluster","Cluster_1","Cluster A — South, Kunene South & Erongo","SSP245_2050","With_Intervention","SSP245_2050_With_Intervention",34192.8046232009,32634.0981235914,95.4414195712045,66827,32634
"Elephant","Mixed","Large_Mixed",3500,31937.5,247246513.722617,7741.57381518958,"Forage-limited potential carrying capacity","Estimated",2738207.08076389,0,0,"Cluster","Cluster_1","Cluster A — South, Kunene South & Erongo","SSP245_2050","With_Intervention","SSP245_2050_With_Intervention",5112.50864522573,2629.06516996385,51.4241706450506,7742,2629
"Gemsbok","Mixed","Arid_Mixed",210,1916.25,310007912.4501,161778.427893072,"Forage-limited potential carrying capacity","Estimated",2738207.08076389,0,0,"Cluster","Cluster_1","Cluster A — South, Kunene South & Erongo","SSP245_2050","With_Intervention","SSP245_2050_With_Intervention",93522.6826369575,68255.7452561148,72.9830917287461,161778,68256
"Giraffe","Browser","Woodland_Browser",850,7756.25,131197369.244889,16915.0516351187,"Forage-limited potential carrying capacity","Estimated",2738207.08076389,0,0,"Cluster","Cluster_1","Cluster A — South, Kunene South & Erongo","SSP245_2050","With_Intervention","SSP245_2050_With_Intervention",18316.2459941402,-1401.19435902158,-7.65000841040164,16915,-1401
"Hartmann's zebra","Grazer","Arid_Grazer",280,2555,322617606.920954,126269.122082565,"Forage-limited potential carrying capacity","Estimated",2738207.08076389,0,0,"Cluster","Cluster_1","Cluster A — South, Kunene South & Erongo","SSP245_2050","With_Intervention","SSP245_2050_With_Intervention",62330.7486966738,63938.3733858915,102.579183986769,126269,63938
"Hippopotamus","Grazer","Wetland_Grazer",1400,12775,138574742.132102,10847.3379359767,"Forage-limited potential carrying capacity","Estimated",2738207.08076389,0,0,"Cluster","Cluster_1","Cluster A — South, Kunene South & Erongo","SSP245_2050","With_Intervention","SSP245_2050_With_Intervention",3030.43906859549,7816.89886738121,257.946082743848,10847,7817
"Impala","Mixed","Mixed_Open",50,456.25,304897743.78224,668269.027467922,"Forage-limited potential carrying capacity","Estimated",2738207.08076389,0,0,"Cluster","Cluster_1","Cluster A — South, Kunene South & Erongo","SSP245_2050","With_Intervention","SSP245_2050_With_Intervention",341928.046232009,326340.981235914,95.4414195712045,668269,326341
"Klipspringer","Browser","Rocky_Browser",11,100.375,156185059.220665,1556015.53395432,"Forage-limited potential carrying capacity","Estimated",2738207.08076389,0,0,"Cluster","Cluster_1","Cluster A — South, Kunene South & Erongo","SSP245_2050","With_Intervention","SSP245_2050_With_Intervention",1727101.59639763,-171086.062443312,-9.90596400351671,1556016,-171086
"Kudu","Browser","Woodland_Browser",190,1733.75,131197369.244889,75672.5994202677,"Forage-limited potential carrying capacity","Estimated",2738207.08076389,0,0,"Cluster","Cluster_1","Cluster A — South, Kunene South & Erongo","SSP245_2050","With_Intervention","SSP245_2050_With_Intervention",81941.1005001011,-6268.5010798334,-7.65000841040164,75673,-6269
"Leopard","Carnivore","Carnivore",50,,,,"Prey biomass required - not estimated from forage","Not estimated: requires local preferred-prey biomass/density data",2738207.08076389,0,0,"Cluster","Cluster_1","Cluster A — South, Kunene South & Erongo","SSP245_2050","With_Intervention","SSP245_2050_With_Intervention",,,,,
"Ostrich","Mixed","Mixed_Open",100,912.5,304897743.78224,334134.513733961,"Forage-limited potential carrying capacity","Estimated",2738207.08076389,0,0,"Cluster","Cluster_1","Cluster A — South, Kunene South & Erongo","SSP245_2050","With_Intervention","SSP245_2050_With_Intervention",170964.023116004,163170.490617957,95.4414195712045,334135,163170
"Red Hartebeest","Grazer","General_Grazer",150,1368.75,332277200.380273,242759.598451341,"Forage-limited potential carrying capacity","Estimated",2738207.08076389,0,0,"Cluster","Cluster_1","Cluster A — South, Kunene South & Erongo","SSP245_2050","With_Intervention","SSP245_2050_With_Intervention",88345.5663057648,154414.032145576,174.784133038604,242760,154414
"Red Lechwe","Grazer","Wetland_Grazer",80,730,138574742.132102,189828.413879592,"Forage-limited potential carrying capacity","Estimated",2738207.08076389,0,0,"Cluster","Cluster_1","Cluster A — South, Kunene South & Erongo","SSP245_2050","With_Intervention","SSP245_2050_With_Intervention",53032.6837004211,136795.730179171,257.946082743848,189828,136796
"Reedbuck","Grazer","Wetland_Grazer",45,410.625,138574742.132102,337472.735785942,"Forage-limited potential carrying capacity","Estimated",2738207.08076389,0,0,"Cluster","Cluster_1","Cluster A — South, Kunene South & Erongo","SSP245_2050","With_Intervention","SSP245_2050_With_Intervention",94280.3265785264,243192.409207415,257.946082743848,337473,243192
"Roan","Grazer","General_Grazer",240,2190,332277200.380273,151724.749032088,"Forage-limited potential carrying capacity","Estimated",2738207.08076389,0,0,"Cluster","Cluster_1","Cluster A — South, Kunene South & Erongo","SSP245_2050","With_Intervention","SSP245_2050_With_Intervention",55215.978941103,96508.770090985,174.784133038604,151725,96509
"Sable","Grazer","General_Grazer",200,1825,332277200.380273,182069.698838506,"Forage-limited potential carrying capacity","Estimated",2738207.08076389,0,0,"Cluster","Cluster_1","Cluster A — South, Kunene South & Erongo","SSP245_2050","With_Intervention","SSP245_2050_With_Intervention",66259.1747293236,115810.524109182,174.784133038604,182070,115811
"Spotted Hyaena","Carnivore","Carnivore",55,,,,"Prey biomass required - not estimated from forage","Not estimated: requires local preferred-prey biomass/density data",2738207.08076389,0,0,"Cluster","Cluster_1","Cluster A — South, Kunene South & Erongo","SSP245_2050","With_Intervention","SSP245_2050_With_Intervention",,,,,
"Springbok","Grazer","Arid_Grazer",38,346.75,322617606.920954,930404.057450481,"Forage-limited potential carrying capacity","Estimated",2738207.08076389,0,0,"Cluster","Cluster_1","Cluster A — South, Kunene South & Erongo","SSP245_2050","With_Intervention","SSP245_2050_With_Intervention",459279.20092286,471124.856527622,102.579183986769,930404,471125
"Steenbok","Browser","Shrub_Browser",10,91.25,172011986.819824,1885062.86925834,"Forage-limited potential carrying capacity","Estimated",2738207.08076389,0,0,"Cluster","Cluster_1","Cluster A — South, Kunene South & Erongo","SSP245_2050","With_Intervention","SSP245_2050_With_Intervention",2004564.86354135,-119501.994283004,-5.96149301309646,1885063,-119502
"Vervet monkey","Omnivore","Omnivore",5,45.625,157481130.34846,3451641.21311692,"Forage-limited potential carrying capacity","Estimated",2738207.08076389,0,0,"Cluster","Cluster_1","Cluster A — South, Kunene South & Erongo","SSP245_2050","With_Intervention","SSP245_2050_With_Intervention",2291673.0053286,1159968.20778832,50.6166545179507,3451641,1159968
"Warthog","Grazer","General_Grazer",70,638.75,332277200.380273,520199.139538587,"Forage-limited potential carrying capacity","Estimated",2738207.08076389,0,0,"Cluster","Cluster_1","Cluster A — South, Kunene South & Erongo","SSP245_2050","With_Intervention","SSP245_2050_With_Intervention",189311.927798067,330887.21174052,174.784133038604,520199,330887
"Baboon","Omnivore","Omnivore",24,219,90017267.9250541,411037.753082439,"Forage-limited potential carrying capacity","Estimated",783233.539348635,205.408890584251,0.0262257526350412,"Cluster","Cluster_2","Cluster C — Kavango East, Kavango West & Zambezi","SSP245_2050","With_Intervention","SSP245_2050_With_Intervention",432975.3361786,-21937.5830961612,-5.06670502060932,411038,-21938
"Black rhinoceros","Browser","Shrub_Browser",1000,9125,127041756.960129,13922.3843243977,"Forage-limited potential carrying capacity","Estimated",783233.539348635,205.408890584251,0.0262257526350412,"Cluster","Cluster_2","Cluster C — Kavango East, Kavango West & Zambezi","SSP245_2050","With_Intervention","SSP245_2050_With_Intervention",15761.9166234691,-1839.5322990714,-11.6707399424533,13922,-1840
"Black-backed Jackal","Carnivore","Carnivore",8.5,,,,"Prey biomass required - not estimated from forage","Not estimated: requires local preferred-prey biomass/density data",783233.539348635,205.408890584251,0.0262257526350412,"Cluster","Cluster_2","Cluster C — Kavango East, Kavango West & Zambezi","SSP245_2050","With_Intervention","SSP245_2050_With_Intervention",,,,,
"Black-faced Impala","Mixed","Mixed_Open",50,456.25,122187363.875762,267807.920823587,"Forage-limited potential carrying capacity","Estimated",783233.539348635,205.408890584251,0.0262257526350412,"Cluster","Cluster_2","Cluster C — Kavango East, Kavango West & Zambezi","SSP245_2050","With_Intervention","SSP245_2050_With_Intervention",267943.34193654,-135.421112952754,-0.0505409509241798,267808,-135
"Blue wildebeest","Grazer","General_Grazer",220,2007.5,104389617.73779,51999.8095829589,"Forage-limited potential carrying capacity","Estimated",783233.539348635,205.408890584251,0.0262257526350412,"Cluster","Cluster_2","Cluster C — Kavango East, Kavango West & Zambezi","SSP245_2050","With_Intervention","SSP245_2050_With_Intervention",47602.2485300159,4397.56105294298,9.23813724927316,52000,4398
"Buffalo","Grazer","General_Grazer",500,4562.5,104389617.73779,22879.9162165019,"Forage-limited potential carrying capacity","Estimated",783233.539348635,205.408890584251,0.0262257526350412,"Cluster","Cluster_2","Cluster C — Kavango East, Kavango West & Zambezi","SSP245_2050","With_Intervention","SSP245_2050_With_Intervention",20944.989353207,1934.92686329491,9.23813724927316,22880,1935
"Burchell's zebra","Grazer","General_Grazer",320,2920,104389617.73779,35749.8690882842,"Forage-limited potential carrying capacity","Estimated",783233.539348635,205.408890584251,0.0262257526350412,"Cluster","Cluster_2","Cluster C — Kavango East, Kavango West & Zambezi","SSP245_2050","With_Intervention","SSP245_2050_With_Intervention",32726.5458643859,3023.3232238983,9.23813724927317,35750,3023
"Bushpig","Omnivore","Omnivore",60,547.5,90017267.9250541,164415.101232976,"Forage-limited potential carrying capacity","Estimated",783233.539348635,205.408890584251,0.0262257526350412,"Cluster","Cluster_2","Cluster C — Kavango East, Kavango West & Zambezi","SSP245_2050","With_Intervention","SSP245_2050_With_Intervention",173190.13447144,-8775.03323846447,-5.06670502060931,164415,-8775
"Cheetah","Carnivore","Carnivore",45,,,,"Prey biomass required - not estimated from forage","Not estimated: requires local preferred-prey biomass/density data",783233.539348635,205.408890584251,0.0262257526350412,"Cluster","Cluster_2","Cluster C — Kavango East, Kavango West & Zambezi","SSP245_2050","With_Intervention","SSP245_2050_With_Intervention",,,,,
"Damara dik dik","Browser","Shrub_Browser",5,45.625,127041756.960129,2784476.86487954,"Forage-limited potential carrying capacity","Estimated",783233.539348635,205.408890584251,0.0262257526350412,"Cluster","Cluster_2","Cluster C — Kavango East, Kavango West & Zambezi","SSP245_2050","With_Intervention","SSP245_2050_With_Intervention",3152383.32469382,-367906.459814281,-11.6707399424533,2784477,-367906
"Duiker","Browser","Woodland_Browser",17.5,159.6875,123177103.947455,771363.468946878,"Forage-limited potential carrying capacity","Estimated",783233.539348635,205.408890584251,0.0262257526350412,"Cluster","Cluster_2","Cluster C — Kavango East, Kavango West & Zambezi","SSP245_2050","With_Intervention","SSP245_2050_With_Intervention",856885.54192539,-85522.0729785116,-9.98057135919771,771363,-85522
"Eland","Mixed","Mixed_Open",500,4562.5,122187363.875762,26780.7920823587,"Forage-limited potential carrying capacity","Estimated",783233.539348635,205.408890584251,0.0262257526350412,"Cluster","Cluster_2","Cluster C — Kavango East, Kavango West & Zambezi","SSP245_2050","With_Intervention","SSP245_2050_With_Intervention",26794.334193654,-13.5421112952754,-0.0505409509241798,26781,-14
"Elephant","Mixed","Large_Mixed",3500,31937.5,124710888.815466,3904.84191985802,"Forage-limited potential carrying capacity","Estimated",783233.539348635,205.408890584251,0.0262257526350412,"Cluster","Cluster_2","Cluster C — Kavango East, Kavango West & Zambezi","SSP245_2050","With_Intervention","SSP245_2050_With_Intervention",4090.71341347623,-185.871493618205,-4.54374273704631,3905,-186
"Gemsbok","Mixed","Arid_Mixed",210,1916.25,104880050.60529,54731.9246472488,"Forage-limited potential carrying capacity","Estimated",783233.539348635,205.408890584251,0.0262257526350412,"Cluster","Cluster_2","Cluster C — Kavango East, Kavango West & Zambezi","SSP245_2050","With_Intervention","SSP245_2050_With_Intervention",55225.3366752983,-493.412028049563,-0.893452277078214,54732,-493
"Giraffe","Browser","Woodland_Browser",850,7756.25,123177103.947455,15881.0125959651,"Forage-limited potential carrying capacity","Estimated",783233.539348635,205.408890584251,0.0262257526350412,"Cluster","Cluster_2","Cluster C — Kavango East, Kavango West & Zambezi","SSP245_2050","With_Intervention","SSP245_2050_With_Intervention",17641.7611572874,-1760.7485613223,-9.98057135919772,15881,-1761
"Hartmann's zebra","Grazer","Arid_Grazer",280,2555,89446063.2840649,35008.2439467964,"Forage-limited potential carrying capacity","Estimated",783233.539348635,205.408890584251,0.0262257526350412,"Cluster","Cluster_2","Cluster C — Kavango East, Kavango West & Zambezi","SSP245_2050","With_Intervention","SSP245_2050_With_Intervention",33179.1938712978,1829.05007549866,5.51264169525504,35008,1829
"Hippopotamus","Grazer","Wetland_Grazer",1400,12775,73090682.4988961,5721.38414864157,"Forage-limited potential carrying capacity","Estimated",783233.539348635,205.408890584251,0.0262257526350412,"Cluster","Cluster_2","Cluster C — Kavango East, Kavango West & Zambezi","SSP245_2050","With_Intervention","SSP245_2050_With_Intervention",5386.07188484953,335.312263792049,6.22554379074012,5721,335
"Impala","Mixed","Mixed_Open",50,456.25,122187363.875762,267807.920823587,"Forage-limited potential carrying capacity","Estimated",783233.539348635,205.408890584251,0.0262257526350412,"Cluster","Cluster_2","Cluster C — Kavango East, Kavango West & Zambezi","SSP245_2050","With_Intervention","SSP245_2050_With_Intervention",267943.34193654,-135.421112952754,-0.0505409509241798,267808,-135
"Klipspringer","Browser","Rocky_Browser",11,100.375,91707577.7803658,913649.591834279,"Forage-limited potential carrying capacity","Estimated",783233.539348635,205.408890584251,0.0262257526350412,"Cluster","Cluster_2","Cluster C — Kavango East, Kavango West & Zambezi","SSP245_2050","With_Intervention","SSP245_2050_With_Intervention",1039014.42889579,-125364.837061515,-12.0657455349052,913650,-125365
"Kudu","Browser","Woodland_Browser",190,1733.75,123177103.947455,71046.6352977388,"Forage-limited potential carrying capacity","Estimated",783233.539348635,205.408890584251,0.0262257526350412,"Cluster","Cluster_2","Cluster C — Kavango East, Kavango West & Zambezi","SSP245_2050","With_Intervention","SSP245_2050_With_Intervention",78923.6683352333,-7877.03303749449,-9.98057135919772,71047,-7877
"Leopard","Carnivore","Carnivore",50,,,,"Prey biomass required - not estimated from forage","Not estimated: requires local preferred-prey biomass/density data",783233.539348635,205.408890584251,0.0262257526350412,"Cluster","Cluster_2","Cluster C — Kavango East, Kavango West & Zambezi","SSP245_2050","With_Intervention","SSP245_2050_With_Intervention",,,,,
"Ostrich","Mixed","Mixed_Open",100,912.5,122187363.875762,133903.960411793,"Forage-limited potential carrying capacity","Estimated",783233.539348635,205.408890584251,0.0262257526350412,"Cluster","Cluster_2","Cluster C — Kavango East, Kavango West & Zambezi","SSP245_2050","With_Intervention","SSP245_2050_With_Intervention",133971.67096827,-67.710556476377,-0.0505409509241798,133904,-68
"Red Hartebeest","Grazer","General_Grazer",150,1368.75,104389617.73779,76266.3873883397,"Forage-limited potential carrying capacity","Estimated",783233.539348635,205.408890584251,0.0262257526350412,"Cluster","Cluster_2","Cluster C — Kavango East, Kavango West & Zambezi","SSP245_2050","With_Intervention","SSP245_2050_With_Intervention",69816.6311773566,6449.75621098303,9.23813724927315,76266,6450
"Red Lechwe","Grazer","Wetland_Grazer",80,730,73090682.4988961,100124.222601228,"Forage-limited potential carrying capacity","Estimated",783233.539348635,205.408890584251,0.0262257526350412,"Cluster","Cluster_2","Cluster C — Kavango East, Kavango West & Zambezi","SSP245_2050","With_Intervention","SSP245_2050_With_Intervention",94256.2579848667,5867.96461636086,6.22554379074012,100124,5868
"Reedbuck","Grazer","Wetland_Grazer",45,410.625,73090682.4988961,177998.617957738,"Forage-limited potential carrying capacity","Estimated",783233.539348635,205.408890584251,0.0262257526350412,"Cluster","Cluster_2","Cluster C — Kavango East, Kavango West & Zambezi","SSP245_2050","With_Intervention","SSP245_2050_With_Intervention",167566.680861985,10431.9370957526,6.22554379074012,177999,10432
"Roan","Grazer","General_Grazer",240,2190,104389617.73779,47666.4921177123,"Forage-limited potential carrying capacity","Estimated",783233.539348635,205.408890584251,0.0262257526350412,"Cluster","Cluster_2","Cluster C — Kavango East, Kavango West & Zambezi","SSP245_2050","With_Intervention","SSP245_2050_With_Intervention",43635.3944858479,4031.0976318644,9.23813724927315,47666,4031
"Sable","Grazer","General_Grazer",200,1825,104389617.73779,57199.7905412547,"Forage-limited potential carrying capacity","Estimated",783233.539348635,205.408890584251,0.0262257526350412,"Cluster","Cluster_2","Cluster C — Kavango East, Kavango West & Zambezi","SSP245_2050","With_Intervention","SSP245_2050_With_Intervention",52362.4733830175,4837.31715823728,9.23813724927316,57200,4837
"Spotted Hyaena","Carnivore","Carnivore",55,,,,"Prey biomass required - not estimated from forage","Not estimated: requires local preferred-prey biomass/density data",783233.539348635,205.408890584251,0.0262257526350412,"Cluster","Cluster_2","Cluster C — Kavango East, Kavango West & Zambezi","SSP245_2050","With_Intervention","SSP245_2050_With_Intervention",,,,,
"Springbok","Grazer","Arid_Grazer",38,346.75,89446063.2840649,257955.481713237,"Forage-limited potential carrying capacity","Estimated",783233.539348635,205.408890584251,0.0262257526350412,"Cluster","Cluster_2","Cluster C — Kavango East, Kavango West & Zambezi","SSP245_2050","With_Intervention","SSP245_2050_With_Intervention",244478.270630615,13477.2110826217,5.51264169525503,257955,13477
"Steenbok","Browser","Shrub_Browser",10,91.25,127041756.960129,1392238.43243977,"Forage-limited potential carrying capacity","Estimated",783233.539348635,205.408890584251,0.0262257526350412,"Cluster","Cluster_2","Cluster C — Kavango East, Kavango West & Zambezi","SSP245_2050","With_Intervention","SSP245_2050_With_Intervention",1576191.66234691,-183953.22990714,-11.6707399424533,1392238,-183953
"Vervet monkey","Omnivore","Omnivore",5,45.625,90017267.9250541,1972981.21479571,"Forage-limited potential carrying capacity","Estimated",783233.539348635,205.408890584251,0.0262257526350412,"Cluster","Cluster_2","Cluster C — Kavango East, Kavango West & Zambezi","SSP245_2050","With_Intervention","SSP245_2050_With_Intervention",2078281.61365728,-105300.398861574,-5.06670502060931,1972981,-105300
"Warthog","Grazer","General_Grazer",70,638.75,104389617.73779,163427.972975014,"Forage-limited potential carrying capacity","Estimated",783233.539348635,205.408890584251,0.0262257526350412,"Cluster","Cluster_2","Cluster C — Kavango East, Kavango West & Zambezi","SSP245_2050","With_Intervention","SSP245_2050_With_Intervention",149607.066808621,13820.9061663922,9.23813724927316,163428,13821
"Baboon","Omnivore","Omnivore",24,219,695856914.568254,3177428.833645,"Forage-limited potential carrying capacity","Estimated",5946321.81049356,2607.16219025292,0.0438449561483877,"Cluster","Cluster_3","Cluster B — Omaheke & Otjozondjupa (Central / Group 4)","SSP245_2050","With_Intervention","SSP245_2050_With_Intervention",3317051.56221577,-139622.728570771,-4.20924203172483,3177429,-139623
"Black rhinoceros","Browser","Shrub_Browser",1000,9125,645133822.941157,70699.5970346473,"Forage-limited potential carrying capacity","Estimated",5946321.81049356,2607.16219025292,0.0438449561483877,"Cluster","Cluster_3","Cluster B — Omaheke & Otjozondjupa (Central / Group 4)","SSP245_2050","With_Intervention","SSP245_2050_With_Intervention",155907.328362704,-85207.7313280567,-54.6528070379275,70700,-85208
"Black-backed Jackal","Carnivore","Carnivore",8.5,,,,"Prey biomass required - not estimated from forage","Not estimated: requires local preferred-prey biomass/density data",5946321.81049356,2607.16219025292,0.0438449561483877,"Cluster","Cluster_3","Cluster B — Omaheke & Otjozondjupa (Central / Group 4)","SSP245_2050","With_Intervention","SSP245_2050_With_Intervention",,,,,
"Black-faced Impala","Mixed","Mixed_Open",50,456.25,1418492990.9743,3109025.7336423,"Forage-limited potential carrying capacity","Estimated",5946321.81049356,2607.16219025292,0.0438449561483877,"Cluster","Cluster_3","Cluster B — Omaheke & Otjozondjupa (Central / Group 4)","SSP245_2050","With_Intervention","SSP245_2050_With_Intervention",2106256.35920855,1002769.37443375,47.6090847179948,3109026,1002769
"Blue wildebeest","Grazer","General_Grazer",220,2007.5,1612654938.76074,803315.037987914,"Forage-limited potential carrying capacity","Estimated",5946321.81049356,2607.16219025292,0.0438449561483877,"Cluster","Cluster_3","Cluster B — Omaheke & Otjozondjupa (Central / Group 4)","SSP245_2050","With_Intervention","SSP245_2050_With_Intervention",272957.565510101,530357.472477813,194.300338034846,803315,530357
"Buffalo","Grazer","General_Grazer",500,4562.5,1612654938.76074,353458.616714682,"Forage-limited potential carrying capacity","Estimated",5946321.81049356,2607.16219025292,0.0438449561483877,"Cluster","Cluster_3","Cluster B — Omaheke & Otjozondjupa (Central / Group 4)","SSP245_2050","With_Intervention","SSP245_2050_With_Intervention",120101.328824444,233357.287890238,194.300338034846,353459,233357
"Burchell's zebra","Grazer","General_Grazer",320,2920,1612654938.76074,552279.088616691,"Forage-limited potential carrying capacity","Estimated",5946321.81049356,2607.16219025292,0.0438449561483877,"Cluster","Cluster_3","Cluster B — Omaheke & Otjozondjupa (Central / Group 4)","SSP245_2050","With_Intervention","SSP245_2050_With_Intervention",187658.326288194,364620.762328496,194.300338034846,552279,364621
"Bushpig","Omnivore","Omnivore",60,547.5,695856914.568254,1270971.533458,"Forage-limited potential carrying capacity","Estimated",5946321.81049356,2607.16219025292,0.0438449561483877,"Cluster","Cluster_3","Cluster B — Omaheke & Otjozondjupa (Central / Group 4)","SSP245_2050","With_Intervention","SSP245_2050_With_Intervention",1326820.62488631,-55849.0914283085,-4.20924203172483,1270972,-55849
"Cheetah","Carnivore","Carnivore",45,,,,"Prey biomass required - not estimated from forage","Not estimated: requires local preferred-prey biomass/density data",5946321.81049356,2607.16219025292,0.0438449561483877,"Cluster","Cluster_3","Cluster B — Omaheke & Otjozondjupa (Central / Group 4)","SSP245_2050","With_Intervention","SSP245_2050_With_Intervention",,,,,
"Damara dik dik","Browser","Shrub_Browser",5,45.625,645133822.941157,14139919.4069295,"Forage-limited potential carrying capacity","Estimated",5946321.81049356,2607.16219025292,0.0438449561483877,"Cluster","Cluster_3","Cluster B — Omaheke & Otjozondjupa (Central / Group 4)","SSP245_2050","With_Intervention","SSP245_2050_With_Intervention",31181465.6725408,-17041546.2656113,-54.6528070379276,14139919,-17041546
"Duiker","Browser","Woodland_Browser",17.5,159.6875,519684549.342008,3254384.65341375,"Forage-limited potential carrying capacity","Estimated",5946321.81049356,2607.16219025292,0.0438449561483877,"Cluster","Cluster_3","Cluster B — Omaheke & Otjozondjupa (Central / Group 4)","SSP245_2050","With_Intervention","SSP245_2050_With_Intervention",7589974.57713032,-4335589.92371657,-57.12258822026,3254385,-4335590
"Eland","Mixed","Mixed_Open",500,4562.5,1418492990.9743,310902.57336423,"Forage-limited potential carrying capacity","Estimated",5946321.81049356,2607.16219025292,0.0438449561483877,"Cluster","Cluster_3","Cluster B — Omaheke & Otjozondjupa (Central / Group 4)","SSP245_2050","With_Intervention","SSP245_2050_With_Intervention",210625.635920855,100276.937443375,47.6090847179948,310903,100277
"Elephant","Mixed","Large_Mixed",3500,31937.5,1080635616.21028,33835.9488441576,"Forage-limited potential carrying capacity","Estimated",5946321.81049356,2607.16219025292,0.0438449561483877,"Cluster","Cluster_3","Cluster B — Omaheke & Otjozondjupa (Central / Group 4)","SSP245_2050","With_Intervention","SSP245_2050_With_Intervention",34112.5320535259,-276.583209368277,-0.810796480701844,33836,-277
"Gemsbok","Mixed","Arid_Mixed",210,1916.25,1343289103.02838,700998.87959733,"Forage-limited potential carrying capacity","Estimated",5946321.81049356,2607.16219025292,0.0438449561483877,"Cluster","Cluster_3","Cluster B — Omaheke & Otjozondjupa (Central / Group 4)","SSP245_2050","With_Intervention","SSP245_2050_With_Intervention",499030.981196808,201967.898400522,40.4720159690586,700999,201968
"Giraffe","Browser","Woodland_Browser",850,7756.25,519684549.342008,67002.0369820477,"Forage-limited potential carrying capacity","Estimated",5946321.81049356,2607.16219025292,0.0438449561483877,"Cluster","Cluster_3","Cluster B — Omaheke & Otjozondjupa (Central / Group 4)","SSP245_2050","With_Intervention","SSP245_2050_With_Intervention",156264.18247033,-89262.1454882824,-57.12258822026,67002,-89262
"Hartmann's zebra","Grazer","Arid_Grazer",280,2555,1423096434.15884,556984.905737314,"Forage-limited potential carrying capacity","Estimated",5946321.81049356,2607.16219025292,0.0438449561483877,"Cluster","Cluster_3","Cluster B — Omaheke & Otjozondjupa (Central / Group 4)","SSP245_2050","With_Intervention","SSP245_2050_With_Intervention",265935.514773241,291049.390964073,109.443596208745,556985,291049
"Hippopotamus","Grazer","Wetland_Grazer",1400,12775,706510925.467516,55304.1820326823,"Forage-limited potential carrying capacity","Estimated",5946321.81049356,2607.16219025292,0.0438449561483877,"Cluster","Cluster_3","Cluster B — Omaheke & Otjozondjupa (Central / Group 4)","SSP245_2050","With_Intervention","SSP245_2050_With_Intervention",13090.3505360604,42213.8314966218,322.480527777571,55304,42214
"Impala","Mixed","Mixed_Open",50,456.25,1418492990.9743,3109025.7336423,"Forage-limited potential carrying capacity","Estimated",5946321.81049356,2607.16219025292,0.0438449561483877,"Cluster","Cluster_3","Cluster B — Omaheke & Otjozondjupa (Central / Group 4)","SSP245_2050","With_Intervention","SSP245_2050_With_Intervention",2106256.35920855,1002769.37443375,47.6090847179948,3109026,1002769
"Klipspringer","Browser","Rocky_Browser",11,100.375,483669094.091075,4818621.11174172,"Forage-limited potential carrying capacity","Estimated",5946321.81049356,2607.16219025292,0.0438449561483877,"Cluster","Cluster_3","Cluster B — Omaheke & Otjozondjupa (Central / Group 4)","SSP245_2050","With_Intervention","SSP245_2050_With_Intervention",10624052.7250399,-5805431.61329819,-54.6442281824837,4818621,-5805432
"Kudu","Browser","Woodland_Browser",190,1733.75,519684549.342008,299745.954919687,"Forage-limited potential carrying capacity","Estimated",5946321.81049356,2607.16219025292,0.0438449561483877,"Cluster","Cluster_3","Cluster B — Omaheke & Otjozondjupa (Central / Group 4)","SSP245_2050","With_Intervention","SSP245_2050_With_Intervention",699076.605788319,-399330.650868632,-57.12258822026,299746,-399331
"Leopard","Carnivore","Carnivore",50,,,,"Prey biomass required - not estimated from forage","Not estimated: requires local preferred-prey biomass/density data",5946321.81049356,2607.16219025292,0.0438449561483877,"Cluster","Cluster_3","Cluster B — Omaheke & Otjozondjupa (Central / Group 4)","SSP245_2050","With_Intervention","SSP245_2050_With_Intervention",,,,,
"Ostrich","Mixed","Mixed_Open",100,912.5,1418492990.9743,1554512.86682115,"Forage-limited potential carrying capacity","Estimated",5946321.81049356,2607.16219025292,0.0438449561483877,"Cluster","Cluster_3","Cluster B — Omaheke & Otjozondjupa (Central / Group 4)","SSP245_2050","With_Intervention","SSP245_2050_With_Intervention",1053128.17960427,501384.687216875,47.6090847179948,1554513,501385
"Red Hartebeest","Grazer","General_Grazer",150,1368.75,1612654938.76074,1178195.38904894,"Forage-limited potential carrying capacity","Estimated",5946321.81049356,2607.16219025292,0.0438449561483877,"Cluster","Cluster_3","Cluster B — Omaheke & Otjozondjupa (Central / Group 4)","SSP245_2050","With_Intervention","SSP245_2050_With_Intervention",400337.762748148,777857.626300792,194.300338034846,1178195,777858
"Red Lechwe","Grazer","Wetland_Grazer",80,730,706510925.467516,967823.18557194,"Forage-limited potential carrying capacity","Estimated",5946321.81049356,2607.16219025292,0.0438449561483877,"Cluster","Cluster_3","Cluster B — Omaheke & Otjozondjupa (Central / Group 4)","SSP245_2050","With_Intervention","SSP245_2050_With_Intervention",229081.134381058,738742.051190882,322.480527777571,967823,738742
"Reedbuck","Grazer","Wetland_Grazer",45,410.625,706510925.467516,1720574.55212789,"Forage-limited potential carrying capacity","Estimated",5946321.81049356,2607.16219025292,0.0438449561483877,"Cluster","Cluster_3","Cluster B — Omaheke & Otjozondjupa (Central / Group 4)","SSP245_2050","With_Intervention","SSP245_2050_With_Intervention",407255.350010769,1313319.20211712,322.480527777571,1720575,1313319
"Roan","Grazer","General_Grazer",240,2190,1612654938.76074,736372.118155588,"Forage-limited potential carrying capacity","Estimated",5946321.81049356,2607.16219025292,0.0438449561483877,"Cluster","Cluster_3","Cluster B — Omaheke & Otjozondjupa (Central / Group 4)","SSP245_2050","With_Intervention","SSP245_2050_With_Intervention",250211.101717593,486161.016437995,194.300338034846,736372,486161
"Sable","Grazer","General_Grazer",200,1825,1612654938.76074,883646.541786705,"Forage-limited potential carrying capacity","Estimated",5946321.81049356,2607.16219025292,0.0438449561483877,"Cluster","Cluster_3","Cluster B — Omaheke & Otjozondjupa (Central / Group 4)","SSP245_2050","With_Intervention","SSP245_2050_With_Intervention",300253.322061111,583393.219725594,194.300338034846,883647,583393
"Spotted Hyaena","Carnivore","Carnivore",55,,,,"Prey biomass required - not estimated from forage","Not estimated: requires local preferred-prey biomass/density data",5946321.81049356,2607.16219025292,0.0438449561483877,"Cluster","Cluster_3","Cluster B — Omaheke & Otjozondjupa (Central / Group 4)","SSP245_2050","With_Intervention","SSP245_2050_With_Intervention",,,,,
"Springbok","Grazer","Arid_Grazer",38,346.75,1423096434.15884,4104099.30543284,"Forage-limited potential carrying capacity","Estimated",5946321.81049356,2607.16219025292,0.0438449561483877,"Cluster","Cluster_3","Cluster B — Omaheke & Otjozondjupa (Central / Group 4)","SSP245_2050","With_Intervention","SSP245_2050_With_Intervention",1959524.84569756,2144574.45973528,109.443596208745,4104099,2144574
"Steenbok","Browser","Shrub_Browser",10,91.25,645133822.941157,7069959.70346473,"Forage-limited potential carrying capacity","Estimated",5946321.81049356,2607.16219025292,0.0438449561483877,"Cluster","Cluster_3","Cluster B — Omaheke & Otjozondjupa (Central / Group 4)","SSP245_2050","With_Intervention","SSP245_2050_With_Intervention",15590732.8362704,-8520773.13280567,-54.6528070379276,7069960,-8520773
"Vervet monkey","Omnivore","Omnivore",5,45.625,695856914.568254,15251658.401496,"Forage-limited potential carrying capacity","Estimated",5946321.81049356,2607.16219025292,0.0438449561483877,"Cluster","Cluster_3","Cluster B — Omaheke & Otjozondjupa (Central / Group 4)","SSP245_2050","With_Intervention","SSP245_2050_With_Intervention",15921847.4986357,-670189.097139705,-4.20924203172485,15251658,-670189
"Warthog","Grazer","General_Grazer",70,638.75,1612654938.76074,2524704.40510487,"Forage-limited potential carrying capacity","Estimated",5946321.81049356,2607.16219025292,0.0438449561483877,"Cluster","Cluster_3","Cluster B — Omaheke & Otjozondjupa (Central / Group 4)","SSP245_2050","With_Intervention","SSP245_2050_With_Intervention",857866.634460317,1666837.77064455,194.300338034846,2524704,1666838
"Baboon","Omnivore","Omnivore",24,219,447464276.297568,2043215.87350488,"Forage-limited potential carrying capacity","Estimated",5126424.88987576,4.55000840686262,8.87559752576982e-05,"Cluster","Cluster_4","Cluster E — Kunene (North)","SSP245_2050","With_Intervention","SSP245_2050_With_Intervention",1561177.40686056,482038.46664432,30.8765976580248,2043216,482038
"Black rhinoceros","Browser","Shrub_Browser",1000,9125,439450161.231847,48158.9217788325,"Forage-limited potential carrying capacity","Estimated",5126424.88987576,4.55000840686262,8.87559752576982e-05,"Cluster","Cluster_4","Cluster E — Kunene (North)","SSP245_2050","With_Intervention","SSP245_2050_With_Intervention",70031.8492860938,-21872.9275072613,-31.2328286775722,48159,-21873
"Black-backed Jackal","Carnivore","Carnivore",8.5,,,,"Prey biomass required - not estimated from forage","Not estimated: requires local preferred-prey biomass/density data",5126424.88987576,4.55000840686262,8.87559752576982e-05,"Cluster","Cluster_4","Cluster E — Kunene (North)","SSP245_2050","With_Intervention","SSP245_2050_With_Intervention",,,,,
"Black-faced Impala","Mixed","Mixed_Open",50,456.25,897382520.004852,1966865.79727091,"Forage-limited potential carrying capacity","Estimated",5126424.88987576,4.55000840686262,8.87559752576982e-05,"Cluster","Cluster_4","Cluster E — Kunene (North)","SSP245_2050","With_Intervention","SSP245_2050_With_Intervention",1046230.4695093,920635.327761613,87.9954612862127,1966866,920635
"Blue wildebeest","Grazer","General_Grazer",220,2007.5,1006992570.32628,501615.228057924,"Forage-limited potential carrying capacity","Estimated",5126424.88987576,4.55000840686262,8.87559752576982e-05,"Cluster","Cluster_4","Cluster E — Kunene (North)","SSP245_2050","With_Intervention","SSP245_2050_With_Intervention",157569.9153034,344045.312754524,218.344543812229,501615,344045
"Buffalo","Grazer","General_Grazer",500,4562.5,1006992570.32628,220710.700345486,"Forage-limited potential carrying capacity","Estimated",5126424.88987576,4.55000840686262,8.87559752576982e-05,"Cluster","Cluster_4","Cluster E — Kunene (North)","SSP245_2050","With_Intervention","SSP245_2050_With_Intervention",69330.7627334959,151379.937611991,218.344543812229,220711,151380
"Burchell's zebra","Grazer","General_Grazer",320,2920,1006992570.32628,344860.469289823,"Forage-limited potential carrying capacity","Estimated",5126424.88987576,4.55000840686262,8.87559752576982e-05,"Cluster","Cluster_4","Cluster E — Kunene (North)","SSP245_2050","With_Intervention","SSP245_2050_With_Intervention",108329.316771087,236531.152518735,218.344543812229,344860,236531
"Bushpig","Omnivore","Omnivore",60,547.5,447464276.297568,817286.349401951,"Forage-limited potential carrying capacity","Estimated",5126424.88987576,4.55000840686262,8.87559752576982e-05,"Cluster","Cluster_4","Cluster E — Kunene (North)","SSP245_2050","With_Intervention","SSP245_2050_With_Intervention",624470.962744223,192815.386657728,30.8765976580248,817286,192815
"Cheetah","Carnivore","Carnivore",45,,,,"Prey biomass required - not estimated from forage","Not estimated: requires local preferred-prey biomass/density data",5126424.88987576,4.55000840686262,8.87559752576982e-05,"Cluster","Cluster_4","Cluster E — Kunene (North)","SSP245_2050","With_Intervention","SSP245_2050_With_Intervention",,,,,
"Damara dik dik","Browser","Shrub_Browser",5,45.625,439450161.231847,9631784.35576651,"Forage-limited potential carrying capacity","Estimated",5126424.88987576,4.55000840686262,8.87559752576982e-05,"Cluster","Cluster_4","Cluster E — Kunene (North)","SSP245_2050","With_Intervention","SSP245_2050_With_Intervention",14006369.8572188,-4374585.50145225,-31.2328286775722,9631784,-4374586
"Duiker","Browser","Woodland_Browser",17.5,159.6875,346003347.230876,2166752.85937144,"Forage-limited potential carrying capacity","Estimated",5126424.88987576,4.55000840686262,8.87559752576982e-05,"Cluster","Cluster_4","Cluster E — Kunene (North)","SSP245_2050","With_Intervention","SSP245_2050_With_Intervention",3295598.91632565,-1128846.05695421,-34.2531383707576,2166753,-1128846
"Eland","Mixed","Mixed_Open",500,4562.5,897382520.004852,196686.579727091,"Forage-limited potential carrying capacity","Estimated",5126424.88987576,4.55000840686262,8.87559752576982e-05,"Cluster","Cluster_4","Cluster E — Kunene (North)","SSP245_2050","With_Intervention","SSP245_2050_With_Intervention",104623.04695093,92063.5327761613,87.9954612862127,196687,92064
"Elephant","Mixed","Large_Mixed",3500,31937.5,697753805.187396,21847.4772661416,"Forage-limited potential carrying capacity","Estimated",5126424.88987576,4.55000840686262,8.87559752576982e-05,"Cluster","Cluster_4","Cluster E — Kunene (North)","SSP245_2050","With_Intervention","SSP245_2050_With_Intervention",16318.2543234767,5529.22294266482,33.8836669233059,21847,5529
"Gemsbok","Mixed","Arid_Mixed",210,1916.25,871248360.508934,454663.201831146,"Forage-limited potential carrying capacity","Estimated",5126424.88987576,4.55000840686262,8.87559752576982e-05,"Cluster","Cluster_4","Cluster E — Kunene (North)","SSP245_2050","With_Intervention","SSP245_2050_With_Intervention",263420.728641587,191242.473189559,72.5996295643708,454663,191242
"Giraffe","Browser","Woodland_Browser",850,7756.25,346003347.230876,44609.6176929413,"Forage-limited potential carrying capacity","Estimated",5126424.88987576,4.55000840686262,8.87559752576982e-05,"Cluster","Cluster_4","Cluster E — Kunene (North)","SSP245_2050","With_Intervention","SSP245_2050_With_Intervention",67850.5659243516,-23240.9482314102,-34.2531383707575,44610,-23241
"Hartmann's zebra","Grazer","Arid_Grazer",280,2555,917848613.669834,359236.248011677,"Forage-limited potential carrying capacity","Estimated",5126424.88987576,4.55000840686262,8.87559752576982e-05,"Cluster","Cluster_4","Cluster E — Kunene (North)","SSP245_2050","With_Intervention","SSP245_2050_With_Intervention",156909.927115636,202326.32089604,128.944245029784,359236,202326
"Hippopotamus","Grazer","Wetland_Grazer",1400,12775,434004547.787843,33972.9587309466,"Forage-limited potential carrying capacity","Estimated",5126424.88987576,4.55000840686262,8.87559752576982e-05,"Cluster","Cluster_4","Cluster E — Kunene (North)","SSP245_2050","With_Intervention","SSP245_2050_With_Intervention",7787.49998578055,26185.4587451661,336.249872140982,33973,26185
"Impala","Mixed","Mixed_Open",50,456.25,897382520.004852,1966865.79727091,"Forage-limited potential carrying capacity","Estimated",5126424.88987576,4.55000840686262,8.87559752576982e-05,"Cluster","Cluster_4","Cluster E — Kunene (North)","SSP245_2050","With_Intervention","SSP245_2050_With_Intervention",1046230.4695093,920635.327761613,87.9954612862127,1966866,920635
"Klipspringer","Browser","Rocky_Browser",11,100.375,356758877.115958,3554260.29505313,"Forage-limited potential carrying capacity","Estimated",5126424.88987576,4.55000840686262,8.87559752576982e-05,"Cluster","Cluster_4","Cluster E — Kunene (North)","SSP245_2050","With_Intervention","SSP245_2050_With_Intervention",5220569.59114109,-1666309.29608796,-31.9181512093156,3554260,-1666309
"Kudu","Browser","Woodland_Browser",190,1733.75,346003347.230876,199569.342310527,"Forage-limited potential carrying capacity","Estimated",5126424.88987576,4.55000840686262,8.87559752576982e-05,"Cluster","Cluster_4","Cluster E — Kunene (North)","SSP245_2050","With_Intervention","SSP245_2050_With_Intervention",303542.005451046,-103972.663140519,-34.2531383707576,199569,-103973
"Leopard","Carnivore","Carnivore",50,,,,"Prey biomass required - not estimated from forage","Not estimated: requires local preferred-prey biomass/density data",5126424.88987576,4.55000840686262,8.87559752576982e-05,"Cluster","Cluster_4","Cluster E — Kunene (North)","SSP245_2050","With_Intervention","SSP245_2050_With_Intervention",,,,,
"Ostrich","Mixed","Mixed_Open",100,912.5,897382520.004852,983432.898635454,"Forage-limited potential carrying capacity","Estimated",5126424.88987576,4.55000840686262,8.87559752576982e-05,"Cluster","Cluster_4","Cluster E — Kunene (North)","SSP245_2050","With_Intervention","SSP245_2050_With_Intervention",523115.234754648,460317.663880806,87.9954612862127,983433,460318
"Red Hartebeest","Grazer","General_Grazer",150,1368.75,1006992570.32628,735702.334484955,"Forage-limited potential carrying capacity","Estimated",5126424.88987576,4.55000840686262,8.87559752576982e-05,"Cluster","Cluster_4","Cluster E — Kunene (North)","SSP245_2050","With_Intervention","SSP245_2050_With_Intervention",231102.542444986,504599.792039969,218.344543812229,735702,504600
"Red Lechwe","Grazer","Wetland_Grazer",80,730,434004547.787843,594526.777791566,"Forage-limited potential carrying capacity","Estimated",5126424.88987576,4.55000840686262,8.87559752576982e-05,"Cluster","Cluster_4","Cluster E — Kunene (North)","SSP245_2050","With_Intervention","SSP245_2050_With_Intervention",136281.24975116,458245.528040406,336.249872140982,594527,458246
"Reedbuck","Grazer","Wetland_Grazer",45,410.625,434004547.787843,1056936.49385167,"Forage-limited potential carrying capacity","Estimated",5126424.88987576,4.55000840686262,8.87559752576982e-05,"Cluster","Cluster_4","Cluster E — Kunene (North)","SSP245_2050","With_Intervention","SSP245_2050_With_Intervention",242277.777335395,814658.716516278,336.249872140982,1056936,814659
"Roan","Grazer","General_Grazer",240,2190,1006992570.32628,459813.959053097,"Forage-limited potential carrying capacity","Estimated",5126424.88987576,4.55000840686262,8.87559752576982e-05,"Cluster","Cluster_4","Cluster E — Kunene (North)","SSP245_2050","With_Intervention","SSP245_2050_With_Intervention",144439.089028116,315374.87002498,218.344543812229,459814,315375
"Sable","Grazer","General_Grazer",200,1825,1006992570.32628,551776.750863716,"Forage-limited potential carrying capacity","Estimated",5126424.88987576,4.55000840686262,8.87559752576982e-05,"Cluster","Cluster_4","Cluster E — Kunene (North)","SSP245_2050","With_Intervention","SSP245_2050_With_Intervention",173326.90683374,378449.844029976,218.344543812229,551777,378450
"Spotted Hyaena","Carnivore","Carnivore",55,,,,"Prey biomass required - not estimated from forage","Not estimated: requires local preferred-prey biomass/density data",5126424.88987576,4.55000840686262,8.87559752576982e-05,"Cluster","Cluster_4","Cluster E — Kunene (North)","SSP245_2050","With_Intervention","SSP245_2050_With_Intervention",,,,,
"Springbok","Grazer","Arid_Grazer",38,346.75,917848613.669834,2647003.93271762,"Forage-limited potential carrying capacity","Estimated",5126424.88987576,4.55000840686262,8.87559752576982e-05,"Cluster","Cluster_4","Cluster E — Kunene (North)","SSP245_2050","With_Intervention","SSP245_2050_With_Intervention",1156178.41032574,1490825.52239188,128.944245029784,2647004,1490826
"Steenbok","Browser","Shrub_Browser",10,91.25,439450161.231847,4815892.17788325,"Forage-limited potential carrying capacity","Estimated",5126424.88987576,4.55000840686262,8.87559752576982e-05,"Cluster","Cluster_4","Cluster E — Kunene (North)","SSP245_2050","With_Intervention","SSP245_2050_With_Intervention",7003184.92860938,-2187292.75072613,-31.2328286775722,4815892,-2187293
"Vervet monkey","Omnivore","Omnivore",5,45.625,447464276.297568,9807436.19282342,"Forage-limited potential carrying capacity","Estimated",5126424.88987576,4.55000840686262,8.87559752576982e-05,"Cluster","Cluster_4","Cluster E — Kunene (North)","SSP245_2050","With_Intervention","SSP245_2050_With_Intervention",7493651.55293068,2313784.63989274,30.8765976580248,9807436,2313785
"Warthog","Grazer","General_Grazer",70,638.75,1006992570.32628,1576505.00246776,"Forage-limited potential carrying capacity","Estimated",5126424.88987576,4.55000840686262,8.87559752576982e-05,"Cluster","Cluster_4","Cluster E — Kunene (North)","SSP245_2050","With_Intervention","SSP245_2050_With_Intervention",495219.733810685,1081285.26865708,218.344543812229,1576505,1081285
"Baboon","Omnivore","Omnivore",24,219,168016810.089573,767200.04607111,"Forage-limited potential carrying capacity","Estimated",1422473.1935077,116.039241438033,0.00815756964473194,"Cluster","Cluster_5","Cluster D — Omusati, Oshana, Oshikoto & Ohangwena","SSP245_2050","With_Intervention","SSP245_2050_With_Intervention",783196.499598643,-15996.4535275329,-2.04245722953696,767200,-15996
"Black rhinoceros","Browser","Shrub_Browser",1000,9125,197596804.452662,21654.4443235794,"Forage-limited potential carrying capacity","Estimated",1422473.1935077,116.039241438033,0.00815756964473194,"Cluster","Cluster_5","Cluster D — Omusati, Oshana, Oshikoto & Ohangwena","SSP245_2050","With_Intervention","SSP245_2050_With_Intervention",28810.2263127114,-7155.781989132,-24.8376458812293,21654,-7156
"Black-backed Jackal","Carnivore","Carnivore",8.5,,,,"Prey biomass required - not estimated from forage","Not estimated: requires local preferred-prey biomass/density data",1422473.1935077,116.039241438033,0.00815756964473194,"Cluster","Cluster_5","Cluster D — Omusati, Oshana, Oshikoto & Ohangwena","SSP245_2050","With_Intervention","SSP245_2050_With_Intervention",,,,,
"Black-faced Impala","Mixed","Mixed_Open",50,456.25,310811496.445393,681230.677140587,"Forage-limited potential carrying capacity","Estimated",1422473.1935077,116.039241438033,0.00815756964473194,"Cluster","Cluster_5","Cluster D — Omusati, Oshana, Oshikoto & Ohangwena","SSP245_2050","With_Intervention","SSP245_2050_With_Intervention",595696.659539816,85534.0176007717,14.3586532224048,681231,85534
"Blue wildebeest","Grazer","General_Grazer",220,2007.5,321702392.729727,160250.257897747,"Forage-limited potential carrying capacity","Estimated",1422473.1935077,116.039241438033,0.00815756964473194,"Cluster","Cluster_5","Cluster D — Omusati, Oshana, Oshikoto & Ohangwena","SSP245_2050","With_Intervention","SSP245_2050_With_Intervention",115479.607571885,44770.6503258621,38.7693128399253,160250,44771
"Buffalo","Grazer","General_Grazer",500,4562.5,321702392.729727,70510.1134750086,"Forage-limited potential carrying capacity","Estimated",1422473.1935077,116.039241438033,0.00815756964473194,"Cluster","Cluster_5","Cluster D — Omusati, Oshana, Oshikoto & Ohangwena","SSP245_2050","With_Intervention","SSP245_2050_With_Intervention",50811.0273316293,19699.0861433793,38.7693128399253,70510,19699
"Burchell's zebra","Grazer","General_Grazer",320,2920,321702392.729727,110172.052304701,"Forage-limited potential carrying capacity","Estimated",1422473.1935077,116.039241438033,0.00815756964473194,"Cluster","Cluster_5","Cluster D — Omusati, Oshana, Oshikoto & Ohangwena","SSP245_2050","With_Intervention","SSP245_2050_With_Intervention",79392.2302056708,30779.8220990302,38.7693128399253,110172,30780
"Bushpig","Omnivore","Omnivore",60,547.5,168016810.089573,306880.018428444,"Forage-limited potential carrying capacity","Estimated",1422473.1935077,116.039241438033,0.00815756964473194,"Cluster","Cluster_5","Cluster D — Omusati, Oshana, Oshikoto & Ohangwena","SSP245_2050","With_Intervention","SSP245_2050_With_Intervention",313278.599839457,-6398.58141101315,-2.04245722953696,306880,-6399
"Cheetah","Carnivore","Carnivore",45,,,,"Prey biomass required - not estimated from forage","Not estimated: requires local preferred-prey biomass/density data",1422473.1935077,116.039241438033,0.00815756964473194,"Cluster","Cluster_5","Cluster D — Omusati, Oshana, Oshikoto & Ohangwena","SSP245_2050","With_Intervention","SSP245_2050_With_Intervention",,,,,
"Damara dik dik","Browser","Shrub_Browser",5,45.625,197596804.452662,4330888.86471587,"Forage-limited potential carrying capacity","Estimated",1422473.1935077,116.039241438033,0.00815756964473194,"Cluster","Cluster_5","Cluster D — Omusati, Oshana, Oshikoto & Ohangwena","SSP245_2050","With_Intervention","SSP245_2050_With_Intervention",5762045.26254227,-1431156.3978264,-24.8376458812293,4330889,-1431156
"Duiker","Browser","Woodland_Browser",17.5,159.6875,166155747.500778,1040505.65949606,"Forage-limited potential carrying capacity","Estimated",1422473.1935077,116.039241438033,0.00815756964473194,"Cluster","Cluster_5","Cluster D — Omusati, Oshana, Oshikoto & Ohangwena","SSP245_2050","With_Intervention","SSP245_2050_With_Intervention",1392356.38512432,-351850.725628256,-25.2701628252195,1040506,-351851
"Eland","Mixed","Mixed_Open",500,4562.5,310811496.445393,68123.0677140588,"Forage-limited potential carrying capacity","Estimated",1422473.1935077,116.039241438033,0.00815756964473194,"Cluster","Cluster_5","Cluster D — Omusati, Oshana, Oshikoto & Ohangwena","SSP245_2050","With_Intervention","SSP245_2050_With_Intervention",59569.6659539816,8553.40176007718,14.3586532224049,68123,8553
"Elephant","Mixed","Large_Mixed",3500,31937.5,257772761.937437,8071.16280038942,"Forage-limited potential carrying capacity","Estimated",1422473.1935077,116.039241438033,0.00815756964473194,"Cluster","Cluster_5","Cluster D — Omusati, Oshana, Oshikoto & Ohangwena","SSP245_2050","With_Intervention","SSP245_2050_With_Intervention",8065.78314837636,5.37965201305815,0.0666972061372747,8071,5
"Gemsbok","Mixed","Arid_Mixed",210,1916.25,295709811.702501,154316.927176778,"Forage-limited potential carrying capacity","Estimated",1422473.1935077,116.039241438033,0.00815756964473194,"Cluster","Cluster_5","Cluster D — Omusati, Oshana, Oshikoto & Ohangwena","SSP245_2050","With_Intervention","SSP245_2050_With_Intervention",137314.707455286,17002.2197214917,12.3819363829094,154317,17002
"Giraffe","Browser","Woodland_Browser",850,7756.25,166155747.500778,21422.175342566,"Forage-limited potential carrying capacity","Estimated",1422473.1935077,116.039241438033,0.00815756964473194,"Cluster","Cluster_5","Cluster D — Omusati, Oshana, Oshikoto & Ohangwena","SSP245_2050","With_Intervention","SSP245_2050_With_Intervention",28666.1608702066,-7243.98552764057,-25.2701628252195,21422,-7244
"Hartmann's zebra","Grazer","Arid_Grazer",280,2555,294417277.347073,115231.811094745,"Forage-limited potential carrying capacity","Estimated",1422473.1935077,116.039241438033,0.00815756964473194,"Cluster","Cluster_5","Cluster D — Omusati, Oshana, Oshikoto & Ohangwena","SSP245_2050","With_Intervention","SSP245_2050_With_Intervention",90698.3305757486,24533.4805189964,27.0495392398725,115232,24533
"Hippopotamus","Grazer","Wetland_Grazer",1400,12775,136861000.669323,10713.1898762679,"Forage-limited potential carrying capacity","Estimated",1422473.1935077,116.039241438033,0.00815756964473194,"Cluster","Cluster_5","Cluster D — Omusati, Oshana, Oshikoto & Ohangwena","SSP245_2050","With_Intervention","SSP245_2050_With_Intervention",7173.25266099403,3539.93721527391,49.3491221147557,10713,3540
"Impala","Mixed","Mixed_Open",50,456.25,310811496.445393,681230.677140587,"Forage-limited potential carrying capacity","Estimated",1422473.1935077,116.039241438033,0.00815756964473194,"Cluster","Cluster_5","Cluster D — Omusati, Oshana, Oshikoto & Ohangwena","SSP245_2050","With_Intervention","SSP245_2050_With_Intervention",595696.659539816,85534.0176007717,14.3586532224048,681231,85534
"Klipspringer","Browser","Rocky_Browser",11,100.375,147814061.726828,1472618.29864835,"Forage-limited potential carrying capacity","Estimated",1422473.1935077,116.039241438033,0.00815756964473194,"Cluster","Cluster_5","Cluster D — Omusati, Oshana, Oshikoto & Ohangwena","SSP245_2050","With_Intervention","SSP245_2050_With_Intervention",1961016.77568894,-488398.47704059,-24.9053696579932,1472618,-488398
"Kudu","Browser","Woodland_Browser",190,1733.75,166155747.500778,95836.0475851638,"Forage-limited potential carrying capacity","Estimated",1422473.1935077,116.039241438033,0.00815756964473194,"Cluster","Cluster_5","Cluster D — Omusati, Oshana, Oshikoto & Ohangwena","SSP245_2050","With_Intervention","SSP245_2050_With_Intervention",128243.351261451,-32407.3036762868,-25.2701628252195,95836,-32407
"Leopard","Carnivore","Carnivore",50,,,,"Prey biomass required - not estimated from forage","Not estimated: requires local preferred-prey biomass/density data",1422473.1935077,116.039241438033,0.00815756964473194,"Cluster","Cluster_5","Cluster D — Omusati, Oshana, Oshikoto & Ohangwena","SSP245_2050","With_Intervention","SSP245_2050_With_Intervention",,,,,
"Ostrich","Mixed","Mixed_Open",100,912.5,310811496.445393,340615.338570294,"Forage-limited potential carrying capacity","Estimated",1422473.1935077,116.039241438033,0.00815756964473194,"Cluster","Cluster_5","Cluster D — Omusati, Oshana, Oshikoto & Ohangwena","SSP245_2050","With_Intervention","SSP245_2050_With_Intervention",297848.329769908,42767.0088003859,14.3586532224048,340615,42767
"Red Hartebeest","Grazer","General_Grazer",150,1368.75,321702392.729727,235033.711583362,"Forage-limited potential carrying capacity","Estimated",1422473.1935077,116.039241438033,0.00815756964473194,"Cluster","Cluster_5","Cluster D — Omusati, Oshana, Oshikoto & Ohangwena","SSP245_2050","With_Intervention","SSP245_2050_With_Intervention",169370.091105431,65663.6204779311,38.7693128399253,235034,65664
"Red Lechwe","Grazer","Wetland_Grazer",80,730,136861000.669323,187480.822834689,"Forage-limited potential carrying capacity","Estimated",1422473.1935077,116.039241438033,0.00815756964473194,"Cluster","Cluster_5","Cluster D — Omusati, Oshana, Oshikoto & Ohangwena","SSP245_2050","With_Intervention","SSP245_2050_With_Intervention",125531.921567396,61948.9012672934,49.3491221147557,187481,61949
"Reedbuck","Grazer","Wetland_Grazer",45,410.625,136861000.669323,333299.240595003,"Forage-limited potential carrying capacity","Estimated",1422473.1935077,116.039241438033,0.00815756964473194,"Cluster","Cluster_5","Cluster D — Omusati, Oshana, Oshikoto & Ohangwena","SSP245_2050","With_Intervention","SSP245_2050_With_Intervention",223167.860564259,110131.380030744,49.3491221147557,333299,110131
"Roan","Grazer","General_Grazer",240,2190,321702392.729727,146896.069739601,"Forage-limited potential carrying capacity","Estimated",1422473.1935077,116.039241438033,0.00815756964473194,"Cluster","Cluster_5","Cluster D — Omusati, Oshana, Oshikoto & Ohangwena","SSP245_2050","With_Intervention","SSP245_2050_With_Intervention",105856.306940894,41039.7627987069,38.7693128399253,146896,41040
"Sable","Grazer","General_Grazer",200,1825,321702392.729727,176275.283687522,"Forage-limited potential carrying capacity","Estimated",1422473.1935077,116.039241438033,0.00815756964473194,"Cluster","Cluster_5","Cluster D — Omusati, Oshana, Oshikoto & Ohangwena","SSP245_2050","With_Intervention","SSP245_2050_With_Intervention",127027.568329073,49247.7153584483,38.7693128399253,176275,49248
"Spotted Hyaena","Carnivore","Carnivore",55,,,,"Prey biomass required - not estimated from forage","Not estimated: requires local preferred-prey biomass/density data",1422473.1935077,116.039241438033,0.00815756964473194,"Cluster","Cluster_5","Cluster D — Omusati, Oshana, Oshikoto & Ohangwena","SSP245_2050","With_Intervention","SSP245_2050_With_Intervention",,,,,
"Springbok","Grazer","Arid_Grazer",38,346.75,294417277.347073,849076.502803384,"Forage-limited potential carrying capacity","Estimated",1422473.1935077,116.039241438033,0.00815756964473194,"Cluster","Cluster_5","Cluster D — Omusati, Oshana, Oshikoto & Ohangwena","SSP245_2050","With_Intervention","SSP245_2050_With_Intervention",668303.488452884,180773.0143505,27.0495392398725,849077,180773
"Steenbok","Browser","Shrub_Browser",10,91.25,197596804.452662,2165444.43235794,"Forage-limited potential carrying capacity","Estimated",1422473.1935077,116.039241438033,0.00815756964473194,"Cluster","Cluster_5","Cluster D — Omusati, Oshana, Oshikoto & Ohangwena","SSP245_2050","With_Intervention","SSP245_2050_With_Intervention",2881022.63127114,-715578.1989132,-24.8376458812293,2165444,-715578
"Vervet monkey","Omnivore","Omnivore",5,45.625,168016810.089573,3682560.22114133,"Forage-limited potential carrying capacity","Estimated",1422473.1935077,116.039241438033,0.00815756964473194,"Cluster","Cluster_5","Cluster D — Omusati, Oshana, Oshikoto & Ohangwena","SSP245_2050","With_Intervention","SSP245_2050_With_Intervention",3759343.19807349,-76782.9769321582,-2.04245722953697,3682560,-76783
"Warthog","Grazer","General_Grazer",70,638.75,321702392.729727,503643.667678633,"Forage-limited potential carrying capacity","Estimated",1422473.1935077,116.039241438033,0.00815756964473194,"Cluster","Cluster_5","Cluster D — Omusati, Oshana, Oshikoto & Ohangwena","SSP245_2050","With_Intervention","SSP245_2050_With_Intervention",362935.909511638,140707.758166995,38.7693128399253,503644,140708
"Baboon","Omnivore","Omnivore",24,219,54496312.5735441,248841.609924859,"Forage-limited potential carrying capacity","Estimated",797331.445462821,0,0,"Cluster","Cluster_6","Cluster F —    //Karas,Hardap","SSP245_2050","With_Intervention","SSP245_2050_With_Intervention",220657.268463603,28184.3414612561,12.7729041773691,248842,28184
"Black rhinoceros","Browser","Shrub_Browser",1000,9125,44791009.6374467,4908.60379588457,"Forage-limited potential carrying capacity","Estimated",797331.445462821,0,0,"Cluster","Cluster_6","Cluster F —    //Karas,Hardap","SSP245_2050","With_Intervention","SSP245_2050_With_Intervention",5609.42788806347,-700.824092178897,-12.4936821751503,4909,-701
"Black-backed Jackal","Carnivore","Carnivore",8.5,,,,"Prey biomass required - not estimated from forage","Not estimated: requires local preferred-prey biomass/density data",797331.445462821,0,0,"Cluster","Cluster_6","Cluster F —    //Karas,Hardap","SSP245_2050","With_Intervention","SSP245_2050_With_Intervention",,,,,
"Black-faced Impala","Mixed","Mixed_Open",50,456.25,115477112.195181,253100.519879849,"Forage-limited potential carrying capacity","Estimated",797331.445462821,0,0,"Cluster","Cluster_6","Cluster F —    //Karas,Hardap","SSP245_2050","With_Intervention","SSP245_2050_With_Intervention",207400.497538045,45700.0223418042,22.0346734382453,253101,45700
"Blue wildebeest","Grazer","General_Grazer",220,2007.5,136423022.812724,67956.6738793144,"Forage-limited potential carrying capacity","Estimated",797331.445462821,0,0,"Cluster","Cluster_6","Cluster F —    //Karas,Hardap","SSP245_2050","With_Intervention","SSP245_2050_With_Intervention",51921.408368843,16035.2655104714,30.8837260279209,67957,16035
"Buffalo","Grazer","General_Grazer",500,4562.5,136423022.812724,29900.9365068983,"Forage-limited potential carrying capacity","Estimated",797331.445462821,0,0,"Cluster","Cluster_6","Cluster F —    //Karas,Hardap","SSP245_2050","With_Intervention","SSP245_2050_With_Intervention",22845.4196822909,7055.51682460744,30.8837260279209,29901,7056
"Burchell's zebra","Grazer","General_Grazer",320,2920,136423022.812724,46720.2132920287,"Forage-limited potential carrying capacity","Estimated",797331.445462821,0,0,"Cluster","Cluster_6","Cluster F —    //Karas,Hardap","SSP245_2050","With_Intervention","SSP245_2050_With_Intervention",35695.9682535795,11024.2450384491,30.8837260279209,46720,11024
"Bushpig","Omnivore","Omnivore",60,547.5,54496312.5735441,99536.6439699435,"Forage-limited potential carrying capacity","Estimated",797331.445462821,0,0,"Cluster","Cluster_6","Cluster F —    //Karas,Hardap","SSP245_2050","With_Intervention","SSP245_2050_With_Intervention",88262.9073854411,11273.7365845024,12.7729041773691,99537,11274
"Cheetah","Carnivore","Carnivore",45,,,,"Prey biomass required - not estimated from forage","Not estimated: requires local preferred-prey biomass/density data",797331.445462821,0,0,"Cluster","Cluster_6","Cluster F —    //Karas,Hardap","SSP245_2050","With_Intervention","SSP245_2050_With_Intervention",,,,,
"Damara dik dik","Browser","Shrub_Browser",5,45.625,44791009.6374467,981720.759176914,"Forage-limited potential carrying capacity","Estimated",797331.445462821,0,0,"Cluster","Cluster_6","Cluster F —    //Karas,Hardap","SSP245_2050","With_Intervention","SSP245_2050_With_Intervention",1121885.57761269,-140164.818435779,-12.4936821751503,981721,-140165
"Duiker","Browser","Woodland_Browser",17.5,159.6875,33507546.6839176,209831.994889504,"Forage-limited potential carrying capacity","Estimated",797331.445462821,0,0,"Cluster","Cluster_6","Cluster F —    //Karas,Hardap","SSP245_2050","With_Intervention","SSP245_2050_With_Intervention",244525.938978847,-34693.9440893434,-14.1882469541788,209832,-34694
"Eland","Mixed","Mixed_Open",500,4562.5,115477112.195181,25310.0519879849,"Forage-limited potential carrying capacity","Estimated",797331.445462821,0,0,"Cluster","Cluster_6","Cluster F —    //Karas,Hardap","SSP245_2050","With_Intervention","SSP245_2050_With_Intervention",20740.0497538045,4570.00223418042,22.0346734382453,25310,4570
"Elephant","Mixed","Large_Mixed",3500,31937.5,85786527.5056009,2686.07522522429,"Forage-limited potential carrying capacity","Estimated",797331.445462821,0,0,"Cluster","Cluster_6","Cluster F —    //Karas,Hardap","SSP245_2050","With_Intervention","SSP245_2050_With_Intervention",2375.29866877352,310.776556450773,13.0836833504917,2686,311
"Gemsbok","Mixed","Arid_Mixed",210,1916.25,113216839.99323,59082.4996703093,"Forage-limited potential carrying capacity","Estimated",797331.445462821,0,0,"Cluster","Cluster_6","Cluster F —    //Karas,Hardap","SSP245_2050","With_Intervention","SSP245_2050_With_Intervention",49887.1210865332,9195.3785837761,18.432369684805,59082,9195
"Giraffe","Browser","Woodland_Browser",850,7756.25,33507546.6839176,4320.0704830192,"Forage-limited potential carrying capacity","Estimated",797331.445462821,0,0,"Cluster","Cluster_6","Cluster F —    //Karas,Hardap","SSP245_2050","With_Intervention","SSP245_2050_With_Intervention",5034.35756721156,-714.287084192363,-14.1882469541788,4320,-714
"Hartmann's zebra","Grazer","Arid_Grazer",280,2555,123732650.574085,48427.651888096,"Forage-limited potential carrying capacity","Estimated",797331.445462821,0,0,"Cluster","Cluster_6","Cluster F —    //Karas,Hardap","SSP245_2050","With_Intervention","SSP245_2050_With_Intervention",39167.9360256571,9259.71586243891,23.6410615468053,48428,9260
"Hippopotamus","Grazer","Wetland_Grazer",1400,12775,59359699.1541152,4646.55179288573,"Forage-limited potential carrying capacity","Estimated",797331.445462821,0,0,"Cluster","Cluster_6","Cluster F —    //Karas,Hardap","SSP245_2050","With_Intervention","SSP245_2050_With_Intervention",3426.32087247397,1220.23092041176,35.6134456120188,4647,1220
"Impala","Mixed","Mixed_Open",50,456.25,115477112.195181,253100.519879849,"Forage-limited potential carrying capacity","Estimated",797331.445462821,0,0,"Cluster","Cluster_6","Cluster F —    //Karas,Hardap","SSP245_2050","With_Intervention","SSP245_2050_With_Intervention",207400.497538045,45700.0223418042,22.0346734382453,253101,45700
"Klipspringer","Browser","Rocky_Browser",11,100.375,39417102.3167037,392698.404151469,"Forage-limited potential carrying capacity","Estimated",797331.445462821,0,0,"Cluster","Cluster_6","Cluster F —    //Karas,Hardap","SSP245_2050","With_Intervention","SSP245_2050_With_Intervention",459420.602506524,-66722.1983550552,-14.5231184650905,392698,-66722
"Kudu","Browser","Woodland_Browser",190,1733.75,33507546.6839176,19326.6311082438,"Forage-limited potential carrying capacity","Estimated",797331.445462821,0,0,"Cluster","Cluster_6","Cluster F —    //Karas,Hardap","SSP245_2050","With_Intervention","SSP245_2050_With_Intervention",22522.125958578,-3195.49485033426,-14.1882469541788,19327,-3195
"Leopard","Carnivore","Carnivore",50,,,,"Prey biomass required - not estimated from forage","Not estimated: requires local preferred-prey biomass/density data",797331.445462821,0,0,"Cluster","Cluster_6","Cluster F —    //Karas,Hardap","SSP245_2050","With_Intervention","SSP245_2050_With_Intervention",,,,,
"Ostrich","Mixed","Mixed_Open",100,912.5,115477112.195181,126550.259939924,"Forage-limited potential carrying capacity","Estimated",797331.445462821,0,0,"Cluster","Cluster_6","Cluster F —    //Karas,Hardap","SSP245_2050","With_Intervention","SSP245_2050_With_Intervention",103700.248769022,22850.0111709021,22.0346734382453,126550,22850
"Red Hartebeest","Grazer","General_Grazer",150,1368.75,136423022.812724,99669.7883563278,"Forage-limited potential carrying capacity","Estimated",797331.445462821,0,0,"Cluster","Cluster_6","Cluster F —    //Karas,Hardap","SSP245_2050","With_Intervention","SSP245_2050_With_Intervention",76151.3989409697,23518.3894153581,30.8837260279209,99670,23518
"Red Lechwe","Grazer","Wetland_Grazer",80,730,59359699.1541152,81314.6563755003,"Forage-limited potential carrying capacity","Estimated",797331.445462821,0,0,"Cluster","Cluster_6","Cluster F —    //Karas,Hardap","SSP245_2050","With_Intervention","SSP245_2050_With_Intervention",59960.6152682945,21354.0411072059,35.6134456120188,81315,21354
"Reedbuck","Grazer","Wetland_Grazer",45,410.625,59359699.1541152,144559.389112001,"Forage-limited potential carrying capacity","Estimated",797331.445462821,0,0,"Cluster","Cluster_6","Cluster F —    //Karas,Hardap","SSP245_2050","With_Intervention","SSP245_2050_With_Intervention",106596.649365857,37962.7397461438,35.6134456120188,144559,37963
"Roan","Grazer","General_Grazer",240,2190,136423022.812724,62293.6177227049,"Forage-limited potential carrying capacity","Estimated",797331.445462821,0,0,"Cluster","Cluster_6","Cluster F —    //Karas,Hardap","SSP245_2050","With_Intervention","SSP245_2050_With_Intervention",47594.6243381061,14698.9933845988,30.8837260279209,62294,14699
"Sable","Grazer","General_Grazer",200,1825,136423022.812724,74752.3412672459,"Forage-limited potential carrying capacity","Estimated",797331.445462821,0,0,"Cluster","Cluster_6","Cluster F —    //Karas,Hardap","SSP245_2050","With_Intervention","SSP245_2050_With_Intervention",57113.5492057273,17638.7920615186,30.8837260279209,74752,17639
"Spotted Hyaena","Carnivore","Carnivore",55,,,,"Prey biomass required - not estimated from forage","Not estimated: requires local preferred-prey biomass/density data",797331.445462821,0,0,"Cluster","Cluster_6","Cluster F —    //Karas,Hardap","SSP245_2050","With_Intervention","SSP245_2050_With_Intervention",,,,,
"Springbok","Grazer","Arid_Grazer",38,346.75,123732650.574085,356835.32970176,"Forage-limited potential carrying capacity","Estimated",797331.445462821,0,0,"Cluster","Cluster_6","Cluster F —    //Karas,Hardap","SSP245_2050","With_Intervention","SSP245_2050_With_Intervention",288605.844399578,68229.4853021814,23.6410615468053,356835,68229
"Steenbok","Browser","Shrub_Browser",10,91.25,44791009.6374467,490860.379588457,"Forage-limited potential carrying capacity","Estimated",797331.445462821,0,0,"Cluster","Cluster_6","Cluster F —    //Karas,Hardap","SSP245_2050","With_Intervention","SSP245_2050_With_Intervention",560942.788806347,-70082.4092178897,-12.4936821751503,490860,-70082
"Vervet monkey","Omnivore","Omnivore",5,45.625,54496312.5735441,1194439.72763932,"Forage-limited potential carrying capacity","Estimated",797331.445462821,0,0,"Cluster","Cluster_6","Cluster F —    //Karas,Hardap","SSP245_2050","With_Intervention","SSP245_2050_With_Intervention",1059154.88862529,135284.839014029,12.7729041773691,1194440,135285
"Warthog","Grazer","General_Grazer",70,638.75,136423022.812724,213578.117906417,"Forage-limited potential carrying capacity","Estimated",797331.445462821,0,0,"Cluster","Cluster_6","Cluster F —    //Karas,Hardap","SSP245_2050","With_Intervention","SSP245_2050_With_Intervention",163181.569159221,50396.5487471959,30.8837260279209,213578,50397
"Baboon","Omnivore","Omnivore",24,219,94932836.1574542,433483.270125362,"Forage-limited potential carrying capacity","Estimated",2738207.08076389,0,0,"Cluster","Cluster_1","Cluster A — South, Kunene South & Erongo","SSP245_2090","Without_Intervention","SSP245_2090_Without_Intervention",477431.876110126,-43948.6059847642,-9.20520982864305,433483,-43949
"Black rhinoceros","Browser","Shrub_Browser",1000,9125,173393583.036464,19002.0364971467,"Forage-limited potential carrying capacity","Estimated",2738207.08076389,0,0,"Cluster","Cluster_1","Cluster A — South, Kunene South & Erongo","SSP245_2090","Without_Intervention","SSP245_2090_Without_Intervention",20045.6486354135,-1043.61213826672,-5.20617794538725,19002,-1044
"Black-backed Jackal","Carnivore","Carnivore",8.5,,,,"Prey biomass required - not estimated from forage","Not estimated: requires local preferred-prey biomass/density data",2738207.08076389,0,0,"Cluster","Cluster_1","Cluster A — South, Kunene South & Erongo","SSP245_2090","Without_Intervention","SSP245_2090_Without_Intervention",,,,,
"Black-faced Impala","Mixed","Mixed_Open",50,456.25,136755576.13365,299738.249060054,"Forage-limited potential carrying capacity","Estimated",2738207.08076389,0,0,"Cluster","Cluster_1","Cluster A — South, Kunene South & Erongo","SSP245_2090","Without_Intervention","SSP245_2090_Without_Intervention",341928.046232009,-42189.7971719548,-12.3387939763583,299738,-42190
"Blue wildebeest","Grazer","General_Grazer",220,2007.5,99234430.2279992,49431.8456926521,"Forage-limited potential carrying capacity","Estimated",2738207.08076389,0,0,"Cluster","Cluster_1","Cluster A — South, Kunene South & Erongo","SSP245_2090","Without_Intervention","SSP245_2090_Without_Intervention",60235.6133902942,-10803.767697642,-17.935847399178,49432,-10804
"Buffalo","Grazer","General_Grazer",500,4562.5,99234430.2279992,21750.0121047669,"Forage-limited potential carrying capacity","Estimated",2738207.08076389,0,0,"Cluster","Cluster_1","Cluster A — South, Kunene South & Erongo","SSP245_2090","Without_Intervention","SSP245_2090_Without_Intervention",26503.6698917294,-4753.65778696249,-17.9358473991781,21750,-4754
"Burchell's zebra","Grazer","General_Grazer",320,2920,99234430.2279992,33984.3939136983,"Forage-limited potential carrying capacity","Estimated",2738207.08076389,0,0,"Cluster","Cluster_1","Cluster A — South, Kunene South & Erongo","SSP245_2090","Without_Intervention","SSP245_2090_Without_Intervention",41411.9842058272,-7427.59029212889,-17.935847399178,33984,-7428
"Bushpig","Omnivore","Omnivore",60,547.5,94932836.1574542,173393.308050145,"Forage-limited potential carrying capacity","Estimated",2738207.08076389,0,0,"Cluster","Cluster_1","Cluster A — South, Kunene South & Erongo","SSP245_2090","Without_Intervention","SSP245_2090_Without_Intervention",190972.75044405,-17579.4423939057,-9.20520982864305,173393,-17579
"Cheetah","Carnivore","Carnivore",45,,,,"Prey biomass required - not estimated from forage","Not estimated: requires local preferred-prey biomass/density data",2738207.08076389,0,0,"Cluster","Cluster_1","Cluster A — South, Kunene South & Erongo","SSP245_2090","Without_Intervention","SSP245_2090_Without_Intervention",,,,,
"Damara dik dik","Browser","Shrub_Browser",5,45.625,173393583.036464,3800407.29942935,"Forage-limited potential carrying capacity","Estimated",2738207.08076389,0,0,"Cluster","Cluster_1","Cluster A — South, Kunene South & Erongo","SSP245_2090","Without_Intervention","SSP245_2090_Without_Intervention",4009129.72708269,-208722.427653342,-5.20617794538723,3800407,-208722
"Duiker","Browser","Woodland_Browser",17.5,159.6875,134862776.848861,844541.851108329,"Forage-limited potential carrying capacity","Estimated",2738207.08076389,0,0,"Cluster","Cluster_1","Cluster A — South, Kunene South & Erongo","SSP245_2090","Without_Intervention","SSP245_2090_Without_Intervention",889646.234001098,-45104.3828927686,-5.06992343348839,844542,-45104
"Eland","Mixed","Mixed_Open",500,4562.5,136755576.13365,29973.8249060054,"Forage-limited potential carrying capacity","Estimated",2738207.08076389,0,0,"Cluster","Cluster_1","Cluster A — South, Kunene South & Erongo","SSP245_2090","Without_Intervention","SSP245_2090_Without_Intervention",34192.8046232009,-4218.97971719547,-12.3387939763583,29974,-4219
"Elephant","Mixed","Large_Mixed",3500,31937.5,148165727.517185,4639.24000053808,"Forage-limited potential carrying capacity","Estimated",2738207.08076389,0,0,"Cluster","Cluster_1","Cluster A — South, Kunene South & Erongo","SSP245_2090","Without_Intervention","SSP245_2090_Without_Intervention",5112.50864522573,-473.268644687651,-9.25707275095971,4639,-473
"Gemsbok","Mixed","Arid_Mixed",210,1916.25,159822711.291212,83403.8936940443,"Forage-limited potential carrying capacity","Estimated",2738207.08076389,0,0,"Cluster","Cluster_1","Cluster A — South, Kunene South & Erongo","SSP245_2090","Without_Intervention","SSP245_2090_Without_Intervention",93522.6826369575,-10118.7889429133,-10.8196093798903,83404,-10119
"Giraffe","Browser","Woodland_Browser",850,7756.25,134862776.848861,17387.6263463479,"Forage-limited potential carrying capacity","Estimated",2738207.08076389,0,0,"Cluster","Cluster_1","Cluster A — South, Kunene South & Erongo","SSP245_2090","Without_Intervention","SSP245_2090_Without_Intervention",18316.2459941402,-928.619647792297,-5.0699234334884,17388,-929
"Hartmann's zebra","Grazer","Arid_Grazer",280,2555,138653343.55263,54267.4534452565,"Forage-limited potential carrying capacity","Estimated",2738207.08076389,0,0,"Cluster","Cluster_1","Cluster A — South, Kunene South & Erongo","SSP245_2090","Without_Intervention","SSP245_2090_Without_Intervention",62330.7486966738,-8063.29525141726,-12.9363041837608,54267,-8063
"Hippopotamus","Grazer","Wetland_Grazer",1400,12775,29528207.556276,2311.40567955194,"Forage-limited potential carrying capacity","Estimated",2738207.08076389,0,0,"Cluster","Cluster_1","Cluster A — South, Kunene South & Erongo","SSP245_2090","Without_Intervention","SSP245_2090_Without_Intervention",3030.43906859549,-719.033389043557,-23.7270366692047,2311,-719
"Impala","Mixed","Mixed_Open",50,456.25,136755576.13365,299738.249060054,"Forage-limited potential carrying capacity","Estimated",2738207.08076389,0,0,"Cluster","Cluster_1","Cluster A — South, Kunene South & Erongo","SSP245_2090","Without_Intervention","SSP245_2090_Without_Intervention",341928.046232009,-42189.7971719548,-12.3387939763583,299738,-42190
"Klipspringer","Browser","Rocky_Browser",11,100.375,164645268.996918,1640301.55912247,"Forage-limited potential carrying capacity","Estimated",2738207.08076389,0,0,"Cluster","Cluster_1","Cluster A — South, Kunene South & Erongo","SSP245_2090","Without_Intervention","SSP245_2090_Without_Intervention",1727101.59639763,-86800.0372751637,-5.02576324729304,1640302,-86800
"Kudu","Browser","Woodland_Browser",190,1733.75,134862776.848861,77786.7494441882,"Forage-limited potential carrying capacity","Estimated",2738207.08076389,0,0,"Cluster","Cluster_1","Cluster A — South, Kunene South & Erongo","SSP245_2090","Without_Intervention","SSP245_2090_Without_Intervention",81941.1005001011,-4154.35105591291,-5.0699234334884,77787,-4154
"Leopard","Carnivore","Carnivore",50,,,,"Prey biomass required - not estimated from forage","Not estimated: requires local preferred-prey biomass/density data",2738207.08076389,0,0,"Cluster","Cluster_1","Cluster A — South, Kunene South & Erongo","SSP245_2090","Without_Intervention","SSP245_2090_Without_Intervention",,,,,
"Ostrich","Mixed","Mixed_Open",100,912.5,136755576.13365,149869.124530027,"Forage-limited potential carrying capacity","Estimated",2738207.08076389,0,0,"Cluster","Cluster_1","Cluster A — South, Kunene South & Erongo","SSP245_2090","Without_Intervention","SSP245_2090_Without_Intervention",170964.023116004,-21094.8985859774,-12.3387939763583,149869,-21095
"Red Hartebeest","Grazer","General_Grazer",150,1368.75,99234430.2279992,72500.0403492231,"Forage-limited potential carrying capacity","Estimated",2738207.08076389,0,0,"Cluster","Cluster_1","Cluster A — South, Kunene South & Erongo","SSP245_2090","Without_Intervention","SSP245_2090_Without_Intervention",88345.5663057648,-15845.5259565416,-17.935847399178,72500,-15846
"Red Lechwe","Grazer","Wetland_Grazer",80,730,29528207.556276,40449.5993921589,"Forage-limited potential carrying capacity","Estimated",2738207.08076389,0,0,"Cluster","Cluster_1","Cluster A — South, Kunene South & Erongo","SSP245_2090","Without_Intervention","SSP245_2090_Without_Intervention",53032.6837004211,-12583.0843082622,-23.7270366692047,40450,-12583
"Reedbuck","Grazer","Wetland_Grazer",45,410.625,29528207.556276,71910.3989193935,"Forage-limited potential carrying capacity","Estimated",2738207.08076389,0,0,"Cluster","Cluster_1","Cluster A — South, Kunene South & Erongo","SSP245_2090","Without_Intervention","SSP245_2090_Without_Intervention",94280.3265785264,-22369.9276591329,-23.7270366692047,71910,-22370
"Roan","Grazer","General_Grazer",240,2190,99234430.2279992,45312.5252182645,"Forage-limited potential carrying capacity","Estimated",2738207.08076389,0,0,"Cluster","Cluster_1","Cluster A — South, Kunene South & Erongo","SSP245_2090","Without_Intervention","SSP245_2090_Without_Intervention",55215.978941103,-9903.45372283852,-17.935847399178,45313,-9903
"Sable","Grazer","General_Grazer",200,1825,99234430.2279992,54375.0302619174,"Forage-limited potential carrying capacity","Estimated",2738207.08076389,0,0,"Cluster","Cluster_1","Cluster A — South, Kunene South & Erongo","SSP245_2090","Without_Intervention","SSP245_2090_Without_Intervention",66259.1747293236,-11884.1444674062,-17.9358473991781,54375,-11884
"Spotted Hyaena","Carnivore","Carnivore",55,,,,"Prey biomass required - not estimated from forage","Not estimated: requires local preferred-prey biomass/density data",2738207.08076389,0,0,"Cluster","Cluster_1","Cluster A — South, Kunene South & Erongo","SSP245_2090","Without_Intervention","SSP245_2090_Without_Intervention",,,,,
"Springbok","Grazer","Arid_Grazer",38,346.75,138653343.55263,399865.446438732,"Forage-limited potential carrying capacity","Estimated",2738207.08076389,0,0,"Cluster","Cluster_1","Cluster A — South, Kunene South & Erongo","SSP245_2090","Without_Intervention","SSP245_2090_Without_Intervention",459279.20092286,-59413.7544841272,-12.9363041837608,399865,-59414
"Steenbok","Browser","Shrub_Browser",10,91.25,173393583.036464,1900203.64971467,"Forage-limited potential carrying capacity","Estimated",2738207.08076389,0,0,"Cluster","Cluster_1","Cluster A — South, Kunene South & Erongo","SSP245_2090","Without_Intervention","SSP245_2090_Without_Intervention",2004564.86354135,-104361.213826671,-5.20617794538723,1900204,-104361
"Vervet monkey","Omnivore","Omnivore",5,45.625,94932836.1574542,2080719.69660174,"Forage-limited potential carrying capacity","Estimated",2738207.08076389,0,0,"Cluster","Cluster_1","Cluster A — South, Kunene South & Erongo","SSP245_2090","Without_Intervention","SSP245_2090_Without_Intervention",2291673.0053286,-210953.308726868,-9.20520982864305,2080720,-210953
"Warthog","Grazer","General_Grazer",70,638.75,99234430.2279992,155357.229319764,"Forage-limited potential carrying capacity","Estimated",2738207.08076389,0,0,"Cluster","Cluster_1","Cluster A — South, Kunene South & Erongo","SSP245_2090","Without_Intervention","SSP245_2090_Without_Intervention",189311.927798067,-33954.6984783035,-17.9358473991781,155357,-33955
"Baboon","Omnivore","Omnivore",24,219,89236093.5819372,407470.746949485,"Forage-limited potential carrying capacity","Estimated",783233.539348635,0,0,"Cluster","Cluster_2","Cluster C — Kavango East, Kavango West & Zambezi","SSP245_2090","Without_Intervention","SSP245_2090_Without_Intervention",432975.3361786,-25504.5892291152,-5.89054089182453,407471,-25505
"Black rhinoceros","Browser","Shrub_Browser",1000,9125,142687428.440734,15636.9784592585,"Forage-limited potential carrying capacity","Estimated",783233.539348635,0,0,"Cluster","Cluster_2","Cluster C — Kavango East, Kavango West & Zambezi","SSP245_2090","Without_Intervention","SSP245_2090_Without_Intervention",15761.9166234691,-124.938164210585,-0.792658451349473,15637,-125
"Black-backed Jackal","Carnivore","Carnivore",8.5,,,,"Prey biomass required - not estimated from forage","Not estimated: requires local preferred-prey biomass/density data",783233.539348635,0,0,"Cluster","Cluster_2","Cluster C — Kavango East, Kavango West & Zambezi","SSP245_2090","Without_Intervention","SSP245_2090_Without_Intervention",,,,,
"Black-faced Impala","Mixed","Mixed_Open",50,456.25,113194949.187947,248098.518768102,"Forage-limited potential carrying capacity","Estimated",783233.539348635,0,0,"Cluster","Cluster_2","Cluster C — Kavango East, Kavango West & Zambezi","SSP245_2090","Without_Intervention","SSP245_2090_Without_Intervention",267943.34193654,-19844.8231684374,-7.40635054598128,248099,-19845
"Blue wildebeest","Grazer","General_Grazer",220,2007.5,84230518.5109785,41957.9170664899,"Forage-limited potential carrying capacity","Estimated",783233.539348635,0,0,"Cluster","Cluster_2","Cluster C — Kavango East, Kavango West & Zambezi","SSP245_2090","Without_Intervention","SSP245_2090_Without_Intervention",47602.2485300159,-5644.33146352596,-11.8572790946354,41958,-5644
"Buffalo","Grazer","General_Grazer",500,4562.5,84230518.5109785,18461.4835092556,"Forage-limited potential carrying capacity","Estimated",783233.539348635,0,0,"Cluster","Cluster_2","Cluster C — Kavango East, Kavango West & Zambezi","SSP245_2090","Without_Intervention","SSP245_2090_Without_Intervention",20944.989353207,-2483.50584395142,-11.8572790946354,18461,-2484
"Burchell's zebra","Grazer","General_Grazer",320,2920,84230518.5109785,28846.0679832118,"Forage-limited potential carrying capacity","Estimated",783233.539348635,0,0,"Cluster","Cluster_2","Cluster C — Kavango East, Kavango West & Zambezi","SSP245_2090","Without_Intervention","SSP245_2090_Without_Intervention",32726.5458643859,-3880.47788117409,-11.8572790946354,28846,-3880
"Bushpig","Omnivore","Omnivore",60,547.5,89236093.5819372,162988.298779794,"Forage-limited potential carrying capacity","Estimated",783233.539348635,0,0,"Cluster","Cluster_2","Cluster C — Kavango East, Kavango West & Zambezi","SSP245_2090","Without_Intervention","SSP245_2090_Without_Intervention",173190.13447144,-10201.8356916461,-5.89054089182453,162988,-10202
"Cheetah","Carnivore","Carnivore",45,,,,"Prey biomass required - not estimated from forage","Not estimated: requires local preferred-prey biomass/density data",783233.539348635,0,0,"Cluster","Cluster_2","Cluster C — Kavango East, Kavango West & Zambezi","SSP245_2090","Without_Intervention","SSP245_2090_Without_Intervention",,,,,
"Damara dik dik","Browser","Shrub_Browser",5,45.625,142687428.440734,3127395.69185171,"Forage-limited potential carrying capacity","Estimated",783233.539348635,0,0,"Cluster","Cluster_2","Cluster C — Kavango East, Kavango West & Zambezi","SSP245_2090","Without_Intervention","SSP245_2090_Without_Intervention",3152383.32469382,-24987.632842117,-0.79265845134947,3127396,-24988
"Duiker","Browser","Woodland_Browser",17.5,159.6875,131274904.691669,822073.767149397,"Forage-limited potential carrying capacity","Estimated",783233.539348635,0,0,"Cluster","Cluster_2","Cluster C — Kavango East, Kavango West & Zambezi","SSP245_2090","Without_Intervention","SSP245_2090_Without_Intervention",856885.54192539,-34811.7747759931,-4.06259331879638,822074,-34812
"Eland","Mixed","Mixed_Open",500,4562.5,113194949.187947,24809.8518768102,"Forage-limited potential carrying capacity","Estimated",783233.539348635,0,0,"Cluster","Cluster_2","Cluster C — Kavango East, Kavango West & Zambezi","SSP245_2090","Without_Intervention","SSP245_2090_Without_Intervention",26794.334193654,-1984.48231684374,-7.40635054598129,24810,-1984
"Elephant","Mixed","Large_Mixed",3500,31937.5,123885288.941554,3878.99143456921,"Forage-limited potential carrying capacity","Estimated",783233.539348635,0,0,"Cluster","Cluster_2","Cluster C — Kavango East, Kavango West & Zambezi","SSP245_2090","Without_Intervention","SSP245_2090_Without_Intervention",4090.71341347623,-211.721978907016,-5.17567371523829,3879,-212
"Gemsbok","Mixed","Arid_Mixed",210,1916.25,99714473.7501628,52036.2550555318,"Forage-limited potential carrying capacity","Estimated",783233.539348635,0,0,"Cluster","Cluster_2","Cluster C — Kavango East, Kavango West & Zambezi","SSP245_2090","Without_Intervention","SSP245_2090_Without_Intervention",55225.3366752983,-3189.08161976651,-5.77467121389765,52036,-3189
"Giraffe","Browser","Woodland_Browser",850,7756.25,131274904.691669,16925.0481471935,"Forage-limited potential carrying capacity","Estimated",783233.539348635,0,0,"Cluster","Cluster_2","Cluster C — Kavango East, Kavango West & Zambezi","SSP245_2090","Without_Intervention","SSP245_2090_Without_Intervention",17641.7611572874,-716.713010093976,-4.06259331879639,16925,-717
"Hartmann's zebra","Grazer","Arid_Grazer",280,2555,77004318.0128775,30138.6763259794,"Forage-limited potential carrying capacity","Estimated",783233.539348635,0,0,"Cluster","Cluster_2","Cluster C — Kavango East, Kavango West & Zambezi","SSP245_2090","Without_Intervention","SSP245_2090_Without_Intervention",33179.1938712978,-3040.51754531831,-9.16392832542133,30139,-3041
"Hippopotamus","Grazer","Wetland_Grazer",1400,12775,62291417.6930847,4876.04052392052,"Forage-limited potential carrying capacity","Estimated",783233.539348635,0,0,"Cluster","Cluster_2","Cluster C — Kavango East, Kavango West & Zambezi","SSP245_2090","Without_Intervention","SSP245_2090_Without_Intervention",5386.07188484953,-510.031360929004,-9.46944956980004,4876,-510
"Impala","Mixed","Mixed_Open",50,456.25,113194949.187947,248098.518768102,"Forage-limited potential carrying capacity","Estimated",783233.539348635,0,0,"Cluster","Cluster_2","Cluster C — Kavango East, Kavango West & Zambezi","SSP245_2090","Without_Intervention","SSP245_2090_Without_Intervention",267943.34193654,-19844.8231684374,-7.40635054598128,248099,-19845
"Klipspringer","Browser","Rocky_Browser",11,100.375,104176229.423857,1037870.280686,"Forage-limited potential carrying capacity","Estimated",783233.539348635,0,0,"Cluster","Cluster_2","Cluster C — Kavango East, Kavango West & Zambezi","SSP245_2090","Without_Intervention","SSP245_2090_Without_Intervention",1039014.42889579,-1144.14820979303,-0.110118606438311,1037870,-1144
"Kudu","Browser","Woodland_Browser",190,1733.75,131274904.691669,75717.3206584971,"Forage-limited potential carrying capacity","Estimated",783233.539348635,0,0,"Cluster","Cluster_2","Cluster C — Kavango East, Kavango West & Zambezi","SSP245_2090","Without_Intervention","SSP245_2090_Without_Intervention",78923.6683352333,-3206.34767673622,-4.0625933187964,75717,-3206
"Leopard","Carnivore","Carnivore",50,,,,"Prey biomass required - not estimated from forage","Not estimated: requires local preferred-prey biomass/density data",783233.539348635,0,0,"Cluster","Cluster_2","Cluster C — Kavango East, Kavango West & Zambezi","SSP245_2090","Without_Intervention","SSP245_2090_Without_Intervention",,,,,
"Ostrich","Mixed","Mixed_Open",100,912.5,113194949.187947,124049.259384051,"Forage-limited potential carrying capacity","Estimated",783233.539348635,0,0,"Cluster","Cluster_2","Cluster C — Kavango East, Kavango West & Zambezi","SSP245_2090","Without_Intervention","SSP245_2090_Without_Intervention",133971.67096827,-9922.4115842187,-7.40635054598128,124049,-9922
"Red Hartebeest","Grazer","General_Grazer",150,1368.75,84230518.5109785,61538.2783641852,"Forage-limited potential carrying capacity","Estimated",783233.539348635,0,0,"Cluster","Cluster_2","Cluster C — Kavango East, Kavango West & Zambezi","SSP245_2090","Without_Intervention","SSP245_2090_Without_Intervention",69816.6311773566,-8278.3528131714,-11.8572790946354,61538,-8278
"Red Lechwe","Grazer","Wetland_Grazer",80,730,62291417.6930847,85330.7091686091,"Forage-limited potential carrying capacity","Estimated",783233.539348635,0,0,"Cluster","Cluster_2","Cluster C — Kavango East, Kavango West & Zambezi","SSP245_2090","Without_Intervention","SSP245_2090_Without_Intervention",94256.2579848667,-8925.54881625758,-9.46944956980004,85331,-8926
"Reedbuck","Grazer","Wetland_Grazer",45,410.625,62291417.6930847,151699.038521972,"Forage-limited potential carrying capacity","Estimated",783233.539348635,0,0,"Cluster","Cluster_2","Cluster C — Kavango East, Kavango West & Zambezi","SSP245_2090","Without_Intervention","SSP245_2090_Without_Intervention",167566.680861985,-15867.6423400135,-9.46944956980004,151699,-15868
"Roan","Grazer","General_Grazer",240,2190,84230518.5109785,38461.4239776158,"Forage-limited potential carrying capacity","Estimated",783233.539348635,0,0,"Cluster","Cluster_2","Cluster C — Kavango East, Kavango West & Zambezi","SSP245_2090","Without_Intervention","SSP245_2090_Without_Intervention",43635.3944858479,-5173.97050823213,-11.8572790946354,38461,-5174
"Sable","Grazer","General_Grazer",200,1825,84230518.5109785,46153.7087731389,"Forage-limited potential carrying capacity","Estimated",783233.539348635,0,0,"Cluster","Cluster_2","Cluster C — Kavango East, Kavango West & Zambezi","SSP245_2090","Without_Intervention","SSP245_2090_Without_Intervention",52362.4733830175,-6208.76460987855,-11.8572790946354,46154,-6209
"Spotted Hyaena","Carnivore","Carnivore",55,,,,"Prey biomass required - not estimated from forage","Not estimated: requires local preferred-prey biomass/density data",783233.539348635,0,0,"Cluster","Cluster_2","Cluster C — Kavango East, Kavango West & Zambezi","SSP245_2090","Without_Intervention","SSP245_2090_Without_Intervention",,,,,
"Springbok","Grazer","Arid_Grazer",38,346.75,77004318.0128775,222074.457138796,"Forage-limited potential carrying capacity","Estimated",783233.539348635,0,0,"Cluster","Cluster_2","Cluster C — Kavango East, Kavango West & Zambezi","SSP245_2090","Without_Intervention","SSP245_2090_Without_Intervention",244478.270630615,-22403.8134918192,-9.16392832542133,222074,-22404
"Steenbok","Browser","Shrub_Browser",10,91.25,142687428.440734,1563697.84592585,"Forage-limited potential carrying capacity","Estimated",783233.539348635,0,0,"Cluster","Cluster_2","Cluster C — Kavango East, Kavango West & Zambezi","SSP245_2090","Without_Intervention","SSP245_2090_Without_Intervention",1576191.66234691,-12493.8164210585,-0.79265845134947,1563698,-12494
"Vervet monkey","Omnivore","Omnivore",5,45.625,89236093.5819372,1955859.58535753,"Forage-limited potential carrying capacity","Estimated",783233.539348635,0,0,"Cluster","Cluster_2","Cluster C — Kavango East, Kavango West & Zambezi","SSP245_2090","Without_Intervention","SSP245_2090_Without_Intervention",2078281.61365728,-122422.028299753,-5.89054089182452,1955860,-122422
"Warthog","Grazer","General_Grazer",70,638.75,84230518.5109785,131867.739351825,"Forage-limited potential carrying capacity","Estimated",783233.539348635,0,0,"Cluster","Cluster_2","Cluster C — Kavango East, Kavango West & Zambezi","SSP245_2090","Without_Intervention","SSP245_2090_Without_Intervention",149607.066808621,-17739.3274567959,-11.8572790946354,131868,-17739
"Baboon","Omnivore","Omnivore",24,219,673278572.655653,3074331.38198928,"Forage-limited potential carrying capacity","Estimated",5946321.81049356,0,0,"Cluster","Cluster_3","Cluster B — Omaheke & Otjozondjupa (Central / Group 4)","SSP245_2090","Without_Intervention","SSP245_2090_Without_Intervention",3317051.56221577,-242720.180226488,-7.31734721857482,3074331,-242720
"Black rhinoceros","Browser","Shrub_Browser",1000,9125,1337017388.94808,146522.453583352,"Forage-limited potential carrying capacity","Estimated",5946321.81049356,0,0,"Cluster","Cluster_3","Cluster B — Omaheke & Otjozondjupa (Central / Group 4)","SSP245_2090","Without_Intervention","SSP245_2090_Without_Intervention",155907.328362704,-9384.87477935242,-6.01952126170707,146522,-9385
"Black-backed Jackal","Carnivore","Carnivore",8.5,,,,"Prey biomass required - not estimated from forage","Not estimated: requires local preferred-prey biomass/density data",5946321.81049356,0,0,"Cluster","Cluster_3","Cluster B — Omaheke & Otjozondjupa (Central / Group 4)","SSP245_2090","Without_Intervention","SSP245_2090_Without_Intervention",,,,,
"Black-faced Impala","Mixed","Mixed_Open",50,456.25,881041513.837006,1931049.89334138,"Forage-limited potential carrying capacity","Estimated",5946321.81049356,0,0,"Cluster","Cluster_3","Cluster B — Omaheke & Otjozondjupa (Central / Group 4)","SSP245_2090","Without_Intervention","SSP245_2090_Without_Intervention",2106256.35920855,-175206.465867163,-8.31838276006435,1931050,-175206
"Blue wildebeest","Grazer","General_Grazer",220,2007.5,484580930.741977,241385.270606215,"Forage-limited potential carrying capacity","Estimated",5946321.81049356,0,0,"Cluster","Cluster_3","Cluster B — Omaheke & Otjozondjupa (Central / Group 4)","SSP245_2090","Without_Intervention","SSP245_2090_Without_Intervention",272957.565510101,-31572.294903886,-11.5667410957758,241385,-31572
"Buffalo","Grazer","General_Grazer",500,4562.5,484580930.741977,106209.519066735,"Forage-limited potential carrying capacity","Estimated",5946321.81049356,0,0,"Cluster","Cluster_3","Cluster B — Omaheke & Otjozondjupa (Central / Group 4)","SSP245_2090","Without_Intervention","SSP245_2090_Without_Intervention",120101.328824444,-13891.8097577098,-11.5667410957758,106210,-13892
"Burchell's zebra","Grazer","General_Grazer",320,2920,484580930.741977,165952.373541773,"Forage-limited potential carrying capacity","Estimated",5946321.81049356,0,0,"Cluster","Cluster_3","Cluster B — Omaheke & Otjozondjupa (Central / Group 4)","SSP245_2090","Without_Intervention","SSP245_2090_Without_Intervention",187658.326288194,-21705.9527464217,-11.5667410957758,165952,-21706
"Bushpig","Omnivore","Omnivore",60,547.5,673278572.655653,1229732.55279571,"Forage-limited potential carrying capacity","Estimated",5946321.81049356,0,0,"Cluster","Cluster_3","Cluster B — Omaheke & Otjozondjupa (Central / Group 4)","SSP245_2090","Without_Intervention","SSP245_2090_Without_Intervention",1326820.62488631,-97088.0720905953,-7.31734721857482,1229733,-97088
"Cheetah","Carnivore","Carnivore",45,,,,"Prey biomass required - not estimated from forage","Not estimated: requires local preferred-prey biomass/density data",5946321.81049356,0,0,"Cluster","Cluster_3","Cluster B — Omaheke & Otjozondjupa (Central / Group 4)","SSP245_2090","Without_Intervention","SSP245_2090_Without_Intervention",,,,,
"Damara dik dik","Browser","Shrub_Browser",5,45.625,1337017388.94808,29304490.7166703,"Forage-limited potential carrying capacity","Estimated",5946321.81049356,0,0,"Cluster","Cluster_3","Cluster B — Omaheke & Otjozondjupa (Central / Group 4)","SSP245_2090","Without_Intervention","SSP245_2090_Without_Intervention",31181465.6725408,-1876974.95587048,-6.01952126170706,29304491,-1876975
"Duiker","Browser","Woodland_Browser",17.5,159.6875,1136796826.72641,7118884.23781705,"Forage-limited potential carrying capacity","Estimated",5946321.81049356,0,0,"Cluster","Cluster_3","Cluster B — Omaheke & Otjozondjupa (Central / Group 4)","SSP245_2090","Without_Intervention","SSP245_2090_Without_Intervention",7589974.57713032,-471090.339313274,-6.20674462774535,7118884,-471090
"Eland","Mixed","Mixed_Open",500,4562.5,881041513.837006,193104.989334138,"Forage-limited potential carrying capacity","Estimated",5946321.81049356,0,0,"Cluster","Cluster_3","Cluster B — Omaheke & Otjozondjupa (Central / Group 4)","SSP245_2090","Without_Intervention","SSP245_2090_Without_Intervention",210625.635920855,-17520.6465867163,-8.31838276006434,193105,-17521
"Elephant","Mixed","Large_Mixed",3500,31937.5,1010084640.01129,31626.9163212928,"Forage-limited potential carrying capacity","Estimated",5946321.81049356,0,0,"Cluster","Cluster_3","Cluster B — Omaheke & Otjozondjupa (Central / Group 4)","SSP245_2090","Without_Intervention","SSP245_2090_Without_Intervention",34112.5320535259,-2485.61573223307,-7.28651783553592,31627,-2486
"Gemsbok","Mixed","Arid_Mixed",210,1916.25,879748222.986154,459098.87696603,"Forage-limited potential carrying capacity","Estimated",5946321.81049356,0,0,"Cluster","Cluster_3","Cluster B — Omaheke & Otjozondjupa (Central / Group 4)","SSP245_2090","Without_Intervention","SSP245_2090_Without_Intervention",499030.981196808,-39932.1042307784,-8.00192888525891,459099,-39932
"Giraffe","Browser","Woodland_Browser",850,7756.25,1136796826.72641,146565.263719763,"Forage-limited potential carrying capacity","Estimated",5946321.81049356,0,0,"Cluster","Cluster_3","Cluster B — Omaheke & Otjozondjupa (Central / Group 4)","SSP245_2090","Without_Intervention","SSP245_2090_Without_Intervention",156264.18247033,-9698.91875056739,-6.20674462774534,146565,-9699
"Hartmann's zebra","Grazer","Arid_Grazer",280,2555,614883565.85584,240658.929884869,"Forage-limited potential carrying capacity","Estimated",5946321.81049356,0,0,"Cluster","Cluster_3","Cluster B — Omaheke & Otjozondjupa (Central / Group 4)","SSP245_2090","Without_Intervention","SSP245_2090_Without_Intervention",265935.514773241,-25276.5848883715,-9.50477972448489,240659,-25277
"Hippopotamus","Grazer","Wetland_Grazer",1400,12775,141903355.939232,11107.8947897637,"Forage-limited potential carrying capacity","Estimated",5946321.81049356,0,0,"Cluster","Cluster_3","Cluster B — Omaheke & Otjozondjupa (Central / Group 4)","SSP245_2090","Without_Intervention","SSP245_2090_Without_Intervention",13090.3505360604,-1982.4557462967,-15.1444053452622,11108,-1982
"Impala","Mixed","Mixed_Open",50,456.25,881041513.837006,1931049.89334138,"Forage-limited potential carrying capacity","Estimated",5946321.81049356,0,0,"Cluster","Cluster_3","Cluster B — Omaheke & Otjozondjupa (Central / Group 4)","SSP245_2090","Without_Intervention","SSP245_2090_Without_Intervention",2106256.35920855,-175206.465867163,-8.31838276006435,1931050,-175206
"Klipspringer","Browser","Rocky_Browser",11,100.375,1002650774.69047,9989048.81385279,"Forage-limited potential carrying capacity","Estimated",5946321.81049356,0,0,"Cluster","Cluster_3","Cluster B — Omaheke & Otjozondjupa (Central / Group 4)","SSP245_2090","Without_Intervention","SSP245_2090_Without_Intervention",10624052.7250399,-635003.91118712,-5.97704028417022,9989049,-635004
"Kudu","Browser","Woodland_Browser",190,1733.75,1136796826.72641,655686.706114728,"Forage-limited potential carrying capacity","Estimated",5946321.81049356,0,0,"Cluster","Cluster_3","Cluster B — Omaheke & Otjozondjupa (Central / Group 4)","SSP245_2090","Without_Intervention","SSP245_2090_Without_Intervention",699076.605788319,-43389.899673591,-6.20674462774535,655687,-43390
"Leopard","Carnivore","Carnivore",50,,,,"Prey biomass required - not estimated from forage","Not estimated: requires local preferred-prey biomass/density data",5946321.81049356,0,0,"Cluster","Cluster_3","Cluster B — Omaheke & Otjozondjupa (Central / Group 4)","SSP245_2090","Without_Intervention","SSP245_2090_Without_Intervention",,,,,
"Ostrich","Mixed","Mixed_Open",100,912.5,881041513.837006,965524.946670692,"Forage-limited potential carrying capacity","Estimated",5946321.81049356,0,0,"Cluster","Cluster_3","Cluster B — Omaheke & Otjozondjupa (Central / Group 4)","SSP245_2090","Without_Intervention","SSP245_2090_Without_Intervention",1053128.17960427,-87603.2329335813,-8.31838276006435,965525,-87603
"Red Hartebeest","Grazer","General_Grazer",150,1368.75,484580930.741977,354031.730222449,"Forage-limited potential carrying capacity","Estimated",5946321.81049356,0,0,"Cluster","Cluster_3","Cluster B — Omaheke & Otjozondjupa (Central / Group 4)","SSP245_2090","Without_Intervention","SSP245_2090_Without_Intervention",400337.762748148,-46306.0325256995,-11.5667410957758,354032,-46306
"Red Lechwe","Grazer","Wetland_Grazer",80,730,141903355.939232,194388.158820865,"Forage-limited potential carrying capacity","Estimated",5946321.81049356,0,0,"Cluster","Cluster_3","Cluster B — Omaheke & Otjozondjupa (Central / Group 4)","SSP245_2090","Without_Intervention","SSP245_2090_Without_Intervention",229081.134381058,-34692.9755601922,-15.1444053452622,194388,-34693
"Reedbuck","Grazer","Wetland_Grazer",45,410.625,141903355.939232,345578.949014872,"Forage-limited potential carrying capacity","Estimated",5946321.81049356,0,0,"Cluster","Cluster_3","Cluster B — Omaheke & Otjozondjupa (Central / Group 4)","SSP245_2090","Without_Intervention","SSP245_2090_Without_Intervention",407255.350010769,-61676.4009958973,-15.1444053452622,345579,-61676
"Roan","Grazer","General_Grazer",240,2190,484580930.741977,221269.83138903,"Forage-limited potential carrying capacity","Estimated",5946321.81049356,0,0,"Cluster","Cluster_3","Cluster B — Omaheke & Otjozondjupa (Central / Group 4)","SSP245_2090","Without_Intervention","SSP245_2090_Without_Intervention",250211.101717593,-28941.2703285622,-11.5667410957758,221270,-28941
"Sable","Grazer","General_Grazer",200,1825,484580930.741977,265523.797666837,"Forage-limited potential carrying capacity","Estimated",5946321.81049356,0,0,"Cluster","Cluster_3","Cluster B — Omaheke & Otjozondjupa (Central / Group 4)","SSP245_2090","Without_Intervention","SSP245_2090_Without_Intervention",300253.322061111,-34729.5243942746,-11.5667410957758,265524,-34730
"Spotted Hyaena","Carnivore","Carnivore",55,,,,"Prey biomass required - not estimated from forage","Not estimated: requires local preferred-prey biomass/density data",5946321.81049356,0,0,"Cluster","Cluster_3","Cluster B — Omaheke & Otjozondjupa (Central / Group 4)","SSP245_2090","Without_Intervention","SSP245_2090_Without_Intervention",,,,,
"Springbok","Grazer","Arid_Grazer",38,346.75,614883565.85584,1773276.32546746,"Forage-limited potential carrying capacity","Estimated",5946321.81049356,0,0,"Cluster","Cluster_3","Cluster B — Omaheke & Otjozondjupa (Central / Group 4)","SSP245_2090","Without_Intervention","SSP245_2090_Without_Intervention",1959524.84569756,-186248.520230106,-9.50477972448491,1773276,-186249
"Steenbok","Browser","Shrub_Browser",10,91.25,1337017388.94808,14652245.3583352,"Forage-limited potential carrying capacity","Estimated",5946321.81049356,0,0,"Cluster","Cluster_3","Cluster B — Omaheke & Otjozondjupa (Central / Group 4)","SSP245_2090","Without_Intervention","SSP245_2090_Without_Intervention",15590732.8362704,-938487.477935242,-6.01952126170706,14652245,-938487
"Vervet monkey","Omnivore","Omnivore",5,45.625,673278572.655653,14756790.6335485,"Forage-limited potential carrying capacity","Estimated",5946321.81049356,0,0,"Cluster","Cluster_3","Cluster B — Omaheke & Otjozondjupa (Central / Group 4)","SSP245_2090","Without_Intervention","SSP245_2090_Without_Intervention",15921847.4986357,-1165056.86508714,-7.31734721857482,14756791,-1165057
"Warthog","Grazer","General_Grazer",70,638.75,484580930.741977,758639.421905247,"Forage-limited potential carrying capacity","Estimated",5946321.81049356,0,0,"Cluster","Cluster_3","Cluster B — Omaheke & Otjozondjupa (Central / Group 4)","SSP245_2090","Without_Intervention","SSP245_2090_Without_Intervention",857866.634460317,-99227.2125550703,-11.5667410957758,758639,-99227
"Baboon","Omnivore","Omnivore",24,219,316011019.010705,1442972.6895466,"Forage-limited potential carrying capacity","Estimated",5126424.88987576,0,0,"Cluster","Cluster_4","Cluster E — Kunene (North)","SSP245_2090","Without_Intervention","SSP245_2090_Without_Intervention",1561177.40686056,-118204.717313959,-7.5715108862395,1442973,-118205
"Black rhinoceros","Browser","Shrub_Browser",1000,9125,603120106.404737,66095.3541265465,"Forage-limited potential carrying capacity","Estimated",5126424.88987576,0,0,"Cluster","Cluster_4","Cluster E — Kunene (North)","SSP245_2090","Without_Intervention","SSP245_2090_Without_Intervention",70031.8492860938,-3936.49515954731,-5.62100701277494,66095,-3936
"Black-backed Jackal","Carnivore","Carnivore",8.5,,,,"Prey biomass required - not estimated from forage","Not estimated: requires local preferred-prey biomass/density data",5126424.88987576,0,0,"Cluster","Cluster_4","Cluster E — Kunene (North)","SSP245_2090","Without_Intervention","SSP245_2090_Without_Intervention",,,,,
"Black-faced Impala","Mixed","Mixed_Open",50,456.25,433149212.011307,949368.135915193,"Forage-limited potential carrying capacity","Estimated",5126424.88987576,0,0,"Cluster","Cluster_4","Cluster E — Kunene (North)","SSP245_2090","Without_Intervention","SSP245_2090_Without_Intervention",1046230.4695093,-96862.3335941022,-9.25822143562046,949368,-96862
"Blue wildebeest","Grazer","General_Grazer",220,2007.5,274608919.199209,136791.491506455,"Forage-limited potential carrying capacity","Estimated",5126424.88987576,0,0,"Cluster","Cluster_4","Cluster E — Kunene (North)","SSP245_2090","Without_Intervention","SSP245_2090_Without_Intervention",157569.9153034,-20778.4237969444,-13.1867963227217,136791,-20778
"Buffalo","Grazer","General_Grazer",500,4562.5,274608919.199209,60188.2562628403,"Forage-limited potential carrying capacity","Estimated",5126424.88987576,0,0,"Cluster","Cluster_4","Cluster E — Kunene (North)","SSP245_2090","Without_Intervention","SSP245_2090_Without_Intervention",69330.7627334959,-9142.50647065556,-13.1867963227217,60188,-9143
"Burchell's zebra","Grazer","General_Grazer",320,2920,274608919.199209,94044.150410688,"Forage-limited potential carrying capacity","Estimated",5126424.88987576,0,0,"Cluster","Cluster_4","Cluster E — Kunene (North)","SSP245_2090","Without_Intervention","SSP245_2090_Without_Intervention",108329.316771087,-14285.1663603993,-13.1867963227217,94044,-14285
"Bushpig","Omnivore","Omnivore",60,547.5,316011019.010705,577189.07581864,"Forage-limited potential carrying capacity","Estimated",5126424.88987576,0,0,"Cluster","Cluster_4","Cluster E — Kunene (North)","SSP245_2090","Without_Intervention","SSP245_2090_Without_Intervention",624470.962744223,-47281.8869255834,-7.57151088623948,577189,-47282
"Cheetah","Carnivore","Carnivore",45,,,,"Prey biomass required - not estimated from forage","Not estimated: requires local preferred-prey biomass/density data",5126424.88987576,0,0,"Cluster","Cluster_4","Cluster E — Kunene (North)","SSP245_2090","Without_Intervention","SSP245_2090_Without_Intervention",,,,,
"Damara dik dik","Browser","Shrub_Browser",5,45.625,603120106.404737,13219070.8253093,"Forage-limited potential carrying capacity","Estimated",5126424.88987576,0,0,"Cluster","Cluster_4","Cluster E — Kunene (North)","SSP245_2090","Without_Intervention","SSP245_2090_Without_Intervention",14006369.8572188,-787299.03190946,-5.62100701277493,13219071,-787299
"Duiker","Browser","Woodland_Browser",17.5,159.6875,496706333.47846,3110489.759552,"Forage-limited potential carrying capacity","Estimated",5126424.88987576,0,0,"Cluster","Cluster_4","Cluster E — Kunene (North)","SSP245_2090","Without_Intervention","SSP245_2090_Without_Intervention",3295598.91632565,-185109.15677365,-5.61685937741578,3110490,-185109
"Eland","Mixed","Mixed_Open",500,4562.5,433149212.011307,94936.8135915193,"Forage-limited potential carrying capacity","Estimated",5126424.88987576,0,0,"Cluster","Cluster_4","Cluster E — Kunene (North)","SSP245_2090","Without_Intervention","SSP245_2090_Without_Intervention",104623.04695093,-9686.23335941022,-9.25822143562047,94937,-9686
"Elephant","Mixed","Large_Mixed",3500,31937.5,481578086.508665,15078.7659180795,"Forage-limited potential carrying capacity","Estimated",5126424.88987576,0,0,"Cluster","Cluster_4","Cluster E — Kunene (North)","SSP245_2090","Without_Intervention","SSP245_2090_Without_Intervention",16318.2543234767,-1239.48840539722,-7.59571692429132,15079,-1239
"Gemsbok","Mixed","Arid_Mixed",210,1916.25,461077409.4356,240614.434147736,"Forage-limited potential carrying capacity","Estimated",5126424.88987576,0,0,"Cluster","Cluster_4","Cluster E — Kunene (North)","SSP245_2090","Without_Intervention","SSP245_2090_Without_Intervention",263420.728641587,-22806.294493851,-8.65774482192762,240614,-22806
"Giraffe","Browser","Woodland_Browser",850,7756.25,496706333.47846,64039.4950495999,"Forage-limited potential carrying capacity","Estimated",5126424.88987576,0,0,"Cluster","Cluster_4","Cluster E — Kunene (North)","SSP245_2090","Without_Intervention","SSP245_2090_Without_Intervention",67850.5659243516,-3811.07087475161,-5.61685937741577,64039,-3811
"Hartmann's zebra","Grazer","Arid_Grazer",280,2555,359624987.864273,140753.419907739,"Forage-limited potential carrying capacity","Estimated",5126424.88987576,0,0,"Cluster","Cluster_4","Cluster E — Kunene (North)","SSP245_2090","Without_Intervention","SSP245_2090_Without_Intervention",156909.927115636,-16156.5072078972,-10.2966762555377,140753,-16157
"Hippopotamus","Grazer","Wetland_Grazer",1400,12775,82655542.5754647,6470.10118007552,"Forage-limited potential carrying capacity","Estimated",5126424.88987576,0,0,"Cluster","Cluster_4","Cluster E — Kunene (North)","SSP245_2090","Without_Intervention","SSP245_2090_Without_Intervention",7787.49998578055,-1317.39880570503,-16.9168386274223,6470,-1317
"Impala","Mixed","Mixed_Open",50,456.25,433149212.011307,949368.135915193,"Forage-limited potential carrying capacity","Estimated",5126424.88987576,0,0,"Cluster","Cluster_4","Cluster E — Kunene (North)","SSP245_2090","Without_Intervention","SSP245_2090_Without_Intervention",1046230.4695093,-96862.3335941022,-9.25822143562046,949368,-96862
"Klipspringer","Browser","Rocky_Browser",11,100.375,495481670.463679,4936305.55879133,"Forage-limited potential carrying capacity","Estimated",5126424.88987576,0,0,"Cluster","Cluster_4","Cluster E — Kunene (North)","SSP245_2090","Without_Intervention","SSP245_2090_Without_Intervention",5220569.59114109,-284264.032349762,-5.44507696692974,4936306,-284264
"Kudu","Browser","Woodland_Browser",190,1733.75,496706333.47846,286492.477853473,"Forage-limited potential carrying capacity","Estimated",5126424.88987576,0,0,"Cluster","Cluster_4","Cluster E — Kunene (North)","SSP245_2090","Without_Intervention","SSP245_2090_Without_Intervention",303542.005451046,-17049.5275975731,-5.61685937741579,286492,-17050
"Leopard","Carnivore","Carnivore",50,,,,"Prey biomass required - not estimated from forage","Not estimated: requires local preferred-prey biomass/density data",5126424.88987576,0,0,"Cluster","Cluster_4","Cluster E — Kunene (North)","SSP245_2090","Without_Intervention","SSP245_2090_Without_Intervention",,,,,
"Ostrich","Mixed","Mixed_Open",100,912.5,433149212.011307,474684.067957597,"Forage-limited potential carrying capacity","Estimated",5126424.88987576,0,0,"Cluster","Cluster_4","Cluster E — Kunene (North)","SSP245_2090","Without_Intervention","SSP245_2090_Without_Intervention",523115.234754648,-48431.1667970511,-9.25822143562046,474684,-48431
"Red Hartebeest","Grazer","General_Grazer",150,1368.75,274608919.199209,200627.520876134,"Forage-limited potential carrying capacity","Estimated",5126424.88987576,0,0,"Cluster","Cluster_4","Cluster E — Kunene (North)","SSP245_2090","Without_Intervention","SSP245_2090_Without_Intervention",231102.542444986,-30475.0215688519,-13.1867963227217,200628,-30475
"Red Lechwe","Grazer","Wetland_Grazer",80,730,82655542.5754647,113226.770651322,"Forage-limited potential carrying capacity","Estimated",5126424.88987576,0,0,"Cluster","Cluster_4","Cluster E — Kunene (North)","SSP245_2090","Without_Intervention","SSP245_2090_Without_Intervention",136281.24975116,-23054.479099838,-16.9168386274223,113227,-23054
"Reedbuck","Grazer","Wetland_Grazer",45,410.625,82655542.5754647,201292.036713461,"Forage-limited potential carrying capacity","Estimated",5126424.88987576,0,0,"Cluster","Cluster_4","Cluster E — Kunene (North)","SSP245_2090","Without_Intervention","SSP245_2090_Without_Intervention",242277.777335395,-40985.7406219342,-16.9168386274223,201292,-40986
"Roan","Grazer","General_Grazer",240,2190,274608919.199209,125392.200547584,"Forage-limited potential carrying capacity","Estimated",5126424.88987576,0,0,"Cluster","Cluster_4","Cluster E — Kunene (North)","SSP245_2090","Without_Intervention","SSP245_2090_Without_Intervention",144439.089028116,-19046.8884805324,-13.1867963227217,125392,-19047
"Sable","Grazer","General_Grazer",200,1825,274608919.199209,150470.640657101,"Forage-limited potential carrying capacity","Estimated",5126424.88987576,0,0,"Cluster","Cluster_4","Cluster E — Kunene (North)","SSP245_2090","Without_Intervention","SSP245_2090_Without_Intervention",173326.90683374,-22856.2661766389,-13.1867963227217,150471,-22856
"Spotted Hyaena","Carnivore","Carnivore",55,,,,"Prey biomass required - not estimated from forage","Not estimated: requires local preferred-prey biomass/density data",5126424.88987576,0,0,"Cluster","Cluster_4","Cluster E — Kunene (North)","SSP245_2090","Without_Intervention","SSP245_2090_Without_Intervention",,,,,
"Springbok","Grazer","Arid_Grazer",38,346.75,359624987.864273,1037130.46247808,"Forage-limited potential carrying capacity","Estimated",5126424.88987576,0,0,"Cluster","Cluster_4","Cluster E — Kunene (North)","SSP245_2090","Without_Intervention","SSP245_2090_Without_Intervention",1156178.41032574,-119047.947847663,-10.2966762555377,1037130,-119048
"Steenbok","Browser","Shrub_Browser",10,91.25,603120106.404737,6609535.41265465,"Forage-limited potential carrying capacity","Estimated",5126424.88987576,0,0,"Cluster","Cluster_4","Cluster E — Kunene (North)","SSP245_2090","Without_Intervention","SSP245_2090_Without_Intervention",7003184.92860938,-393649.51595473,-5.62100701277493,6609535,-393650
"Vervet monkey","Omnivore","Omnivore",5,45.625,316011019.010705,6926268.90982368,"Forage-limited potential carrying capacity","Estimated",5126424.88987576,0,0,"Cluster","Cluster_4","Cluster E — Kunene (North)","SSP245_2090","Without_Intervention","SSP245_2090_Without_Intervention",7493651.55293068,-567382.643107002,-7.5715108862395,6926269,-567383
"Warthog","Grazer","General_Grazer",70,638.75,274608919.199209,429916.116163145,"Forage-limited potential carrying capacity","Estimated",5126424.88987576,0,0,"Cluster","Cluster_4","Cluster E — Kunene (North)","SSP245_2090","Without_Intervention","SSP245_2090_Without_Intervention",495219.733810685,-65303.6176475397,-13.1867963227217,429916,-65304
"Baboon","Omnivore","Omnivore",24,219,162188747.552997,740587.88836985,"Forage-limited potential carrying capacity","Estimated",1422473.1935077,0,0,"Cluster","Cluster_5","Cluster D — Omusati, Oshana, Oshikoto & Ohangwena","SSP245_2090","Without_Intervention","SSP245_2090_Without_Intervention",783196.499598643,-42608.6112287933,-5.44034750546363,740588,-42609
"Black rhinoceros","Browser","Shrub_Browser",1000,9125,255569315.635308,28007.5962340064,"Forage-limited potential carrying capacity","Estimated",1422473.1935077,0,0,"Cluster","Cluster_5","Cluster D — Omusati, Oshana, Oshikoto & Ohangwena","SSP245_2090","Without_Intervention","SSP245_2090_Without_Intervention",28810.2263127114,-802.630078705006,-2.78592076991383,28008,-803
"Black-backed Jackal","Carnivore","Carnivore",8.5,,,,"Prey biomass required - not estimated from forage","Not estimated: requires local preferred-prey biomass/density data",1422473.1935077,0,0,"Cluster","Cluster_5","Cluster D — Omusati, Oshana, Oshikoto & Ohangwena","SSP245_2090","Without_Intervention","SSP245_2090_Without_Intervention",,,,,
"Black-faced Impala","Mixed","Mixed_Open",50,456.25,257273627.624541,563887.403012693,"Forage-limited potential carrying capacity","Estimated",1422473.1935077,0,0,"Cluster","Cluster_5","Cluster D — Omusati, Oshana, Oshikoto & Ohangwena","SSP245_2090","Without_Intervention","SSP245_2090_Without_Intervention",595696.659539816,-31809.2565271225,-5.33984134671757,563887,-31809
"Blue wildebeest","Grazer","General_Grazer",220,2007.5,215870325.088341,107531.917852225,"Forage-limited potential carrying capacity","Estimated",1422473.1935077,0,0,"Cluster","Cluster_5","Cluster D — Omusati, Oshana, Oshikoto & Ohangwena","SSP245_2090","Without_Intervention","SSP245_2090_Without_Intervention",115479.607571885,-7947.68971965997,-6.8823317698864,107532,-7948
"Buffalo","Grazer","General_Grazer",500,4562.5,215870325.088341,47314.0438549789,"Forage-limited potential carrying capacity","Estimated",1422473.1935077,0,0,"Cluster","Cluster_5","Cluster D — Omusati, Oshana, Oshikoto & Ohangwena","SSP245_2090","Without_Intervention","SSP245_2090_Without_Intervention",50811.0273316293,-3496.98347665039,-6.88233176988641,47314,-3497
"Burchell's zebra","Grazer","General_Grazer",320,2920,215870325.088341,73928.1935234046,"Forage-limited potential carrying capacity","Estimated",1422473.1935077,0,0,"Cluster","Cluster_5","Cluster D — Omusati, Oshana, Oshikoto & Ohangwena","SSP245_2090","Without_Intervention","SSP245_2090_Without_Intervention",79392.2302056708,-5464.03668226623,-6.8823317698864,73928,-5464
"Bushpig","Omnivore","Omnivore",60,547.5,162188747.552997,296235.15534794,"Forage-limited potential carrying capacity","Estimated",1422473.1935077,0,0,"Cluster","Cluster_5","Cluster D — Omusati, Oshana, Oshikoto & Ohangwena","SSP245_2090","Without_Intervention","SSP245_2090_Without_Intervention",313278.599839457,-17043.4444915173,-5.44034750546364,296235,-17043
"Cheetah","Carnivore","Carnivore",45,,,,"Prey biomass required - not estimated from forage","Not estimated: requires local preferred-prey biomass/density data",1422473.1935077,0,0,"Cluster","Cluster_5","Cluster D — Omusati, Oshana, Oshikoto & Ohangwena","SSP245_2090","Without_Intervention","SSP245_2090_Without_Intervention",,,,,
"Damara dik dik","Browser","Shrub_Browser",5,45.625,255569315.635308,5601519.24680127,"Forage-limited potential carrying capacity","Estimated",1422473.1935077,0,0,"Cluster","Cluster_5","Cluster D — Omusati, Oshana, Oshikoto & Ohangwena","SSP245_2090","Without_Intervention","SSP245_2090_Without_Intervention",5762045.26254227,-160526.015741002,-2.78592076991384,5601519,-160526
"Duiker","Browser","Woodland_Browser",17.5,159.6875,215182076.726072,1347519.85425329,"Forage-limited potential carrying capacity","Estimated",1422473.1935077,0,0,"Cluster","Cluster_5","Cluster D — Omusati, Oshana, Oshikoto & Ohangwena","SSP245_2090","Without_Intervention","SSP245_2090_Without_Intervention",1392356.38512432,-44836.5308710297,-3.22019070333249,1347520,-44837
"Eland","Mixed","Mixed_Open",500,4562.5,257273627.624541,56388.7403012693,"Forage-limited potential carrying capacity","Estimated",1422473.1935077,0,0,"Cluster","Cluster_5","Cluster D — Omusati, Oshana, Oshikoto & Ohangwena","SSP245_2090","Without_Intervention","SSP245_2090_Without_Intervention",59569.6659539816,-3180.92565271224,-5.33984134671756,56389,-3181
"Elephant","Mixed","Large_Mixed",3500,31937.5,246224953.74071,7709.5875926641,"Forage-limited potential carrying capacity","Estimated",1422473.1935077,0,0,"Cluster","Cluster_5","Cluster D — Omusati, Oshana, Oshikoto & Ohangwena","SSP245_2090","Without_Intervention","SSP245_2090_Without_Intervention",8065.78314837636,-356.195555712266,-4.416131070719,7710,-356
"Gemsbok","Mixed","Arid_Mixed",210,1916.25,250246322.054986,130591.687960854,"Forage-limited potential carrying capacity","Estimated",1422473.1935077,0,0,"Cluster","Cluster_5","Cluster D — Omusati, Oshana, Oshikoto & Ohangwena","SSP245_2090","Without_Intervention","SSP245_2090_Without_Intervention",137314.707455286,-6723.01949443269,-4.89606657511316,130592,-6723
"Giraffe","Browser","Woodland_Browser",850,7756.25,215182076.726072,27743.0558228619,"Forage-limited potential carrying capacity","Estimated",1422473.1935077,0,0,"Cluster","Cluster_5","Cluster D — Omusati, Oshana, Oshikoto & Ohangwena","SSP245_2090","Without_Intervention","SSP245_2090_Without_Intervention",28666.1608702066,-923.105047344729,-3.22019070333249,27743,-923
"Hartmann's zebra","Grazer","Arid_Grazer",280,2555,218234469.85712,85414.6653061135,"Forage-limited potential carrying capacity","Estimated",1422473.1935077,0,0,"Cluster","Cluster_5","Cluster D — Omusati, Oshana, Oshikoto & Ohangwena","SSP245_2090","Without_Intervention","SSP245_2090_Without_Intervention",90698.3305757486,-5283.66526963502,-5.82553751110365,85415,-5284
"Hippopotamus","Grazer","Wetland_Grazer",1400,12775,84055940.277295,6579.72135243014,"Forage-limited potential carrying capacity","Estimated",1422473.1935077,0,0,"Cluster","Cluster_5","Cluster D — Omusati, Oshana, Oshikoto & Ohangwena","SSP245_2090","Without_Intervention","SSP245_2090_Without_Intervention",7173.25266099403,-593.531308563897,-8.27422839559716,6580,-594
"Impala","Mixed","Mixed_Open",50,456.25,257273627.624541,563887.403012693,"Forage-limited potential carrying capacity","Estimated",1422473.1935077,0,0,"Cluster","Cluster_5","Cluster D — Omusati, Oshana, Oshikoto & Ohangwena","SSP245_2090","Without_Intervention","SSP245_2090_Without_Intervention",595696.659539816,-31809.2565271225,-5.33984134671757,563887,-31809
"Klipspringer","Browser","Rocky_Browser",11,100.375,191714803.458829,1909985.58863092,"Forage-limited potential carrying capacity","Estimated",1422473.1935077,0,0,"Cluster","Cluster_5","Cluster D — Omusati, Oshana, Oshikoto & Ohangwena","SSP245_2090","Without_Intervention","SSP245_2090_Without_Intervention",1961016.77568894,-51031.1870580188,-2.60228202484859,1909986,-51031
"Kudu","Browser","Woodland_Browser",190,1733.75,215182076.726072,124113.670786487,"Forage-limited potential carrying capacity","Estimated",1422473.1935077,0,0,"Cluster","Cluster_5","Cluster D — Omusati, Oshana, Oshikoto & Ohangwena","SSP245_2090","Without_Intervention","SSP245_2090_Without_Intervention",128243.351261451,-4129.68047496326,-3.22019070333249,124114,-4130
"Leopard","Carnivore","Carnivore",50,,,,"Prey biomass required - not estimated from forage","Not estimated: requires local preferred-prey biomass/density data",1422473.1935077,0,0,"Cluster","Cluster_5","Cluster D — Omusati, Oshana, Oshikoto & Ohangwena","SSP245_2090","Without_Intervention","SSP245_2090_Without_Intervention",,,,,
"Ostrich","Mixed","Mixed_Open",100,912.5,257273627.624541,281943.701506347,"Forage-limited potential carrying capacity","Estimated",1422473.1935077,0,0,"Cluster","Cluster_5","Cluster D — Omusati, Oshana, Oshikoto & Ohangwena","SSP245_2090","Without_Intervention","SSP245_2090_Without_Intervention",297848.329769908,-15904.6282635612,-5.33984134671757,281944,-15905
"Red Hartebeest","Grazer","General_Grazer",150,1368.75,215870325.088341,157713.479516596,"Forage-limited potential carrying capacity","Estimated",1422473.1935077,0,0,"Cluster","Cluster_5","Cluster D — Omusati, Oshana, Oshikoto & Ohangwena","SSP245_2090","Without_Intervention","SSP245_2090_Without_Intervention",169370.091105431,-11656.6115888346,-6.88233176988639,157713,-11657
"Red Lechwe","Grazer","Wetland_Grazer",80,730,84055940.277295,115145.123667527,"Forage-limited potential carrying capacity","Estimated",1422473.1935077,0,0,"Cluster","Cluster_5","Cluster D — Omusati, Oshana, Oshikoto & Ohangwena","SSP245_2090","Without_Intervention","SSP245_2090_Without_Intervention",125531.921567396,-10386.7978998682,-8.27422839559717,115145,-10387
"Reedbuck","Grazer","Wetland_Grazer",45,410.625,84055940.277295,204702.442075604,"Forage-limited potential carrying capacity","Estimated",1422473.1935077,0,0,"Cluster","Cluster_5","Cluster D — Omusati, Oshana, Oshikoto & Ohangwena","SSP245_2090","Without_Intervention","SSP245_2090_Without_Intervention",223167.860564259,-18465.4184886546,-8.27422839559716,204702,-18465
"Roan","Grazer","General_Grazer",240,2190,215870325.088341,98570.9246978728,"Forage-limited potential carrying capacity","Estimated",1422473.1935077,0,0,"Cluster","Cluster_5","Cluster D — Omusati, Oshana, Oshikoto & Ohangwena","SSP245_2090","Without_Intervention","SSP245_2090_Without_Intervention",105856.306940894,-7285.38224302164,-6.8823317698864,98571,-7285
"Sable","Grazer","General_Grazer",200,1825,215870325.088341,118285.109637447,"Forage-limited potential carrying capacity","Estimated",1422473.1935077,0,0,"Cluster","Cluster_5","Cluster D — Omusati, Oshana, Oshikoto & Ohangwena","SSP245_2090","Without_Intervention","SSP245_2090_Without_Intervention",127027.568329073,-8742.45869162596,-6.88233176988639,118285,-8742
"Spotted Hyaena","Carnivore","Carnivore",55,,,,"Prey biomass required - not estimated from forage","Not estimated: requires local preferred-prey biomass/density data",1422473.1935077,0,0,"Cluster","Cluster_5","Cluster D — Omusati, Oshana, Oshikoto & Ohangwena","SSP245_2090","Without_Intervention","SSP245_2090_Without_Intervention",,,,,
"Springbok","Grazer","Arid_Grazer",38,346.75,218234469.85712,629371.218045047,"Forage-limited potential carrying capacity","Estimated",1422473.1935077,0,0,"Cluster","Cluster_5","Cluster D — Omusati, Oshana, Oshikoto & Ohangwena","SSP245_2090","Without_Intervention","SSP245_2090_Without_Intervention",668303.488452884,-38932.270407837,-5.82553751110365,629371,-38932
"Steenbok","Browser","Shrub_Browser",10,91.25,255569315.635308,2800759.62340064,"Forage-limited potential carrying capacity","Estimated",1422473.1935077,0,0,"Cluster","Cluster_5","Cluster D — Omusati, Oshana, Oshikoto & Ohangwena","SSP245_2090","Without_Intervention","SSP245_2090_Without_Intervention",2881022.63127114,-80263.0078705009,-2.78592076991384,2800760,-80263
"Vervet monkey","Omnivore","Omnivore",5,45.625,162188747.552997,3554821.86417528,"Forage-limited potential carrying capacity","Estimated",1422473.1935077,0,0,"Cluster","Cluster_5","Cluster D — Omusati, Oshana, Oshikoto & Ohangwena","SSP245_2090","Without_Intervention","SSP245_2090_Without_Intervention",3759343.19807349,-204521.333898208,-5.44034750546364,3554822,-204521
"Warthog","Grazer","General_Grazer",70,638.75,215870325.088341,337957.456106992,"Forage-limited potential carrying capacity","Estimated",1422473.1935077,0,0,"Cluster","Cluster_5","Cluster D — Omusati, Oshana, Oshikoto & Ohangwena","SSP245_2090","Without_Intervention","SSP245_2090_Without_Intervention",362935.909511638,-24978.4534046456,-6.8823317698864,337957,-24978
"Baboon","Omnivore","Omnivore",24,219,40325069.0291507,184132.735292925,"Forage-limited potential carrying capacity","Estimated",797331.445462821,0,0,"Cluster","Cluster_6","Cluster F —    //Karas,Hardap","SSP245_2090","Without_Intervention","SSP245_2090_Without_Intervention",220657.268463603,-36524.5331706772,-16.5526082258659,184133,-36525
"Black rhinoceros","Browser","Shrub_Browser",1000,9125,40811087.6587918,4472.44796260732,"Forage-limited potential carrying capacity","Estimated",797331.445462821,0,0,"Cluster","Cluster_6","Cluster F —    //Karas,Hardap","SSP245_2090","Without_Intervention","SSP245_2090_Without_Intervention",5609.42788806347,-1136.97992545615,-20.2690889007697,4472,-1137
"Black-backed Jackal","Carnivore","Carnivore",8.5,,,,"Prey biomass required - not estimated from forage","Not estimated: requires local preferred-prey biomass/density data",797331.445462821,0,0,"Cluster","Cluster_6","Cluster F —    //Karas,Hardap","SSP245_2090","Without_Intervention","SSP245_2090_Without_Intervention",,,,,
"Black-faced Impala","Mixed","Mixed_Open",50,456.25,80344231.6712536,176096.946128775,"Forage-limited potential carrying capacity","Estimated",797331.445462821,0,0,"Cluster","Cluster_6","Cluster F —    //Karas,Hardap","SSP245_2090","Without_Intervention","SSP245_2090_Without_Intervention",207400.497538045,-31303.5514092695,-15.0932865546899,176097,-31304
"Blue wildebeest","Grazer","General_Grazer",220,2007.5,90115303.0544493,44889.3165900121,"Forage-limited potential carrying capacity","Estimated",797331.445462821,0,0,"Cluster","Cluster_6","Cluster F —    //Karas,Hardap","SSP245_2090","Without_Intervention","SSP245_2090_Without_Intervention",51921.408368843,-7032.09177883086,-13.5437230994887,44889,-7032
"Buffalo","Grazer","General_Grazer",500,4562.5,90115303.0544493,19751.2992996053,"Forage-limited potential carrying capacity","Estimated",797331.445462821,0,0,"Cluster","Cluster_6","Cluster F —    //Karas,Hardap","SSP245_2090","Without_Intervention","SSP245_2090_Without_Intervention",22845.4196822909,-3094.12038268558,-13.5437230994887,19751,-3094
"Burchell's zebra","Grazer","General_Grazer",320,2920,90115303.0544493,30861.4051556333,"Forage-limited potential carrying capacity","Estimated",797331.445462821,0,0,"Cluster","Cluster_6","Cluster F —    //Karas,Hardap","SSP245_2090","Without_Intervention","SSP245_2090_Without_Intervention",35695.9682535795,-4834.56309794621,-13.5437230994887,30861,-4835
"Bushpig","Omnivore","Omnivore",60,547.5,40325069.0291507,73653.0941171702,"Forage-limited potential carrying capacity","Estimated",797331.445462821,0,0,"Cluster","Cluster_6","Cluster F —    //Karas,Hardap","SSP245_2090","Without_Intervention","SSP245_2090_Without_Intervention",88262.9073854411,-14609.8132682709,-16.5526082258659,73653,-14610
"Cheetah","Carnivore","Carnivore",45,,,,"Prey biomass required - not estimated from forage","Not estimated: requires local preferred-prey biomass/density data",797331.445462821,0,0,"Cluster","Cluster_6","Cluster F —    //Karas,Hardap","SSP245_2090","Without_Intervention","SSP245_2090_Without_Intervention",,,,,
"Damara dik dik","Browser","Shrub_Browser",5,45.625,40811087.6587918,894489.592521463,"Forage-limited potential carrying capacity","Estimated",797331.445462821,0,0,"Cluster","Cluster_6","Cluster F —    //Karas,Hardap","SSP245_2090","Without_Intervention","SSP245_2090_Without_Intervention",1121885.57761269,-227395.985091231,-20.2690889007697,894490,-227396
"Duiker","Browser","Woodland_Browser",17.5,159.6875,30499679.5478161,190996.036307263,"Forage-limited potential carrying capacity","Estimated",797331.445462821,0,0,"Cluster","Cluster_6","Cluster F —    //Karas,Hardap","SSP245_2090","Without_Intervention","SSP245_2090_Without_Intervention",244525.938978847,-53529.9026715841,-21.8912982790814,190996,-53530
"Eland","Mixed","Mixed_Open",500,4562.5,80344231.6712536,17609.6946128775,"Forage-limited potential carrying capacity","Estimated",797331.445462821,0,0,"Cluster","Cluster_6","Cluster F —    //Karas,Hardap","SSP245_2090","Without_Intervention","SSP245_2090_Without_Intervention",20740.0497538045,-3130.35514092695,-15.0932865546899,17610,-3130
"Elephant","Mixed","Large_Mixed",3500,31937.5,63561298.9579417,1990.1776581743,"Forage-limited potential carrying capacity","Estimated",797331.445462821,0,0,"Cluster","Cluster_6","Cluster F —    //Karas,Hardap","SSP245_2090","Without_Intervention","SSP245_2090_Without_Intervention",2375.29866877352,-385.121010599219,-16.2135825554129,1990,-385
"Gemsbok","Mixed","Arid_Mixed",210,1916.25,81769041.1025037,42671.384789304,"Forage-limited potential carrying capacity","Estimated",797331.445462821,0,0,"Cluster","Cluster_6","Cluster F —    //Karas,Hardap","SSP245_2090","Without_Intervention","SSP245_2090_Without_Intervention",49887.1210865332,-7215.73629722922,-14.464126492112,42671,-7216
"Giraffe","Browser","Woodland_Browser",850,7756.25,30499679.5478161,3932.27133573777,"Forage-limited potential carrying capacity","Estimated",797331.445462821,0,0,"Cluster","Cluster_6","Cluster F —    //Karas,Hardap","SSP245_2090","Without_Intervention","SSP245_2090_Without_Intervention",5034.35756721156,-1102.08623147379,-21.8912982790814,3932,-1102
"Hartmann's zebra","Grazer","Arid_Grazer",280,2555,86708894.8922404,33936.9451633035,"Forage-limited potential carrying capacity","Estimated",797331.445462821,0,0,"Cluster","Cluster_6","Cluster F —    //Karas,Hardap","SSP245_2090","Without_Intervention","SSP245_2090_Without_Intervention",39167.9360256571,-5230.99086235356,-13.3552885169313,33937,-5231
"Hippopotamus","Grazer","Wetland_Grazer",1400,12775,37909994.9517614,2967.51428193827,"Forage-limited potential carrying capacity","Estimated",797331.445462821,0,0,"Cluster","Cluster_6","Cluster F —    //Karas,Hardap","SSP245_2090","Without_Intervention","SSP245_2090_Without_Intervention",3426.32087247397,-458.806590535703,-13.3906486757156,2968,-459
"Impala","Mixed","Mixed_Open",50,456.25,80344231.6712536,176096.946128775,"Forage-limited potential carrying capacity","Estimated",797331.445462821,0,0,"Cluster","Cluster_6","Cluster F —    //Karas,Hardap","SSP245_2090","Without_Intervention","SSP245_2090_Without_Intervention",207400.497538045,-31303.5514092695,-15.0932865546899,176097,-31304
"Klipspringer","Browser","Rocky_Browser",11,100.375,38180516.0037753,380378.73976364,"Forage-limited potential carrying capacity","Estimated",797331.445462821,0,0,"Cluster","Cluster_6","Cluster F —    //Karas,Hardap","SSP245_2090","Without_Intervention","SSP245_2090_Without_Intervention",459420.602506524,-79041.8627428846,-17.2046839675115,380379,-79042
"Kudu","Browser","Woodland_Browser",190,1733.75,30499679.5478161,17591.7401861953,"Forage-limited potential carrying capacity","Estimated",797331.445462821,0,0,"Cluster","Cluster_6","Cluster F —    //Karas,Hardap","SSP245_2090","Without_Intervention","SSP245_2090_Without_Intervention",22522.125958578,-4930.38577238274,-21.8912982790814,17592,-4930
"Leopard","Carnivore","Carnivore",50,,,,"Prey biomass required - not estimated from forage","Not estimated: requires local preferred-prey biomass/density data",797331.445462821,0,0,"Cluster","Cluster_6","Cluster F —    //Karas,Hardap","SSP245_2090","Without_Intervention","SSP245_2090_Without_Intervention",,,,,
"Ostrich","Mixed","Mixed_Open",100,912.5,80344231.6712536,88048.4730643875,"Forage-limited potential carrying capacity","Estimated",797331.445462821,0,0,"Cluster","Cluster_6","Cluster F —    //Karas,Hardap","SSP245_2090","Without_Intervention","SSP245_2090_Without_Intervention",103700.248769022,-15651.7757046348,-15.0932865546899,88048,-15652
"Red Hartebeest","Grazer","General_Grazer",150,1368.75,90115303.0544493,65837.6643320178,"Forage-limited potential carrying capacity","Estimated",797331.445462821,0,0,"Cluster","Cluster_6","Cluster F —    //Karas,Hardap","SSP245_2090","Without_Intervention","SSP245_2090_Without_Intervention",76151.3989409697,-10313.7346089519,-13.5437230994887,65838,-10314
"Red Lechwe","Grazer","Wetland_Grazer",80,730,37909994.9517614,51931.4999339197,"Forage-limited potential carrying capacity","Estimated",797331.445462821,0,0,"Cluster","Cluster_6","Cluster F —    //Karas,Hardap","SSP245_2090","Without_Intervention","SSP245_2090_Without_Intervention",59960.6152682945,-8029.1153343748,-13.3906486757156,51931,-8029
"Reedbuck","Grazer","Wetland_Grazer",45,410.625,37909994.9517614,92322.6665491905,"Forage-limited potential carrying capacity","Estimated",797331.445462821,0,0,"Cluster","Cluster_6","Cluster F —    //Karas,Hardap","SSP245_2090","Without_Intervention","SSP245_2090_Without_Intervention",106596.649365857,-14273.9828166663,-13.3906486757156,92323,-14274
"Roan","Grazer","General_Grazer",240,2190,90115303.0544493,41148.5402075111,"Forage-limited potential carrying capacity","Estimated",797331.445462821,0,0,"Cluster","Cluster_6","Cluster F —    //Karas,Hardap","SSP245_2090","Without_Intervention","SSP245_2090_Without_Intervention",47594.6243381061,-6446.08413059496,-13.5437230994887,41149,-6446
"Sable","Grazer","General_Grazer",200,1825,90115303.0544493,49378.2482490133,"Forage-limited potential carrying capacity","Estimated",797331.445462821,0,0,"Cluster","Cluster_6","Cluster F —    //Karas,Hardap","SSP245_2090","Without_Intervention","SSP245_2090_Without_Intervention",57113.5492057273,-7735.30095671395,-13.5437230994887,49378,-7735
"Spotted Hyaena","Carnivore","Carnivore",55,,,,"Prey biomass required - not estimated from forage","Not estimated: requires local preferred-prey biomass/density data",797331.445462821,0,0,"Cluster","Cluster_6","Cluster F —    //Karas,Hardap","SSP245_2090","Without_Intervention","SSP245_2090_Without_Intervention",,,,,
"Springbok","Grazer","Arid_Grazer",38,346.75,86708894.8922404,250061.701203289,"Forage-limited potential carrying capacity","Estimated",797331.445462821,0,0,"Cluster","Cluster_6","Cluster F —    //Karas,Hardap","SSP245_2090","Without_Intervention","SSP245_2090_Without_Intervention",288605.844399578,-38544.1431962894,-13.3552885169313,250062,-38544
"Steenbok","Browser","Shrub_Browser",10,91.25,40811087.6587918,447244.796260732,"Forage-limited potential carrying capacity","Estimated",797331.445462821,0,0,"Cluster","Cluster_6","Cluster F —    //Karas,Hardap","SSP245_2090","Without_Intervention","SSP245_2090_Without_Intervention",560942.788806347,-113697.992545615,-20.2690889007697,447245,-113698
"Vervet monkey","Omnivore","Omnivore",5,45.625,40325069.0291507,883837.129406042,"Forage-limited potential carrying capacity","Estimated",797331.445462821,0,0,"Cluster","Cluster_6","Cluster F —    //Karas,Hardap","SSP245_2090","Without_Intervention","SSP245_2090_Without_Intervention",1059154.88862529,-175317.759219251,-16.5526082258659,883837,-175318
"Warthog","Grazer","General_Grazer",70,638.75,90115303.0544493,141080.709282895,"Forage-limited potential carrying capacity","Estimated",797331.445462821,0,0,"Cluster","Cluster_6","Cluster F —    //Karas,Hardap","SSP245_2090","Without_Intervention","SSP245_2090_Without_Intervention",163181.569159221,-22100.8598763256,-13.5437230994887,141081,-22101
"Baboon","Omnivore","Omnivore",24,219,150112390.30438,685444.704586209,"Forage-limited potential carrying capacity","Estimated",2738207.08076389,0,0,"Cluster","Cluster_1","Cluster A — South, Kunene South & Erongo","SSP245_2090","With_Intervention","SSP245_2090_With_Intervention",477431.876110126,208012.828476083,43.569111926683,685445,208013
"Black rhinoceros","Browser","Shrub_Browser",1000,9125,164718751.140897,18051.3699880435,"Forage-limited potential carrying capacity","Estimated",2738207.08076389,0,0,"Cluster","Cluster_1","Cluster A — South, Kunene South & Erongo","SSP245_2090","With_Intervention","SSP245_2090_With_Intervention",20045.6486354135,-1994.27864736997,-9.94868603975624,18051,-1994
"Black-backed Jackal","Carnivore","Carnivore",8.5,,,,"Prey biomass required - not estimated from forage","Not estimated: requires local preferred-prey biomass/density data",2738207.08076389,0,0,"Cluster","Cluster_1","Cluster A — South, Kunene South & Erongo","SSP245_2090","With_Intervention","SSP245_2090_With_Intervention",,,,,
"Black-faced Impala","Mixed","Mixed_Open",50,456.25,290123808.094703,635887.798563732,"Forage-limited potential carrying capacity","Estimated",2738207.08076389,0,0,"Cluster","Cluster_1","Cluster A — South, Kunene South & Erongo","SSP245_2090","With_Intervention","SSP245_2090_With_Intervention",341928.046232009,293959.752331724,85.9712315415808,635888,293960
"Blue wildebeest","Grazer","General_Grazer",220,2007.5,315617513.604452,157219.184859005,"Forage-limited potential carrying capacity","Estimated",2738207.08076389,0,0,"Cluster","Cluster_1","Cluster A — South, Kunene South & Erongo","SSP245_2090","With_Intervention","SSP245_2090_With_Intervention",60235.6133902942,96983.5714687105,161.007028915452,157219,96984
"Buffalo","Grazer","General_Grazer",500,4562.5,315617513.604452,69176.4413379621,"Forage-limited potential carrying capacity","Estimated",2738207.08076389,0,0,"Cluster","Cluster_1","Cluster A — South, Kunene South & Erongo","SSP245_2090","With_Intervention","SSP245_2090_With_Intervention",26503.6698917294,42672.7714462326,161.007028915452,69176,42673
"Burchell's zebra","Grazer","General_Grazer",320,2920,315617513.604452,108088.189590566,"Forage-limited potential carrying capacity","Estimated",2738207.08076389,0,0,"Cluster","Cluster_1","Cluster A — South, Kunene South & Erongo","SSP245_2090","With_Intervention","SSP245_2090_With_Intervention",41411.9842058272,66676.2053847385,161.007028915452,108088,66676
"Bushpig","Omnivore","Omnivore",60,547.5,150112390.30438,274177.881834484,"Forage-limited potential carrying capacity","Estimated",2738207.08076389,0,0,"Cluster","Cluster_1","Cluster A — South, Kunene South & Erongo","SSP245_2090","With_Intervention","SSP245_2090_With_Intervention",190972.75044405,83205.1313904332,43.569111926683,274178,83205
"Cheetah","Carnivore","Carnivore",45,,,,"Prey biomass required - not estimated from forage","Not estimated: requires local preferred-prey biomass/density data",2738207.08076389,0,0,"Cluster","Cluster_1","Cluster A — South, Kunene South & Erongo","SSP245_2090","With_Intervention","SSP245_2090_With_Intervention",,,,,
"Damara dik dik","Browser","Shrub_Browser",5,45.625,164718751.140897,3610273.9976087,"Forage-limited potential carrying capacity","Estimated",2738207.08076389,0,0,"Cluster","Cluster_1","Cluster A — South, Kunene South & Erongo","SSP245_2090","With_Intervention","SSP245_2090_With_Intervention",4009129.72708269,-398855.729473993,-9.94868603975624,3610274,-398856
"Duiker","Browser","Woodland_Browser",17.5,159.6875,125699119.651295,787156.913667599,"Forage-limited potential carrying capacity","Estimated",2738207.08076389,0,0,"Cluster","Cluster_1","Cluster A — South, Kunene South & Erongo","SSP245_2090","With_Intervention","SSP245_2090_With_Intervention",889646.234001098,-102489.320333499,-11.5202331462207,787157,-102489
"Eland","Mixed","Mixed_Open",500,4562.5,290123808.094703,63588.7798563732,"Forage-limited potential carrying capacity","Estimated",2738207.08076389,0,0,"Cluster","Cluster_1","Cluster A — South, Kunene South & Erongo","SSP245_2090","With_Intervention","SSP245_2090_With_Intervention",34192.8046232009,29395.9752331724,85.9712315415808,63589,29396
"Elephant","Mixed","Large_Mixed",3500,31937.5,235649917.516124,7378.47099854791,"Forage-limited potential carrying capacity","Estimated",2738207.08076389,0,0,"Cluster","Cluster_1","Cluster A — South, Kunene South & Erongo","SSP245_2090","With_Intervention","SSP245_2090_With_Intervention",5112.50864522573,2265.96235332218,44.321927072695,7378,2266
"Gemsbok","Mixed","Arid_Mixed",210,1916.25,295108401.268499,154003.079592172,"Forage-limited potential carrying capacity","Estimated",2738207.08076389,0,0,"Cluster","Cluster_1","Cluster A — South, Kunene South & Erongo","SSP245_2090","With_Intervention","SSP245_2090_With_Intervention",93522.6826369575,60480.3969552141,64.6692280951679,154003,60480
"Giraffe","Browser","Woodland_Browser",850,7756.25,125699119.651295,16206.17175198,"Forage-limited potential carrying capacity","Estimated",2738207.08076389,0,0,"Cluster","Cluster_1","Cluster A — South, Kunene South & Erongo","SSP245_2090","With_Intervention","SSP245_2090_With_Intervention",18316.2459941402,-2110.07424216027,-11.5202331462207,16206,-2110
"Hartmann's zebra","Grazer","Arid_Grazer",280,2555,306779048.938781,120070.077862536,"Forage-limited potential carrying capacity","Estimated",2738207.08076389,0,0,"Cluster","Cluster_1","Cluster A — South, Kunene South & Erongo","SSP245_2090","With_Intervention","SSP245_2090_With_Intervention",62330.7486966738,57739.3291658626,92.6337808757041,120070,57739
"Hippopotamus","Grazer","Wetland_Grazer",1400,12775,131521199.330914,10295.2015131831,"Forage-limited potential carrying capacity","Estimated",2738207.08076389,0,0,"Cluster","Cluster_1","Cluster A — South, Kunene South & Erongo","SSP245_2090","With_Intervention","SSP245_2090_With_Intervention",3030.43906859549,7264.76244458758,239.72639872131,10295,7265
"Impala","Mixed","Mixed_Open",50,456.25,290123808.094703,635887.798563732,"Forage-limited potential carrying capacity","Estimated",2738207.08076389,0,0,"Cluster","Cluster_1","Cluster A — South, Kunene South & Erongo","SSP245_2090","With_Intervention","SSP245_2090_With_Intervention",341928.046232009,293959.752331724,85.9712315415808,635888,293960
"Klipspringer","Browser","Rocky_Browser",11,100.375,149490713.104189,1489322.17289354,"Forage-limited potential carrying capacity","Estimated",2738207.08076389,0,0,"Cluster","Cluster_1","Cluster A — South, Kunene South & Erongo","SSP245_2090","With_Intervention","SSP245_2090_With_Intervention",1727101.59639763,-237779.423504092,-13.7675411799774,1489322,-237779
"Kudu","Browser","Woodland_Browser",190,1733.75,125699119.651295,72501.2946799104,"Forage-limited potential carrying capacity","Estimated",2738207.08076389,0,0,"Cluster","Cluster_1","Cluster A — South, Kunene South & Erongo","SSP245_2090","With_Intervention","SSP245_2090_With_Intervention",81941.1005001011,-9439.8058201907,-11.5202331462207,72501,-9440
"Leopard","Carnivore","Carnivore",50,,,,"Prey biomass required - not estimated from forage","Not estimated: requires local preferred-prey biomass/density data",2738207.08076389,0,0,"Cluster","Cluster_1","Cluster A — South, Kunene South & Erongo","SSP245_2090","With_Intervention","SSP245_2090_With_Intervention",,,,,
"Ostrich","Mixed","Mixed_Open",100,912.5,290123808.094703,317943.899281866,"Forage-limited potential carrying capacity","Estimated",2738207.08076389,0,0,"Cluster","Cluster_1","Cluster A — South, Kunene South & Erongo","SSP245_2090","With_Intervention","SSP245_2090_With_Intervention",170964.023116004,146979.876165862,85.9712315415808,317944,146980
"Red Hartebeest","Grazer","General_Grazer",150,1368.75,315617513.604452,230588.137793207,"Forage-limited potential carrying capacity","Estimated",2738207.08076389,0,0,"Cluster","Cluster_1","Cluster A — South, Kunene South & Erongo","SSP245_2090","With_Intervention","SSP245_2090_With_Intervention",88345.5663057648,142242.571487442,161.007028915452,230588,142243
"Red Lechwe","Grazer","Wetland_Grazer",80,730,131521199.330914,180166.026480704,"Forage-limited potential carrying capacity","Estimated",2738207.08076389,0,0,"Cluster","Cluster_1","Cluster A — South, Kunene South & Erongo","SSP245_2090","With_Intervention","SSP245_2090_With_Intervention",53032.6837004211,127133.342780283,239.72639872131,180166,127133
"Reedbuck","Grazer","Wetland_Grazer",45,410.625,131521199.330914,320295.158187918,"Forage-limited potential carrying capacity","Estimated",2738207.08076389,0,0,"Cluster","Cluster_1","Cluster A — South, Kunene South & Erongo","SSP245_2090","With_Intervention","SSP245_2090_With_Intervention",94280.3265785264,226014.831609391,239.72639872131,320295,226015
"Roan","Grazer","General_Grazer",240,2190,315617513.604452,144117.586120754,"Forage-limited potential carrying capacity","Estimated",2738207.08076389,0,0,"Cluster","Cluster_1","Cluster A — South, Kunene South & Erongo","SSP245_2090","With_Intervention","SSP245_2090_With_Intervention",55215.978941103,88901.6071796513,161.007028915452,144118,88902
"Sable","Grazer","General_Grazer",200,1825,315617513.604452,172941.103344905,"Forage-limited potential carrying capacity","Estimated",2738207.08076389,0,0,"Cluster","Cluster_1","Cluster A — South, Kunene South & Erongo","SSP245_2090","With_Intervention","SSP245_2090_With_Intervention",66259.1747293236,106681.928615582,161.007028915452,172941,106682
"Spotted Hyaena","Carnivore","Carnivore",55,,,,"Prey biomass required - not estimated from forage","Not estimated: requires local preferred-prey biomass/density data",2738207.08076389,0,0,"Cluster","Cluster_1","Cluster A — South, Kunene South & Erongo","SSP245_2090","With_Intervention","SSP245_2090_With_Intervention",,,,,
"Springbok","Grazer","Arid_Grazer",38,346.75,306779048.938781,884726.889513426,"Forage-limited potential carrying capacity","Estimated",2738207.08076389,0,0,"Cluster","Cluster_1","Cluster A — South, Kunene South & Erongo","SSP245_2090","With_Intervention","SSP245_2090_With_Intervention",459279.20092286,425447.688590567,92.6337808757041,884727,425448
"Steenbok","Browser","Shrub_Browser",10,91.25,164718751.140897,1805136.99880435,"Forage-limited potential carrying capacity","Estimated",2738207.08076389,0,0,"Cluster","Cluster_1","Cluster A — South, Kunene South & Erongo","SSP245_2090","With_Intervention","SSP245_2090_With_Intervention",2004564.86354135,-199427.864736997,-9.94868603975624,1805137,-199428
"Vervet monkey","Omnivore","Omnivore",5,45.625,150112390.30438,3290134.5820138,"Forage-limited potential carrying capacity","Estimated",2738207.08076389,0,0,"Cluster","Cluster_1","Cluster A — South, Kunene South & Erongo","SSP245_2090","With_Intervention","SSP245_2090_With_Intervention",2291673.0053286,998461.576685199,43.569111926683,3290135,998462
"Warthog","Grazer","General_Grazer",70,638.75,315617513.604452,494117.4381283,"Forage-limited potential carrying capacity","Estimated",2738207.08076389,0,0,"Cluster","Cluster_1","Cluster A — South, Kunene South & Erongo","SSP245_2090","With_Intervention","SSP245_2090_With_Intervention",189311.927798067,304805.510330233,161.007028915452,494117,304806
"Baboon","Omnivore","Omnivore",24,219,88937555.2239854,406107.55810039,"Forage-limited potential carrying capacity","Estimated",783233.539348635,76.2068327676971,0.00972977138224615,"Cluster","Cluster_2","Cluster C — Kavango East, Kavango West & Zambezi","SSP245_2090","With_Intervention","SSP245_2090_With_Intervention",432975.3361786,-26867.7780782104,-6.20538303990774,406108,-26868
"Black rhinoceros","Browser","Shrub_Browser",1000,9125,126530099.953356,13866.3123236554,"Forage-limited potential carrying capacity","Estimated",783233.539348635,76.2068327676971,0.00972977138224615,"Cluster","Cluster_2","Cluster C — Kavango East, Kavango West & Zambezi","SSP245_2090","With_Intervention","SSP245_2090_With_Intervention",15761.9166234691,-1895.60429981368,-12.0264834860957,13866,-1896
"Black-backed Jackal","Carnivore","Carnivore",8.5,,,,"Prey biomass required - not estimated from forage","Not estimated: requires local preferred-prey biomass/density data",783233.539348635,76.2068327676971,0.00972977138224615,"Cluster","Cluster_2","Cluster C — Kavango East, Kavango West & Zambezi","SSP245_2090","With_Intervention","SSP245_2090_With_Intervention",,,,,
"Black-faced Impala","Mixed","Mixed_Open",50,456.25,121017078.808398,265242.912456763,"Forage-limited potential carrying capacity","Estimated",783233.539348635,76.2068327676971,0.00972977138224615,"Cluster","Cluster_2","Cluster C — Kavango East, Kavango West & Zambezi","SSP245_2090","With_Intervention","SSP245_2090_With_Intervention",267943.34193654,-2700.42947977665,-1.00783600751543,265243,-2700
"Blue wildebeest","Grazer","General_Grazer",220,2007.5,103318313.150411,51466.1584809022,"Forage-limited potential carrying capacity","Estimated",783233.539348635,76.2068327676971,0.00972977138224615,"Cluster","Cluster_2","Cluster C — Kavango East, Kavango West & Zambezi","SSP245_2090","With_Intervention","SSP245_2090_With_Intervention",47602.2485300159,3863.90995088637,8.11707444544338,51466,3864
"Buffalo","Grazer","General_Grazer",500,4562.5,103318313.150411,22645.109731597,"Forage-limited potential carrying capacity","Estimated",783233.539348635,76.2068327676971,0.00972977138224615,"Cluster","Cluster_2","Cluster C — Kavango East, Kavango West & Zambezi","SSP245_2090","With_Intervention","SSP245_2090_With_Intervention",20944.989353207,1700.12037839,8.11707444544338,22645,1700
"Burchell's zebra","Grazer","General_Grazer",320,2920,103318313.150411,35382.9839556203,"Forage-limited potential carrying capacity","Estimated",783233.539348635,76.2068327676971,0.00972977138224615,"Cluster","Cluster_2","Cluster C — Kavango East, Kavango West & Zambezi","SSP245_2090","With_Intervention","SSP245_2090_With_Intervention",32726.5458643859,2656.43809123438,8.11707444544338,35383,2656
"Bushpig","Omnivore","Omnivore",60,547.5,88937555.2239854,162443.023240156,"Forage-limited potential carrying capacity","Estimated",783233.539348635,76.2068327676971,0.00972977138224615,"Cluster","Cluster_2","Cluster C — Kavango East, Kavango West & Zambezi","SSP245_2090","With_Intervention","SSP245_2090_With_Intervention",173190.13447144,-10747.1112312841,-6.20538303990773,162443,-10747
"Cheetah","Carnivore","Carnivore",45,,,,"Prey biomass required - not estimated from forage","Not estimated: requires local preferred-prey biomass/density data",783233.539348635,76.2068327676971,0.00972977138224615,"Cluster","Cluster_2","Cluster C — Kavango East, Kavango West & Zambezi","SSP245_2090","With_Intervention","SSP245_2090_With_Intervention",,,,,
"Damara dik dik","Browser","Shrub_Browser",5,45.625,126530099.953356,2773262.46473109,"Forage-limited potential carrying capacity","Estimated",783233.539348635,76.2068327676971,0.00972977138224615,"Cluster","Cluster_2","Cluster C — Kavango East, Kavango West & Zambezi","SSP245_2090","With_Intervention","SSP245_2090_With_Intervention",3152383.32469382,-379120.859962737,-12.0264834860957,2773262,-379121
"Duiker","Browser","Woodland_Browser",17.5,159.6875,121104334.082604,758383.305409655,"Forage-limited potential carrying capacity","Estimated",783233.539348635,76.2068327676971,0.00972977138224615,"Cluster","Cluster_2","Cluster C — Kavango East, Kavango West & Zambezi","SSP245_2090","With_Intervention","SSP245_2090_With_Intervention",856885.54192539,-98502.2365157348,-11.4953785186297,758383,-98502
"Eland","Mixed","Mixed_Open",500,4562.5,121017078.808398,26524.2912456763,"Forage-limited potential carrying capacity","Estimated",783233.539348635,76.2068327676971,0.00972977138224615,"Cluster","Cluster_2","Cluster C — Kavango East, Kavango West & Zambezi","SSP245_2090","With_Intervention","SSP245_2090_With_Intervention",26794.334193654,-270.042947977669,-1.00783600751545,26524,-270
"Elephant","Mixed","Large_Mixed",3500,31937.5,123513087.022745,3867.33736274739,"Forage-limited potential carrying capacity","Estimated",783233.539348635,76.2068327676971,0.00972977138224615,"Cluster","Cluster_2","Cluster C — Kavango East, Kavango West & Zambezi","SSP245_2090","With_Intervention","SSP245_2090_With_Intervention",4090.71341347623,-223.376050728835,-5.46056465341613,3867,-223
"Gemsbok","Mixed","Arid_Mixed",210,1916.25,104490305.135722,54528.5349697179,"Forage-limited potential carrying capacity","Estimated",783233.539348635,76.2068327676971,0.00972977138224615,"Cluster","Cluster_2","Cluster C — Kavango East, Kavango West & Zambezi","SSP245_2090","With_Intervention","SSP245_2090_With_Intervention",55225.3366752983,-696.801705580459,-1.26174279330764,54529,-697
"Giraffe","Browser","Woodland_Browser",850,7756.25,121104334.082604,15613.7739349047,"Forage-limited potential carrying capacity","Estimated",783233.539348635,76.2068327676971,0.00972977138224615,"Cluster","Cluster_2","Cluster C — Kavango East, Kavango West & Zambezi","SSP245_2090","With_Intervention","SSP245_2090_With_Intervention",17641.7611572874,-2027.98722238278,-11.4953785186297,15614,-2028
"Hartmann's zebra","Grazer","Arid_Grazer",280,2555,88942389.8365804,34811.1114820275,"Forage-limited potential carrying capacity","Estimated",783233.539348635,76.2068327676971,0.00972977138224615,"Cluster","Cluster_2","Cluster C — Kavango East, Kavango West & Zambezi","SSP245_2090","With_Intervention","SSP245_2090_With_Intervention",33179.1938712978,1631.91761072978,4.9184968660179,34811,1632
"Hippopotamus","Grazer","Wetland_Grazer",1400,12775,72433276.8220537,5669.92382168718,"Forage-limited potential carrying capacity","Estimated",783233.539348635,76.2068327676971,0.00972977138224615,"Cluster","Cluster_2","Cluster C — Kavango East, Kavango West & Zambezi","SSP245_2090","With_Intervention","SSP245_2090_With_Intervention",5386.07188484953,283.851936837656,5.27011044238201,5670,284
"Impala","Mixed","Mixed_Open",50,456.25,121017078.808398,265242.912456763,"Forage-limited potential carrying capacity","Estimated",783233.539348635,76.2068327676971,0.00972977138224615,"Cluster","Cluster_2","Cluster C — Kavango East, Kavango West & Zambezi","SSP245_2090","With_Intervention","SSP245_2090_With_Intervention",267943.34193654,-2700.42947977665,-1.00783600751543,265243,-2700
"Klipspringer","Browser","Rocky_Browser",11,100.375,91552509.8703422,912104.706055713,"Forage-limited potential carrying capacity","Estimated",783233.539348635,76.2068327676971,0.00972977138224615,"Cluster","Cluster_2","Cluster C — Kavango East, Kavango West & Zambezi","SSP245_2090","With_Intervention","SSP245_2090_With_Intervention",1039014.42889579,-126909.722840081,-12.2144331503609,912105,-126910
"Kudu","Browser","Woodland_Browser",190,1733.75,121104334.082604,69851.0939193103,"Forage-limited potential carrying capacity","Estimated",783233.539348635,76.2068327676971,0.00972977138224615,"Cluster","Cluster_2","Cluster C — Kavango East, Kavango West & Zambezi","SSP245_2090","With_Intervention","SSP245_2090_With_Intervention",78923.6683352333,-9072.57441592295,-11.4953785186297,69851,-9073
"Leopard","Carnivore","Carnivore",50,,,,"Prey biomass required - not estimated from forage","Not estimated: requires local preferred-prey biomass/density data",783233.539348635,76.2068327676971,0.00972977138224615,"Cluster","Cluster_2","Cluster C — Kavango East, Kavango West & Zambezi","SSP245_2090","With_Intervention","SSP245_2090_With_Intervention",,,,,
"Ostrich","Mixed","Mixed_Open",100,912.5,121017078.808398,132621.456228382,"Forage-limited potential carrying capacity","Estimated",783233.539348635,76.2068327676971,0.00972977138224615,"Cluster","Cluster_2","Cluster C — Kavango East, Kavango West & Zambezi","SSP245_2090","With_Intervention","SSP245_2090_With_Intervention",133971.67096827,-1350.21473988832,-1.00783600751543,132621,-1350
"Red Hartebeest","Grazer","General_Grazer",150,1368.75,103318313.150411,75483.6991053233,"Forage-limited potential carrying capacity","Estimated",783233.539348635,76.2068327676971,0.00972977138224615,"Cluster","Cluster_2","Cluster C — Kavango East, Kavango West & Zambezi","SSP245_2090","With_Intervention","SSP245_2090_With_Intervention",69816.6311773566,5667.06792796667,8.11707444544337,75484,5667
"Red Lechwe","Grazer","Wetland_Grazer",80,730,72433276.8220537,99223.6668795257,"Forage-limited potential carrying capacity","Estimated",783233.539348635,76.2068327676971,0.00972977138224615,"Cluster","Cluster_2","Cluster C — Kavango East, Kavango West & Zambezi","SSP245_2090","With_Intervention","SSP245_2090_With_Intervention",94256.2579848667,4967.40889465899,5.27011044238201,99224,4967
"Reedbuck","Grazer","Wetland_Grazer",45,410.625,72433276.8220537,176397.630008046,"Forage-limited potential carrying capacity","Estimated",783233.539348635,76.2068327676971,0.00972977138224615,"Cluster","Cluster_2","Cluster C — Kavango East, Kavango West & Zambezi","SSP245_2090","With_Intervention","SSP245_2090_With_Intervention",167566.680861985,8830.94914606042,5.27011044238201,176398,8831
"Roan","Grazer","General_Grazer",240,2190,103318313.150411,47177.3119408271,"Forage-limited potential carrying capacity","Estimated",783233.539348635,76.2068327676971,0.00972977138224615,"Cluster","Cluster_2","Cluster C — Kavango East, Kavango West & Zambezi","SSP245_2090","With_Intervention","SSP245_2090_With_Intervention",43635.3944858479,3541.91745497916,8.11707444544337,47177,3542
"Sable","Grazer","General_Grazer",200,1825,103318313.150411,56612.7743289925,"Forage-limited potential carrying capacity","Estimated",783233.539348635,76.2068327676971,0.00972977138224615,"Cluster","Cluster_2","Cluster C — Kavango East, Kavango West & Zambezi","SSP245_2090","With_Intervention","SSP245_2090_With_Intervention",52362.4733830175,4250.30094597501,8.11707444544339,56613,4250
"Spotted Hyaena","Carnivore","Carnivore",55,,,,"Prey biomass required - not estimated from forage","Not estimated: requires local preferred-prey biomass/density data",783233.539348635,76.2068327676971,0.00972977138224615,"Cluster","Cluster_2","Cluster C — Kavango East, Kavango West & Zambezi","SSP245_2090","With_Intervention","SSP245_2090_With_Intervention",,,,,
"Springbok","Grazer","Arid_Grazer",38,346.75,88942389.8365804,256502.926709677,"Forage-limited potential carrying capacity","Estimated",783233.539348635,76.2068327676971,0.00972977138224615,"Cluster","Cluster_2","Cluster C — Kavango East, Kavango West & Zambezi","SSP245_2090","With_Intervention","SSP245_2090_With_Intervention",244478.270630615,12024.6560790615,4.91849686601789,256503,12025
"Steenbok","Browser","Shrub_Browser",10,91.25,126530099.953356,1386631.23236554,"Forage-limited potential carrying capacity","Estimated",783233.539348635,76.2068327676971,0.00972977138224615,"Cluster","Cluster_2","Cluster C — Kavango East, Kavango West & Zambezi","SSP245_2090","With_Intervention","SSP245_2090_With_Intervention",1576191.66234691,-189560.429981368,-12.0264834860957,1386631,-189560
"Vervet monkey","Omnivore","Omnivore",5,45.625,88937555.2239854,1949316.27888187,"Forage-limited potential carrying capacity","Estimated",783233.539348635,76.2068327676971,0.00972977138224615,"Cluster","Cluster_2","Cluster C — Kavango East, Kavango West & Zambezi","SSP245_2090","With_Intervention","SSP245_2090_With_Intervention",2078281.61365728,-128965.33477541,-6.20538303990773,1949316,-128965
"Warthog","Grazer","General_Grazer",70,638.75,103318313.150411,161750.783797121,"Forage-limited potential carrying capacity","Estimated",783233.539348635,76.2068327676971,0.00972977138224615,"Cluster","Cluster_2","Cluster C — Kavango East, Kavango West & Zambezi","SSP245_2090","With_Intervention","SSP245_2090_With_Intervention",149607.066808621,12143.7169885,8.11707444544338,161751,12144
"Baboon","Omnivore","Omnivore",24,219,673278979.358453,3074333.23907969,"Forage-limited potential carrying capacity","Estimated",5946321.81049356,0,0,"Cluster","Cluster_3","Cluster B — Omaheke & Otjozondjupa (Central / Group 4)","SSP245_2090","With_Intervention","SSP245_2090_With_Intervention",3317051.56221577,-242718.323136075,-7.31729123239619,3074333,-242718
"Black rhinoceros","Browser","Shrub_Browser",1000,9125,624770412.313039,68467.99039047,"Forage-limited potential carrying capacity","Estimated",5946321.81049356,0,0,"Cluster","Cluster_3","Cluster B — Omaheke & Otjozondjupa (Central / Group 4)","SSP245_2090","With_Intervention","SSP245_2090_With_Intervention",155907.328362704,-87439.337972234,-56.0841744198287,68468,-87439
"Black-backed Jackal","Carnivore","Carnivore",8.5,,,,"Prey biomass required - not estimated from forage","Not estimated: requires local preferred-prey biomass/density data",5946321.81049356,0,0,"Cluster","Cluster_3","Cluster B — Omaheke & Otjozondjupa (Central / Group 4)","SSP245_2090","With_Intervention","SSP245_2090_With_Intervention",,,,,
"Black-faced Impala","Mixed","Mixed_Open",50,456.25,1372498244.62308,3008215.33068073,"Forage-limited potential carrying capacity","Estimated",5946321.81049356,0,0,"Cluster","Cluster_3","Cluster B — Omaheke & Otjozondjupa (Central / Group 4)","SSP245_2090","With_Intervention","SSP245_2090_With_Intervention",2106256.35920855,901958.971472182,42.8228485829287,3008215,901959
"Blue wildebeest","Grazer","General_Grazer",220,2007.5,1560082742.96962,777127.144692214,"Forage-limited potential carrying capacity","Estimated",5946321.81049356,0,0,"Cluster","Cluster_3","Cluster B — Omaheke & Otjozondjupa (Central / Group 4)","SSP245_2090","With_Intervention","SSP245_2090_With_Intervention",272957.565510101,504169.579182113,184.706211839164,777127,504170
"Buffalo","Grazer","General_Grazer",500,4562.5,1560082742.96962,341935.943664574,"Forage-limited potential carrying capacity","Estimated",5946321.81049356,0,0,"Cluster","Cluster_3","Cluster B — Omaheke & Otjozondjupa (Central / Group 4)","SSP245_2090","With_Intervention","SSP245_2090_With_Intervention",120101.328824444,221834.61484013,184.706211839164,341936,221835
"Burchell's zebra","Grazer","General_Grazer",320,2920,1560082742.96962,534274.911975897,"Forage-limited potential carrying capacity","Estimated",5946321.81049356,0,0,"Cluster","Cluster_3","Cluster B — Omaheke & Otjozondjupa (Central / Group 4)","SSP245_2090","With_Intervention","SSP245_2090_With_Intervention",187658.326288194,346616.585687703,184.706211839164,534275,346617
"Bushpig","Omnivore","Omnivore",60,547.5,673278979.358453,1229733.29563188,"Forage-limited potential carrying capacity","Estimated",5946321.81049356,0,0,"Cluster","Cluster_3","Cluster B — Omaheke & Otjozondjupa (Central / Group 4)","SSP245_2090","With_Intervention","SSP245_2090_With_Intervention",1326820.62488631,-97087.3292544303,-7.3172912323962,1229733,-97087
"Cheetah","Carnivore","Carnivore",45,,,,"Prey biomass required - not estimated from forage","Not estimated: requires local preferred-prey biomass/density data",5946321.81049356,0,0,"Cluster","Cluster_3","Cluster B — Omaheke & Otjozondjupa (Central / Group 4)","SSP245_2090","With_Intervention","SSP245_2090_With_Intervention",,,,,
"Damara dik dik","Browser","Shrub_Browser",5,45.625,624770412.313039,13693598.078094,"Forage-limited potential carrying capacity","Estimated",5946321.81049356,0,0,"Cluster","Cluster_3","Cluster B — Omaheke & Otjozondjupa (Central / Group 4)","SSP245_2090","With_Intervention","SSP245_2090_With_Intervention",31181465.6725408,-17487867.5944468,-56.0841744198287,13693598,-17487868
"Duiker","Browser","Woodland_Browser",17.5,159.6875,502896736.082882,3149255.49014721,"Forage-limited potential carrying capacity","Estimated",5946321.81049356,0,0,"Cluster","Cluster_3","Cluster B — Omaheke & Otjozondjupa (Central / Group 4)","SSP245_2090","With_Intervention","SSP245_2090_With_Intervention",7589974.57713032,-4440719.08698311,-58.5076938250048,3149255,-4440719
"Eland","Mixed","Mixed_Open",500,4562.5,1372498244.62308,300821.533068073,"Forage-limited potential carrying capacity","Estimated",5946321.81049356,0,0,"Cluster","Cluster_3","Cluster B — Omaheke & Otjozondjupa (Central / Group 4)","SSP245_2090","With_Intervention","SSP245_2090_With_Intervention",210625.635920855,90195.8971472182,42.8228485829287,300822,90196
"Elephant","Mixed","Large_Mixed",3500,31937.5,1045701031.46888,32742.1066604737,"Forage-limited potential carrying capacity","Estimated",5946321.81049356,0,0,"Cluster","Cluster_3","Cluster B — Omaheke & Otjozondjupa (Central / Group 4)","SSP245_2090","With_Intervention","SSP245_2090_With_Intervention",34112.5320535259,-1370.42539305223,-4.01736637697225,32742,-1370
"Gemsbok","Mixed","Arid_Mixed",210,1916.25,1299980223.5725,678398.02926158,"Forage-limited potential carrying capacity","Estimated",5946321.81049356,0,0,"Cluster","Cluster_3","Cluster B — Omaheke & Otjozondjupa (Central / Group 4)","SSP245_2090","With_Intervention","SSP245_2090_With_Intervention",499030.981196808,179367.048064772,35.9430686316513,678398,179367
"Giraffe","Browser","Woodland_Browser",850,7756.25,502896736.082882,64837.6130324425,"Forage-limited potential carrying capacity","Estimated",5946321.81049356,0,0,"Cluster","Cluster_3","Cluster B — Omaheke & Otjozondjupa (Central / Group 4)","SSP245_2090","With_Intervention","SSP245_2090_With_Intervention",156264.18247033,-91426.5694378876,-58.5076938250048,64838,-91427
"Hartmann's zebra","Grazer","Arid_Grazer",280,2555,1376995475.24117,538941.4775895,"Forage-limited potential carrying capacity","Estimated",5946321.81049356,0,0,"Cluster","Cluster_3","Cluster B — Omaheke & Otjozondjupa (Central / Group 4)","SSP245_2090","With_Intervention","SSP245_2090_With_Intervention",265935.514773241,273005.96281626,102.658707713052,538941,273006
"Hippopotamus","Grazer","Wetland_Grazer",1400,12775,683215095.927268,53480.6337320757,"Forage-limited potential carrying capacity","Estimated",5946321.81049356,0,0,"Cluster","Cluster_3","Cluster B — Omaheke & Otjozondjupa (Central / Group 4)","SSP245_2090","With_Intervention","SSP245_2090_With_Intervention",13090.3505360604,40390.2831960153,308.550050548691,53481,40390
"Impala","Mixed","Mixed_Open",50,456.25,1372498244.62308,3008215.33068073,"Forage-limited potential carrying capacity","Estimated",5946321.81049356,0,0,"Cluster","Cluster_3","Cluster B — Omaheke & Otjozondjupa (Central / Group 4)","SSP245_2090","With_Intervention","SSP245_2090_With_Intervention",2106256.35920855,901958.971472182,42.8228485829287,3008215,901959
"Klipspringer","Browser","Rocky_Browser",11,100.375,468465908.246711,4667157.24280659,"Forage-limited potential carrying capacity","Estimated",5946321.81049356,0,0,"Cluster","Cluster_3","Cluster B — Omaheke & Otjozondjupa (Central / Group 4)","SSP245_2090","With_Intervention","SSP245_2090_With_Intervention",10624052.7250399,-5956895.48223332,-56.0698975843133,4667157,-5956895
"Kudu","Browser","Woodland_Browser",190,1733.75,502896736.082882,290063.005671453,"Forage-limited potential carrying capacity","Estimated",5946321.81049356,0,0,"Cluster","Cluster_3","Cluster B — Omaheke & Otjozondjupa (Central / Group 4)","SSP245_2090","With_Intervention","SSP245_2090_With_Intervention",699076.605788319,-409013.600116866,-58.5076938250048,290063,-409014
"Leopard","Carnivore","Carnivore",50,,,,"Prey biomass required - not estimated from forage","Not estimated: requires local preferred-prey biomass/density data",5946321.81049356,0,0,"Cluster","Cluster_3","Cluster B — Omaheke & Otjozondjupa (Central / Group 4)","SSP245_2090","With_Intervention","SSP245_2090_With_Intervention",,,,,
"Ostrich","Mixed","Mixed_Open",100,912.5,1372498244.62308,1504107.66534036,"Forage-limited potential carrying capacity","Estimated",5946321.81049356,0,0,"Cluster","Cluster_3","Cluster B — Omaheke & Otjozondjupa (Central / Group 4)","SSP245_2090","With_Intervention","SSP245_2090_With_Intervention",1053128.17960427,450979.485736091,42.8228485829287,1504108,450979
"Red Hartebeest","Grazer","General_Grazer",150,1368.75,1560082742.96962,1139786.47888191,"Forage-limited potential carrying capacity","Estimated",5946321.81049356,0,0,"Cluster","Cluster_3","Cluster B — Omaheke & Otjozondjupa (Central / Group 4)","SSP245_2090","With_Intervention","SSP245_2090_With_Intervention",400337.762748148,739448.716133766,184.706211839164,1139786,739449
"Red Lechwe","Grazer","Wetland_Grazer",80,730,683215095.927268,935911.090311326,"Forage-limited potential carrying capacity","Estimated",5946321.81049356,0,0,"Cluster","Cluster_3","Cluster B — Omaheke & Otjozondjupa (Central / Group 4)","SSP245_2090","With_Intervention","SSP245_2090_With_Intervention",229081.134381058,706829.955930268,308.550050548691,935911,706830
"Reedbuck","Grazer","Wetland_Grazer",45,410.625,683215095.927268,1663841.93833125,"Forage-limited potential carrying capacity","Estimated",5946321.81049356,0,0,"Cluster","Cluster_3","Cluster B — Omaheke & Otjozondjupa (Central / Group 4)","SSP245_2090","With_Intervention","SSP245_2090_With_Intervention",407255.350010769,1256586.58832048,308.550050548691,1663842,1256587
"Roan","Grazer","General_Grazer",240,2190,1560082742.96962,712366.549301196,"Forage-limited potential carrying capacity","Estimated",5946321.81049356,0,0,"Cluster","Cluster_3","Cluster B — Omaheke & Otjozondjupa (Central / Group 4)","SSP245_2090","With_Intervention","SSP245_2090_With_Intervention",250211.101717593,462155.447583604,184.706211839164,712367,462155
"Sable","Grazer","General_Grazer",200,1825,1560082742.96962,854839.859161436,"Forage-limited potential carrying capacity","Estimated",5946321.81049356,0,0,"Cluster","Cluster_3","Cluster B — Omaheke & Otjozondjupa (Central / Group 4)","SSP245_2090","With_Intervention","SSP245_2090_With_Intervention",300253.322061111,554586.537100325,184.706211839164,854840,554587
"Spotted Hyaena","Carnivore","Carnivore",55,,,,"Prey biomass required - not estimated from forage","Not estimated: requires local preferred-prey biomass/density data",5946321.81049356,0,0,"Cluster","Cluster_3","Cluster B — Omaheke & Otjozondjupa (Central / Group 4)","SSP245_2090","With_Intervention","SSP245_2090_With_Intervention",,,,,
"Springbok","Grazer","Arid_Grazer",38,346.75,1376995475.24117,3971147.72960685,"Forage-limited potential carrying capacity","Estimated",5946321.81049356,0,0,"Cluster","Cluster_3","Cluster B — Omaheke & Otjozondjupa (Central / Group 4)","SSP245_2090","With_Intervention","SSP245_2090_With_Intervention",1959524.84569756,2011622.88390928,102.658707713051,3971148,2011623
"Steenbok","Browser","Shrub_Browser",10,91.25,624770412.313039,6846799.039047,"Forage-limited potential carrying capacity","Estimated",5946321.81049356,0,0,"Cluster","Cluster_3","Cluster B — Omaheke & Otjozondjupa (Central / Group 4)","SSP245_2090","With_Intervention","SSP245_2090_With_Intervention",15590732.8362704,-8743933.7972234,-56.0841744198287,6846799,-8743934
"Vervet monkey","Omnivore","Omnivore",5,45.625,673278979.358453,14756799.5475825,"Forage-limited potential carrying capacity","Estimated",5946321.81049356,0,0,"Cluster","Cluster_3","Cluster B — Omaheke & Otjozondjupa (Central / Group 4)","SSP245_2090","With_Intervention","SSP245_2090_With_Intervention",15921847.4986357,-1165047.95105316,-7.3172912323962,14756800,-1165048
"Warthog","Grazer","General_Grazer",70,638.75,1560082742.96962,2442399.5976041,"Forage-limited potential carrying capacity","Estimated",5946321.81049356,0,0,"Cluster","Cluster_3","Cluster B — Omaheke & Otjozondjupa (Central / Group 4)","SSP245_2090","With_Intervention","SSP245_2090_With_Intervention",857866.634460317,1584532.96314378,184.706211839164,2442400,1584533
"Baboon","Omnivore","Omnivore",24,219,426453327.375415,1947275.46746765,"Forage-limited potential carrying capacity","Estimated",5126424.88987576,0,0,"Cluster","Cluster_4","Cluster E — Kunene (North)","SSP245_2090","With_Intervention","SSP245_2090_With_Intervention",1561177.40686056,386098.060607091,24.7312098490788,1947275,386098
"Black rhinoceros","Browser","Shrub_Browser",1000,9125,419524205.455626,45975.2553923974,"Forage-limited potential carrying capacity","Estimated",5126424.88987576,0,0,"Cluster","Cluster_4","Cluster E — Kunene (North)","SSP245_2090","With_Intervention","SSP245_2090_With_Intervention",70031.8492860938,-24056.5938936964,-34.3509333809258,45975,-24057
"Black-backed Jackal","Carnivore","Carnivore",8.5,,,,"Prey biomass required - not estimated from forage","Not estimated: requires local preferred-prey biomass/density data",5126424.88987576,0,0,"Cluster","Cluster_4","Cluster E — Kunene (North)","SSP245_2090","With_Intervention","SSP245_2090_With_Intervention",,,,,
"Black-faced Impala","Mixed","Mixed_Open",50,456.25,854822351.512401,1873583.23619156,"Forage-limited potential carrying capacity","Estimated",5126424.88987576,0,0,"Cluster","Cluster_4","Cluster E — Kunene (North)","SSP245_2090","With_Intervention","SSP245_2090_With_Intervention",1046230.4695093,827352.766682269,79.0793989273048,1873583,827353
"Blue wildebeest","Grazer","General_Grazer",220,2007.5,958720829.845278,477569.529188183,"Forage-limited potential carrying capacity","Estimated",5126424.88987576,0,0,"Cluster","Cluster_4","Cluster E — Kunene (North)","SSP245_2090","With_Intervention","SSP245_2090_With_Intervention",157569.9153034,319999.613884784,203.08420758406,477570,320000
"Buffalo","Grazer","General_Grazer",500,4562.5,958720829.845278,210130.592842801,"Forage-limited potential carrying capacity","Estimated",5126424.88987576,0,0,"Cluster","Cluster_4","Cluster E — Kunene (North)","SSP245_2090","With_Intervention","SSP245_2090_With_Intervention",69330.7627334959,140799.830109305,203.08420758406,210131,140800
"Burchell's zebra","Grazer","General_Grazer",320,2920,958720829.845278,328329.051316876,"Forage-limited potential carrying capacity","Estimated",5126424.88987576,0,0,"Cluster","Cluster_4","Cluster E — Kunene (North)","SSP245_2090","With_Intervention","SSP245_2090_With_Intervention",108329.316771087,219999.734545789,203.08420758406,328329,220000
"Bushpig","Omnivore","Omnivore",60,547.5,426453327.375415,778910.18698706,"Forage-limited potential carrying capacity","Estimated",5126424.88987576,0,0,"Cluster","Cluster_4","Cluster E — Kunene (North)","SSP245_2090","With_Intervention","SSP245_2090_With_Intervention",624470.962744223,154439.224242837,24.7312098490788,778910,154439
"Cheetah","Carnivore","Carnivore",45,,,,"Prey biomass required - not estimated from forage","Not estimated: requires local preferred-prey biomass/density data",5126424.88987576,0,0,"Cluster","Cluster_4","Cluster E — Kunene (North)","SSP245_2090","With_Intervention","SSP245_2090_With_Intervention",,,,,
"Damara dik dik","Browser","Shrub_Browser",5,45.625,419524205.455626,9195051.07847948,"Forage-limited potential carrying capacity","Estimated",5126424.88987576,0,0,"Cluster","Cluster_4","Cluster E — Kunene (North)","SSP245_2090","With_Intervention","SSP245_2090_With_Intervention",14006369.8572188,-4811318.77873928,-34.3509333809258,9195051,-4811319
"Duiker","Browser","Woodland_Browser",17.5,159.6875,330411132.659075,2069110.81117229,"Forage-limited potential carrying capacity","Estimated",5126424.88987576,0,0,"Cluster","Cluster_4","Cluster E — Kunene (North)","SSP245_2090","With_Intervention","SSP245_2090_With_Intervention",3295598.91632565,-1226488.10515336,-37.2159396908894,2069111,-1226488
"Eland","Mixed","Mixed_Open",500,4562.5,854822351.512401,187358.323619156,"Forage-limited potential carrying capacity","Estimated",5126424.88987576,0,0,"Cluster","Cluster_4","Cluster E — Kunene (North)","SSP245_2090","With_Intervention","SSP245_2090_With_Intervention",104623.04695093,82735.2766682269,79.0793989273048,187358,82735
"Elephant","Mixed","Large_Mixed",3500,31937.5,664991536.960426,20821.6528206787,"Forage-limited potential carrying capacity","Estimated",5126424.88987576,0,0,"Cluster","Cluster_4","Cluster E — Kunene (North)","SSP245_2090","With_Intervention","SSP245_2090_With_Intervention",16318.2543234767,4503.39849720196,27.5973054956192,20822,4503
"Gemsbok","Mixed","Arid_Mixed",210,1916.25,829937261.254422,433104.898241055,"Forage-limited potential carrying capacity","Estimated",5126424.88987576,0,0,"Cluster","Cluster_4","Cluster E — Kunene (North)","SSP245_2090","With_Intervention","SSP245_2090_With_Intervention",263420.728641587,169684.169599468,64.4156481057882,433105,169684
"Giraffe","Browser","Woodland_Browser",850,7756.25,330411132.659075,42599.3402300177,"Forage-limited potential carrying capacity","Estimated",5126424.88987576,0,0,"Cluster","Cluster_4","Cluster E — Kunene (North)","SSP245_2090","With_Intervention","SSP245_2090_With_Intervention",67850.5659243516,-25251.2256943339,-37.2159396908894,42599,-25251
"Hartmann's zebra","Grazer","Arid_Grazer",280,2555,874007118.247122,342077.149998874,"Forage-limited potential carrying capacity","Estimated",5126424.88987576,0,0,"Cluster","Cluster_4","Cluster E — Kunene (North)","SSP245_2090","With_Intervention","SSP245_2090_With_Intervention",156909.927115636,185167.222883238,118.008609325768,342077,185167
"Hippopotamus","Grazer","Wetland_Grazer",1400,12775,413135424.991501,32339.3679054013,"Forage-limited potential carrying capacity","Estimated",5126424.88987576,0,0,"Cluster","Cluster_4","Cluster E — Kunene (North)","SSP245_2090","With_Intervention","SSP245_2090_With_Intervention",7787.49998578055,24551.8679196207,315.27278285009,32339,24552
"Impala","Mixed","Mixed_Open",50,456.25,854822351.512401,1873583.23619156,"Forage-limited potential carrying capacity","Estimated",5126424.88987576,0,0,"Cluster","Cluster_4","Cluster E — Kunene (North)","SSP245_2090","With_Intervention","SSP245_2090_With_Intervention",1046230.4695093,827352.766682269,79.0793989273048,1873583,827353
"Klipspringer","Browser","Rocky_Browser",11,100.375,340475747.63725,3392037.33636114,"Forage-limited potential carrying capacity","Estimated",5126424.88987576,0,0,"Cluster","Cluster_4","Cluster E — Kunene (North)","SSP245_2090","With_Intervention","SSP245_2090_With_Intervention",5220569.59114109,-1828532.25477994,-35.0255316562167,3392037,-1828532
"Kudu","Browser","Woodland_Browser",190,1733.75,330411132.659075,190575.995765869,"Forage-limited potential carrying capacity","Estimated",5126424.88987576,0,0,"Cluster","Cluster_4","Cluster E — Kunene (North)","SSP245_2090","With_Intervention","SSP245_2090_With_Intervention",303542.005451046,-112966.009685178,-37.2159396908894,190576,-112966
"Leopard","Carnivore","Carnivore",50,,,,"Prey biomass required - not estimated from forage","Not estimated: requires local preferred-prey biomass/density data",5126424.88987576,0,0,"Cluster","Cluster_4","Cluster E — Kunene (North)","SSP245_2090","With_Intervention","SSP245_2090_With_Intervention",,,,,
"Ostrich","Mixed","Mixed_Open",100,912.5,854822351.512401,936791.618095782,"Forage-limited potential carrying capacity","Estimated",5126424.88987576,0,0,"Cluster","Cluster_4","Cluster E — Kunene (North)","SSP245_2090","With_Intervention","SSP245_2090_With_Intervention",523115.234754648,413676.383341135,79.0793989273048,936792,413676
"Red Hartebeest","Grazer","General_Grazer",150,1368.75,958720829.845278,700435.309476002,"Forage-limited potential carrying capacity","Estimated",5126424.88987576,0,0,"Cluster","Cluster_4","Cluster E — Kunene (North)","SSP245_2090","With_Intervention","SSP245_2090_With_Intervention",231102.542444986,469332.767031016,203.08420758406,700435,469333
"Red Lechwe","Grazer","Wetland_Grazer",80,730,413135424.991501,565938.938344522,"Forage-limited potential carrying capacity","Estimated",5126424.88987576,0,0,"Cluster","Cluster_4","Cluster E — Kunene (North)","SSP245_2090","With_Intervention","SSP245_2090_With_Intervention",136281.24975116,429657.688593363,315.27278285009,565939,429658
"Reedbuck","Grazer","Wetland_Grazer",45,410.625,413135424.991501,1006113.66816804,"Forage-limited potential carrying capacity","Estimated",5126424.88987576,0,0,"Cluster","Cluster_4","Cluster E — Kunene (North)","SSP245_2090","With_Intervention","SSP245_2090_With_Intervention",242277.777335395,763835.890832645,315.27278285009,1006114,763836
"Roan","Grazer","General_Grazer",240,2190,958720829.845278,437772.068422501,"Forage-limited potential carrying capacity","Estimated",5126424.88987576,0,0,"Cluster","Cluster_4","Cluster E — Kunene (North)","SSP245_2090","With_Intervention","SSP245_2090_With_Intervention",144439.089028116,293332.979394385,203.08420758406,437772,293333
"Sable","Grazer","General_Grazer",200,1825,958720829.845278,525326.482107002,"Forage-limited potential carrying capacity","Estimated",5126424.88987576,0,0,"Cluster","Cluster_4","Cluster E — Kunene (North)","SSP245_2090","With_Intervention","SSP245_2090_With_Intervention",173326.90683374,351999.575273262,203.08420758406,525326,352000
"Spotted Hyaena","Carnivore","Carnivore",55,,,,"Prey biomass required - not estimated from forage","Not estimated: requires local preferred-prey biomass/density data",5126424.88987576,0,0,"Cluster","Cluster_4","Cluster E — Kunene (North)","SSP245_2090","With_Intervention","SSP245_2090_With_Intervention",,,,,
"Springbok","Grazer","Arid_Grazer",38,346.75,874007118.247122,2520568.47367591,"Forage-limited potential carrying capacity","Estimated",5126424.88987576,0,0,"Cluster","Cluster_4","Cluster E — Kunene (North)","SSP245_2090","With_Intervention","SSP245_2090_With_Intervention",1156178.41032574,1364390.06335017,118.008609325768,2520568,1364390
"Steenbok","Browser","Shrub_Browser",10,91.25,419524205.455626,4597525.53923974,"Forage-limited potential carrying capacity","Estimated",5126424.88987576,0,0,"Cluster","Cluster_4","Cluster E — Kunene (North)","SSP245_2090","With_Intervention","SSP245_2090_With_Intervention",7003184.92860938,-2405659.38936964,-34.3509333809258,4597526,-2405659
"Vervet monkey","Omnivore","Omnivore",5,45.625,426453327.375415,9346922.24384472,"Forage-limited potential carrying capacity","Estimated",5126424.88987576,0,0,"Cluster","Cluster_4","Cluster E — Kunene (North)","SSP245_2090","With_Intervention","SSP245_2090_With_Intervention",7493651.55293068,1853270.69091404,24.7312098490788,9346922,1853271
"Warthog","Grazer","General_Grazer",70,638.75,958720829.845278,1500932.80602,"Forage-limited potential carrying capacity","Estimated",5126424.88987576,0,0,"Cluster","Cluster_4","Cluster E — Kunene (North)","SSP245_2090","With_Intervention","SSP245_2090_With_Intervention",495219.733810685,1005713.07220932,203.08420758406,1500933,1005713
"Baboon","Omnivore","Omnivore",24,219,162414854.966199,741620.34231141,"Forage-limited potential carrying capacity","Estimated",1422473.1935077,38.2242637518793,0.0026871693559034,"Cluster","Cluster_5","Cluster D — Omusati, Oshana, Oshikoto & Ohangwena","SSP245_2090","With_Intervention","SSP245_2090_With_Intervention",783196.499598643,-41576.1572872335,-5.30852184714049,741620,-41576
"Black rhinoceros","Browser","Shrub_Browser",1000,9125,191185071.842349,20951.7886950519,"Forage-limited potential carrying capacity","Estimated",1422473.1935077,38.2242637518793,0.0026871693559034,"Cluster","Cluster_5","Cluster D — Omusati, Oshana, Oshikoto & Ohangwena","SSP245_2090","With_Intervention","SSP245_2090_With_Intervention",28810.2263127114,-7858.43761765945,-27.2765563601013,20952,-7858
"Black-backed Jackal","Carnivore","Carnivore",8.5,,,,"Prey biomass required - not estimated from forage","Not estimated: requires local preferred-prey biomass/density data",1422473.1935077,38.2242637518793,0.0026871693559034,"Cluster","Cluster_5","Cluster D — Omusati, Oshana, Oshikoto & Ohangwena","SSP245_2090","With_Intervention","SSP245_2090_With_Intervention",,,,,
"Black-faced Impala","Mixed","Mixed_Open",50,456.25,301134174.300315,660020.108055484,"Forage-limited potential carrying capacity","Estimated",1422473.1935077,38.2242637518793,0.0026871693559034,"Cluster","Cluster_5","Cluster D — Omusati, Oshana, Oshikoto & Ohangwena","SSP245_2090","With_Intervention","SSP245_2090_With_Intervention",595696.659539816,64323.4485156686,10.7980206847827,660020,64323
"Blue wildebeest","Grazer","General_Grazer",220,2007.5,311952518.838782,155393.533668135,"Forage-limited potential carrying capacity","Estimated",1422473.1935077,38.2242637518793,0.0026871693559034,"Cluster","Cluster_5","Cluster D — Omusati, Oshana, Oshikoto & Ohangwena","SSP245_2090","With_Intervention","SSP245_2090_With_Intervention",115479.607571885,39913.9260962506,34.5636142480001,155394,39914
"Buffalo","Grazer","General_Grazer",500,4562.5,311952518.838782,68373.1548139796,"Forage-limited potential carrying capacity","Estimated",1422473.1935077,38.2242637518793,0.0026871693559034,"Cluster","Cluster_5","Cluster D — Omusati, Oshana, Oshikoto & Ohangwena","SSP245_2090","With_Intervention","SSP245_2090_With_Intervention",50811.0273316293,17562.1274823503,34.5636142480001,68373,17562
"Burchell's zebra","Grazer","General_Grazer",320,2920,311952518.838782,106833.054396843,"Forage-limited potential carrying capacity","Estimated",1422473.1935077,38.2242637518793,0.0026871693559034,"Cluster","Cluster_5","Cluster D — Omusati, Oshana, Oshikoto & Ohangwena","SSP245_2090","With_Intervention","SSP245_2090_With_Intervention",79392.2302056708,27440.8241911723,34.5636142480001,106833,27441
"Bushpig","Omnivore","Omnivore",60,547.5,162414854.966199,296648.136924564,"Forage-limited potential carrying capacity","Estimated",1422473.1935077,38.2242637518793,0.0026871693559034,"Cluster","Cluster_5","Cluster D — Omusati, Oshana, Oshikoto & Ohangwena","SSP245_2090","With_Intervention","SSP245_2090_With_Intervention",313278.599839457,-16630.4629148934,-5.30852184714048,296648,-16630
"Cheetah","Carnivore","Carnivore",45,,,,"Prey biomass required - not estimated from forage","Not estimated: requires local preferred-prey biomass/density data",1422473.1935077,38.2242637518793,0.0026871693559034,"Cluster","Cluster_5","Cluster D — Omusati, Oshana, Oshikoto & Ohangwena","SSP245_2090","With_Intervention","SSP245_2090_With_Intervention",,,,,
"Damara dik dik","Browser","Shrub_Browser",5,45.625,191185071.842349,4190357.73901039,"Forage-limited potential carrying capacity","Estimated",1422473.1935077,38.2242637518793,0.0026871693559034,"Cluster","Cluster_5","Cluster D — Omusati, Oshana, Oshikoto & Ohangwena","SSP245_2090","With_Intervention","SSP245_2090_With_Intervention",5762045.26254227,-1571687.52353189,-27.2765563601013,4190358,-1571688
"Duiker","Browser","Woodland_Browser",17.5,159.6875,159979474.632723,1001828.41257283,"Forage-limited potential carrying capacity","Estimated",1422473.1935077,38.2242637518793,0.0026871693559034,"Cluster","Cluster_5","Cluster D — Omusati, Oshana, Oshikoto & Ohangwena","SSP245_2090","With_Intervention","SSP245_2090_With_Intervention",1392356.38512432,-390527.972551496,-28.0479894891728,1001828,-390528
"Eland","Mixed","Mixed_Open",500,4562.5,301134174.300315,66002.0108055484,"Forage-limited potential carrying capacity","Estimated",1422473.1935077,38.2242637518793,0.0026871693559034,"Cluster","Cluster_5","Cluster D — Omusati, Oshana, Oshikoto & Ohangwena","SSP245_2090","With_Intervention","SSP245_2090_With_Intervention",59569.6659539816,6432.34485156686,10.7980206847827,66002,6432
"Elephant","Mixed","Large_Mixed",3500,31937.5,249510918.767797,7812.47495163356,"Forage-limited potential carrying capacity","Estimated",1422473.1935077,38.2242637518793,0.0026871693559034,"Cluster","Cluster_5","Cluster D — Omusati, Oshana, Oshikoto & Ohangwena","SSP245_2090","With_Intervention","SSP245_2090_With_Intervention",8065.78314837636,-253.30819674281,-3.1405282299686,7812,-253
"Gemsbok","Mixed","Arid_Mixed",210,1916.25,286834356.691743,149685.248110498,"Forage-limited potential carrying capacity","Estimated",1422473.1935077,38.2242637518793,0.0026871693559034,"Cluster","Cluster_5","Cluster D — Omusati, Oshana, Oshikoto & Ohangwena","SSP245_2090","With_Intervention","SSP245_2090_With_Intervention",137314.707455286,12370.5406552121,9.00889706897586,149685,12371
"Giraffe","Browser","Woodland_Browser",850,7756.25,159979474.632723,20625.8790823817,"Forage-limited potential carrying capacity","Estimated",1422473.1935077,38.2242637518793,0.0026871693559034,"Cluster","Cluster_5","Cluster D — Omusati, Oshana, Oshikoto & Ohangwena","SSP245_2090","With_Intervention","SSP245_2090_With_Intervention",28666.1608702066,-8040.28178782491,-28.0479894891728,20626,-8040
"Hartmann's zebra","Grazer","Arid_Grazer",280,2555,285646738.351521,111799.114814685,"Forage-limited potential carrying capacity","Estimated",1422473.1935077,38.2242637518793,0.0026871693559034,"Cluster","Cluster_5","Cluster D — Omusati, Oshana, Oshikoto & Ohangwena","SSP245_2090","With_Intervention","SSP245_2090_With_Intervention",90698.3305757486,21100.7842389369,23.2647989273784,111799,21101
"Hippopotamus","Grazer","Wetland_Grazer",1400,12775,132629289.314771,10381.940455168,"Forage-limited potential carrying capacity","Estimated",1422473.1935077,38.2242637518793,0.0026871693559034,"Cluster","Cluster_5","Cluster D — Omusati, Oshana, Oshikoto & Ohangwena","SSP245_2090","With_Intervention","SSP245_2090_With_Intervention",7173.25266099403,3208.68779417394,44.7312808542463,10382,3209
"Impala","Mixed","Mixed_Open",50,456.25,301134174.300315,660020.108055484,"Forage-limited potential carrying capacity","Estimated",1422473.1935077,38.2242637518793,0.0026871693559034,"Cluster","Cluster_5","Cluster D — Omusati, Oshana, Oshikoto & Ohangwena","SSP245_2090","With_Intervention","SSP245_2090_With_Intervention",595696.659539816,64323.4485156686,10.7980206847827,660020,64323
"Klipspringer","Browser","Rocky_Browser",11,100.375,143122016.289946,1425873.1386296,"Forage-limited potential carrying capacity","Estimated",1422473.1935077,38.2242637518793,0.0026871693559034,"Cluster","Cluster_5","Cluster D — Omusati, Oshana, Oshikoto & Ohangwena","SSP245_2090","With_Intervention","SSP245_2090_With_Intervention",1961016.77568894,-535143.637059338,-27.2890902155252,1425873,-535144
"Kudu","Browser","Woodland_Browser",190,1733.75,159979474.632723,92273.669579076,"Forage-limited potential carrying capacity","Estimated",1422473.1935077,38.2242637518793,0.0026871693559034,"Cluster","Cluster_5","Cluster D — Omusati, Oshana, Oshikoto & Ohangwena","SSP245_2090","With_Intervention","SSP245_2090_With_Intervention",128243.351261451,-35969.6816823746,-28.0479894891728,92274,-35970
"Leopard","Carnivore","Carnivore",50,,,,"Prey biomass required - not estimated from forage","Not estimated: requires local preferred-prey biomass/density data",1422473.1935077,38.2242637518793,0.0026871693559034,"Cluster","Cluster_5","Cluster D — Omusati, Oshana, Oshikoto & Ohangwena","SSP245_2090","With_Intervention","SSP245_2090_With_Intervention",,,,,
"Ostrich","Mixed","Mixed_Open",100,912.5,301134174.300315,330010.054027742,"Forage-limited potential carrying capacity","Estimated",1422473.1935077,38.2242637518793,0.0026871693559034,"Cluster","Cluster_5","Cluster D — Omusati, Oshana, Oshikoto & Ohangwena","SSP245_2090","With_Intervention","SSP245_2090_With_Intervention",297848.329769908,32161.7242578343,10.7980206847827,330010,32162
"Red Hartebeest","Grazer","General_Grazer",150,1368.75,311952518.838782,227910.516046599,"Forage-limited potential carrying capacity","Estimated",1422473.1935077,38.2242637518793,0.0026871693559034,"Cluster","Cluster_5","Cluster D — Omusati, Oshana, Oshikoto & Ohangwena","SSP245_2090","With_Intervention","SSP245_2090_With_Intervention",169370.091105431,58540.4249411676,34.5636142480001,227911,58540
"Red Lechwe","Grazer","Wetland_Grazer",80,730,132629289.314771,181683.95796544,"Forage-limited potential carrying capacity","Estimated",1422473.1935077,38.2242637518793,0.0026871693559034,"Cluster","Cluster_5","Cluster D — Omusati, Oshana, Oshikoto & Ohangwena","SSP245_2090","With_Intervention","SSP245_2090_With_Intervention",125531.921567396,56152.0363980439,44.7312808542463,181684,56152
"Reedbuck","Grazer","Wetland_Grazer",45,410.625,132629289.314771,322993.70304967,"Forage-limited potential carrying capacity","Estimated",1422473.1935077,38.2242637518793,0.0026871693559034,"Cluster","Cluster_5","Cluster D — Omusati, Oshana, Oshikoto & Ohangwena","SSP245_2090","With_Intervention","SSP245_2090_With_Intervention",223167.860564259,99825.8424854114,44.7312808542463,322994,99826
"Roan","Grazer","General_Grazer",240,2190,311952518.838782,142444.072529124,"Forage-limited potential carrying capacity","Estimated",1422473.1935077,38.2242637518793,0.0026871693559034,"Cluster","Cluster_5","Cluster D — Omusati, Oshana, Oshikoto & Ohangwena","SSP245_2090","With_Intervention","SSP245_2090_With_Intervention",105856.306940894,36587.7655882297,34.5636142480001,142444,36588
"Sable","Grazer","General_Grazer",200,1825,311952518.838782,170932.887034949,"Forage-limited potential carrying capacity","Estimated",1422473.1935077,38.2242637518793,0.0026871693559034,"Cluster","Cluster_5","Cluster D — Omusati, Oshana, Oshikoto & Ohangwena","SSP245_2090","With_Intervention","SSP245_2090_With_Intervention",127027.568329073,43905.3187058757,34.5636142480001,170933,43905
"Spotted Hyaena","Carnivore","Carnivore",55,,,,"Prey biomass required - not estimated from forage","Not estimated: requires local preferred-prey biomass/density data",1422473.1935077,38.2242637518793,0.0026871693559034,"Cluster","Cluster_5","Cluster D — Omusati, Oshana, Oshikoto & Ohangwena","SSP245_2090","With_Intervention","SSP245_2090_With_Intervention",,,,,
"Springbok","Grazer","Arid_Grazer",38,346.75,285646738.351521,823782.951266103,"Forage-limited potential carrying capacity","Estimated",1422473.1935077,38.2242637518793,0.0026871693559034,"Cluster","Cluster_5","Cluster D — Omusati, Oshana, Oshikoto & Ohangwena","SSP245_2090","With_Intervention","SSP245_2090_With_Intervention",668303.488452884,155479.462813219,23.2647989273784,823783,155479
"Steenbok","Browser","Shrub_Browser",10,91.25,191185071.842349,2095178.86950519,"Forage-limited potential carrying capacity","Estimated",1422473.1935077,38.2242637518793,0.0026871693559034,"Cluster","Cluster_5","Cluster D — Omusati, Oshana, Oshikoto & Ohangwena","SSP245_2090","With_Intervention","SSP245_2090_With_Intervention",2881022.63127114,-785843.761765945,-27.2765563601013,2095179,-785844
"Vervet monkey","Omnivore","Omnivore",5,45.625,162414854.966199,3559777.64309477,"Forage-limited potential carrying capacity","Estimated",1422473.1935077,38.2242637518793,0.0026871693559034,"Cluster","Cluster_5","Cluster D — Omusati, Oshana, Oshikoto & Ohangwena","SSP245_2090","With_Intervention","SSP245_2090_With_Intervention",3759343.19807349,-199565.554978721,-5.30852184714048,3559778,-199566
"Warthog","Grazer","General_Grazer",70,638.75,311952518.838782,488379.677242711,"Forage-limited potential carrying capacity","Estimated",1422473.1935077,38.2242637518793,0.0026871693559034,"Cluster","Cluster_5","Cluster D — Omusati, Oshana, Oshikoto & Ohangwena","SSP245_2090","With_Intervention","SSP245_2090_With_Intervention",362935.909511638,125443.767731073,34.5636142480001,488380,125444
"Baboon","Omnivore","Omnivore",24,219,52141136.0575944,238087.379258422,"Forage-limited potential carrying capacity","Estimated",797331.445462821,0,0,"Cluster","Cluster_6","Cluster F —    //Karas,Hardap","SSP245_2090","With_Intervention","SSP245_2090_With_Intervention",220657.268463603,17430.1107948194,7.89917817626501,238087,17430
"Black rhinoceros","Browser","Shrub_Browser",1000,9125,42723377.0344114,4682.01392157933,"Forage-limited potential carrying capacity","Estimated",797331.445462821,0,0,"Cluster","Cluster_6","Cluster F —    //Karas,Hardap","SSP245_2090","With_Intervention","SSP245_2090_With_Intervention",5609.42788806347,-927.41396648414,-16.5331293135548,4682,-927
"Black-backed Jackal","Carnivore","Carnivore",8.5,,,,"Prey biomass required - not estimated from forage","Not estimated: requires local preferred-prey biomass/density data",797331.445462821,0,0,"Cluster","Cluster_6","Cluster F —    //Karas,Hardap","SSP245_2090","With_Intervention","SSP245_2090_With_Intervention",,,,,
"Black-faced Impala","Mixed","Mixed_Open",50,456.25,110585996.112677,242380.265452444,"Forage-limited potential carrying capacity","Estimated",797331.445462821,0,0,"Cluster","Cluster_6","Cluster F —    //Karas,Hardap","SSP245_2090","With_Intervention","SSP245_2090_With_Intervention",207400.497538045,34979.7679143992,16.8658071362547,242380,34980
"Blue wildebeest","Grazer","General_Grazer",220,2007.5,130760253.340563,65135.8671684,"Forage-limited potential carrying capacity","Estimated",797331.445462821,0,0,"Cluster","Cluster_6","Cluster F —    //Karas,Hardap","SSP245_2090","With_Intervention","SSP245_2090_With_Intervention",51921.408368843,13214.458799557,25.4508866664079,65136,13214
"Buffalo","Grazer","General_Grazer",500,4562.5,130760253.340563,28659.781554096,"Forage-limited potential carrying capacity","Estimated",797331.445462821,0,0,"Cluster","Cluster_6","Cluster F —    //Karas,Hardap","SSP245_2090","With_Intervention","SSP245_2090_With_Intervention",22845.4196822909,5814.3618718051,25.4508866664079,28660,5814
"Burchell's zebra","Grazer","General_Grazer",320,2920,130760253.340563,44780.908678275,"Forage-limited potential carrying capacity","Estimated",797331.445462821,0,0,"Cluster","Cluster_6","Cluster F —    //Karas,Hardap","SSP245_2090","With_Intervention","SSP245_2090_With_Intervention",35695.9682535795,9084.94042469547,25.4508866664079,44781,9085
"Bushpig","Omnivore","Omnivore",60,547.5,52141136.0575944,95234.9517033688,"Forage-limited potential carrying capacity","Estimated",797331.445462821,0,0,"Cluster","Cluster_6","Cluster F —    //Karas,Hardap","SSP245_2090","With_Intervention","SSP245_2090_With_Intervention",88262.9073854411,6972.04431792776,7.89917817626502,95235,6972
"Cheetah","Carnivore","Carnivore",45,,,,"Prey biomass required - not estimated from forage","Not estimated: requires local preferred-prey biomass/density data",797331.445462821,0,0,"Cluster","Cluster_6","Cluster F —    //Karas,Hardap","SSP245_2090","With_Intervention","SSP245_2090_With_Intervention",,,,,
"Damara dik dik","Browser","Shrub_Browser",5,45.625,42723377.0344114,936402.784315865,"Forage-limited potential carrying capacity","Estimated",797331.445462821,0,0,"Cluster","Cluster_6","Cluster F —    //Karas,Hardap","SSP245_2090","With_Intervention","SSP245_2090_With_Intervention",1121885.57761269,-185482.793296828,-16.5331293135548,936403,-185483
"Duiker","Browser","Woodland_Browser",17.5,159.6875,31891224.8836092,199710.214535322,"Forage-limited potential carrying capacity","Estimated",797331.445462821,0,0,"Cluster","Cluster_6","Cluster F —    //Karas,Hardap","SSP245_2090","With_Intervention","SSP245_2090_With_Intervention",244525.938978847,-44815.7244435256,-18.3275952770812,199710,-44816
"Eland","Mixed","Mixed_Open",500,4562.5,110585996.112677,24238.0265452444,"Forage-limited potential carrying capacity","Estimated",797331.445462821,0,0,"Cluster","Cluster_6","Cluster F —    //Karas,Hardap","SSP245_2090","With_Intervention","SSP245_2090_With_Intervention",20740.0497538045,3497.97679143993,16.8658071362547,24238,3498
"Elephant","Mixed","Large_Mixed",3500,31937.5,82106852.9206011,2570.86036542,"Forage-limited potential carrying capacity","Estimated",797331.445462821,0,0,"Cluster","Cluster_6","Cluster F —    //Karas,Hardap","SSP245_2090","With_Intervention","SSP245_2090_With_Intervention",2375.29866877352,195.561696646475,8.23314133996687,2571,196
"Gemsbok","Mixed","Arid_Mixed",210,1916.25,108516127.005453,56629.4204855591,"Forage-limited potential carrying capacity","Estimated",797331.445462821,0,0,"Cluster","Cluster_6","Cluster F —    //Karas,Hardap","SSP245_2090","With_Intervention","SSP245_2090_With_Intervention",49887.1210865332,6742.29939902591,13.5151102171858,56629,6742
"Giraffe","Browser","Woodland_Browser",850,7756.25,31891224.8836092,4111.68088749192,"Forage-limited potential carrying capacity","Estimated",797331.445462821,0,0,"Cluster","Cluster_6","Cluster F —    //Karas,Hardap","SSP245_2090","With_Intervention","SSP245_2090_With_Intervention",5034.35756721156,-922.676679719645,-18.3275952770812,4112,-923
"Hartmann's zebra","Grazer","Arid_Grazer",280,2555,118678909.565495,46449.6710628161,"Forage-limited potential carrying capacity","Estimated",797331.445462821,0,0,"Cluster","Cluster_6","Cluster F —    //Karas,Hardap","SSP245_2090","With_Intervention","SSP245_2090_With_Intervention",39167.9360256571,7281.73503715901,18.5910614038715,46450,7282
"Hippopotamus","Grazer","Wetland_Grazer",1400,12775,56886105.8408415,4452.9241362694,"Forage-limited potential carrying capacity","Estimated",797331.445462821,0,0,"Cluster","Cluster_6","Cluster F —    //Karas,Hardap","SSP245_2090","With_Intervention","SSP245_2090_With_Intervention",3426.32087247397,1026.60326379543,29.9622627887204,4453,1027
"Impala","Mixed","Mixed_Open",50,456.25,110585996.112677,242380.265452444,"Forage-limited potential carrying capacity","Estimated",797331.445462821,0,0,"Cluster","Cluster_6","Cluster F —    //Karas,Hardap","SSP245_2090","With_Intervention","SSP245_2090_With_Intervention",207400.497538045,34979.7679143992,16.8658071362547,242380,34980
"Klipspringer","Browser","Rocky_Browser",11,100.375,37762961.3370026,376218.792896663,"Forage-limited potential carrying capacity","Estimated",797331.445462821,0,0,"Cluster","Cluster_6","Cluster F —    //Karas,Hardap","SSP245_2090","With_Intervention","SSP245_2090_With_Intervention",459420.602506524,-83201.8096098608,-18.1101607450613,376219,-83202
"Kudu","Browser","Woodland_Browser",190,1733.75,31891224.8836092,18394.3618650954,"Forage-limited potential carrying capacity","Estimated",797331.445462821,0,0,"Cluster","Cluster_6","Cluster F —    //Karas,Hardap","SSP245_2090","With_Intervention","SSP245_2090_With_Intervention",22522.125958578,-4127.76409348262,-18.3275952770812,18394,-4128
"Leopard","Carnivore","Carnivore",50,,,,"Prey biomass required - not estimated from forage","Not estimated: requires local preferred-prey biomass/density data",797331.445462821,0,0,"Cluster","Cluster_6","Cluster F —    //Karas,Hardap","SSP245_2090","With_Intervention","SSP245_2090_With_Intervention",,,,,
"Ostrich","Mixed","Mixed_Open",100,912.5,110585996.112677,121190.132726222,"Forage-limited potential carrying capacity","Estimated",797331.445462821,0,0,"Cluster","Cluster_6","Cluster F —    //Karas,Hardap","SSP245_2090","With_Intervention","SSP245_2090_With_Intervention",103700.248769022,17489.8839571996,16.8658071362547,121190,17490
"Red Hartebeest","Grazer","General_Grazer",150,1368.75,130760253.340563,95532.60518032,"Forage-limited potential carrying capacity","Estimated",797331.445462821,0,0,"Cluster","Cluster_6","Cluster F —    //Karas,Hardap","SSP245_2090","With_Intervention","SSP245_2090_With_Intervention",76151.3989409697,19381.2062393503,25.4508866664079,95533,19381
"Red Lechwe","Grazer","Wetland_Grazer",80,730,56886105.8408415,77926.1723847144,"Forage-limited potential carrying capacity","Estimated",797331.445462821,0,0,"Cluster","Cluster_6","Cluster F —    //Karas,Hardap","SSP245_2090","With_Intervention","SSP245_2090_With_Intervention",59960.6152682945,17965.55711642,29.9622627887204,77926,17966
"Reedbuck","Grazer","Wetland_Grazer",45,410.625,56886105.8408415,138535.417572826,"Forage-limited potential carrying capacity","Estimated",797331.445462821,0,0,"Cluster","Cluster_6","Cluster F —    //Karas,Hardap","SSP245_2090","With_Intervention","SSP245_2090_With_Intervention",106596.649365857,31938.7682069689,29.9622627887204,138535,31939
"Roan","Grazer","General_Grazer",240,2190,130760253.340563,59707.8782377,"Forage-limited potential carrying capacity","Estimated",797331.445462821,0,0,"Cluster","Cluster_6","Cluster F —    //Karas,Hardap","SSP245_2090","With_Intervention","SSP245_2090_With_Intervention",47594.6243381061,12113.253899594,25.4508866664079,59708,12113
"Sable","Grazer","General_Grazer",200,1825,130760253.340563,71649.45388524,"Forage-limited potential carrying capacity","Estimated",797331.445462821,0,0,"Cluster","Cluster_6","Cluster F —    //Karas,Hardap","SSP245_2090","With_Intervention","SSP245_2090_With_Intervention",57113.5492057273,14535.9046795128,25.4508866664079,71649,14536
"Spotted Hyaena","Carnivore","Carnivore",55,,,,"Prey biomass required - not estimated from forage","Not estimated: requires local preferred-prey biomass/density data",797331.445462821,0,0,"Cluster","Cluster_6","Cluster F —    //Karas,Hardap","SSP245_2090","With_Intervention","SSP245_2090_With_Intervention",,,,,
"Springbok","Grazer","Arid_Grazer",38,346.75,118678909.565495,342260.734147066,"Forage-limited potential carrying capacity","Estimated",797331.445462821,0,0,"Cluster","Cluster_6","Cluster F —    //Karas,Hardap","SSP245_2090","With_Intervention","SSP245_2090_With_Intervention",288605.844399578,53654.8897474874,18.5910614038715,342261,53655
"Steenbok","Browser","Shrub_Browser",10,91.25,42723377.0344114,468201.392157933,"Forage-limited potential carrying capacity","Estimated",797331.445462821,0,0,"Cluster","Cluster_6","Cluster F —    //Karas,Hardap","SSP245_2090","With_Intervention","SSP245_2090_With_Intervention",560942.788806347,-92741.3966484141,-16.5331293135548,468201,-92741
"Vervet monkey","Omnivore","Omnivore",5,45.625,52141136.0575944,1142819.42044043,"Forage-limited potential carrying capacity","Estimated",797331.445462821,0,0,"Cluster","Cluster_6","Cluster F —    //Karas,Hardap","SSP245_2090","With_Intervention","SSP245_2090_With_Intervention",1059154.88862529,83664.5318151331,7.89917817626501,1142819,83665
"Warthog","Grazer","General_Grazer",70,638.75,130760253.340563,204712.7253864,"Forage-limited potential carrying capacity","Estimated",797331.445462821,0,0,"Cluster","Cluster_6","Cluster F —    //Karas,Hardap","SSP245_2090","With_Intervention","SSP245_2090_With_Intervention",163181.569159221,41531.1562271793,25.4508866664079,204713,41531
"Baboon","Omnivore","Omnivore",24,219,96414081.9175753,440246.949395321,"Forage-limited potential carrying capacity","Estimated",2738207.08076389,0,0,"Cluster","Cluster_1","Cluster A — South, Kunene South & Erongo","SSP585_2050","Without_Intervention","SSP585_2050_Without_Intervention",477431.876110126,-37184.9267148051,-7.78853038003435,440247,-37185
"Black rhinoceros","Browser","Shrub_Browser",1000,9125,174852697.15852,19161.9394146323,"Forage-limited potential carrying capacity","Estimated",2738207.08076389,0,0,"Cluster","Cluster_1","Cluster A — South, Kunene South & Erongo","SSP585_2050","Without_Intervention","SSP585_2050_Without_Intervention",20045.6486354135,-883.709220781115,-4.40848403987246,19162,-884
"Black-backed Jackal","Carnivore","Carnivore",8.5,,,,"Prey biomass required - not estimated from forage","Not estimated: requires local preferred-prey biomass/density data",2738207.08076389,0,0,"Cluster","Cluster_1","Cluster A — South, Kunene South & Erongo","SSP585_2050","Without_Intervention","SSP585_2050_Without_Intervention",,,,,
"Black-faced Impala","Mixed","Mixed_Open",50,456.25,139759281.574859,306321.713040788,"Forage-limited potential carrying capacity","Estimated",2738207.08076389,0,0,"Cluster","Cluster_1","Cluster A — South, Kunene South & Erongo","SSP585_2050","Without_Intervention","SSP585_2050_Without_Intervention",341928.046232009,-35606.3331912212,-10.413399422363,306322,-35606
"Blue wildebeest","Grazer","General_Grazer",220,2007.5,102715319.271931,51165.7879312234,"Forage-limited potential carrying capacity","Estimated",2738207.08076389,0,0,"Cluster","Cluster_1","Cluster A — South, Kunene South & Erongo","SSP585_2050","Without_Intervention","SSP585_2050_Without_Intervention",60235.6133902942,-9069.82545907076,-15.0572476124767,51166,-9070
"Buffalo","Grazer","General_Grazer",500,4562.5,102715319.271931,22512.9466897383,"Forage-limited potential carrying capacity","Estimated",2738207.08076389,0,0,"Cluster","Cluster_1","Cluster A — South, Kunene South & Erongo","SSP585_2050","Without_Intervention","SSP585_2050_Without_Intervention",26503.6698917294,-3990.72320199114,-15.0572476124767,22513,-3991
"Burchell's zebra","Grazer","General_Grazer",320,2920,102715319.271931,35176.4792027161,"Forage-limited potential carrying capacity","Estimated",2738207.08076389,0,0,"Cluster","Cluster_1","Cluster A — South, Kunene South & Erongo","SSP585_2050","Without_Intervention","SSP585_2050_Without_Intervention",41411.9842058272,-6235.50500311115,-15.0572476124767,35176,-6236
"Bushpig","Omnivore","Omnivore",60,547.5,96414081.9175753,176098.779758128,"Forage-limited potential carrying capacity","Estimated",2738207.08076389,0,0,"Cluster","Cluster_1","Cluster A — South, Kunene South & Erongo","SSP585_2050","Without_Intervention","SSP585_2050_Without_Intervention",190972.75044405,-14873.970685922,-7.78853038003435,176099,-14874
"Cheetah","Carnivore","Carnivore",45,,,,"Prey biomass required - not estimated from forage","Not estimated: requires local preferred-prey biomass/density data",2738207.08076389,0,0,"Cluster","Cluster_1","Cluster A — South, Kunene South & Erongo","SSP585_2050","Without_Intervention","SSP585_2050_Without_Intervention",,,,,
"Damara dik dik","Browser","Shrub_Browser",5,45.625,174852697.15852,3832387.88292647,"Forage-limited potential carrying capacity","Estimated",2738207.08076389,0,0,"Cluster","Cluster_1","Cluster A — South, Kunene South & Erongo","SSP585_2050","Without_Intervention","SSP585_2050_Without_Intervention",4009129.72708269,-176741.844156223,-4.40848403987246,3832388,-176742
"Duiker","Browser","Woodland_Browser",17.5,159.6875,135777403.644992,850269.455311103,"Forage-limited potential carrying capacity","Estimated",2738207.08076389,0,0,"Cluster","Cluster_1","Cluster A — South, Kunene South & Erongo","SSP585_2050","Without_Intervention","SSP585_2050_Without_Intervention",889646.234001098,-39376.7786899949,-4.42611649272112,850269,-39377
"Eland","Mixed","Mixed_Open",500,4562.5,139759281.574859,30632.1713040788,"Forage-limited potential carrying capacity","Estimated",2738207.08076389,0,0,"Cluster","Cluster_1","Cluster A — South, Kunene South & Erongo","SSP585_2050","Without_Intervention","SSP585_2050_Without_Intervention",34192.8046232009,-3560.63331912212,-10.413399422363,30632,-3561
"Elephant","Mixed","Large_Mixed",3500,31937.5,150574626.965244,4714.66542356928,"Forage-limited potential carrying capacity","Estimated",2738207.08076389,0,0,"Cluster","Cluster_1","Cluster A — South, Kunene South & Erongo","SSP585_2050","Without_Intervention","SSP585_2050_Without_Intervention",5112.50864522573,-397.84322165645,-7.7817613477871,4715,-398
"Gemsbok","Mixed","Arid_Mixed",210,1916.25,163240584.734267,85187.5197569559,"Forage-limited potential carrying capacity","Estimated",2738207.08076389,0,0,"Cluster","Cluster_1","Cluster A — South, Kunene South & Erongo","SSP585_2050","Without_Intervention","SSP585_2050_Without_Intervention",93522.6826369575,-8335.1628800016,-8.91245058950842,85188,-8335
"Giraffe","Browser","Woodland_Browser",850,7756.25,135777403.644992,17505.5476093462,"Forage-limited potential carrying capacity","Estimated",2738207.08076389,0,0,"Cluster","Cluster_1","Cluster A — South, Kunene South & Erongo","SSP585_2050","Without_Intervention","SSP585_2050_Without_Intervention",18316.2459941402,-810.698384794014,-4.42611649272112,17506,-811
"Hartmann's zebra","Grazer","Arid_Grazer",280,2555,142403602.137263,55735.2650243689,"Forage-limited potential carrying capacity","Estimated",2738207.08076389,0,0,"Cluster","Cluster_1","Cluster A — South, Kunene South & Erongo","SSP585_2050","Without_Intervention","SSP585_2050_Without_Intervention",62330.7486966738,-6595.48367230489,-10.581428605007,55735,-6595
"Hippopotamus","Grazer","Wetland_Grazer",1400,12775,30918725.3267458,2420.25247176093,"Forage-limited potential carrying capacity","Estimated",2738207.08076389,0,0,"Cluster","Cluster_1","Cluster A — South, Kunene South & Erongo","SSP585_2050","Without_Intervention","SSP585_2050_Without_Intervention",3030.43906859549,-610.186596834564,-20.135253770912,2420,-610
"Impala","Mixed","Mixed_Open",50,456.25,139759281.574859,306321.713040788,"Forage-limited potential carrying capacity","Estimated",2738207.08076389,0,0,"Cluster","Cluster_1","Cluster A — South, Kunene South & Erongo","SSP585_2050","Without_Intervention","SSP585_2050_Without_Intervention",341928.046232009,-35606.3331912212,-10.413399422363,306322,-35606
"Klipspringer","Browser","Rocky_Browser",11,100.375,166532359.799583,1659101.96562473,"Forage-limited potential carrying capacity","Estimated",2738207.08076389,0,0,"Cluster","Cluster_1","Cluster A — South, Kunene South & Erongo","SSP585_2050","Without_Intervention","SSP585_2050_Without_Intervention",1727101.59639763,-67999.6307729003,-3.93721081114933,1659102,-68000
"Kudu","Browser","Woodland_Browser",190,1733.75,135777403.644992,78314.2919365489,"Forage-limited potential carrying capacity","Estimated",2738207.08076389,0,0,"Cluster","Cluster_1","Cluster A — South, Kunene South & Erongo","SSP585_2050","Without_Intervention","SSP585_2050_Without_Intervention",81941.1005001011,-3626.80856355217,-4.42611649272113,78314,-3627
"Leopard","Carnivore","Carnivore",50,,,,"Prey biomass required - not estimated from forage","Not estimated: requires local preferred-prey biomass/density data",2738207.08076389,0,0,"Cluster","Cluster_1","Cluster A — South, Kunene South & Erongo","SSP585_2050","Without_Intervention","SSP585_2050_Without_Intervention",,,,,
"Ostrich","Mixed","Mixed_Open",100,912.5,139759281.574859,153160.856520394,"Forage-limited potential carrying capacity","Estimated",2738207.08076389,0,0,"Cluster","Cluster_1","Cluster A — South, Kunene South & Erongo","SSP585_2050","Without_Intervention","SSP585_2050_Without_Intervention",170964.023116004,-17803.1665956106,-10.413399422363,153161,-17803
"Red Hartebeest","Grazer","General_Grazer",150,1368.75,102715319.271931,75043.155632461,"Forage-limited potential carrying capacity","Estimated",2738207.08076389,0,0,"Cluster","Cluster_1","Cluster A — South, Kunene South & Erongo","SSP585_2050","Without_Intervention","SSP585_2050_Without_Intervention",88345.5663057648,-13302.4106733038,-15.0572476124767,75043,-13302
"Red Lechwe","Grazer","Wetland_Grazer",80,730,30918725.3267458,42354.4182558162,"Forage-limited potential carrying capacity","Estimated",2738207.08076389,0,0,"Cluster","Cluster_1","Cluster A — South, Kunene South & Erongo","SSP585_2050","Without_Intervention","SSP585_2050_Without_Intervention",53032.6837004211,-10678.2654446049,-20.135253770912,42354,-10678
"Reedbuck","Grazer","Wetland_Grazer",45,410.625,30918725.3267458,75296.7435658955,"Forage-limited potential carrying capacity","Estimated",2738207.08076389,0,0,"Cluster","Cluster_1","Cluster A — South, Kunene South & Erongo","SSP585_2050","Without_Intervention","SSP585_2050_Without_Intervention",94280.3265785264,-18983.5830126309,-20.135253770912,75297,-18984
"Roan","Grazer","General_Grazer",240,2190,102715319.271931,46901.9722702881,"Forage-limited potential carrying capacity","Estimated",2738207.08076389,0,0,"Cluster","Cluster_1","Cluster A — South, Kunene South & Erongo","SSP585_2050","Without_Intervention","SSP585_2050_Without_Intervention",55215.978941103,-8314.00667081486,-15.0572476124767,46902,-8314
"Sable","Grazer","General_Grazer",200,1825,102715319.271931,56282.3667243457,"Forage-limited potential carrying capacity","Estimated",2738207.08076389,0,0,"Cluster","Cluster_1","Cluster A — South, Kunene South & Erongo","SSP585_2050","Without_Intervention","SSP585_2050_Without_Intervention",66259.1747293236,-9976.80800497784,-15.0572476124767,56282,-9977
"Spotted Hyaena","Carnivore","Carnivore",55,,,,"Prey biomass required - not estimated from forage","Not estimated: requires local preferred-prey biomass/density data",2738207.08076389,0,0,"Cluster","Cluster_1","Cluster A — South, Kunene South & Erongo","SSP585_2050","Without_Intervention","SSP585_2050_Without_Intervention",,,,,
"Springbok","Grazer","Arid_Grazer",38,346.75,142403602.137263,410680.90017956,"Forage-limited potential carrying capacity","Estimated",2738207.08076389,0,0,"Cluster","Cluster_1","Cluster A — South, Kunene South & Erongo","SSP585_2050","Without_Intervention","SSP585_2050_Without_Intervention",459279.20092286,-48598.3007432992,-10.581428605007,410681,-48598
"Steenbok","Browser","Shrub_Browser",10,91.25,174852697.15852,1916193.94146323,"Forage-limited potential carrying capacity","Estimated",2738207.08076389,0,0,"Cluster","Cluster_1","Cluster A — South, Kunene South & Erongo","SSP585_2050","Without_Intervention","SSP585_2050_Without_Intervention",2004564.86354135,-88370.9220781114,-4.40848403987246,1916194,-88371
"Vervet monkey","Omnivore","Omnivore",5,45.625,96414081.9175753,2113185.35709754,"Forage-limited potential carrying capacity","Estimated",2738207.08076389,0,0,"Cluster","Cluster_1","Cluster A — South, Kunene South & Erongo","SSP585_2050","Without_Intervention","SSP585_2050_Without_Intervention",2291673.0053286,-178487.648231064,-7.78853038003435,2113185,-178488
"Warthog","Grazer","General_Grazer",70,638.75,102715319.271931,160806.762069559,"Forage-limited potential carrying capacity","Estimated",2738207.08076389,0,0,"Cluster","Cluster_1","Cluster A — South, Kunene South & Erongo","SSP585_2050","Without_Intervention","SSP585_2050_Without_Intervention",189311.927798067,-28505.1657285081,-15.0572476124767,160807,-28505
"Baboon","Omnivore","Omnivore",24,219,89872864.7066973,410378.377656152,"Forage-limited potential carrying capacity","Estimated",783233.539348635,121.515780112008,0.0155146292909091,"Cluster","Cluster_2","Cluster C — Kavango East, Kavango West & Zambezi","SSP585_2050","Without_Intervention","SSP585_2050_Without_Intervention",432975.3361786,-22596.958522448,-5.21899439397326,410378,-22597
"Black rhinoceros","Browser","Shrub_Browser",1000,9125,141961018.063041,15557.371842525,"Forage-limited potential carrying capacity","Estimated",783233.539348635,121.515780112008,0.0155146292909091,"Cluster","Cluster_2","Cluster C — Kavango East, Kavango West & Zambezi","SSP585_2050","Without_Intervention","SSP585_2050_Without_Intervention",15761.9166234691,-204.54478094407,-1.29771515628694,15557,-205
"Black-backed Jackal","Carnivore","Carnivore",8.5,,,,"Prey biomass required - not estimated from forage","Not estimated: requires local preferred-prey biomass/density data",783233.539348635,121.515780112008,0.0155146292909091,"Cluster","Cluster_2","Cluster C — Kavango East, Kavango West & Zambezi","SSP585_2050","Without_Intervention","SSP585_2050_Without_Intervention",,,,,
"Black-faced Impala","Mixed","Mixed_Open",50,456.25,114347347.148521,250624.322517305,"Forage-limited potential carrying capacity","Estimated",783233.539348635,121.515780112008,0.0155146292909091,"Cluster","Cluster_2","Cluster C — Kavango East, Kavango West & Zambezi","SSP585_2050","Without_Intervention","SSP585_2050_Without_Intervention",267943.34193654,-17319.0194192345,-6.46368717134848,250624,-17319
"Blue wildebeest","Grazer","General_Grazer",220,2007.5,86131683.5469518,42904.9482176597,"Forage-limited potential carrying capacity","Estimated",783233.539348635,121.515780112008,0.0155146292909091,"Cluster","Cluster_2","Cluster C — Kavango East, Kavango West & Zambezi","SSP585_2050","Without_Intervention","SSP585_2050_Without_Intervention",47602.2485300159,-4697.30031235619,-9.8678118311875,42905,-4697
"Buffalo","Grazer","General_Grazer",500,4562.5,86131683.5469518,18878.1772157703,"Forage-limited potential carrying capacity","Estimated",783233.539348635,121.515780112008,0.0155146292909091,"Cluster","Cluster_2","Cluster C — Kavango East, Kavango West & Zambezi","SSP585_2050","Without_Intervention","SSP585_2050_Without_Intervention",20944.989353207,-2066.81213743672,-9.8678118311875,18878,-2067
"Burchell's zebra","Grazer","General_Grazer",320,2920,86131683.5469518,29497.151899641,"Forage-limited potential carrying capacity","Estimated",783233.539348635,121.515780112008,0.0155146292909091,"Cluster","Cluster_2","Cluster C — Kavango East, Kavango West & Zambezi","SSP585_2050","Without_Intervention","SSP585_2050_Without_Intervention",32726.5458643859,-3229.39396474488,-9.8678118311875,29497,-3229
"Bushpig","Omnivore","Omnivore",60,547.5,89872864.7066973,164151.351062461,"Forage-limited potential carrying capacity","Estimated",783233.539348635,121.515780112008,0.0155146292909091,"Cluster","Cluster_2","Cluster C — Kavango East, Kavango West & Zambezi","SSP585_2050","Without_Intervention","SSP585_2050_Without_Intervention",173190.13447144,-9038.78340897919,-5.21899439397325,164151,-9039
"Cheetah","Carnivore","Carnivore",45,,,,"Prey biomass required - not estimated from forage","Not estimated: requires local preferred-prey biomass/density data",783233.539348635,121.515780112008,0.0155146292909091,"Cluster","Cluster_2","Cluster C — Kavango East, Kavango West & Zambezi","SSP585_2050","Without_Intervention","SSP585_2050_Without_Intervention",,,,,
"Damara dik dik","Browser","Shrub_Browser",5,45.625,141961018.063041,3111474.36850501,"Forage-limited potential carrying capacity","Estimated",783233.539348635,121.515780112008,0.0155146292909091,"Cluster","Cluster_2","Cluster C — Kavango East, Kavango West & Zambezi","SSP585_2050","Without_Intervention","SSP585_2050_Without_Intervention",3152383.32469382,-40908.9561888142,-1.29771515628695,3111474,-40909
"Duiker","Browser","Woodland_Browser",17.5,159.6875,131604019.640956,824134.760960977,"Forage-limited potential carrying capacity","Estimated",783233.539348635,121.515780112008,0.0155146292909091,"Cluster","Cluster_2","Cluster C — Kavango East, Kavango West & Zambezi","SSP585_2050","Without_Intervention","SSP585_2050_Without_Intervention",856885.54192539,-32750.7809644132,-3.82207183596813,824135,-32751
"Eland","Mixed","Mixed_Open",500,4562.5,114347347.148521,25062.4322517305,"Forage-limited potential carrying capacity","Estimated",783233.539348635,121.515780112008,0.0155146292909091,"Cluster","Cluster_2","Cluster C — Kavango East, Kavango West & Zambezi","SSP585_2050","Without_Intervention","SSP585_2050_Without_Intervention",26794.334193654,-1731.90194192345,-6.46368717134849,25062,-1732
"Elephant","Mixed","Large_Mixed",3500,31937.5,124516048.024148,3898.74122971891,"Forage-limited potential carrying capacity","Estimated",783233.539348635,121.515780112008,0.0155146292909091,"Cluster","Cluster_2","Cluster C — Kavango East, Kavango West & Zambezi","SSP585_2050","Without_Intervention","SSP585_2050_Without_Intervention",4090.71341347623,-191.972183757323,-4.69287785169452,3899,-192
"Gemsbok","Mixed","Arid_Mixed",210,1916.25,100248254.777259,52314.8100598871,"Forage-limited potential carrying capacity","Estimated",783233.539348635,121.515780112008,0.0155146292909091,"Cluster","Cluster_2","Cluster C — Kavango East, Kavango West & Zambezi","SSP585_2050","Without_Intervention","SSP585_2050_Without_Intervention",55225.3366752983,-2910.52661541124,-5.27027409995508,52315,-2911
"Giraffe","Browser","Woodland_Browser",850,7756.25,131604019.640956,16967.480372726,"Forage-limited potential carrying capacity","Estimated",783233.539348635,121.515780112008,0.0155146292909091,"Cluster","Cluster_2","Cluster C — Kavango East, Kavango West & Zambezi","SSP585_2050","Without_Intervention","SSP585_2050_Without_Intervention",17641.7611572874,-674.280784561448,-3.82207183596813,16967,-674
"Hartmann's zebra","Grazer","Arid_Grazer",280,2555,78057652.0631069,30550.9401421162,"Forage-limited potential carrying capacity","Estimated",783233.539348635,121.515780112008,0.0155146292909091,"Cluster","Cluster_2","Cluster C — Kavango East, Kavango West & Zambezi","SSP585_2050","Without_Intervention","SSP585_2050_Without_Intervention",33179.1938712978,-2628.25372918156,-7.92139115668865,30551,-2628
"Hippopotamus","Grazer","Wetland_Grazer",1400,12775,63590564.0419728,4977.73495436186,"Forage-limited potential carrying capacity","Estimated",783233.539348635,121.515780112008,0.0155146292909091,"Cluster","Cluster_2","Cluster C — Kavango East, Kavango West & Zambezi","SSP585_2050","Without_Intervention","SSP585_2050_Without_Intervention",5386.07188484953,-408.336930487666,-7.58134943642836,4978,-408
"Impala","Mixed","Mixed_Open",50,456.25,114347347.148521,250624.322517305,"Forage-limited potential carrying capacity","Estimated",783233.539348635,121.515780112008,0.0155146292909091,"Cluster","Cluster_2","Cluster C — Kavango East, Kavango West & Zambezi","SSP585_2050","Without_Intervention","SSP585_2050_Without_Intervention",267943.34193654,-17319.0194192345,-6.46368717134848,250624,-17319
"Klipspringer","Browser","Rocky_Browser",11,100.375,103477650.569545,1030910.59097928,"Forage-limited potential carrying capacity","Estimated",783233.539348635,121.515780112008,0.0155146292909091,"Cluster","Cluster_2","Cluster C — Kavango East, Kavango West & Zambezi","SSP585_2050","Without_Intervention","SSP585_2050_Without_Intervention",1039014.42889579,-8103.83791651519,-0.779954319318499,1030911,-8104
"Kudu","Browser","Woodland_Browser",190,1733.75,131604019.640956,75907.1490358794,"Forage-limited potential carrying capacity","Estimated",783233.539348635,121.515780112008,0.0155146292909091,"Cluster","Cluster_2","Cluster C — Kavango East, Kavango West & Zambezi","SSP585_2050","Without_Intervention","SSP585_2050_Without_Intervention",78923.6683352333,-3016.51929935385,-3.82207183596813,75907,-3017
"Leopard","Carnivore","Carnivore",50,,,,"Prey biomass required - not estimated from forage","Not estimated: requires local preferred-prey biomass/density data",783233.539348635,121.515780112008,0.0155146292909091,"Cluster","Cluster_2","Cluster C — Kavango East, Kavango West & Zambezi","SSP585_2050","Without_Intervention","SSP585_2050_Without_Intervention",,,,,
"Ostrich","Mixed","Mixed_Open",100,912.5,114347347.148521,125312.161258653,"Forage-limited potential carrying capacity","Estimated",783233.539348635,121.515780112008,0.0155146292909091,"Cluster","Cluster_2","Cluster C — Kavango East, Kavango West & Zambezi","SSP585_2050","Without_Intervention","SSP585_2050_Without_Intervention",133971.67096827,-8659.50970961725,-6.46368717134848,125312,-8660
"Red Hartebeest","Grazer","General_Grazer",150,1368.75,86131683.5469518,62927.2573859009,"Forage-limited potential carrying capacity","Estimated",783233.539348635,121.515780112008,0.0155146292909091,"Cluster","Cluster_2","Cluster C — Kavango East, Kavango West & Zambezi","SSP585_2050","Without_Intervention","SSP585_2050_Without_Intervention",69816.6311773566,-6889.37379145575,-9.86781183118752,62927,-6889
"Red Lechwe","Grazer","Wetland_Grazer",80,730,63590564.0419728,87110.3617013325,"Forage-limited potential carrying capacity","Estimated",783233.539348635,121.515780112008,0.0155146292909091,"Cluster","Cluster_2","Cluster C — Kavango East, Kavango West & Zambezi","SSP585_2050","Without_Intervention","SSP585_2050_Without_Intervention",94256.2579848667,-7145.89628353415,-7.58134943642836,87110,-7146
"Reedbuck","Grazer","Wetland_Grazer",45,410.625,63590564.0419728,154862.865246813,"Forage-limited potential carrying capacity","Estimated",783233.539348635,121.515780112008,0.0155146292909091,"Cluster","Cluster_2","Cluster C — Kavango East, Kavango West & Zambezi","SSP585_2050","Without_Intervention","SSP585_2050_Without_Intervention",167566.680861985,-12703.8156151718,-7.58134943642834,154863,-12704
"Roan","Grazer","General_Grazer",240,2190,86131683.5469518,39329.5358661881,"Forage-limited potential carrying capacity","Estimated",783233.539348635,121.515780112008,0.0155146292909091,"Cluster","Cluster_2","Cluster C — Kavango East, Kavango West & Zambezi","SSP585_2050","Without_Intervention","SSP585_2050_Without_Intervention",43635.3944858479,-4305.85861965984,-9.86781183118751,39330,-4306
"Sable","Grazer","General_Grazer",200,1825,86131683.5469518,47195.4430394257,"Forage-limited potential carrying capacity","Estimated",783233.539348635,121.515780112008,0.0155146292909091,"Cluster","Cluster_2","Cluster C — Kavango East, Kavango West & Zambezi","SSP585_2050","Without_Intervention","SSP585_2050_Without_Intervention",52362.4733830175,-5167.0303435918,-9.8678118311875,47195,-5167
"Spotted Hyaena","Carnivore","Carnivore",55,,,,"Prey biomass required - not estimated from forage","Not estimated: requires local preferred-prey biomass/density data",783233.539348635,121.515780112008,0.0155146292909091,"Cluster","Cluster_2","Cluster C — Kavango East, Kavango West & Zambezi","SSP585_2050","Without_Intervention","SSP585_2050_Without_Intervention",,,,,
"Springbok","Grazer","Arid_Grazer",38,346.75,78057652.0631069,225112.190520856,"Forage-limited potential carrying capacity","Estimated",783233.539348635,121.515780112008,0.0155146292909091,"Cluster","Cluster_2","Cluster C — Kavango East, Kavango West & Zambezi","SSP585_2050","Without_Intervention","SSP585_2050_Without_Intervention",244478.270630615,-19366.0801097589,-7.92139115668866,225112,-19366
"Steenbok","Browser","Shrub_Browser",10,91.25,141961018.063041,1555737.1842525,"Forage-limited potential carrying capacity","Estimated",783233.539348635,121.515780112008,0.0155146292909091,"Cluster","Cluster_2","Cluster C — Kavango East, Kavango West & Zambezi","SSP585_2050","Without_Intervention","SSP585_2050_Without_Intervention",1576191.66234691,-20454.4780944071,-1.29771515628695,1555737,-20454
"Vervet monkey","Omnivore","Omnivore",5,45.625,89872864.7066973,1969816.21274953,"Forage-limited potential carrying capacity","Estimated",783233.539348635,121.515780112008,0.0155146292909091,"Cluster","Cluster_2","Cluster C — Kavango East, Kavango West & Zambezi","SSP585_2050","Without_Intervention","SSP585_2050_Without_Intervention",2078281.61365728,-108465.40090775,-5.21899439397325,1969816,-108465
"Warthog","Grazer","General_Grazer",70,638.75,86131683.5469518,134844.122969788,"Forage-limited potential carrying capacity","Estimated",783233.539348635,121.515780112008,0.0155146292909091,"Cluster","Cluster_2","Cluster C — Kavango East, Kavango West & Zambezi","SSP585_2050","Without_Intervention","SSP585_2050_Without_Intervention",149607.066808621,-14762.9438388337,-9.86781183118751,134844,-14763
"Baboon","Omnivore","Omnivore",24,219,673565858.863356,3075643.19115687,"Forage-limited potential carrying capacity","Estimated",5946321.81049356,2607.16219025292,0.0438449561483877,"Cluster","Cluster_3","Cluster B — Omaheke & Otjozondjupa (Central / Group 4)","SSP585_2050","Without_Intervention","SSP585_2050_Without_Intervention",3317051.56221577,-241408.371058895,-7.27779977280894,3075643,-241408
"Black rhinoceros","Browser","Shrub_Browser",1000,9125,1334755131.79336,146274.534991053,"Forage-limited potential carrying capacity","Estimated",5946321.81049356,2607.16219025292,0.0438449561483877,"Cluster","Cluster_3","Cluster B — Omaheke & Otjozondjupa (Central / Group 4)","SSP585_2050","Without_Intervention","SSP585_2050_Without_Intervention",155907.328362704,-9632.79337165115,-6.17853789992562,146275,-9633
"Black-backed Jackal","Carnivore","Carnivore",8.5,,,,"Prey biomass required - not estimated from forage","Not estimated: requires local preferred-prey biomass/density data",5946321.81049356,2607.16219025292,0.0438449561483877,"Cluster","Cluster_3","Cluster B — Omaheke & Otjozondjupa (Central / Group 4)","SSP585_2050","Without_Intervention","SSP585_2050_Without_Intervention",,,,,
"Black-faced Impala","Mixed","Mixed_Open",50,456.25,882938310.759948,1935207.25646016,"Forage-limited potential carrying capacity","Estimated",5946321.81049356,2607.16219025292,0.0438449561483877,"Cluster","Cluster_3","Cluster B — Omaheke & Otjozondjupa (Central / Group 4)","SSP585_2050","Without_Intervention","SSP585_2050_Without_Intervention",2106256.35920855,-171049.102748386,-8.12100113077688,1935207,-171049
"Blue wildebeest","Grazer","General_Grazer",220,2007.5,488437576.902672,243306.389490746,"Forage-limited potential carrying capacity","Estimated",5946321.81049356,2607.16219025292,0.0438449561483877,"Cluster","Cluster_3","Cluster B — Omaheke & Otjozondjupa (Central / Group 4)","SSP585_2050","Without_Intervention","SSP585_2050_Without_Intervention",272957.565510101,-29651.1760193553,-10.8629251451387,243306,-29651
"Buffalo","Grazer","General_Grazer",500,4562.5,488437576.902672,107054.811375928,"Forage-limited potential carrying capacity","Estimated",5946321.81049356,2607.16219025292,0.0438449561483877,"Cluster","Cluster_3","Cluster B — Omaheke & Otjozondjupa (Central / Group 4)","SSP585_2050","Without_Intervention","SSP585_2050_Without_Intervention",120101.328824444,-13046.5174485163,-10.8629251451387,107055,-13047
"Burchell's zebra","Grazer","General_Grazer",320,2920,488437576.902672,167273.142774888,"Forage-limited potential carrying capacity","Estimated",5946321.81049356,2607.16219025292,0.0438449561483877,"Cluster","Cluster_3","Cluster B — Omaheke & Otjozondjupa (Central / Group 4)","SSP585_2050","Without_Intervention","SSP585_2050_Without_Intervention",187658.326288194,-20385.1835133068,-10.8629251451387,167273,-20385
"Bushpig","Omnivore","Omnivore",60,547.5,673565858.863356,1230257.27646275,"Forage-limited potential carrying capacity","Estimated",5946321.81049356,2607.16219025292,0.0438449561483877,"Cluster","Cluster_3","Cluster B — Omaheke & Otjozondjupa (Central / Group 4)","SSP585_2050","Without_Intervention","SSP585_2050_Without_Intervention",1326820.62488631,-96563.3484235578,-7.27779977280894,1230257,-96563
"Cheetah","Carnivore","Carnivore",45,,,,"Prey biomass required - not estimated from forage","Not estimated: requires local preferred-prey biomass/density data",5946321.81049356,2607.16219025292,0.0438449561483877,"Cluster","Cluster_3","Cluster B — Omaheke & Otjozondjupa (Central / Group 4)","SSP585_2050","Without_Intervention","SSP585_2050_Without_Intervention",,,,,
"Damara dik dik","Browser","Shrub_Browser",5,45.625,1334755131.79336,29254906.9982106,"Forage-limited potential carrying capacity","Estimated",5946321.81049356,2607.16219025292,0.0438449561483877,"Cluster","Cluster_3","Cluster B — Omaheke & Otjozondjupa (Central / Group 4)","SSP585_2050","Without_Intervention","SSP585_2050_Without_Intervention",31181465.6725408,-1926558.67433023,-6.17853789992562,29254907,-1926559
"Duiker","Browser","Woodland_Browser",17.5,159.6875,1135195380.38477,7108855.61102008,"Forage-limited potential carrying capacity","Estimated",5946321.81049356,2607.16219025292,0.0438449561483877,"Cluster","Cluster_3","Cluster B — Omaheke & Otjozondjupa (Central / Group 4)","SSP585_2050","Without_Intervention","SSP585_2050_Without_Intervention",7589974.57713032,-481118.966110243,-6.33887454063315,7108856,-481119
"Eland","Mixed","Mixed_Open",500,4562.5,882938310.759948,193520.725646016,"Forage-limited potential carrying capacity","Estimated",5946321.81049356,2607.16219025292,0.0438449561483877,"Cluster","Cluster_3","Cluster B — Omaheke & Otjozondjupa (Central / Group 4)","SSP585_2050","Without_Intervention","SSP585_2050_Without_Intervention",210625.635920855,-17104.9102748386,-8.12100113077689,193521,-17105
"Elephant","Mixed","Large_Mixed",3500,31937.5,1010493897.57902,31639.7306482669,"Forage-limited potential carrying capacity","Estimated",5946321.81049356,2607.16219025292,0.0438449561483877,"Cluster","Cluster_3","Cluster B — Omaheke & Otjozondjupa (Central / Group 4)","SSP585_2050","Without_Intervention","SSP585_2050_Without_Intervention",34112.5320535259,-2472.80140525903,-7.24895296948044,31640,-2473
"Gemsbok","Mixed","Arid_Mixed",210,1916.25,881171618.375821,459841.679517715,"Forage-limited potential carrying capacity","Estimated",5946321.81049356,2607.16219025292,0.0438449561483877,"Cluster","Cluster_3","Cluster B — Omaheke & Otjozondjupa (Central / Group 4)","SSP585_2050","Without_Intervention","SSP585_2050_Without_Intervention",499030.981196808,-39189.301679093,-7.85307989999072,459842,-39189
"Giraffe","Browser","Woodland_Browser",850,7756.25,1135195380.38477,146358.79199159,"Forage-limited potential carrying capacity","Estimated",5946321.81049356,2607.16219025292,0.0438449561483877,"Cluster","Cluster_3","Cluster B — Omaheke & Otjozondjupa (Central / Group 4)","SSP585_2050","Without_Intervention","SSP585_2050_Without_Intervention",156264.18247033,-9905.39047874027,-6.33887454063314,146359,-9905
"Hartmann's zebra","Grazer","Arid_Grazer",280,2555,617480877.851617,241675.490352883,"Forage-limited potential carrying capacity","Estimated",5946321.81049356,2607.16219025292,0.0438449561483877,"Cluster","Cluster_3","Cluster B — Omaheke & Otjozondjupa (Central / Group 4)","SSP585_2050","Without_Intervention","SSP585_2050_Without_Intervention",265935.514773241,-24260.0244203573,-9.12252146579351,241675,-24260
"Hippopotamus","Grazer","Wetland_Grazer",1400,12775,144048795.26395,11275.8352457104,"Forage-limited potential carrying capacity","Estimated",5946321.81049356,2607.16219025292,0.0438449561483877,"Cluster","Cluster_3","Cluster B — Omaheke & Otjozondjupa (Central / Group 4)","SSP585_2050","Without_Intervention","SSP585_2050_Without_Intervention",13090.3505360604,-1814.51529035007,-13.8614721229318,11276,-1815
"Impala","Mixed","Mixed_Open",50,456.25,882938310.759948,1935207.25646016,"Forage-limited potential carrying capacity","Estimated",5946321.81049356,2607.16219025292,0.0438449561483877,"Cluster","Cluster_3","Cluster B — Omaheke & Otjozondjupa (Central / Group 4)","SSP585_2050","Without_Intervention","SSP585_2050_Without_Intervention",2106256.35920855,-171049.102748386,-8.12100113077688,1935207,-171049
"Klipspringer","Browser","Rocky_Browser",11,100.375,1000889599.98074,9971502.86406711,"Forage-limited potential carrying capacity","Estimated",5946321.81049356,2607.16219025292,0.0438449561483877,"Cluster","Cluster_3","Cluster B — Omaheke & Otjozondjupa (Central / Group 4)","SSP585_2050","Without_Intervention","SSP585_2050_Without_Intervention",10624052.7250399,-652549.860972796,-6.14219335936461,9971503,-652550
"Kudu","Browser","Woodland_Browser",190,1733.75,1135195380.38477,654763.016804481,"Forage-limited potential carrying capacity","Estimated",5946321.81049356,2607.16219025292,0.0438449561483877,"Cluster","Cluster_3","Cluster B — Omaheke & Otjozondjupa (Central / Group 4)","SSP585_2050","Without_Intervention","SSP585_2050_Without_Intervention",699076.605788319,-44313.5889838382,-6.33887454063316,654763,-44314
"Leopard","Carnivore","Carnivore",50,,,,"Prey biomass required - not estimated from forage","Not estimated: requires local preferred-prey biomass/density data",5946321.81049356,2607.16219025292,0.0438449561483877,"Cluster","Cluster_3","Cluster B — Omaheke & Otjozondjupa (Central / Group 4)","SSP585_2050","Without_Intervention","SSP585_2050_Without_Intervention",,,,,
"Ostrich","Mixed","Mixed_Open",100,912.5,882938310.759948,967603.62823008,"Forage-limited potential carrying capacity","Estimated",5946321.81049356,2607.16219025292,0.0438449561483877,"Cluster","Cluster_3","Cluster B — Omaheke & Otjozondjupa (Central / Group 4)","SSP585_2050","Without_Intervention","SSP585_2050_Without_Intervention",1053128.17960427,-85524.551374193,-8.12100113077688,967604,-85525
"Red Hartebeest","Grazer","General_Grazer",150,1368.75,488437576.902672,356849.371253094,"Forage-limited potential carrying capacity","Estimated",5946321.81049356,2607.16219025292,0.0438449561483877,"Cluster","Cluster_3","Cluster B — Omaheke & Otjozondjupa (Central / Group 4)","SSP585_2050","Without_Intervention","SSP585_2050_Without_Intervention",400337.762748148,-43488.3914950544,-10.8629251451387,356849,-43488
"Red Lechwe","Grazer","Wetland_Grazer",80,730,144048795.26395,197327.116799932,"Forage-limited potential carrying capacity","Estimated",5946321.81049356,2607.16219025292,0.0438449561483877,"Cluster","Cluster_3","Cluster B — Omaheke & Otjozondjupa (Central / Group 4)","SSP585_2050","Without_Intervention","SSP585_2050_Without_Intervention",229081.134381058,-31754.0175811262,-13.8614721229318,197327,-31754
"Reedbuck","Grazer","Wetland_Grazer",45,410.625,144048795.26395,350803.763199878,"Forage-limited potential carrying capacity","Estimated",5946321.81049356,2607.16219025292,0.0438449561483877,"Cluster","Cluster_3","Cluster B — Omaheke & Otjozondjupa (Central / Group 4)","SSP585_2050","Without_Intervention","SSP585_2050_Without_Intervention",407255.350010769,-56451.586810891,-13.8614721229318,350804,-56452
"Roan","Grazer","General_Grazer",240,2190,488437576.902672,223030.857033184,"Forage-limited potential carrying capacity","Estimated",5946321.81049356,2607.16219025292,0.0438449561483877,"Cluster","Cluster_3","Cluster B — Omaheke & Otjozondjupa (Central / Group 4)","SSP585_2050","Without_Intervention","SSP585_2050_Without_Intervention",250211.101717593,-27180.244684409,-10.8629251451387,223031,-27180
"Sable","Grazer","General_Grazer",200,1825,488437576.902672,267637.02843982,"Forage-limited potential carrying capacity","Estimated",5946321.81049356,2607.16219025292,0.0438449561483877,"Cluster","Cluster_3","Cluster B — Omaheke & Otjozondjupa (Central / Group 4)","SSP585_2050","Without_Intervention","SSP585_2050_Without_Intervention",300253.322061111,-32616.2936212908,-10.8629251451387,267637,-32616
"Spotted Hyaena","Carnivore","Carnivore",55,,,,"Prey biomass required - not estimated from forage","Not estimated: requires local preferred-prey biomass/density data",5946321.81049356,2607.16219025292,0.0438449561483877,"Cluster","Cluster_3","Cluster B — Omaheke & Otjozondjupa (Central / Group 4)","SSP585_2050","Without_Intervention","SSP585_2050_Without_Intervention",,,,,
"Springbok","Grazer","Arid_Grazer",38,346.75,617480877.851617,1780766.77102124,"Forage-limited potential carrying capacity","Estimated",5946321.81049356,2607.16219025292,0.0438449561483877,"Cluster","Cluster_3","Cluster B — Omaheke & Otjozondjupa (Central / Group 4)","SSP585_2050","Without_Intervention","SSP585_2050_Without_Intervention",1959524.84569756,-178758.074676317,-9.12252146579352,1780767,-178758
"Steenbok","Browser","Shrub_Browser",10,91.25,1334755131.79336,14627453.4991053,"Forage-limited potential carrying capacity","Estimated",5946321.81049356,2607.16219025292,0.0438449561483877,"Cluster","Cluster_3","Cluster B — Omaheke & Otjozondjupa (Central / Group 4)","SSP585_2050","Without_Intervention","SSP585_2050_Without_Intervention",15590732.8362704,-963279.337165115,-6.17853789992562,14627453,-963279
"Vervet monkey","Omnivore","Omnivore",5,45.625,673565858.863356,14763087.317553,"Forage-limited potential carrying capacity","Estimated",5946321.81049356,2607.16219025292,0.0438449561483877,"Cluster","Cluster_3","Cluster B — Omaheke & Otjozondjupa (Central / Group 4)","SSP585_2050","Without_Intervention","SSP585_2050_Without_Intervention",15921847.4986357,-1158760.1810827,-7.27779977280895,14763087,-1158760
"Warthog","Grazer","General_Grazer",70,638.75,488437576.902672,764677.224113772,"Forage-limited potential carrying capacity","Estimated",5946321.81049356,2607.16219025292,0.0438449561483877,"Cluster","Cluster_3","Cluster B — Omaheke & Otjozondjupa (Central / Group 4)","SSP585_2050","Without_Intervention","SSP585_2050_Without_Intervention",857866.634460317,-93189.4103465452,-10.8629251451387,764677,-93189
"Baboon","Omnivore","Omnivore",24,219,320733436.472935,1464536.23960244,"Forage-limited potential carrying capacity","Estimated",5126424.88987576,4.55000840686262,8.87559752576982e-05,"Cluster","Cluster_4","Cluster E — Kunene (North)","SSP585_2050","Without_Intervention","SSP585_2050_Without_Intervention",1561177.40686056,-96641.1672581153,-6.19027452187227,1464536,-96641
"Black rhinoceros","Browser","Shrub_Browser",1000,9125,610050305.215427,66854.8279688139,"Forage-limited potential carrying capacity","Estimated",5126424.88987576,4.55000840686262,8.87559752576982e-05,"Cluster","Cluster_4","Cluster E — Kunene (North)","SSP585_2050","Without_Intervention","SSP585_2050_Without_Intervention",70031.8492860938,-3177.02131727988,-4.53653780339447,66855,-3177
"Black-backed Jackal","Carnivore","Carnivore",8.5,,,,"Prey biomass required - not estimated from forage","Not estimated: requires local preferred-prey biomass/density data",5126424.88987576,4.55000840686262,8.87559752576982e-05,"Cluster","Cluster_4","Cluster E — Kunene (North)","SSP585_2050","Without_Intervention","SSP585_2050_Without_Intervention",,,,,
"Black-faced Impala","Mixed","Mixed_Open",50,456.25,441010831.245719,966599.082182399,"Forage-limited potential carrying capacity","Estimated",5126424.88987576,4.55000840686262,8.87559752576982e-05,"Cluster","Cluster_4","Cluster E — Kunene (North)","SSP585_2050","Without_Intervention","SSP585_2050_Without_Intervention",1046230.4695093,-79631.3873268964,-7.61126631728144,966599,-79631
"Blue wildebeest","Grazer","General_Grazer",220,2007.5,281858353.672401,140402.666835567,"Forage-limited potential carrying capacity","Estimated",5126424.88987576,4.55000840686262,8.87559752576982e-05,"Cluster","Cluster_4","Cluster E — Kunene (North)","SSP585_2050","Without_Intervention","SSP585_2050_Without_Intervention",157569.9153034,-17167.2484678326,-10.8950039319226,140403,-17167
"Buffalo","Grazer","General_Grazer",500,4562.5,281858353.672401,61777.1734076496,"Forage-limited potential carrying capacity","Estimated",5126424.88987576,4.55000840686262,8.87559752576982e-05,"Cluster","Cluster_4","Cluster E — Kunene (North)","SSP585_2050","Without_Intervention","SSP585_2050_Without_Intervention",69330.7627334959,-7553.58932584633,-10.8950039319226,61777,-7554
"Burchell's zebra","Grazer","General_Grazer",320,2920,281858353.672401,96526.8334494525,"Forage-limited potential carrying capacity","Estimated",5126424.88987576,4.55000840686262,8.87559752576982e-05,"Cluster","Cluster_4","Cluster E — Kunene (North)","SSP585_2050","Without_Intervention","SSP585_2050_Without_Intervention",108329.316771087,-11802.4833216349,-10.8950039319226,96527,-11802
"Bushpig","Omnivore","Omnivore",60,547.5,320733436.472935,585814.495840977,"Forage-limited potential carrying capacity","Estimated",5126424.88987576,4.55000840686262,8.87559752576982e-05,"Cluster","Cluster_4","Cluster E — Kunene (North)","SSP585_2050","Without_Intervention","SSP585_2050_Without_Intervention",624470.962744223,-38656.466903246,-6.19027452187225,585814,-38656
"Cheetah","Carnivore","Carnivore",45,,,,"Prey biomass required - not estimated from forage","Not estimated: requires local preferred-prey biomass/density data",5126424.88987576,4.55000840686262,8.87559752576982e-05,"Cluster","Cluster_4","Cluster E — Kunene (North)","SSP585_2050","Without_Intervention","SSP585_2050_Without_Intervention",,,,,
"Damara dik dik","Browser","Shrub_Browser",5,45.625,610050305.215427,13370965.5937628,"Forage-limited potential carrying capacity","Estimated",5126424.88987576,4.55000840686262,8.87559752576982e-05,"Cluster","Cluster_4","Cluster E — Kunene (North)","SSP585_2050","Without_Intervention","SSP585_2050_Without_Intervention",14006369.8572188,-635404.263455978,-4.53653780339447,13370966,-635404
"Duiker","Browser","Woodland_Browser",17.5,159.6875,502120601.083572,3144395.15355662,"Forage-limited potential carrying capacity","Estimated",5126424.88987576,4.55000840686262,8.87559752576982e-05,"Cluster","Cluster_4","Cluster E — Kunene (North)","SSP585_2050","Without_Intervention","SSP585_2050_Without_Intervention",3295598.91632565,-151203.762769031,-4.58805111325903,3144395,-151204
"Eland","Mixed","Mixed_Open",500,4562.5,441010831.245719,96659.9082182399,"Forage-limited potential carrying capacity","Estimated",5126424.88987576,4.55000840686262,8.87559752576982e-05,"Cluster","Cluster_4","Cluster E — Kunene (North)","SSP585_2050","Without_Intervention","SSP585_2050_Without_Intervention",104623.04695093,-7963.13873268965,-7.61126631728145,96660,-7963
"Elephant","Mixed","Large_Mixed",3500,31937.5,488897430.232049,15307.9430209644,"Forage-limited potential carrying capacity","Estimated",5126424.88987576,4.55000840686262,8.87559752576982e-05,"Cluster","Cluster_4","Cluster E — Kunene (North)","SSP585_2050","Without_Intervention","SSP585_2050_Without_Intervention",16318.2543234767,-1010.31130251238,-6.19129523590561,15308,-1010
"Gemsbok","Mixed","Arid_Mixed",210,1916.25,469480921.584096,244999.828615314,"Forage-limited potential carrying capacity","Estimated",5126424.88987576,4.55000840686262,8.87559752576982e-05,"Cluster","Cluster_4","Cluster E — Kunene (North)","SSP585_2050","Without_Intervention","SSP585_2050_Without_Intervention",263420.728641587,-18420.9000262731,-6.99295766178552,245000,-18421
"Giraffe","Browser","Woodland_Browser",850,7756.25,502120601.083572,64737.5472791068,"Forage-limited potential carrying capacity","Estimated",5126424.88987576,4.55000840686262,8.87559752576982e-05,"Cluster","Cluster_4","Cluster E — Kunene (North)","SSP585_2050","Without_Intervention","SSP585_2050_Without_Intervention",67850.5659243516,-3113.01864524475,-4.58805111325901,64738,-3113
"Hartmann's zebra","Grazer","Arid_Grazer",280,2555,367616244.648932,143881.113365531,"Forage-limited potential carrying capacity","Estimated",5126424.88987576,4.55000840686262,8.87559752576982e-05,"Cluster","Cluster_4","Cluster E — Kunene (North)","SSP585_2050","Without_Intervention","SSP585_2050_Without_Intervention",156909.927115636,-13028.8137501049,-8.30337123316819,143881,-13029
"Hippopotamus","Grazer","Wetland_Grazer",1400,12775,85398888.6814701,6684.84451518357,"Forage-limited potential carrying capacity","Estimated",5126424.88987576,4.55000840686262,8.87559752576982e-05,"Cluster","Cluster_4","Cluster E — Kunene (North)","SSP585_2050","Without_Intervention","SSP585_2050_Without_Intervention",7787.49998578055,-1102.65547059697,-14.1592998088006,6685,-1103
"Impala","Mixed","Mixed_Open",50,456.25,441010831.245719,966599.082182399,"Forage-limited potential carrying capacity","Estimated",5126424.88987576,4.55000840686262,8.87559752576982e-05,"Cluster","Cluster_4","Cluster E — Kunene (North)","SSP585_2050","Without_Intervention","SSP585_2050_Without_Intervention",1046230.4695093,-79631.3873268964,-7.61126631728144,966599,-79631
"Klipspringer","Browser","Rocky_Browser",11,100.375,501786554.449095,4999118.84880792,"Forage-limited potential carrying capacity","Estimated",5126424.88987576,4.55000840686262,8.87559752576982e-05,"Cluster","Cluster_4","Cluster E — Kunene (North)","SSP585_2050","Without_Intervention","SSP585_2050_Without_Intervention",5220569.59114109,-221450.742333171,-4.24188852321701,4999119,-221451
"Kudu","Browser","Woodland_Browser",190,1733.75,502120601.083572,289615.343090741,"Forage-limited potential carrying capacity","Estimated",5126424.88987576,4.55000840686262,8.87559752576982e-05,"Cluster","Cluster_4","Cluster E — Kunene (North)","SSP585_2050","Without_Intervention","SSP585_2050_Without_Intervention",303542.005451046,-13926.6623603055,-4.58805111325902,289615,-13927
"Leopard","Carnivore","Carnivore",50,,,,"Prey biomass required - not estimated from forage","Not estimated: requires local preferred-prey biomass/density data",5126424.88987576,4.55000840686262,8.87559752576982e-05,"Cluster","Cluster_4","Cluster E — Kunene (North)","SSP585_2050","Without_Intervention","SSP585_2050_Without_Intervention",,,,,
"Ostrich","Mixed","Mixed_Open",100,912.5,441010831.245719,483299.541091199,"Forage-limited potential carrying capacity","Estimated",5126424.88987576,4.55000840686262,8.87559752576982e-05,"Cluster","Cluster_4","Cluster E — Kunene (North)","SSP585_2050","Without_Intervention","SSP585_2050_Without_Intervention",523115.234754648,-39815.6936634482,-7.61126631728144,483300,-39816
"Red Hartebeest","Grazer","General_Grazer",150,1368.75,281858353.672401,205923.911358832,"Forage-limited potential carrying capacity","Estimated",5126424.88987576,4.55000840686262,8.87559752576982e-05,"Cluster","Cluster_4","Cluster E — Kunene (North)","SSP585_2050","Without_Intervention","SSP585_2050_Without_Intervention",231102.542444986,-25178.6310861544,-10.8950039319226,205924,-25179
"Red Lechwe","Grazer","Wetland_Grazer",80,730,85398888.6814701,116984.779015713,"Forage-limited potential carrying capacity","Estimated",5126424.88987576,4.55000840686262,8.87559752576982e-05,"Cluster","Cluster_4","Cluster E — Kunene (North)","SSP585_2050","Without_Intervention","SSP585_2050_Without_Intervention",136281.24975116,-19296.470735447,-14.1592998088006,116985,-19296
"Reedbuck","Grazer","Wetland_Grazer",45,410.625,85398888.6814701,207972.940472378,"Forage-limited potential carrying capacity","Estimated",5126424.88987576,4.55000840686262,8.87559752576982e-05,"Cluster","Cluster_4","Cluster E — Kunene (North)","SSP585_2050","Without_Intervention","SSP585_2050_Without_Intervention",242277.777335395,-34304.836863017,-14.1592998088006,207973,-34305
"Roan","Grazer","General_Grazer",240,2190,281858353.672401,128702.44459927,"Forage-limited potential carrying capacity","Estimated",5126424.88987576,4.55000840686262,8.87559752576982e-05,"Cluster","Cluster_4","Cluster E — Kunene (North)","SSP585_2050","Without_Intervention","SSP585_2050_Without_Intervention",144439.089028116,-15736.6444288465,-10.8950039319226,128702,-15737
"Sable","Grazer","General_Grazer",200,1825,281858353.672401,154442.933519124,"Forage-limited potential carrying capacity","Estimated",5126424.88987576,4.55000840686262,8.87559752576982e-05,"Cluster","Cluster_4","Cluster E — Kunene (North)","SSP585_2050","Without_Intervention","SSP585_2050_Without_Intervention",173326.90683374,-18883.9733146158,-10.8950039319226,154443,-18884
"Spotted Hyaena","Carnivore","Carnivore",55,,,,"Prey biomass required - not estimated from forage","Not estimated: requires local preferred-prey biomass/density data",5126424.88987576,4.55000840686262,8.87559752576982e-05,"Cluster","Cluster_4","Cluster E — Kunene (North)","SSP585_2050","Without_Intervention","SSP585_2050_Without_Intervention",,,,,
"Springbok","Grazer","Arid_Grazer",38,346.75,367616244.648932,1060176.62479865,"Forage-limited potential carrying capacity","Estimated",5126424.88987576,4.55000840686262,8.87559752576982e-05,"Cluster","Cluster_4","Cluster E — Kunene (North)","SSP585_2050","Without_Intervention","SSP585_2050_Without_Intervention",1156178.41032574,-96001.7855270884,-8.30337123316817,1060177,-96002
"Steenbok","Browser","Shrub_Browser",10,91.25,610050305.215427,6685482.79688139,"Forage-limited potential carrying capacity","Estimated",5126424.88987576,4.55000840686262,8.87559752576982e-05,"Cluster","Cluster_4","Cluster E — Kunene (North)","SSP585_2050","Without_Intervention","SSP585_2050_Without_Intervention",7003184.92860938,-317702.131727989,-4.53653780339447,6685483,-317702
"Vervet monkey","Omnivore","Omnivore",5,45.625,320733436.472935,7029773.95009173,"Forage-limited potential carrying capacity","Estimated",5126424.88987576,4.55000840686262,8.87559752576982e-05,"Cluster","Cluster_4","Cluster E — Kunene (North)","SSP585_2050","Without_Intervention","SSP585_2050_Without_Intervention",7493651.55293068,-463877.602838953,-6.19027452187226,7029774,-463878
"Warthog","Grazer","General_Grazer",70,638.75,281858353.672401,441265.524340354,"Forage-limited potential carrying capacity","Estimated",5126424.88987576,4.55000840686262,8.87559752576982e-05,"Cluster","Cluster_4","Cluster E — Kunene (North)","SSP585_2050","Without_Intervention","SSP585_2050_Without_Intervention",495219.733810685,-53954.2094703309,-10.8950039319226,441266,-53954
"Baboon","Omnivore","Omnivore",24,219,161805764.069371,738839.105339595,"Forage-limited potential carrying capacity","Estimated",1422473.1935077,91.0463462725747,0.00640056675149442,"Cluster","Cluster_5","Cluster D — Omusati, Oshana, Oshikoto & Ohangwena","SSP585_2050","Without_Intervention","SSP585_2050_Without_Intervention",783196.499598643,-44357.3942590483,-5.6636354071781,738839,-44357
"Black rhinoceros","Browser","Shrub_Browser",1000,9125,253863347.120831,27820.640780365,"Forage-limited potential carrying capacity","Estimated",1422473.1935077,91.0463462725747,0.00640056675149442,"Cluster","Cluster_5","Cluster D — Omusati, Oshana, Oshikoto & Ohangwena","SSP585_2050","Without_Intervention","SSP585_2050_Without_Intervention",28810.2263127114,-989.585532346377,-3.43484123173917,27821,-990
"Black-backed Jackal","Carnivore","Carnivore",8.5,,,,"Prey biomass required - not estimated from forage","Not estimated: requires local preferred-prey biomass/density data",1422473.1935077,91.0463462725747,0.00640056675149442,"Cluster","Cluster_5","Cluster D — Omusati, Oshana, Oshikoto & Ohangwena","SSP585_2050","Without_Intervention","SSP585_2050_Without_Intervention",,,,,
"Black-faced Impala","Mixed","Mixed_Open",50,456.25,256768066.191278,562779.323158966,"Forage-limited potential carrying capacity","Estimated",1422473.1935077,91.0463462725747,0.00640056675149442,"Cluster","Cluster_5","Cluster D — Omusati, Oshana, Oshikoto & Ohangwena","SSP585_2050","Without_Intervention","SSP585_2050_Without_Intervention",595696.659539816,-32917.3363808494,-5.52585545909868,562779,-32917
"Blue wildebeest","Grazer","General_Grazer",220,2007.5,216080695.789389,107636.710231327,"Forage-limited potential carrying capacity","Estimated",1422473.1935077,91.0463462725747,0.00640056675149442,"Cluster","Cluster_5","Cluster D — Omusati, Oshana, Oshikoto & Ohangwena","SSP585_2050","Without_Intervention","SSP585_2050_Without_Intervention",115479.607571885,-7842.89734055797,-6.79158641552869,107637,-7843
"Buffalo","Grazer","General_Grazer",500,4562.5,216080695.789389,47360.1525017838,"Forage-limited potential carrying capacity","Estimated",1422473.1935077,91.0463462725747,0.00640056675149442,"Cluster","Cluster_5","Cluster D — Omusati, Oshana, Oshikoto & Ohangwena","SSP585_2050","Without_Intervention","SSP585_2050_Without_Intervention",50811.0273316293,-3450.87482984551,-6.79158641552869,47360,-3451
"Burchell's zebra","Grazer","General_Grazer",320,2920,216080695.789389,74000.2382840372,"Forage-limited potential carrying capacity","Estimated",1422473.1935077,91.0463462725747,0.00640056675149442,"Cluster","Cluster_5","Cluster D — Omusati, Oshana, Oshikoto & Ohangwena","SSP585_2050","Without_Intervention","SSP585_2050_Without_Intervention",79392.2302056708,-5391.99192163361,-6.7915864155287,74000,-5392
"Bushpig","Omnivore","Omnivore",60,547.5,161805764.069371,295535.642135838,"Forage-limited potential carrying capacity","Estimated",1422473.1935077,91.0463462725747,0.00640056675149442,"Cluster","Cluster_5","Cluster D — Omusati, Oshana, Oshikoto & Ohangwena","SSP585_2050","Without_Intervention","SSP585_2050_Without_Intervention",313278.599839457,-17742.9577036193,-5.66363540717809,295536,-17743
"Cheetah","Carnivore","Carnivore",45,,,,"Prey biomass required - not estimated from forage","Not estimated: requires local preferred-prey biomass/density data",1422473.1935077,91.0463462725747,0.00640056675149442,"Cluster","Cluster_5","Cluster D — Omusati, Oshana, Oshikoto & Ohangwena","SSP585_2050","Without_Intervention","SSP585_2050_Without_Intervention",,,,,
"Damara dik dik","Browser","Shrub_Browser",5,45.625,253863347.120831,5564128.156073,"Forage-limited potential carrying capacity","Estimated",1422473.1935077,91.0463462725747,0.00640056675149442,"Cluster","Cluster_5","Cluster D — Omusati, Oshana, Oshikoto & Ohangwena","SSP585_2050","Without_Intervention","SSP585_2050_Without_Intervention",5762045.26254227,-197917.106469275,-3.43484123173917,5564128,-197917
"Duiker","Browser","Woodland_Browser",17.5,159.6875,213918932.261169,1339609.75192905,"Forage-limited potential carrying capacity","Estimated",1422473.1935077,91.0463462725747,0.00640056675149442,"Cluster","Cluster_5","Cluster D — Omusati, Oshana, Oshikoto & Ohangwena","SSP585_2050","Without_Intervention","SSP585_2050_Without_Intervention",1392356.38512432,-52746.6331952752,-3.788299731219,1339610,-52747
"Eland","Mixed","Mixed_Open",500,4562.5,256768066.191278,56277.9323158966,"Forage-limited potential carrying capacity","Estimated",1422473.1935077,91.0463462725747,0.00640056675149442,"Cluster","Cluster_5","Cluster D — Omusati, Oshana, Oshikoto & Ohangwena","SSP585_2050","Without_Intervention","SSP585_2050_Without_Intervention",59569.6659539816,-3291.73363808492,-5.52585545909866,56278,-3292
"Elephant","Mixed","Large_Mixed",3500,31937.5,245325412.08637,7681.421904857,"Forage-limited potential carrying capacity","Estimated",1422473.1935077,91.0463462725747,0.00640056675149442,"Cluster","Cluster_5","Cluster D — Omusati, Oshana, Oshikoto & Ohangwena","SSP585_2050","Without_Intervention","SSP585_2050_Without_Intervention",8065.78314837636,-384.361243519368,-4.76533073662834,7681,-384
"Gemsbok","Mixed","Arid_Mixed",210,1916.25,249573018.308469,130240.322665868,"Forage-limited potential carrying capacity","Estimated",1422473.1935077,91.0463462725747,0.00640056675149442,"Cluster","Cluster_5","Cluster D — Omusati, Oshana, Oshikoto & Ohangwena","SSP585_2050","Without_Intervention","SSP585_2050_Without_Intervention",137314.707455286,-7074.38478941855,-5.15194979512458,130240,-7074
"Giraffe","Browser","Woodland_Browser",850,7756.25,213918932.261169,27580.2007750098,"Forage-limited potential carrying capacity","Estimated",1422473.1935077,91.0463462725747,0.00640056675149442,"Cluster","Cluster_5","Cluster D — Omusati, Oshana, Oshikoto & Ohangwena","SSP585_2050","Without_Intervention","SSP585_2050_Without_Intervention",28666.1608702066,-1085.96009519684,-3.78829973121899,27580,-1086
"Hartmann's zebra","Grazer","Arid_Grazer",280,2555,218036262.922304,85337.0892063813,"Forage-limited potential carrying capacity","Estimated",1422473.1935077,91.0463462725747,0.00640056675149442,"Cluster","Cluster_5","Cluster D — Omusati, Oshana, Oshikoto & Ohangwena","SSP585_2050","Without_Intervention","SSP585_2050_Without_Intervention",90698.3305757486,-5361.24136936723,-5.91106951509949,85337,-5361
"Hippopotamus","Grazer","Wetland_Grazer",1400,12775,84325562.8659423,6600.82683882132,"Forage-limited potential carrying capacity","Estimated",1422473.1935077,91.0463462725747,0.00640056675149442,"Cluster","Cluster_5","Cluster D — Omusati, Oshana, Oshikoto & Ohangwena","SSP585_2050","Without_Intervention","SSP585_2050_Without_Intervention",7173.25266099403,-572.425822172716,-7.98000362214192,6601,-572
"Impala","Mixed","Mixed_Open",50,456.25,256768066.191278,562779.323158966,"Forage-limited potential carrying capacity","Estimated",1422473.1935077,91.0463462725747,0.00640056675149442,"Cluster","Cluster_5","Cluster D — Omusati, Oshana, Oshikoto & Ohangwena","SSP585_2050","Without_Intervention","SSP585_2050_Without_Intervention",595696.659539816,-32917.3363808494,-5.52585545909868,562779,-32917
"Klipspringer","Browser","Rocky_Browser",11,100.375,190392085.23006,1896807.82296449,"Forage-limited potential carrying capacity","Estimated",1422473.1935077,91.0463462725747,0.00640056675149442,"Cluster","Cluster_5","Cluster D — Omusati, Oshana, Oshikoto & Ohangwena","SSP585_2050","Without_Intervention","SSP585_2050_Without_Intervention",1961016.77568894,-64208.9527244547,-3.27426840608729,1896808,-64209
"Kudu","Browser","Woodland_Browser",190,1733.75,213918932.261169,123385.108730307,"Forage-limited potential carrying capacity","Estimated",1422473.1935077,91.0463462725747,0.00640056675149442,"Cluster","Cluster_5","Cluster D — Omusati, Oshana, Oshikoto & Ohangwena","SSP585_2050","Without_Intervention","SSP585_2050_Without_Intervention",128243.351261451,-4858.24253114375,-3.78829973121899,123385,-4858
"Leopard","Carnivore","Carnivore",50,,,,"Prey biomass required - not estimated from forage","Not estimated: requires local preferred-prey biomass/density data",1422473.1935077,91.0463462725747,0.00640056675149442,"Cluster","Cluster_5","Cluster D — Omusati, Oshana, Oshikoto & Ohangwena","SSP585_2050","Without_Intervention","SSP585_2050_Without_Intervention",,,,,
"Ostrich","Mixed","Mixed_Open",100,912.5,256768066.191278,281389.661579483,"Forage-limited potential carrying capacity","Estimated",1422473.1935077,91.0463462725747,0.00640056675149442,"Cluster","Cluster_5","Cluster D — Omusati, Oshana, Oshikoto & Ohangwena","SSP585_2050","Without_Intervention","SSP585_2050_Without_Intervention",297848.329769908,-16458.6681904247,-5.52585545909868,281390,-16459
"Red Hartebeest","Grazer","General_Grazer",150,1368.75,216080695.789389,157867.175005946,"Forage-limited potential carrying capacity","Estimated",1422473.1935077,91.0463462725747,0.00640056675149442,"Cluster","Cluster_5","Cluster D — Omusati, Oshana, Oshikoto & Ohangwena","SSP585_2050","Without_Intervention","SSP585_2050_Without_Intervention",169370.091105431,-11502.916099485,-6.79158641552868,157867,-11503
"Red Lechwe","Grazer","Wetland_Grazer",80,730,84325562.8659423,115514.469679373,"Forage-limited potential carrying capacity","Estimated",1422473.1935077,91.0463462725747,0.00640056675149442,"Cluster","Cluster_5","Cluster D — Omusati, Oshana, Oshikoto & Ohangwena","SSP585_2050","Without_Intervention","SSP585_2050_Without_Intervention",125531.921567396,-10017.4518880225,-7.98000362214192,115514,-10017
"Reedbuck","Grazer","Wetland_Grazer",45,410.625,84325562.8659423,205359.057207774,"Forage-limited potential carrying capacity","Estimated",1422473.1935077,91.0463462725747,0.00640056675149442,"Cluster","Cluster_5","Cluster D — Omusati, Oshana, Oshikoto & Ohangwena","SSP585_2050","Without_Intervention","SSP585_2050_Without_Intervention",223167.860564259,-17808.8033564845,-7.98000362214192,205359,-17809
"Roan","Grazer","General_Grazer",240,2190,216080695.789389,98666.9843787163,"Forage-limited potential carrying capacity","Estimated",1422473.1935077,91.0463462725747,0.00640056675149442,"Cluster","Cluster_5","Cluster D — Omusati, Oshana, Oshikoto & Ohangwena","SSP585_2050","Without_Intervention","SSP585_2050_Without_Intervention",105856.306940894,-7189.32256217813,-6.79158641552868,98667,-7189
"Sable","Grazer","General_Grazer",200,1825,216080695.789389,118400.38125446,"Forage-limited potential carrying capacity","Estimated",1422473.1935077,91.0463462725747,0.00640056675149442,"Cluster","Cluster_5","Cluster D — Omusati, Oshana, Oshikoto & Ohangwena","SSP585_2050","Without_Intervention","SSP585_2050_Without_Intervention",127027.568329073,-8627.18707461376,-6.79158641552868,118400,-8627
"Spotted Hyaena","Carnivore","Carnivore",55,,,,"Prey biomass required - not estimated from forage","Not estimated: requires local preferred-prey biomass/density data",1422473.1935077,91.0463462725747,0.00640056675149442,"Cluster","Cluster_5","Cluster D — Omusati, Oshana, Oshikoto & Ohangwena","SSP585_2050","Without_Intervention","SSP585_2050_Without_Intervention",,,,,
"Springbok","Grazer","Arid_Grazer",38,346.75,218036262.922304,628799.604678599,"Forage-limited potential carrying capacity","Estimated",1422473.1935077,91.0463462725747,0.00640056675149442,"Cluster","Cluster_5","Cluster D — Omusati, Oshana, Oshikoto & Ohangwena","SSP585_2050","Without_Intervention","SSP585_2050_Without_Intervention",668303.488452884,-39503.8837742849,-5.91106951509949,628800,-39504
"Steenbok","Browser","Shrub_Browser",10,91.25,253863347.120831,2782064.0780365,"Forage-limited potential carrying capacity","Estimated",1422473.1935077,91.0463462725747,0.00640056675149442,"Cluster","Cluster_5","Cluster D — Omusati, Oshana, Oshikoto & Ohangwena","SSP585_2050","Without_Intervention","SSP585_2050_Without_Intervention",2881022.63127114,-98958.5532346377,-3.43484123173917,2782064,-98959
"Vervet monkey","Omnivore","Omnivore",5,45.625,161805764.069371,3546427.70563006,"Forage-limited potential carrying capacity","Estimated",1422473.1935077,91.0463462725747,0.00640056675149442,"Cluster","Cluster_5","Cluster D — Omusati, Oshana, Oshikoto & Ohangwena","SSP585_2050","Without_Intervention","SSP585_2050_Without_Intervention",3759343.19807349,-212915.492443432,-5.6636354071781,3546428,-212915
"Warthog","Grazer","General_Grazer",70,638.75,216080695.789389,338286.80358417,"Forage-limited potential carrying capacity","Estimated",1422473.1935077,91.0463462725747,0.00640056675149442,"Cluster","Cluster_5","Cluster D — Omusati, Oshana, Oshikoto & Ohangwena","SSP585_2050","Without_Intervention","SSP585_2050_Without_Intervention",362935.909511638,-24649.1059274679,-6.79158641552868,338287,-24649
"Baboon","Omnivore","Omnivore",24,219,40888824.4112137,186706.960781798,"Forage-limited potential carrying capacity","Estimated",797331.445462821,0,0,"Cluster","Cluster_6","Cluster F —    //Karas,Hardap","SSP585_2050","Without_Intervention","SSP585_2050_Without_Intervention",220657.268463603,-33950.307681805,-15.3859910975038,186707,-33950
"Black rhinoceros","Browser","Shrub_Browser",1000,9125,41562867.0691014,4554.83474729879,"Forage-limited potential carrying capacity","Estimated",797331.445462821,0,0,"Cluster","Cluster_6","Cluster F —    //Karas,Hardap","SSP585_2050","Without_Intervention","SSP585_2050_Without_Intervention",5609.42788806347,-1054.59314076468,-18.8003689825266,4555,-1055
"Black-backed Jackal","Carnivore","Carnivore",8.5,,,,"Prey biomass required - not estimated from forage","Not estimated: requires local preferred-prey biomass/density data",797331.445462821,0,0,"Cluster","Cluster_6","Cluster F —    //Karas,Hardap","SSP585_2050","Without_Intervention","SSP585_2050_Without_Intervention",,,,,
"Black-faced Impala","Mixed","Mixed_Open",50,456.25,81329542.9390534,178256.532469158,"Forage-limited potential carrying capacity","Estimated",797331.445462821,0,0,"Cluster","Cluster_6","Cluster F —    //Karas,Hardap","SSP585_2050","Without_Intervention","SSP585_2050_Without_Intervention",207400.497538045,-29143.9650688864,-14.0520227361269,178257,-29144
"Blue wildebeest","Grazer","General_Grazer",220,2007.5,91049984.7140946,45354.9114391505,"Forage-limited potential carrying capacity","Estimated",797331.445462821,0,0,"Cluster","Cluster_6","Cluster F —    //Karas,Hardap","SSP585_2050","Without_Intervention","SSP585_2050_Without_Intervention",51921.408368843,-6566.49692969248,-12.6469930920304,45355,-6566
"Buffalo","Grazer","General_Grazer",500,4562.5,91049984.7140946,19956.1610332262,"Forage-limited potential carrying capacity","Estimated",797331.445462821,0,0,"Cluster","Cluster_6","Cluster F —    //Karas,Hardap","SSP585_2050","Without_Intervention","SSP585_2050_Without_Intervention",22845.4196822909,-2889.25864906469,-12.6469930920304,19956,-2889
"Burchell's zebra","Grazer","General_Grazer",320,2920,91049984.7140946,31181.501614416,"Forage-limited potential carrying capacity","Estimated",797331.445462821,0,0,"Cluster","Cluster_6","Cluster F —    //Karas,Hardap","SSP585_2050","Without_Intervention","SSP585_2050_Without_Intervention",35695.9682535795,-4514.46663916358,-12.6469930920304,31182,-4514
"Bushpig","Omnivore","Omnivore",60,547.5,40888824.4112137,74682.7843127191,"Forage-limited potential carrying capacity","Estimated",797331.445462821,0,0,"Cluster","Cluster_6","Cluster F —    //Karas,Hardap","SSP585_2050","Without_Intervention","SSP585_2050_Without_Intervention",88262.9073854411,-13580.123072722,-15.3859910975038,74683,-13580
"Cheetah","Carnivore","Carnivore",45,,,,"Prey biomass required - not estimated from forage","Not estimated: requires local preferred-prey biomass/density data",797331.445462821,0,0,"Cluster","Cluster_6","Cluster F —    //Karas,Hardap","SSP585_2050","Without_Intervention","SSP585_2050_Without_Intervention",,,,,
"Damara dik dik","Browser","Shrub_Browser",5,45.625,41562867.0691014,910966.949459757,"Forage-limited potential carrying capacity","Estimated",797331.445462821,0,0,"Cluster","Cluster_6","Cluster F —    //Karas,Hardap","SSP585_2050","Without_Intervention","SSP585_2050_Without_Intervention",1121885.57761269,-210918.628152936,-18.8003689825266,910967,-210919
"Duiker","Browser","Woodland_Browser",17.5,159.6875,31164614.9705188,195160.015470959,"Forage-limited potential carrying capacity","Estimated",797331.445462821,0,0,"Cluster","Cluster_6","Cluster F —    //Karas,Hardap","SSP585_2050","Without_Intervention","SSP585_2050_Without_Intervention",244525.938978847,-49365.9235078879,-20.1884199746017,195160,-49366
"Eland","Mixed","Mixed_Open",500,4562.5,81329542.9390534,17825.6532469158,"Forage-limited potential carrying capacity","Estimated",797331.445462821,0,0,"Cluster","Cluster_6","Cluster F —    //Karas,Hardap","SSP585_2050","Without_Intervention","SSP585_2050_Without_Intervention",20740.0497538045,-2914.39650688864,-14.0520227361269,17826,-2914
"Elephant","Mixed","Large_Mixed",3500,31937.5,64408655.1911886,2016.70936019377,"Forage-limited potential carrying capacity","Estimated",797331.445462821,0,0,"Cluster","Cluster_6","Cluster F —    //Karas,Hardap","SSP585_2050","Without_Intervention","SSP585_2050_Without_Intervention",2375.29866877352,-358.589308579746,-15.0965987264626,2017,-359
"Gemsbok","Mixed","Arid_Mixed",210,1916.25,82631462.1972299,43121.4414597416,"Forage-limited potential carrying capacity","Estimated",797331.445462821,0,0,"Cluster","Cluster_6","Cluster F —    //Karas,Hardap","SSP585_2050","Without_Intervention","SSP585_2050_Without_Intervention",49887.1210865332,-6765.67962679156,-13.5619764769668,43121,-6766
"Giraffe","Browser","Woodland_Browser",850,7756.25,31164614.9705188,4018.00031851975,"Forage-limited potential carrying capacity","Estimated",797331.445462821,0,0,"Cluster","Cluster_6","Cluster F —    //Karas,Hardap","SSP585_2050","Without_Intervention","SSP585_2050_Without_Intervention",5034.35756721156,-1016.35724869181,-20.1884199746017,4018,-1016
"Hartmann's zebra","Grazer","Arid_Grazer",280,2555,87495450.7504041,34244.7948142482,"Forage-limited potential carrying capacity","Estimated",797331.445462821,0,0,"Cluster","Cluster_6","Cluster F —    //Karas,Hardap","SSP585_2050","Without_Intervention","SSP585_2050_Without_Intervention",39167.9360256571,-4923.14121140887,-12.5693148808861,34245,-4923
"Hippopotamus","Grazer","Wetland_Grazer",1400,12775,38315127.2200897,2999.22717965477,"Forage-limited potential carrying capacity","Estimated",797331.445462821,0,0,"Cluster","Cluster_6","Cluster F —    //Karas,Hardap","SSP585_2050","Without_Intervention","SSP585_2050_Without_Intervention",3426.32087247397,-427.093692819197,-12.4650816054719,2999,-427
"Impala","Mixed","Mixed_Open",50,456.25,81329542.9390534,178256.532469158,"Forage-limited potential carrying capacity","Estimated",797331.445462821,0,0,"Cluster","Cluster_6","Cluster F —    //Karas,Hardap","SSP585_2050","Without_Intervention","SSP585_2050_Without_Intervention",207400.497538045,-29143.9650688864,-14.0520227361269,178257,-29144
"Klipspringer","Browser","Rocky_Browser",11,100.375,38624906.7087388,384806.04442081,"Forage-limited potential carrying capacity","Estimated",797331.445462821,0,0,"Cluster","Cluster_6","Cluster F —    //Karas,Hardap","SSP585_2050","Without_Intervention","SSP585_2050_Without_Intervention",459420.602506524,-74614.5580857143,-16.2410126316994,384806,-74615
"Kudu","Browser","Woodland_Browser",190,1733.75,31164614.9705188,17975.2645828515,"Forage-limited potential carrying capacity","Estimated",797331.445462821,0,0,"Cluster","Cluster_6","Cluster F —    //Karas,Hardap","SSP585_2050","Without_Intervention","SSP585_2050_Without_Intervention",22522.125958578,-4546.86137572652,-20.1884199746017,17975,-4547
"Leopard","Carnivore","Carnivore",50,,,,"Prey biomass required - not estimated from forage","Not estimated: requires local preferred-prey biomass/density data",797331.445462821,0,0,"Cluster","Cluster_6","Cluster F —    //Karas,Hardap","SSP585_2050","Without_Intervention","SSP585_2050_Without_Intervention",,,,,
"Ostrich","Mixed","Mixed_Open",100,912.5,81329542.9390534,89128.2662345791,"Forage-limited potential carrying capacity","Estimated",797331.445462821,0,0,"Cluster","Cluster_6","Cluster F —    //Karas,Hardap","SSP585_2050","Without_Intervention","SSP585_2050_Without_Intervention",103700.248769022,-14571.9825344432,-14.0520227361269,89128,-14572
"Red Hartebeest","Grazer","General_Grazer",150,1368.75,91049984.7140946,66520.5367774207,"Forage-limited potential carrying capacity","Estimated",797331.445462821,0,0,"Cluster","Cluster_6","Cluster F —    //Karas,Hardap","SSP585_2050","Without_Intervention","SSP585_2050_Without_Intervention",76151.3989409697,-9630.86216354897,-12.6469930920304,66521,-9631
"Red Lechwe","Grazer","Wetland_Grazer",80,730,38315127.2200897,52486.4756439585,"Forage-limited potential carrying capacity","Estimated",797331.445462821,0,0,"Cluster","Cluster_6","Cluster F —    //Karas,Hardap","SSP585_2050","Without_Intervention","SSP585_2050_Without_Intervention",59960.6152682945,-7474.13962433595,-12.4650816054719,52486,-7474
"Reedbuck","Grazer","Wetland_Grazer",45,410.625,38315127.2200897,93309.290033704,"Forage-limited potential carrying capacity","Estimated",797331.445462821,0,0,"Cluster","Cluster_6","Cluster F —    //Karas,Hardap","SSP585_2050","Without_Intervention","SSP585_2050_Without_Intervention",106596.649365857,-13287.3593321528,-12.4650816054719,93309,-13287
"Roan","Grazer","General_Grazer",240,2190,91049984.7140946,41575.335485888,"Forage-limited potential carrying capacity","Estimated",797331.445462821,0,0,"Cluster","Cluster_6","Cluster F —    //Karas,Hardap","SSP585_2050","Without_Intervention","SSP585_2050_Without_Intervention",47594.6243381061,-6019.28885221811,-12.6469930920304,41575,-6019
"Sable","Grazer","General_Grazer",200,1825,91049984.7140946,49890.4025830655,"Forage-limited potential carrying capacity","Estimated",797331.445462821,0,0,"Cluster","Cluster_6","Cluster F —    //Karas,Hardap","SSP585_2050","Without_Intervention","SSP585_2050_Without_Intervention",57113.5492057273,-7223.14662266173,-12.6469930920304,49890,-7223
"Spotted Hyaena","Carnivore","Carnivore",55,,,,"Prey biomass required - not estimated from forage","Not estimated: requires local preferred-prey biomass/density data",797331.445462821,0,0,"Cluster","Cluster_6","Cluster F —    //Karas,Hardap","SSP585_2050","Without_Intervention","SSP585_2050_Without_Intervention",,,,,
"Springbok","Grazer","Arid_Grazer",38,346.75,87495450.7504041,252330.067052355,"Forage-limited potential carrying capacity","Estimated",797331.445462821,0,0,"Cluster","Cluster_6","Cluster F —    //Karas,Hardap","SSP585_2050","Without_Intervention","SSP585_2050_Without_Intervention",288605.844399578,-36275.7773472233,-12.5693148808861,252330,-36276
"Steenbok","Browser","Shrub_Browser",10,91.25,41562867.0691014,455483.474729879,"Forage-limited potential carrying capacity","Estimated",797331.445462821,0,0,"Cluster","Cluster_6","Cluster F —    //Karas,Hardap","SSP585_2050","Without_Intervention","SSP585_2050_Without_Intervention",560942.788806347,-105459.314076468,-18.8003689825266,455483,-105459
"Vervet monkey","Omnivore","Omnivore",5,45.625,40888824.4112137,896193.411752629,"Forage-limited potential carrying capacity","Estimated",797331.445462821,0,0,"Cluster","Cluster_6","Cluster F —    //Karas,Hardap","SSP585_2050","Without_Intervention","SSP585_2050_Without_Intervention",1059154.88862529,-162961.476872664,-15.3859910975038,896193,-162961
"Warthog","Grazer","General_Grazer",70,638.75,91049984.7140946,142544.007380187,"Forage-limited potential carrying capacity","Estimated",797331.445462821,0,0,"Cluster","Cluster_6","Cluster F —    //Karas,Hardap","SSP585_2050","Without_Intervention","SSP585_2050_Without_Intervention",163181.569159221,-20637.5617790335,-12.6469930920304,142544,-20638
"Baboon","Omnivore","Omnivore",24,219,152885279.572782,698106.299419098,"Forage-limited potential carrying capacity","Estimated",2738207.08076389,0,0,"Cluster","Cluster_1","Cluster A — South, Kunene South & Erongo","SSP585_2050","With_Intervention","SSP585_2050_With_Intervention",477431.876110126,220674.423308972,46.2211331817465,698106,220674
"Black rhinoceros","Browser","Shrub_Browser",1000,9125,166710834.844655,18269.6805309211,"Forage-limited potential carrying capacity","Estimated",2738207.08076389,0,0,"Cluster","Cluster_1","Cluster A — South, Kunene South & Erongo","SSP585_2050","With_Intervention","SSP585_2050_With_Intervention",20045.6486354135,-1775.96810449237,-8.8596190464741,18270,-1776
"Black-backed Jackal","Carnivore","Carnivore",8.5,,,,"Prey biomass required - not estimated from forage","Not estimated: requires local preferred-prey biomass/density data",2738207.08076389,0,0,"Cluster","Cluster_1","Cluster A — South, Kunene South & Erongo","SSP585_2050","With_Intervention","SSP585_2050_With_Intervention",,,,,
"Black-faced Impala","Mixed","Mixed_Open",50,456.25,296205024.933427,649216.493004772,"Forage-limited potential carrying capacity","Estimated",2738207.08076389,0,0,"Cluster","Cluster_1","Cluster A — South, Kunene South & Erongo","SSP585_2050","With_Intervention","SSP585_2050_With_Intervention",341928.046232009,307288.446772764,89.8693307434216,649216,307288
"Blue wildebeest","Grazer","General_Grazer",220,2007.5,323044477.416972,160918.793233859,"Forage-limited potential carrying capacity","Estimated",2738207.08076389,0,0,"Cluster","Cluster_1","Cluster A — South, Kunene South & Erongo","SSP585_2050","With_Intervention","SSP585_2050_With_Intervention",60235.6133902942,100683.179843565,167.148924326863,160919,100683
"Buffalo","Grazer","General_Grazer",500,4562.5,323044477.416972,70804.2690228979,"Forage-limited potential carrying capacity","Estimated",2738207.08076389,0,0,"Cluster","Cluster_1","Cluster A — South, Kunene South & Erongo","SSP585_2050","With_Intervention","SSP585_2050_With_Intervention",26503.6698917294,44300.5991311684,167.148924326863,70804,44301
"Burchell's zebra","Grazer","General_Grazer",320,2920,323044477.416972,110631.670348278,"Forage-limited potential carrying capacity","Estimated",2738207.08076389,0,0,"Cluster","Cluster_1","Cluster A — South, Kunene South & Erongo","SSP585_2050","With_Intervention","SSP585_2050_With_Intervention",41411.9842058272,69219.6861424507,167.148924326863,110632,69220
"Bushpig","Omnivore","Omnivore",60,547.5,152885279.572782,279242.519767639,"Forage-limited potential carrying capacity","Estimated",2738207.08076389,0,0,"Cluster","Cluster_1","Cluster A — South, Kunene South & Erongo","SSP585_2050","With_Intervention","SSP585_2050_With_Intervention",190972.75044405,88269.7693235889,46.2211331817465,279243,88270
"Cheetah","Carnivore","Carnivore",45,,,,"Prey biomass required - not estimated from forage","Not estimated: requires local preferred-prey biomass/density data",2738207.08076389,0,0,"Cluster","Cluster_1","Cluster A — South, Kunene South & Erongo","SSP585_2050","With_Intervention","SSP585_2050_With_Intervention",,,,,
"Damara dik dik","Browser","Shrub_Browser",5,45.625,166710834.844655,3653936.10618422,"Forage-limited potential carrying capacity","Estimated",2738207.08076389,0,0,"Cluster","Cluster_1","Cluster A — South, Kunene South & Erongo","SSP585_2050","With_Intervention","SSP585_2050_With_Intervention",4009129.72708269,-355193.620898474,-8.85961904647411,3653936,-355194
"Duiker","Browser","Woodland_Browser",17.5,159.6875,127061050.440133,795685.638764044,"Forage-limited potential carrying capacity","Estimated",2738207.08076389,0,0,"Cluster","Cluster_1","Cluster A — South, Kunene South & Erongo","SSP585_2050","With_Intervention","SSP585_2050_With_Intervention",889646.234001098,-93960.5952370536,-10.5615683679652,795686,-93961
"Eland","Mixed","Mixed_Open",500,4562.5,296205024.933427,64921.6493004772,"Forage-limited potential carrying capacity","Estimated",2738207.08076389,0,0,"Cluster","Cluster_1","Cluster A — South, Kunene South & Erongo","SSP585_2050","With_Intervention","SSP585_2050_With_Intervention",34192.8046232009,30728.8446772764,89.8693307434216,64922,30729
"Elephant","Mixed","Large_Mixed",3500,31937.5,240068301.379433,7516.81569876894,"Forage-limited potential carrying capacity","Estimated",2738207.08076389,0,0,"Cluster","Cluster_1","Cluster A — South, Kunene South & Erongo","SSP585_2050","With_Intervention","SSP585_2050_With_Intervention",5112.50864522573,2404.30705354321,47.0279313031275,7517,2404
"Gemsbok","Mixed","Arid_Mixed",210,1916.25,301251670.379321,157208.960406691,"Forage-limited potential carrying capacity","Estimated",2738207.08076389,0,0,"Cluster","Cluster_1","Cluster A — South, Kunene South & Erongo","SSP585_2050","With_Intervention","SSP585_2050_With_Intervention",93522.6826369575,63686.2777697334,68.0971460334975,157209,63686
"Giraffe","Browser","Woodland_Browser",850,7756.25,127061050.440133,16381.7631510244,"Forage-limited potential carrying capacity","Estimated",2738207.08076389,0,0,"Cluster","Cluster_1","Cluster A — South, Kunene South & Erongo","SSP585_2050","With_Intervention","SSP585_2050_With_Intervention",18316.2459941402,-1934.48284311581,-10.5615683679652,16382,-1934
"Hartmann's zebra","Grazer","Arid_Grazer",280,2555,313669289.724967,122766.845293529,"Forage-limited potential carrying capacity","Estimated",2738207.08076389,0,0,"Cluster","Cluster_1","Cluster A — South, Kunene South & Erongo","SSP585_2050","With_Intervention","SSP585_2050_With_Intervention",62330.7486966738,60436.0965968554,96.9603251373755,122767,60436
"Hippopotamus","Grazer","Wetland_Grazer",1400,12775,134736793.105736,10546.9113977093,"Forage-limited potential carrying capacity","Estimated",2738207.08076389,0,0,"Cluster","Cluster_1","Cluster A — South, Kunene South & Erongo","SSP585_2050","With_Intervention","SSP585_2050_With_Intervention",3030.43906859549,7516.47232911379,248.032452030043,10547,7516
"Impala","Mixed","Mixed_Open",50,456.25,296205024.933427,649216.493004772,"Forage-limited potential carrying capacity","Estimated",2738207.08076389,0,0,"Cluster","Cluster_1","Cluster A — South, Kunene South & Erongo","SSP585_2050","With_Intervention","SSP585_2050_With_Intervention",341928.046232009,307288.446772764,89.8693307434216,649216,307288
"Klipspringer","Browser","Rocky_Browser",11,100.375,151574156.553702,1510078.77014896,"Forage-limited potential carrying capacity","Estimated",2738207.08076389,0,0,"Cluster","Cluster_1","Cluster A — South, Kunene South & Erongo","SSP585_2050","With_Intervention","SSP585_2050_With_Intervention",1727101.59639763,-217022.826248675,-12.5657243732122,1510079,-217023
"Kudu","Browser","Woodland_Browser",190,1733.75,127061050.440133,73286.8351493198,"Forage-limited potential carrying capacity","Estimated",2738207.08076389,0,0,"Cluster","Cluster_1","Cluster A — South, Kunene South & Erongo","SSP585_2050","With_Intervention","SSP585_2050_With_Intervention",81941.1005001011,-8654.26535078126,-10.5615683679652,73287,-8654
"Leopard","Carnivore","Carnivore",50,,,,"Prey biomass required - not estimated from forage","Not estimated: requires local preferred-prey biomass/density data",2738207.08076389,0,0,"Cluster","Cluster_1","Cluster A — South, Kunene South & Erongo","SSP585_2050","With_Intervention","SSP585_2050_With_Intervention",,,,,
"Ostrich","Mixed","Mixed_Open",100,912.5,296205024.933427,324608.246502386,"Forage-limited potential carrying capacity","Estimated",2738207.08076389,0,0,"Cluster","Cluster_1","Cluster A — South, Kunene South & Erongo","SSP585_2050","With_Intervention","SSP585_2050_With_Intervention",170964.023116004,153644.223386382,89.8693307434216,324608,153644
"Red Hartebeest","Grazer","General_Grazer",150,1368.75,323044477.416972,236014.230076326,"Forage-limited potential carrying capacity","Estimated",2738207.08076389,0,0,"Cluster","Cluster_1","Cluster A — South, Kunene South & Erongo","SSP585_2050","With_Intervention","SSP585_2050_With_Intervention",88345.5663057648,147668.663770561,167.148924326863,236014,147669
"Red Lechwe","Grazer","Wetland_Grazer",80,730,134736793.105736,184570.949459912,"Forage-limited potential carrying capacity","Estimated",2738207.08076389,0,0,"Cluster","Cluster_1","Cluster A — South, Kunene South & Erongo","SSP585_2050","With_Intervention","SSP585_2050_With_Intervention",53032.6837004211,131538.265759491,248.032452030043,184571,131538
"Reedbuck","Grazer","Wetland_Grazer",45,410.625,134736793.105736,328126.132373178,"Forage-limited potential carrying capacity","Estimated",2738207.08076389,0,0,"Cluster","Cluster_1","Cluster A — South, Kunene South & Erongo","SSP585_2050","With_Intervention","SSP585_2050_With_Intervention",94280.3265785264,233845.805794651,248.032452030043,328126,233846
"Roan","Grazer","General_Grazer",240,2190,323044477.416972,147508.893797704,"Forage-limited potential carrying capacity","Estimated",2738207.08076389,0,0,"Cluster","Cluster_1","Cluster A — South, Kunene South & Erongo","SSP585_2050","With_Intervention","SSP585_2050_With_Intervention",55215.978941103,92292.9148566009,167.148924326863,147509,92293
"Sable","Grazer","General_Grazer",200,1825,323044477.416972,177010.672557245,"Forage-limited potential carrying capacity","Estimated",2738207.08076389,0,0,"Cluster","Cluster_1","Cluster A — South, Kunene South & Erongo","SSP585_2050","With_Intervention","SSP585_2050_With_Intervention",66259.1747293236,110751.497827921,167.148924326863,177011,110751
"Spotted Hyaena","Carnivore","Carnivore",55,,,,"Prey biomass required - not estimated from forage","Not estimated: requires local preferred-prey biomass/density data",2738207.08076389,0,0,"Cluster","Cluster_1","Cluster A — South, Kunene South & Erongo","SSP585_2050","With_Intervention","SSP585_2050_With_Intervention",,,,,
"Springbok","Grazer","Arid_Grazer",38,346.75,313669289.724967,904597.807426004,"Forage-limited potential carrying capacity","Estimated",2738207.08076389,0,0,"Cluster","Cluster_1","Cluster A — South, Kunene South & Erongo","SSP585_2050","With_Intervention","SSP585_2050_With_Intervention",459279.20092286,445318.606503145,96.9603251373755,904598,445319
"Steenbok","Browser","Shrub_Browser",10,91.25,166710834.844655,1826968.05309211,"Forage-limited potential carrying capacity","Estimated",2738207.08076389,0,0,"Cluster","Cluster_1","Cluster A — South, Kunene South & Erongo","SSP585_2050","With_Intervention","SSP585_2050_With_Intervention",2004564.86354135,-177596.810449237,-8.85961904647411,1826968,-177597
"Vervet monkey","Omnivore","Omnivore",5,45.625,152885279.572782,3350910.23721167,"Forage-limited potential carrying capacity","Estimated",2738207.08076389,0,0,"Cluster","Cluster_1","Cluster A — South, Kunene South & Erongo","SSP585_2050","With_Intervention","SSP585_2050_With_Intervention",2291673.0053286,1059237.23188307,46.2211331817465,3350910,1059237
"Warthog","Grazer","General_Grazer",70,638.75,323044477.416972,505744.778734985,"Forage-limited potential carrying capacity","Estimated",2738207.08076389,0,0,"Cluster","Cluster_1","Cluster A — South, Kunene South & Erongo","SSP585_2050","With_Intervention","SSP585_2050_With_Intervention",189311.927798067,316432.850936917,167.148924326863,505745,316433
"Baboon","Omnivore","Omnivore",24,219,89244639.1748222,407509.767921563,"Forage-limited potential carrying capacity","Estimated",783233.539348635,205.408890584251,0.0262257526350412,"Cluster","Cluster_2","Cluster C — Kavango East, Kavango West & Zambezi","SSP585_2050","With_Intervention","SSP585_2050_With_Intervention",432975.3361786,-25465.5682570376,-5.88152860663943,407510,-25466
"Black rhinoceros","Browser","Shrub_Browser",1000,9125,123780049.332006,13564.9369130966,"Forage-limited potential carrying capacity","Estimated",783233.539348635,205.408890584251,0.0262257526350412,"Cluster","Cluster_2","Cluster C — Kavango East, Kavango West & Zambezi","SSP585_2050","With_Intervention","SSP585_2050_With_Intervention",15761.9166234691,-2196.97971037253,-13.9385314797395,13565,-2197
"Black-backed Jackal","Carnivore","Carnivore",8.5,,,,"Prey biomass required - not estimated from forage","Not estimated: requires local preferred-prey biomass/density data",783233.539348635,205.408890584251,0.0262257526350412,"Cluster","Cluster_2","Cluster C — Kavango East, Kavango West & Zambezi","SSP585_2050","With_Intervention","SSP585_2050_With_Intervention",,,,,
"Black-faced Impala","Mixed","Mixed_Open",50,456.25,119689756.502089,262333.712881292,"Forage-limited potential carrying capacity","Estimated",783233.539348635,205.408890584251,0.0262257526350412,"Cluster","Cluster_2","Cluster C — Kavango East, Kavango West & Zambezi","SSP585_2050","With_Intervention","SSP585_2050_With_Intervention",267943.34193654,-5609.62905524787,-2.09358777669365,262334,-5610
"Blue wildebeest","Grazer","General_Grazer",220,2007.5,102170167.166962,50894.2302201553,"Forage-limited potential carrying capacity","Estimated",783233.539348635,205.408890584251,0.0262257526350412,"Cluster","Cluster_2","Cluster C — Kavango East, Kavango West & Zambezi","SSP585_2050","With_Intervention","SSP585_2050_With_Intervention",47602.2485300159,3291.98169013943,6.91560124111291,50894,3292
"Buffalo","Grazer","General_Grazer",500,4562.5,102170167.166962,22393.4612968683,"Forage-limited potential carrying capacity","Estimated",783233.539348635,205.408890584251,0.0262257526350412,"Cluster","Cluster_2","Cluster C — Kavango East, Kavango West & Zambezi","SSP585_2050","With_Intervention","SSP585_2050_With_Intervention",20944.989353207,1448.47194366135,6.91560124111291,22393,1448
"Burchell's zebra","Grazer","General_Grazer",320,2920,102170167.166962,34989.7832763568,"Forage-limited potential carrying capacity","Estimated",783233.539348635,205.408890584251,0.0262257526350412,"Cluster","Cluster_2","Cluster C — Kavango East, Kavango West & Zambezi","SSP585_2050","With_Intervention","SSP585_2050_With_Intervention",32726.5458643859,2263.23741197086,6.91560124111292,34990,2263
"Bushpig","Omnivore","Omnivore",60,547.5,89244639.1748222,163003.907168625,"Forage-limited potential carrying capacity","Estimated",783233.539348635,205.408890584251,0.0262257526350412,"Cluster","Cluster_2","Cluster C — Kavango East, Kavango West & Zambezi","SSP585_2050","With_Intervention","SSP585_2050_With_Intervention",173190.13447144,-10186.227302815,-5.88152860663943,163004,-10186
"Cheetah","Carnivore","Carnivore",45,,,,"Prey biomass required - not estimated from forage","Not estimated: requires local preferred-prey biomass/density data",783233.539348635,205.408890584251,0.0262257526350412,"Cluster","Cluster_2","Cluster C — Kavango East, Kavango West & Zambezi","SSP585_2050","With_Intervention","SSP585_2050_With_Intervention",,,,,
"Damara dik dik","Browser","Shrub_Browser",5,45.625,123780049.332006,2712987.38261932,"Forage-limited potential carrying capacity","Estimated",783233.539348635,205.408890584251,0.0262257526350412,"Cluster","Cluster_2","Cluster C — Kavango East, Kavango West & Zambezi","SSP585_2050","With_Intervention","SSP585_2050_With_Intervention",3152383.32469382,-439395.942074506,-13.9385314797394,2712987,-439396
"Duiker","Browser","Woodland_Browser",17.5,159.6875,124010226.437216,776580.674362211,"Forage-limited potential carrying capacity","Estimated",783233.539348635,205.408890584251,0.0262257526350412,"Cluster","Cluster_2","Cluster C — Kavango East, Kavango West & Zambezi","SSP585_2050","With_Intervention","SSP585_2050_With_Intervention",856885.54192539,-80304.8675631788,-9.37171461461898,776581,-80305
"Eland","Mixed","Mixed_Open",500,4562.5,119689756.502089,26233.3712881292,"Forage-limited potential carrying capacity","Estimated",783233.539348635,205.408890584251,0.0262257526350412,"Cluster","Cluster_2","Cluster C — Kavango East, Kavango West & Zambezi","SSP585_2050","With_Intervention","SSP585_2050_With_Intervention",26794.334193654,-560.962905524786,-2.09358777669365,26233,-561
"Elephant","Mixed","Large_Mixed",3500,31937.5,122745756.325854,3843.31135266862,"Forage-limited potential carrying capacity","Estimated",783233.539348635,205.408890584251,0.0262257526350412,"Cluster","Cluster_2","Cluster C — Kavango East, Kavango West & Zambezi","SSP585_2050","With_Intervention","SSP585_2050_With_Intervention",4090.71341347623,-247.402060807608,-6.04789521535729,3843,-247
"Gemsbok","Mixed","Arid_Mixed",210,1916.25,100861477.557246,52634.8219476821,"Forage-limited potential carrying capacity","Estimated",783233.539348635,205.408890584251,0.0262257526350412,"Cluster","Cluster_2","Cluster C — Kavango East, Kavango West & Zambezi","SSP585_2050","With_Intervention","SSP585_2050_With_Intervention",55225.3366752983,-2590.51472761619,-4.69080839261754,52635,-2591
"Giraffe","Browser","Woodland_Browser",850,7756.25,124010226.437216,15988.4256486338,"Forage-limited potential carrying capacity","Estimated",783233.539348635,205.408890584251,0.0262257526350412,"Cluster","Cluster_2","Cluster C — Kavango East, Kavango West & Zambezi","SSP585_2050","With_Intervention","SSP585_2050_With_Intervention",17641.7611572874,-1653.33550865368,-9.37171461461897,15988,-1653
"Hartmann's zebra","Grazer","Arid_Grazer",280,2555,86097051.9233548,33697.4762909412,"Forage-limited potential carrying capacity","Estimated",783233.539348635,205.408890584251,0.0262257526350412,"Cluster","Cluster_2","Cluster C — Kavango East, Kavango West & Zambezi","SSP585_2050","With_Intervention","SSP585_2050_With_Intervention",33179.1938712978,518.28241964343,1.56207056040557,33697,518
"Hippopotamus","Grazer","Wetland_Grazer",1400,12775,72781028.9234618,5697.14512121032,"Forage-limited potential carrying capacity","Estimated",783233.539348635,205.408890584251,0.0262257526350412,"Cluster","Cluster_2","Cluster C — Kavango East, Kavango West & Zambezi","SSP585_2050","With_Intervention","SSP585_2050_With_Intervention",5386.07188484953,311.073236360792,5.77551215452229,5697,311
"Impala","Mixed","Mixed_Open",50,456.25,119689756.502089,262333.712881292,"Forage-limited potential carrying capacity","Estimated",783233.539348635,205.408890584251,0.0262257526350412,"Cluster","Cluster_2","Cluster C — Kavango East, Kavango West & Zambezi","SSP585_2050","With_Intervention","SSP585_2050_With_Intervention",267943.34193654,-5609.62905524787,-2.09358777669365,262334,-5610
"Klipspringer","Browser","Rocky_Browser",11,100.375,88786214.8155602,884545.104015544,"Forage-limited potential carrying capacity","Estimated",783233.539348635,205.408890584251,0.0262257526350412,"Cluster","Cluster_2","Cluster C — Kavango East, Kavango West & Zambezi","SSP585_2050","With_Intervention","SSP585_2050_With_Intervention",1039014.42889579,-154469.32488025,-14.8669085418199,884545,-154469
"Kudu","Browser","Woodland_Browser",190,1733.75,124010226.437216,71527.1673754668,"Forage-limited potential carrying capacity","Estimated",783233.539348635,205.408890584251,0.0262257526350412,"Cluster","Cluster_2","Cluster C — Kavango East, Kavango West & Zambezi","SSP585_2050","With_Intervention","SSP585_2050_With_Intervention",78923.6683352333,-7396.50095976646,-9.37171461461897,71527,-7397
"Leopard","Carnivore","Carnivore",50,,,,"Prey biomass required - not estimated from forage","Not estimated: requires local preferred-prey biomass/density data",783233.539348635,205.408890584251,0.0262257526350412,"Cluster","Cluster_2","Cluster C — Kavango East, Kavango West & Zambezi","SSP585_2050","With_Intervention","SSP585_2050_With_Intervention",,,,,
"Ostrich","Mixed","Mixed_Open",100,912.5,119689756.502089,131166.856440646,"Forage-limited potential carrying capacity","Estimated",783233.539348635,205.408890584251,0.0262257526350412,"Cluster","Cluster_2","Cluster C — Kavango East, Kavango West & Zambezi","SSP585_2050","With_Intervention","SSP585_2050_With_Intervention",133971.67096827,-2804.81452762394,-2.09358777669365,131167,-2805
"Red Hartebeest","Grazer","General_Grazer",150,1368.75,102170167.166962,74644.8709895611,"Forage-limited potential carrying capacity","Estimated",783233.539348635,205.408890584251,0.0262257526350412,"Cluster","Cluster_2","Cluster C — Kavango East, Kavango West & Zambezi","SSP585_2050","With_Intervention","SSP585_2050_With_Intervention",69816.6311773566,4828.2398122045,6.91560124111291,74645,4828
"Red Lechwe","Grazer","Wetland_Grazer",80,730,72781028.9234618,99700.0396211806,"Forage-limited potential carrying capacity","Estimated",783233.539348635,205.408890584251,0.0262257526350412,"Cluster","Cluster_2","Cluster C — Kavango East, Kavango West & Zambezi","SSP585_2050","With_Intervention","SSP585_2050_With_Intervention",94256.2579848667,5443.78163631387,5.7755121545223,99700,5444
"Reedbuck","Grazer","Wetland_Grazer",45,410.625,72781028.9234618,177244.514882099,"Forage-limited potential carrying capacity","Estimated",783233.539348635,205.408890584251,0.0262257526350412,"Cluster","Cluster_2","Cluster C — Kavango East, Kavango West & Zambezi","SSP585_2050","With_Intervention","SSP585_2050_With_Intervention",167566.680861985,9677.83402011354,5.7755121545223,177245,9678
"Roan","Grazer","General_Grazer",240,2190,102170167.166962,46653.0443684757,"Forage-limited potential carrying capacity","Estimated",783233.539348635,205.408890584251,0.0262257526350412,"Cluster","Cluster_2","Cluster C — Kavango East, Kavango West & Zambezi","SSP585_2050","With_Intervention","SSP585_2050_With_Intervention",43635.3944858479,3017.64988262781,6.91560124111291,46653,3018
"Sable","Grazer","General_Grazer",200,1825,102170167.166962,55983.6532421708,"Forage-limited potential carrying capacity","Estimated",783233.539348635,205.408890584251,0.0262257526350412,"Cluster","Cluster_2","Cluster C — Kavango East, Kavango West & Zambezi","SSP585_2050","With_Intervention","SSP585_2050_With_Intervention",52362.4733830175,3621.17985915337,6.91560124111291,55984,3621
"Spotted Hyaena","Carnivore","Carnivore",55,,,,"Prey biomass required - not estimated from forage","Not estimated: requires local preferred-prey biomass/density data",783233.539348635,205.408890584251,0.0262257526350412,"Cluster","Cluster_2","Cluster C — Kavango East, Kavango West & Zambezi","SSP585_2050","With_Intervention","SSP585_2050_With_Intervention",,,,,
"Springbok","Grazer","Arid_Grazer",38,346.75,86097051.9233548,248297.193722725,"Forage-limited potential carrying capacity","Estimated",783233.539348635,205.408890584251,0.0262257526350412,"Cluster","Cluster_2","Cluster C — Kavango East, Kavango West & Zambezi","SSP585_2050","With_Intervention","SSP585_2050_With_Intervention",244478.270630615,3818.9230921095,1.56207056040557,248297,3819
"Steenbok","Browser","Shrub_Browser",10,91.25,123780049.332006,1356493.69130966,"Forage-limited potential carrying capacity","Estimated",783233.539348635,205.408890584251,0.0262257526350412,"Cluster","Cluster_2","Cluster C — Kavango East, Kavango West & Zambezi","SSP585_2050","With_Intervention","SSP585_2050_With_Intervention",1576191.66234691,-219697.971037253,-13.9385314797394,1356494,-219698
"Vervet monkey","Omnivore","Omnivore",5,45.625,89244639.1748222,1956046.8860235,"Forage-limited potential carrying capacity","Estimated",783233.539348635,205.408890584251,0.0262257526350412,"Cluster","Cluster_2","Cluster C — Kavango East, Kavango West & Zambezi","SSP585_2050","With_Intervention","SSP585_2050_With_Intervention",2078281.61365728,-122234.72763378,-5.88152860663942,1956047,-122235
"Warthog","Grazer","General_Grazer",70,638.75,102170167.166962,159953.294977631,"Forage-limited potential carrying capacity","Estimated",783233.539348635,205.408890584251,0.0262257526350412,"Cluster","Cluster_2","Cluster C — Kavango East, Kavango West & Zambezi","SSP585_2050","With_Intervention","SSP585_2050_With_Intervention",149607.066808621,10346.2281690096,6.91560124111291,159953,10346
"Baboon","Omnivore","Omnivore",24,219,673567077.025815,3075648.75354253,"Forage-limited potential carrying capacity","Estimated",5946321.81049356,2607.16219025292,0.0438449561483877,"Cluster","Cluster_3","Cluster B — Omaheke & Otjozondjupa (Central / Group 4)","SSP585_2050","With_Intervention","SSP585_2050_With_Intervention",3317051.56221577,-241402.808673236,-7.2776320821489,3075649,-241403
"Black rhinoceros","Browser","Shrub_Browser",1000,9125,624466370.052258,68434.6706906584,"Forage-limited potential carrying capacity","Estimated",5946321.81049356,2607.16219025292,0.0438449561483877,"Cluster","Cluster_3","Cluster B — Omaheke & Otjozondjupa (Central / Group 4)","SSP585_2050","With_Intervention","SSP585_2050_With_Intervention",155907.328362704,-87472.6576720456,-56.1055458974632,68435,-87473
"Black-backed Jackal","Carnivore","Carnivore",8.5,,,,"Prey biomass required - not estimated from forage","Not estimated: requires local preferred-prey biomass/density data",5946321.81049356,2607.16219025292,0.0438449561483877,"Cluster","Cluster_3","Cluster B — Omaheke & Otjozondjupa (Central / Group 4)","SSP585_2050","With_Intervention","SSP585_2050_With_Intervention",,,,,
"Black-faced Impala","Mixed","Mixed_Open",50,456.25,1373056476.86062,3009438.85339315,"Forage-limited potential carrying capacity","Estimated",5946321.81049356,2607.16219025292,0.0438449561483877,"Cluster","Cluster_3","Cluster B — Omaheke & Otjozondjupa (Central / Group 4)","SSP585_2050","With_Intervention","SSP585_2050_With_Intervention",2106256.35920855,903182.494184602,42.880938506649,3009439,903182
"Blue wildebeest","Grazer","General_Grazer",220,2007.5,1561000197.18189,777584.157998452,"Forage-limited potential carrying capacity","Estimated",5946321.81049356,2607.16219025292,0.0438449561483877,"Cluster","Cluster_3","Cluster B — Omaheke & Otjozondjupa (Central / Group 4)","SSP585_2050","With_Intervention","SSP585_2050_With_Intervention",272957.565510101,504626.592488351,184.873642005602,777584,504627
"Buffalo","Grazer","General_Grazer",500,4562.5,1561000197.18189,342137.029519319,"Forage-limited potential carrying capacity","Estimated",5946321.81049356,2607.16219025292,0.0438449561483877,"Cluster","Cluster_3","Cluster B — Omaheke & Otjozondjupa (Central / Group 4)","SSP585_2050","With_Intervention","SSP585_2050_With_Intervention",120101.328824444,222035.700694875,184.873642005602,342137,222036
"Burchell's zebra","Grazer","General_Grazer",320,2920,1561000197.18189,534589.108623936,"Forage-limited potential carrying capacity","Estimated",5946321.81049356,2607.16219025292,0.0438449561483877,"Cluster","Cluster_3","Cluster B — Omaheke & Otjozondjupa (Central / Group 4)","SSP585_2050","With_Intervention","SSP585_2050_With_Intervention",187658.326288194,346930.782335741,184.873642005602,534589,346931
"Bushpig","Omnivore","Omnivore",60,547.5,673567077.025815,1230259.50141701,"Forage-limited potential carrying capacity","Estimated",5946321.81049356,2607.16219025292,0.0438449561483877,"Cluster","Cluster_3","Cluster B — Omaheke & Otjozondjupa (Central / Group 4)","SSP585_2050","With_Intervention","SSP585_2050_With_Intervention",1326820.62488631,-96561.1234692943,-7.27763208214889,1230260,-96561
"Cheetah","Carnivore","Carnivore",45,,,,"Prey biomass required - not estimated from forage","Not estimated: requires local preferred-prey biomass/density data",5946321.81049356,2607.16219025292,0.0438449561483877,"Cluster","Cluster_3","Cluster B — Omaheke & Otjozondjupa (Central / Group 4)","SSP585_2050","With_Intervention","SSP585_2050_With_Intervention",,,,,
"Damara dik dik","Browser","Shrub_Browser",5,45.625,624466370.052258,13686934.1381317,"Forage-limited potential carrying capacity","Estimated",5946321.81049356,2607.16219025292,0.0438449561483877,"Cluster","Cluster_3","Cluster B — Omaheke & Otjozondjupa (Central / Group 4)","SSP585_2050","With_Intervention","SSP585_2050_With_Intervention",31181465.6725408,-17494531.5344091,-56.1055458974632,13686934,-17494532
"Duiker","Browser","Woodland_Browser",17.5,159.6875,503037539.466768,3150137.23345139,"Forage-limited potential carrying capacity","Estimated",5946321.81049356,2607.16219025292,0.0438449561483877,"Cluster","Cluster_3","Cluster B — Omaheke & Otjozondjupa (Central / Group 4)","SSP585_2050","With_Intervention","SSP585_2050_With_Intervention",7589974.57713032,-4439837.34367893,-58.4960766147597,3150137,-4439837
"Eland","Mixed","Mixed_Open",500,4562.5,1373056476.86062,300943.885339315,"Forage-limited potential carrying capacity","Estimated",5946321.81049356,2607.16219025292,0.0438449561483877,"Cluster","Cluster_3","Cluster B — Omaheke & Otjozondjupa (Central / Group 4)","SSP585_2050","With_Intervention","SSP585_2050_With_Intervention",210625.635920855,90318.2494184602,42.880938506649,300944,90318
"Elephant","Mixed","Large_Mixed",3500,31937.5,1046020444.20092,32752.1078419076,"Forage-limited potential carrying capacity","Estimated",5946321.81049356,2607.16219025292,0.0438449561483877,"Cluster","Cluster_3","Cluster B — Omaheke & Otjozondjupa (Central / Group 4)","SSP585_2050","With_Intervention","SSP585_2050_With_Intervention",34112.5320535259,-1360.42421161834,-3.98804817386085,32752,-1360
"Gemsbok","Mixed","Arid_Mixed",210,1916.25,1300260810.84939,678544.454454998,"Forage-limited potential carrying capacity","Estimated",5946321.81049356,2607.16219025292,0.0438449561483877,"Cluster","Cluster_3","Cluster B — Omaheke & Otjozondjupa (Central / Group 4)","SSP585_2050","With_Intervention","SSP585_2050_With_Intervention",499030.981196808,179513.47325819,35.9724105360492,678544,179513
"Giraffe","Browser","Woodland_Browser",850,7756.25,503037539.466768,64855.7665710579,"Forage-limited potential carrying capacity","Estimated",5946321.81049356,2607.16219025292,0.0438449561483877,"Cluster","Cluster_3","Cluster B — Omaheke & Otjozondjupa (Central / Group 4)","SSP585_2050","With_Intervention","SSP585_2050_With_Intervention",156264.18247033,-91408.4158992722,-58.4960766147597,64856,-91408
"Hartmann's zebra","Grazer","Arid_Grazer",280,2555,1377512749.49618,539143.933266605,"Forage-limited potential carrying capacity","Estimated",5946321.81049356,2607.16219025292,0.0438449561483877,"Cluster","Cluster_3","Cluster B — Omaheke & Otjozondjupa (Central / Group 4)","SSP585_2050","With_Intervention","SSP585_2050_With_Intervention",265935.514773241,273208.418493365,102.73483732563,539144,273208
"Hippopotamus","Grazer","Wetland_Grazer",1400,12775,683880348.104081,53532.7082664643,"Forage-limited potential carrying capacity","Estimated",5946321.81049356,2607.16219025292,0.0438449561483877,"Cluster","Cluster_3","Cluster B — Omaheke & Otjozondjupa (Central / Group 4)","SSP585_2050","With_Intervention","SSP585_2050_With_Intervention",13090.3505360604,40442.3577304038,308.947859104276,53533,40442
"Impala","Mixed","Mixed_Open",50,456.25,1373056476.86062,3009438.85339315,"Forage-limited potential carrying capacity","Estimated",5946321.81049356,2607.16219025292,0.0438449561483877,"Cluster","Cluster_3","Cluster B — Omaheke & Otjozondjupa (Central / Group 4)","SSP585_2050","With_Intervention","SSP585_2050_With_Intervention",2106256.35920855,903182.494184602,42.880938506649,3009439,903182
"Klipspringer","Browser","Rocky_Browser",11,100.375,468174125.021125,4664250.31154297,"Forage-limited potential carrying capacity","Estimated",5946321.81049356,2607.16219025292,0.0438449561483877,"Cluster","Cluster_3","Cluster B — Omaheke & Otjozondjupa (Central / Group 4)","SSP585_2050","With_Intervention","SSP585_2050_With_Intervention",10624052.7250399,-5959802.41349694,-56.0972593768312,4664250,-5959802
"Kudu","Browser","Woodland_Browser",190,1733.75,503037539.466768,290144.218870522,"Forage-limited potential carrying capacity","Estimated",5946321.81049356,2607.16219025292,0.0438449561483877,"Cluster","Cluster_3","Cluster B — Omaheke & Otjozondjupa (Central / Group 4)","SSP585_2050","With_Intervention","SSP585_2050_With_Intervention",699076.605788319,-408932.386917797,-58.4960766147597,290144,-408932
"Leopard","Carnivore","Carnivore",50,,,,"Prey biomass required - not estimated from forage","Not estimated: requires local preferred-prey biomass/density data",5946321.81049356,2607.16219025292,0.0438449561483877,"Cluster","Cluster_3","Cluster B — Omaheke & Otjozondjupa (Central / Group 4)","SSP585_2050","With_Intervention","SSP585_2050_With_Intervention",,,,,
"Ostrich","Mixed","Mixed_Open",100,912.5,1373056476.86062,1504719.42669657,"Forage-limited potential carrying capacity","Estimated",5946321.81049356,2607.16219025292,0.0438449561483877,"Cluster","Cluster_3","Cluster B — Omaheke & Otjozondjupa (Central / Group 4)","SSP585_2050","With_Intervention","SSP585_2050_With_Intervention",1053128.17960427,451591.247092301,42.880938506649,1504719,451591
"Red Hartebeest","Grazer","General_Grazer",150,1368.75,1561000197.18189,1140456.7650644,"Forage-limited potential carrying capacity","Estimated",5946321.81049356,2607.16219025292,0.0438449561483877,"Cluster","Cluster_3","Cluster B — Omaheke & Otjozondjupa (Central / Group 4)","SSP585_2050","With_Intervention","SSP585_2050_With_Intervention",400337.762748148,740119.002316248,184.873642005602,1140457,740119
"Red Lechwe","Grazer","Wetland_Grazer",80,730,683880348.104081,936822.394663125,"Forage-limited potential carrying capacity","Estimated",5946321.81049356,2607.16219025292,0.0438449561483877,"Cluster","Cluster_3","Cluster B — Omaheke & Otjozondjupa (Central / Group 4)","SSP585_2050","With_Intervention","SSP585_2050_With_Intervention",229081.134381058,707741.260282067,308.947859104276,936822,707741
"Reedbuck","Grazer","Wetland_Grazer",45,410.625,683880348.104081,1665462.03495667,"Forage-limited potential carrying capacity","Estimated",5946321.81049356,2607.16219025292,0.0438449561483877,"Cluster","Cluster_3","Cluster B — Omaheke & Otjozondjupa (Central / Group 4)","SSP585_2050","With_Intervention","SSP585_2050_With_Intervention",407255.350010769,1258206.6849459,308.947859104276,1665462,1258207
"Roan","Grazer","General_Grazer",240,2190,1561000197.18189,712785.478165248,"Forage-limited potential carrying capacity","Estimated",5946321.81049356,2607.16219025292,0.0438449561483877,"Cluster","Cluster_3","Cluster B — Omaheke & Otjozondjupa (Central / Group 4)","SSP585_2050","With_Intervention","SSP585_2050_With_Intervention",250211.101717593,462574.376447655,184.873642005602,712785,462574
"Sable","Grazer","General_Grazer",200,1825,1561000197.18189,855342.573798297,"Forage-limited potential carrying capacity","Estimated",5946321.81049356,2607.16219025292,0.0438449561483877,"Cluster","Cluster_3","Cluster B — Omaheke & Otjozondjupa (Central / Group 4)","SSP585_2050","With_Intervention","SSP585_2050_With_Intervention",300253.322061111,555089.251737186,184.873642005602,855343,555089
"Spotted Hyaena","Carnivore","Carnivore",55,,,,"Prey biomass required - not estimated from forage","Not estimated: requires local preferred-prey biomass/density data",5946321.81049356,2607.16219025292,0.0438449561483877,"Cluster","Cluster_3","Cluster B — Omaheke & Otjozondjupa (Central / Group 4)","SSP585_2050","With_Intervention","SSP585_2050_With_Intervention",,,,,
"Springbok","Grazer","Arid_Grazer",38,346.75,1377512749.49618,3972639.50828025,"Forage-limited potential carrying capacity","Estimated",5946321.81049356,2607.16219025292,0.0438449561483877,"Cluster","Cluster_3","Cluster B — Omaheke & Otjozondjupa (Central / Group 4)","SSP585_2050","With_Intervention","SSP585_2050_With_Intervention",1959524.84569756,2013114.66258269,102.73483732563,3972640,2013115
"Steenbok","Browser","Shrub_Browser",10,91.25,624466370.052258,6843467.06906584,"Forage-limited potential carrying capacity","Estimated",5946321.81049356,2607.16219025292,0.0438449561483877,"Cluster","Cluster_3","Cluster B — Omaheke & Otjozondjupa (Central / Group 4)","SSP585_2050","With_Intervention","SSP585_2050_With_Intervention",15590732.8362704,-8747265.76720456,-56.1055458974632,6843467,-8747266
"Vervet monkey","Omnivore","Omnivore",5,45.625,673567077.025815,14763114.0170042,"Forage-limited potential carrying capacity","Estimated",5946321.81049356,2607.16219025292,0.0438449561483877,"Cluster","Cluster_3","Cluster B — Omaheke & Otjozondjupa (Central / Group 4)","SSP585_2050","With_Intervention","SSP585_2050_With_Intervention",15921847.4986357,-1158733.48163153,-7.27763208214889,14763114,-1158733
"Warthog","Grazer","General_Grazer",70,638.75,1561000197.18189,2443835.92513799,"Forage-limited potential carrying capacity","Estimated",5946321.81049356,2607.16219025292,0.0438449561483877,"Cluster","Cluster_3","Cluster B — Omaheke & Otjozondjupa (Central / Group 4)","SSP585_2050","With_Intervention","SSP585_2050_With_Intervention",857866.634460317,1585969.29067768,184.873642005602,2443836,1585969
"Baboon","Omnivore","Omnivore",24,219,433908476.989036,1981317.24652528,"Forage-limited potential carrying capacity","Estimated",5126424.88987576,4.55000840686262,8.87559752576982e-05,"Cluster","Cluster_4","Cluster E — Kunene (North)","SSP585_2050","With_Intervention","SSP585_2050_With_Intervention",1561177.40686056,420139.839664721,26.9117294305199,1981317,420140
"Black rhinoceros","Browser","Shrub_Browser",1000,9125,425758688.486175,46658.4864094439,"Forage-limited potential carrying capacity","Estimated",5126424.88987576,4.55000840686262,8.87559752576982e-05,"Cluster","Cluster_4","Cluster E — Kunene (North)","SSP585_2050","With_Intervention","SSP585_2050_With_Intervention",70031.8492860938,-23373.3628766499,-33.3753329591014,46658,-23373
"Black-backed Jackal","Carnivore","Carnivore",8.5,,,,"Prey biomass required - not estimated from forage","Not estimated: requires local preferred-prey biomass/density data",5126424.88987576,4.55000840686262,8.87559752576982e-05,"Cluster","Cluster_4","Cluster E — Kunene (North)","SSP585_2050","With_Intervention","SSP585_2050_With_Intervention",,,,,
"Black-faced Impala","Mixed","Mixed_Open",50,456.25,870463191.078787,1907864.52839186,"Forage-limited potential carrying capacity","Estimated",5126424.88987576,4.55000840686262,8.87559752576982e-05,"Cluster","Cluster_4","Cluster E — Kunene (North)","SSP585_2050","With_Intervention","SSP585_2050_With_Intervention",1046230.4695093,861634.058882568,82.3560471610708,1907865,861634
"Blue wildebeest","Grazer","General_Grazer",220,2007.5,977088550.037349,486719.078474396,"Forage-limited potential carrying capacity","Estimated",5126424.88987576,4.55000840686262,8.87559752576982e-05,"Cluster","Cluster_4","Cluster E — Kunene (North)","SSP585_2050","With_Intervention","SSP585_2050_With_Intervention",157569.9153034,329149.163170996,208.890867610877,486719,329149
"Buffalo","Grazer","General_Grazer",500,4562.5,977088550.037349,214156.394528734,"Forage-limited potential carrying capacity","Estimated",5126424.88987576,4.55000840686262,8.87559752576982e-05,"Cluster","Cluster_4","Cluster E — Kunene (North)","SSP585_2050","With_Intervention","SSP585_2050_With_Intervention",69330.7627334959,144825.631795238,208.890867610877,214156,144826
"Burchell's zebra","Grazer","General_Grazer",320,2920,977088550.037349,334619.366451147,"Forage-limited potential carrying capacity","Estimated",5126424.88987576,4.55000840686262,8.87559752576982e-05,"Cluster","Cluster_4","Cluster E — Kunene (North)","SSP585_2050","With_Intervention","SSP585_2050_With_Intervention",108329.316771087,226290.04968006,208.890867610877,334619,226290
"Bushpig","Omnivore","Omnivore",60,547.5,433908476.989036,792526.898610112,"Forage-limited potential carrying capacity","Estimated",5126424.88987576,4.55000840686262,8.87559752576982e-05,"Cluster","Cluster_4","Cluster E — Kunene (North)","SSP585_2050","With_Intervention","SSP585_2050_With_Intervention",624470.962744223,168055.935865888,26.91172943052,792527,168056
"Cheetah","Carnivore","Carnivore",45,,,,"Prey biomass required - not estimated from forage","Not estimated: requires local preferred-prey biomass/density data",5126424.88987576,4.55000840686262,8.87559752576982e-05,"Cluster","Cluster_4","Cluster E — Kunene (North)","SSP585_2050","With_Intervention","SSP585_2050_With_Intervention",,,,,
"Damara dik dik","Browser","Shrub_Browser",5,45.625,425758688.486175,9331697.28188878,"Forage-limited potential carrying capacity","Estimated",5126424.88987576,4.55000840686262,8.87559752576982e-05,"Cluster","Cluster_4","Cluster E — Kunene (North)","SSP585_2050","With_Intervention","SSP585_2050_With_Intervention",14006369.8572188,-4674672.57532998,-33.3753329591014,9331697,-4674673
"Duiker","Browser","Woodland_Browser",17.5,159.6875,335134534.026411,2098689.84126128,"Forage-limited potential carrying capacity","Estimated",5126424.88987576,4.55000840686262,8.87559752576982e-05,"Cluster","Cluster_4","Cluster E — Kunene (North)","SSP585_2050","With_Intervention","SSP585_2050_With_Intervention",3295598.91632565,-1196909.07506437,-36.3184084427007,2098690,-1196909
"Eland","Mixed","Mixed_Open",500,4562.5,870463191.078787,190786.452839186,"Forage-limited potential carrying capacity","Estimated",5126424.88987576,4.55000840686262,8.87559752576982e-05,"Cluster","Cluster_4","Cluster E — Kunene (North)","SSP585_2050","With_Intervention","SSP585_2050_With_Intervention",104623.04695093,86163.4058882568,82.3560471610708,190786,86163
"Elephant","Mixed","Large_Mixed",3500,31937.5,676656833.047852,21186.9067099132,"Forage-limited potential carrying capacity","Estimated",5126424.88987576,4.55000840686262,8.87559752576982e-05,"Cluster","Cluster_4","Cluster E — Kunene (North)","SSP585_2050","With_Intervention","SSP585_2050_With_Intervention",16318.2543234767,4868.65238643644,29.8356202196947,21187,4869
"Gemsbok","Mixed","Arid_Mixed",210,1916.25,845197934.459148,441068.719874311,"Forage-limited potential carrying capacity","Estimated",5126424.88987576,4.55000840686262,8.87559752576982e-05,"Cluster","Cluster_4","Cluster E — Kunene (North)","SSP585_2050","With_Intervention","SSP585_2050_With_Intervention",263420.728641587,177647.991232723,67.4388808158043,441069,177648
"Giraffe","Browser","Woodland_Browser",850,7756.25,335134534.026411,43208.3202612616,"Forage-limited potential carrying capacity","Estimated",5126424.88987576,4.55000840686262,8.87559752576982e-05,"Cluster","Cluster_4","Cluster E — Kunene (North)","SSP585_2050","With_Intervention","SSP585_2050_With_Intervention",67850.5659243516,-24642.2456630899,-36.3184084427007,43208,-24642
"Hartmann's zebra","Grazer","Arid_Grazer",280,2555,890609671.454086,348575.213876355,"Forage-limited potential carrying capacity","Estimated",5126424.88987576,4.55000840686262,8.87559752576982e-05,"Cluster","Cluster_4","Cluster E — Kunene (North)","SSP585_2050","With_Intervention","SSP585_2050_With_Intervention",156909.927115636,191665.286760718,122.149879414238,348575,191665
"Hippopotamus","Grazer","Wetland_Grazer",1400,12775,421132239.529544,32965.3416461482,"Forage-limited potential carrying capacity","Estimated",5126424.88987576,4.55000840686262,8.87559752576982e-05,"Cluster","Cluster_4","Cluster E — Kunene (North)","SSP585_2050","With_Intervention","SSP585_2050_With_Intervention",7787.49998578055,25177.8416603677,323.310968941775,32965,25178
"Impala","Mixed","Mixed_Open",50,456.25,870463191.078787,1907864.52839186,"Forage-limited potential carrying capacity","Estimated",5126424.88987576,4.55000840686262,8.87559752576982e-05,"Cluster","Cluster_4","Cluster E — Kunene (North)","SSP585_2050","With_Intervention","SSP585_2050_With_Intervention",1046230.4695093,861634.058882568,82.3560471610708,1907865,861634
"Klipspringer","Browser","Rocky_Browser",11,100.375,345830566.135713,3445385.46586015,"Forage-limited potential carrying capacity","Estimated",5126424.88987576,4.55000840686262,8.87559752576982e-05,"Cluster","Cluster_4","Cluster E — Kunene (North)","SSP585_2050","With_Intervention","SSP585_2050_With_Intervention",5220569.59114109,-1775184.12528093,-34.003648343148,3445385,-1775184
"Kudu","Browser","Woodland_Browser",190,1733.75,335134534.026411,193300.38011617,"Forage-limited potential carrying capacity","Estimated",5126424.88987576,4.55000840686262,8.87559752576982e-05,"Cluster","Cluster_4","Cluster E — Kunene (North)","SSP585_2050","With_Intervention","SSP585_2050_With_Intervention",303542.005451046,-110241.625334876,-36.3184084427007,193300,-110242
"Leopard","Carnivore","Carnivore",50,,,,"Prey biomass required - not estimated from forage","Not estimated: requires local preferred-prey biomass/density data",5126424.88987576,4.55000840686262,8.87559752576982e-05,"Cluster","Cluster_4","Cluster E — Kunene (North)","SSP585_2050","With_Intervention","SSP585_2050_With_Intervention",,,,,
"Ostrich","Mixed","Mixed_Open",100,912.5,870463191.078787,953932.264195931,"Forage-limited potential carrying capacity","Estimated",5126424.88987576,4.55000840686262,8.87559752576982e-05,"Cluster","Cluster_4","Cluster E — Kunene (North)","SSP585_2050","With_Intervention","SSP585_2050_With_Intervention",523115.234754648,430817.029441284,82.3560471610708,953932,430817
"Red Hartebeest","Grazer","General_Grazer",150,1368.75,977088550.037349,713854.648429114,"Forage-limited potential carrying capacity","Estimated",5126424.88987576,4.55000840686262,8.87559752576982e-05,"Cluster","Cluster_4","Cluster E — Kunene (North)","SSP585_2050","With_Intervention","SSP585_2050_With_Intervention",231102.542444986,482752.105984127,208.890867610877,713855,482752
"Red Lechwe","Grazer","Wetland_Grazer",80,730,421132239.529544,576893.478807594,"Forage-limited potential carrying capacity","Estimated",5126424.88987576,4.55000840686262,8.87559752576982e-05,"Cluster","Cluster_4","Cluster E — Kunene (North)","SSP585_2050","With_Intervention","SSP585_2050_With_Intervention",136281.24975116,440612.229056435,323.310968941775,576893,440612
"Reedbuck","Grazer","Wetland_Grazer",45,410.625,421132239.529544,1025588.40676906,"Forage-limited potential carrying capacity","Estimated",5126424.88987576,4.55000840686262,8.87559752576982e-05,"Cluster","Cluster_4","Cluster E — Kunene (North)","SSP585_2050","With_Intervention","SSP585_2050_With_Intervention",242277.777335395,783310.629433662,323.310968941775,1025588,783311
"Roan","Grazer","General_Grazer",240,2190,977088550.037349,446159.155268196,"Forage-limited potential carrying capacity","Estimated",5126424.88987576,4.55000840686262,8.87559752576982e-05,"Cluster","Cluster_4","Cluster E — Kunene (North)","SSP585_2050","With_Intervention","SSP585_2050_With_Intervention",144439.089028116,301720.06624008,208.890867610877,446159,301720
"Sable","Grazer","General_Grazer",200,1825,977088550.037349,535390.986321835,"Forage-limited potential carrying capacity","Estimated",5126424.88987576,4.55000840686262,8.87559752576982e-05,"Cluster","Cluster_4","Cluster E — Kunene (North)","SSP585_2050","With_Intervention","SSP585_2050_With_Intervention",173326.90683374,362064.079488095,208.890867610877,535391,362064
"Spotted Hyaena","Carnivore","Carnivore",55,,,,"Prey biomass required - not estimated from forage","Not estimated: requires local preferred-prey biomass/density data",5126424.88987576,4.55000840686262,8.87559752576982e-05,"Cluster","Cluster_4","Cluster E — Kunene (North)","SSP585_2050","With_Intervention","SSP585_2050_With_Intervention",,,,,
"Springbok","Grazer","Arid_Grazer",38,346.75,890609671.454086,2568448.94435209,"Forage-limited potential carrying capacity","Estimated",5126424.88987576,4.55000840686262,8.87559752576982e-05,"Cluster","Cluster_4","Cluster E — Kunene (North)","SSP585_2050","With_Intervention","SSP585_2050_With_Intervention",1156178.41032574,1412270.53402635,122.149879414238,2568449,1412271
"Steenbok","Browser","Shrub_Browser",10,91.25,425758688.486175,4665848.64094439,"Forage-limited potential carrying capacity","Estimated",5126424.88987576,4.55000840686262,8.87559752576982e-05,"Cluster","Cluster_4","Cluster E — Kunene (North)","SSP585_2050","With_Intervention","SSP585_2050_With_Intervention",7003184.92860938,-2337336.28766499,-33.3753329591014,4665849,-2337336
"Vervet monkey","Omnivore","Omnivore",5,45.625,433908476.989036,9510322.78332134,"Forage-limited potential carrying capacity","Estimated",5126424.88987576,4.55000840686262,8.87559752576982e-05,"Cluster","Cluster_4","Cluster E — Kunene (North)","SSP585_2050","With_Intervention","SSP585_2050_With_Intervention",7493651.55293068,2016671.23039066,26.9117294305199,9510323,2016671
"Warthog","Grazer","General_Grazer",70,638.75,977088550.037349,1529688.5323481,"Forage-limited potential carrying capacity","Estimated",5126424.88987576,4.55000840686262,8.87559752576982e-05,"Cluster","Cluster_4","Cluster E — Kunene (North)","SSP585_2050","With_Intervention","SSP585_2050_With_Intervention",495219.733810685,1034468.79853742,208.890867610877,1529689,1034469
"Baboon","Omnivore","Omnivore",24,219,162086556.493765,740121.262528606,"Forage-limited potential carrying capacity","Estimated",1422473.1935077,116.039241438033,0.00815756964473194,"Cluster","Cluster_5","Cluster D — Omusati, Oshana, Oshikoto & Ohangwena","SSP585_2050","With_Intervention","SSP585_2050_With_Intervention",783196.499598643,-43075.2370700366,-5.49992716924947,740121,-43075
"Black rhinoceros","Browser","Shrub_Browser",1000,9125,190246006.342314,20848.8774073769,"Forage-limited potential carrying capacity","Estimated",1422473.1935077,116.039241438033,0.00815756964473194,"Cluster","Cluster_5","Cluster D — Omusati, Oshana, Oshikoto & Ohangwena","SSP585_2050","With_Intervention","SSP585_2050_With_Intervention",28810.2263127114,-7961.3489053345,-27.6337603839713,20849,-7961
"Black-backed Jackal","Carnivore","Carnivore",8.5,,,,"Prey biomass required - not estimated from forage","Not estimated: requires local preferred-prey biomass/density data",1422473.1935077,116.039241438033,0.00815756964473194,"Cluster","Cluster_5","Cluster D — Omusati, Oshana, Oshikoto & Ohangwena","SSP585_2050","With_Intervention","SSP585_2050_With_Intervention",,,,,
"Black-faced Impala","Mixed","Mixed_Open",50,456.25,300495898.470408,658621.1473324,"Forage-limited potential carrying capacity","Estimated",1422473.1935077,116.039241438033,0.00815756964473194,"Cluster","Cluster_5","Cluster D — Omusati, Oshana, Oshikoto & Ohangwena","SSP585_2050","With_Intervention","SSP585_2050_With_Intervention",595696.659539816,62924.4877925846,10.5631762046802,658621,62924
"Blue wildebeest","Grazer","General_Grazer",220,2007.5,311559060.174117,155197.539314629,"Forage-limited potential carrying capacity","Estimated",1422473.1935077,116.039241438033,0.00815756964473194,"Cluster","Cluster_5","Cluster D — Omusati, Oshana, Oshikoto & Ohangwena","SSP585_2050","With_Intervention","SSP585_2050_With_Intervention",115479.607571885,39717.931742744,34.3938922012875,155198,39718
"Buffalo","Grazer","General_Grazer",500,4562.5,311559060.174117,68286.9172984367,"Forage-limited potential carrying capacity","Estimated",1422473.1935077,116.039241438033,0.00815756964473194,"Cluster","Cluster_5","Cluster D — Omusati, Oshana, Oshikoto & Ohangwena","SSP585_2050","With_Intervention","SSP585_2050_With_Intervention",50811.0273316293,17475.8899668073,34.3938922012875,68287,17476
"Burchell's zebra","Grazer","General_Grazer",320,2920,311559060.174117,106698.308278807,"Forage-limited potential carrying capacity","Estimated",1422473.1935077,116.039241438033,0.00815756964473194,"Cluster","Cluster_5","Cluster D — Omusati, Oshana, Oshikoto & Ohangwena","SSP585_2050","With_Intervention","SSP585_2050_With_Intervention",79392.2302056708,27306.0780731365,34.3938922012876,106698,27306
"Bushpig","Omnivore","Omnivore",60,547.5,162086556.493765,296048.505011443,"Forage-limited potential carrying capacity","Estimated",1422473.1935077,116.039241438033,0.00815756964473194,"Cluster","Cluster_5","Cluster D — Omusati, Oshana, Oshikoto & Ohangwena","SSP585_2050","With_Intervention","SSP585_2050_With_Intervention",313278.599839457,-17230.0948280146,-5.49992716924946,296049,-17230
"Cheetah","Carnivore","Carnivore",45,,,,"Prey biomass required - not estimated from forage","Not estimated: requires local preferred-prey biomass/density data",1422473.1935077,116.039241438033,0.00815756964473194,"Cluster","Cluster_5","Cluster D — Omusati, Oshana, Oshikoto & Ohangwena","SSP585_2050","With_Intervention","SSP585_2050_With_Intervention",,,,,
"Damara dik dik","Browser","Shrub_Browser",5,45.625,190246006.342314,4169775.48147537,"Forage-limited potential carrying capacity","Estimated",1422473.1935077,116.039241438033,0.00815756964473194,"Cluster","Cluster_5","Cluster D — Omusati, Oshana, Oshikoto & Ohangwena","SSP585_2050","With_Intervention","SSP585_2050_With_Intervention",5762045.26254227,-1592269.7810669,-27.6337603839713,4169775,-1592270
"Duiker","Browser","Woodland_Browser",17.5,159.6875,159387842.788177,998123.477342791,"Forage-limited potential carrying capacity","Estimated",1422473.1935077,116.039241438033,0.00815756964473194,"Cluster","Cluster_5","Cluster D — Omusati, Oshana, Oshikoto & Ohangwena","SSP585_2050","With_Intervention","SSP585_2050_With_Intervention",1392356.38512432,-394232.90778153,-28.3140805036298,998123,-394233
"Eland","Mixed","Mixed_Open",500,4562.5,300495898.470408,65862.11473324,"Forage-limited potential carrying capacity","Estimated",1422473.1935077,116.039241438033,0.00815756964473194,"Cluster","Cluster_5","Cluster D — Omusati, Oshana, Oshikoto & Ohangwena","SSP585_2050","With_Intervention","SSP585_2050_With_Intervention",59569.6659539816,6292.44877925848,10.5631762046802,65862,6292
"Elephant","Mixed","Large_Mixed",3500,31937.5,248822926.587477,7790.93312211278,"Forage-limited potential carrying capacity","Estimated",1422473.1935077,116.039241438033,0.00815756964473194,"Cluster","Cluster_5","Cluster D — Omusati, Oshana, Oshikoto & Ohangwena","SSP585_2050","With_Intervention","SSP585_2050_With_Intervention",8065.78314837636,-274.850026263589,-3.40760495549544,7791,-275
"Gemsbok","Mixed","Arid_Mixed",210,1916.25,286091414.192025,149297.54165272,"Forage-limited potential carrying capacity","Estimated",1422473.1935077,116.039241438033,0.00815756964473194,"Cluster","Cluster_5","Cluster D — Omusati, Oshana, Oshikoto & Ohangwena","SSP585_2050","With_Intervention","SSP585_2050_With_Intervention",137314.707455286,11982.8341974336,8.72654824781649,149298,11983
"Giraffe","Browser","Woodland_Browser",850,7756.25,159387842.788177,20549.6010041163,"Forage-limited potential carrying capacity","Estimated",1422473.1935077,116.039241438033,0.00815756964473194,"Cluster","Cluster_5","Cluster D — Omusati, Oshana, Oshikoto & Ohangwena","SSP585_2050","With_Intervention","SSP585_2050_With_Intervention",28666.1608702066,-8116.55986609032,-28.3140805036298,20550,-8117
"Hartmann's zebra","Grazer","Arid_Grazer",280,2555,285094345.640276,111582.914144922,"Forage-limited potential carrying capacity","Estimated",1422473.1935077,116.039241438033,0.00815756964473194,"Cluster","Cluster_5","Cluster D — Omusati, Oshana, Oshikoto & Ohangwena","SSP585_2050","With_Intervention","SSP585_2050_With_Intervention",90698.3305757486,20884.5835691735,23.0264255544719,111583,20885
"Hippopotamus","Grazer","Wetland_Grazer",1400,12775,132570204.309872,10377.3154058609,"Forage-limited potential carrying capacity","Estimated",1422473.1935077,116.039241438033,0.00815756964473194,"Cluster","Cluster_5","Cluster D — Omusati, Oshana, Oshikoto & Ohangwena","SSP585_2050","With_Intervention","SSP585_2050_With_Intervention",7173.25266099403,3204.06274486682,44.6668045347063,10377,3204
"Impala","Mixed","Mixed_Open",50,456.25,300495898.470408,658621.1473324,"Forage-limited potential carrying capacity","Estimated",1422473.1935077,116.039241438033,0.00815756964473194,"Cluster","Cluster_5","Cluster D — Omusati, Oshana, Oshikoto & Ohangwena","SSP585_2050","With_Intervention","SSP585_2050_With_Intervention",595696.659539816,62924.4877925846,10.5631762046802,658621,62924
"Klipspringer","Browser","Rocky_Browser",11,100.375,142386439.544196,1418544.85224603,"Forage-limited potential carrying capacity","Estimated",1422473.1935077,116.039241438033,0.00815756964473194,"Cluster","Cluster_5","Cluster D — Omusati, Oshana, Oshikoto & Ohangwena","SSP585_2050","With_Intervention","SSP585_2050_With_Intervention",1961016.77568894,-542471.923442907,-27.6627885170603,1418545,-542472
"Kudu","Browser","Woodland_Browser",190,1733.75,159387842.788177,91932.4255447307,"Forage-limited potential carrying capacity","Estimated",1422473.1935077,116.039241438033,0.00815756964473194,"Cluster","Cluster_5","Cluster D — Omusati, Oshana, Oshikoto & Ohangwena","SSP585_2050","With_Intervention","SSP585_2050_With_Intervention",128243.351261451,-36310.9257167199,-28.3140805036298,91932,-36311
"Leopard","Carnivore","Carnivore",50,,,,"Prey biomass required - not estimated from forage","Not estimated: requires local preferred-prey biomass/density data",1422473.1935077,116.039241438033,0.00815756964473194,"Cluster","Cluster_5","Cluster D — Omusati, Oshana, Oshikoto & Ohangwena","SSP585_2050","With_Intervention","SSP585_2050_With_Intervention",,,,,
"Ostrich","Mixed","Mixed_Open",100,912.5,300495898.470408,329310.5736662,"Forage-limited potential carrying capacity","Estimated",1422473.1935077,116.039241438033,0.00815756964473194,"Cluster","Cluster_5","Cluster D — Omusati, Oshana, Oshikoto & Ohangwena","SSP585_2050","With_Intervention","SSP585_2050_With_Intervention",297848.329769908,31462.2438962923,10.5631762046802,329311,31462
"Red Hartebeest","Grazer","General_Grazer",150,1368.75,311559060.174117,227623.057661456,"Forage-limited potential carrying capacity","Estimated",1422473.1935077,116.039241438033,0.00815756964473194,"Cluster","Cluster_5","Cluster D — Omusati, Oshana, Oshikoto & Ohangwena","SSP585_2050","With_Intervention","SSP585_2050_With_Intervention",169370.091105431,58252.9665560245,34.3938922012876,227623,58253
"Red Lechwe","Grazer","Wetland_Grazer",80,730,132570204.309872,181603.019602565,"Forage-limited potential carrying capacity","Estimated",1422473.1935077,116.039241438033,0.00815756964473194,"Cluster","Cluster_5","Cluster D — Omusati, Oshana, Oshikoto & Ohangwena","SSP585_2050","With_Intervention","SSP585_2050_With_Intervention",125531.921567396,56071.0980351694,44.6668045347063,181603,56071
"Reedbuck","Grazer","Wetland_Grazer",45,410.625,132570204.309872,322849.812626782,"Forage-limited potential carrying capacity","Estimated",1422473.1935077,116.039241438033,0.00815756964473194,"Cluster","Cluster_5","Cluster D — Omusati, Oshana, Oshikoto & Ohangwena","SSP585_2050","With_Intervention","SSP585_2050_With_Intervention",223167.860564259,99681.9520625235,44.6668045347063,322850,99682
"Roan","Grazer","General_Grazer",240,2190,311559060.174117,142264.41103841,"Forage-limited potential carrying capacity","Estimated",1422473.1935077,116.039241438033,0.00815756964473194,"Cluster","Cluster_5","Cluster D — Omusati, Oshana, Oshikoto & Ohangwena","SSP585_2050","With_Intervention","SSP585_2050_With_Intervention",105856.306940894,36408.1040975153,34.3938922012876,142264,36408
"Sable","Grazer","General_Grazer",200,1825,311559060.174117,170717.293246092,"Forage-limited potential carrying capacity","Estimated",1422473.1935077,116.039241438033,0.00815756964473194,"Cluster","Cluster_5","Cluster D — Omusati, Oshana, Oshikoto & Ohangwena","SSP585_2050","With_Intervention","SSP585_2050_With_Intervention",127027.568329073,43689.7249170184,34.3938922012876,170717,43690
"Spotted Hyaena","Carnivore","Carnivore",55,,,,"Prey biomass required - not estimated from forage","Not estimated: requires local preferred-prey biomass/density data",1422473.1935077,116.039241438033,0.00815756964473194,"Cluster","Cluster_5","Cluster D — Omusati, Oshana, Oshikoto & Ohangwena","SSP585_2050","With_Intervention","SSP585_2050_With_Intervention",,,,,
"Springbok","Grazer","Arid_Grazer",38,346.75,285094345.640276,822189.893699426,"Forage-limited potential carrying capacity","Estimated",1422473.1935077,116.039241438033,0.00815756964473194,"Cluster","Cluster_5","Cluster D — Omusati, Oshana, Oshikoto & Ohangwena","SSP585_2050","With_Intervention","SSP585_2050_With_Intervention",668303.488452884,153886.405246542,23.0264255544719,822190,153886
"Steenbok","Browser","Shrub_Browser",10,91.25,190246006.342314,2084887.74073769,"Forage-limited potential carrying capacity","Estimated",1422473.1935077,116.039241438033,0.00815756964473194,"Cluster","Cluster_5","Cluster D — Omusati, Oshana, Oshikoto & Ohangwena","SSP585_2050","With_Intervention","SSP585_2050_With_Intervention",2881022.63127114,-796134.890533451,-27.6337603839713,2084888,-796135
"Vervet monkey","Omnivore","Omnivore",5,45.625,162086556.493765,3552582.06013731,"Forage-limited potential carrying capacity","Estimated",1422473.1935077,116.039241438033,0.00815756964473194,"Cluster","Cluster_5","Cluster D — Omusati, Oshana, Oshikoto & Ohangwena","SSP585_2050","With_Intervention","SSP585_2050_With_Intervention",3759343.19807349,-206761.137936175,-5.49992716924946,3552582,-206761
"Warthog","Grazer","General_Grazer",70,638.75,311559060.174117,487763.694988833,"Forage-limited potential carrying capacity","Estimated",1422473.1935077,116.039241438033,0.00815756964473194,"Cluster","Cluster_5","Cluster D — Omusati, Oshana, Oshikoto & Ohangwena","SSP585_2050","With_Intervention","SSP585_2050_With_Intervention",362935.909511638,124827.785477195,34.3938922012876,487764,124828
"Baboon","Omnivore","Omnivore",24,219,52554452.8555395,239974.67057324,"Forage-limited potential carrying capacity","Estimated",797331.445462821,0,0,"Cluster","Cluster_6","Cluster F —    //Karas,Hardap","SSP585_2050","With_Intervention","SSP585_2050_With_Intervention",220657.268463603,19317.4021096372,8.75448257115698,239975,19317
"Black rhinoceros","Browser","Shrub_Browser",1000,9125,43212269.1063646,4735.59113494406,"Forage-limited potential carrying capacity","Estimated",797331.445462821,0,0,"Cluster","Cluster_6","Cluster F —    //Karas,Hardap","SSP585_2050","With_Intervention","SSP585_2050_With_Intervention",5609.42788806347,-873.836753119405,-15.5780013676418,4736,-874
"Black-backed Jackal","Carnivore","Carnivore",8.5,,,,"Prey biomass required - not estimated from forage","Not estimated: requires local preferred-prey biomass/density data",797331.445462821,0,0,"Cluster","Cluster_6","Cluster F —    //Karas,Hardap","SSP585_2050","With_Intervention","SSP585_2050_With_Intervention",,,,,
"Black-faced Impala","Mixed","Mixed_Open",50,456.25,111350871.449708,244056.704547306,"Forage-limited potential carrying capacity","Estimated",797331.445462821,0,0,"Cluster","Cluster_6","Cluster F —    //Karas,Hardap","SSP585_2050","With_Intervention","SSP585_2050_With_Intervention",207400.497538045,36656.2070092613,17.6741172004842,244057,36656
"Blue wildebeest","Grazer","General_Grazer",220,2007.5,131537652.193012,65523.1144174407,"Forage-limited potential carrying capacity","Estimated",797331.445462821,0,0,"Cluster","Cluster_6","Cluster F —    //Karas,Hardap","SSP585_2050","With_Intervention","SSP585_2050_With_Intervention",51921.408368843,13601.7060485977,26.1967201505263,65523,13602
"Buffalo","Grazer","General_Grazer",500,4562.5,131537652.193012,28830.1703436739,"Forage-limited potential carrying capacity","Estimated",797331.445462821,0,0,"Cluster","Cluster_6","Cluster F —    //Karas,Hardap","SSP585_2050","With_Intervention","SSP585_2050_With_Intervention",22845.4196822909,5984.750661383,26.1967201505263,28830,5985
"Burchell's zebra","Grazer","General_Grazer",320,2920,131537652.193012,45047.1411619905,"Forage-limited potential carrying capacity","Estimated",797331.445462821,0,0,"Cluster","Cluster_6","Cluster F —    //Karas,Hardap","SSP585_2050","With_Intervention","SSP585_2050_With_Intervention",35695.9682535795,9351.17290841095,26.1967201505263,45047,9351
"Bushpig","Omnivore","Omnivore",60,547.5,52554452.8555395,95989.8682292959,"Forage-limited potential carrying capacity","Estimated",797331.445462821,0,0,"Cluster","Cluster_6","Cluster F —    //Karas,Hardap","SSP585_2050","With_Intervention","SSP585_2050_With_Intervention",88262.9073854411,7726.96084385486,8.75448257115698,95990,7727
"Cheetah","Carnivore","Carnivore",45,,,,"Prey biomass required - not estimated from forage","Not estimated: requires local preferred-prey biomass/density data",797331.445462821,0,0,"Cluster","Cluster_6","Cluster F —    //Karas,Hardap","SSP585_2050","With_Intervention","SSP585_2050_With_Intervention",,,,,
"Damara dik dik","Browser","Shrub_Browser",5,45.625,43212269.1063646,947118.226988813,"Forage-limited potential carrying capacity","Estimated",797331.445462821,0,0,"Cluster","Cluster_6","Cluster F —    //Karas,Hardap","SSP585_2050","With_Intervention","SSP585_2050_With_Intervention",1121885.57761269,-174767.350623881,-15.5780013676418,947118,-174767
"Duiker","Browser","Woodland_Browser",17.5,159.6875,32326142.3946977,202433.768420808,"Forage-limited potential carrying capacity","Estimated",797331.445462821,0,0,"Cluster","Cluster_6","Cluster F —    //Karas,Hardap","SSP585_2050","With_Intervention","SSP585_2050_With_Intervention",244525.938978847,-42092.1705580394,-17.2137854715203,202434,-42092
"Eland","Mixed","Mixed_Open",500,4562.5,111350871.449708,24405.6704547306,"Forage-limited potential carrying capacity","Estimated",797331.445462821,0,0,"Cluster","Cluster_6","Cluster F —    //Karas,Hardap","SSP585_2050","With_Intervention","SSP585_2050_With_Intervention",20740.0497538045,3665.62070092613,17.6741172004842,24406,3666
"Elephant","Mixed","Large_Mixed",3500,31937.5,82730019.8141798,2590.37244036571,"Forage-limited potential carrying capacity","Estimated",797331.445462821,0,0,"Cluster","Cluster_6","Cluster F —    //Karas,Hardap","SSP585_2050","With_Intervention","SSP585_2050_With_Intervention",2375.29866877352,215.07377159219,9.05459908766936,2590,215
"Gemsbok","Mixed","Arid_Mixed",210,1916.25,109178751.292411,56975.2126770573,"Forage-limited potential carrying capacity","Estimated",797331.445462821,0,0,"Cluster","Cluster_6","Cluster F —    //Karas,Hardap","SSP585_2050","With_Intervention","SSP585_2050_With_Intervention",49887.1210865332,7088.09159052406,14.2082594388023,56975,7088
"Giraffe","Browser","Woodland_Browser",850,7756.25,32326142.3946977,4167.75405572251,"Forage-limited potential carrying capacity","Estimated",797331.445462821,0,0,"Cluster","Cluster_6","Cluster F —    //Karas,Hardap","SSP585_2050","With_Intervention","SSP585_2050_With_Intervention",5034.35756721156,-866.603511489047,-17.2137854715203,4168,-867
"Hartmann's zebra","Grazer","Arid_Grazer",280,2555,119313671.381601,46698.110129785,"Forage-limited potential carrying capacity","Estimated",797331.445462821,0,0,"Cluster","Cluster_6","Cluster F —    //Karas,Hardap","SSP585_2050","With_Intervention","SSP585_2050_With_Intervention",39167.9360256571,7530.17410412797,19.2253533584085,46698,7530
"Hippopotamus","Grazer","Wetland_Grazer",1400,12775,57230930.910437,4479.91631392853,"Forage-limited potential carrying capacity","Estimated",797331.445462821,0,0,"Cluster","Cluster_6","Cluster F —    //Karas,Hardap","SSP585_2050","With_Intervention","SSP585_2050_With_Intervention",3426.32087247397,1053.59544145456,30.750051751394,4480,1054
"Impala","Mixed","Mixed_Open",50,456.25,111350871.449708,244056.704547306,"Forage-limited potential carrying capacity","Estimated",797331.445462821,0,0,"Cluster","Cluster_6","Cluster F —    //Karas,Hardap","SSP585_2050","With_Intervention","SSP585_2050_With_Intervention",207400.497538045,36656.2070092613,17.6741172004842,244057,36656
"Klipspringer","Browser","Rocky_Browser",11,100.375,38033762.7342172,378916.689755588,"Forage-limited potential carrying capacity","Estimated",797331.445462821,0,0,"Cluster","Cluster_6","Cluster F —    //Karas,Hardap","SSP585_2050","With_Intervention","SSP585_2050_With_Intervention",459420.602506524,-80503.9127509359,-17.5229217653104,378917,-80504
"Kudu","Browser","Woodland_Browser",190,1733.75,32326142.3946977,18645.2155124428,"Forage-limited potential carrying capacity","Estimated",797331.445462821,0,0,"Cluster","Cluster_6","Cluster F —    //Karas,Hardap","SSP585_2050","With_Intervention","SSP585_2050_With_Intervention",22522.125958578,-3876.91044613521,-17.2137854715203,18645,-3877
"Leopard","Carnivore","Carnivore",50,,,,"Prey biomass required - not estimated from forage","Not estimated: requires local preferred-prey biomass/density data",797331.445462821,0,0,"Cluster","Cluster_6","Cluster F —    //Karas,Hardap","SSP585_2050","With_Intervention","SSP585_2050_With_Intervention",,,,,
"Ostrich","Mixed","Mixed_Open",100,912.5,111350871.449708,122028.352273653,"Forage-limited potential carrying capacity","Estimated",797331.445462821,0,0,"Cluster","Cluster_6","Cluster F —    //Karas,Hardap","SSP585_2050","With_Intervention","SSP585_2050_With_Intervention",103700.248769022,18328.1035046307,17.6741172004842,122028,18328
"Red Hartebeest","Grazer","General_Grazer",150,1368.75,131537652.193012,96100.5678122464,"Forage-limited potential carrying capacity","Estimated",797331.445462821,0,0,"Cluster","Cluster_6","Cluster F —    //Karas,Hardap","SSP585_2050","With_Intervention","SSP585_2050_With_Intervention",76151.3989409697,19949.1688712767,26.1967201505263,96101,19949
"Red Lechwe","Grazer","Wetland_Grazer",80,730,57230930.910437,78398.5354937493,"Forage-limited potential carrying capacity","Estimated",797331.445462821,0,0,"Cluster","Cluster_6","Cluster F —    //Karas,Hardap","SSP585_2050","With_Intervention","SSP585_2050_With_Intervention",59960.6152682945,18437.9202254548,30.750051751394,78399,18438
"Reedbuck","Grazer","Wetland_Grazer",45,410.625,57230930.910437,139375.17421111,"Forage-limited potential carrying capacity","Estimated",797331.445462821,0,0,"Cluster","Cluster_6","Cluster F —    //Karas,Hardap","SSP585_2050","With_Intervention","SSP585_2050_With_Intervention",106596.649365857,32778.524845253,30.750051751394,139375,32779
"Roan","Grazer","General_Grazer",240,2190,131537652.193012,60062.854882654,"Forage-limited potential carrying capacity","Estimated",797331.445462821,0,0,"Cluster","Cluster_6","Cluster F —    //Karas,Hardap","SSP585_2050","With_Intervention","SSP585_2050_With_Intervention",47594.6243381061,12468.2305445479,26.1967201505263,60063,12468
"Sable","Grazer","General_Grazer",200,1825,131537652.193012,72075.4258591848,"Forage-limited potential carrying capacity","Estimated",797331.445462821,0,0,"Cluster","Cluster_6","Cluster F —    //Karas,Hardap","SSP585_2050","With_Intervention","SSP585_2050_With_Intervention",57113.5492057273,14961.8766534575,26.1967201505263,72075,14962
"Spotted Hyaena","Carnivore","Carnivore",55,,,,"Prey biomass required - not estimated from forage","Not estimated: requires local preferred-prey biomass/density data",797331.445462821,0,0,"Cluster","Cluster_6","Cluster F —    //Karas,Hardap","SSP585_2050","With_Intervention","SSP585_2050_With_Intervention",,,,,
"Springbok","Grazer","Arid_Grazer",38,346.75,119313671.381601,344091.337798416,"Forage-limited potential carrying capacity","Estimated",797331.445462821,0,0,"Cluster","Cluster_6","Cluster F —    //Karas,Hardap","SSP585_2050","With_Intervention","SSP585_2050_With_Intervention",288605.844399578,55485.4933988376,19.2253533584085,344091,55485
"Steenbok","Browser","Shrub_Browser",10,91.25,43212269.1063646,473559.113494406,"Forage-limited potential carrying capacity","Estimated",797331.445462821,0,0,"Cluster","Cluster_6","Cluster F —    //Karas,Hardap","SSP585_2050","With_Intervention","SSP585_2050_With_Intervention",560942.788806347,-87383.6753119405,-15.5780013676418,473559,-87384
"Vervet monkey","Omnivore","Omnivore",5,45.625,52554452.8555395,1151878.41875155,"Forage-limited potential carrying capacity","Estimated",797331.445462821,0,0,"Cluster","Cluster_6","Cluster F —    //Karas,Hardap","SSP585_2050","With_Intervention","SSP585_2050_With_Intervention",1059154.88862529,92723.5301262585,8.75448257115699,1151878,92724
"Warthog","Grazer","General_Grazer",70,638.75,131537652.193012,205929.788169099,"Forage-limited potential carrying capacity","Estimated",797331.445462821,0,0,"Cluster","Cluster_6","Cluster F —    //Karas,Hardap","SSP585_2050","With_Intervention","SSP585_2050_With_Intervention",163181.569159221,42748.2190098786,26.1967201505263,205930,42748
"Baboon","Omnivore","Omnivore",24,219,88710834.6924393,405072.304531686,"Forage-limited potential carrying capacity","Estimated",2738207.08076389,0,0,"Cluster","Cluster_1","Cluster A — South, Kunene South & Erongo","SSP585_2090","Without_Intervention","SSP585_2090_Without_Intervention",477431.876110126,-72359.5715784394,-15.1559992533361,405072,-72360
"Black rhinoceros","Browser","Shrub_Browser",1000,9125,162144624.955669,17769.2739677446,"Forage-limited potential carrying capacity","Estimated",2738207.08076389,0,0,"Cluster","Cluster_1","Cluster A — South, Kunene South & Erongo","SSP585_2090","Without_Intervention","SSP585_2090_Without_Intervention",20045.6486354135,-2276.3746676689,-11.3559541478112,17769,-2276
"Black-backed Jackal","Carnivore","Carnivore",8.5,,,,"Prey biomass required - not estimated from forage","Not estimated: requires local preferred-prey biomass/density data",2738207.08076389,0,0,"Cluster","Cluster_1","Cluster A — South, Kunene South & Erongo","SSP585_2090","Without_Intervention","SSP585_2090_Without_Intervention",,,,,
"Black-faced Impala","Mixed","Mixed_Open",50,456.25,127684612.239273,279856.68436005,"Forage-limited potential carrying capacity","Estimated",2738207.08076389,0,0,"Cluster","Cluster_1","Cluster A — South, Kunene South & Erongo","SSP585_2090","Without_Intervention","SSP585_2090_Without_Intervention",341928.046232009,-62071.3618719588,-18.1533403170565,279857,-62071
"Blue wildebeest","Grazer","General_Grazer",220,2007.5,92443387.3046023,46049.0098653062,"Forage-limited potential carrying capacity","Estimated",2738207.08076389,0,0,"Cluster","Cluster_1","Cluster A — South, Kunene South & Erongo","SSP585_2090","Without_Intervention","SSP585_2090_Without_Intervention",60235.6133902942,-14186.6035249879,-23.5518536734513,46049,-14187
"Buffalo","Grazer","General_Grazer",500,4562.5,92443387.3046023,20261.5643407347,"Forage-limited potential carrying capacity","Estimated",2738207.08076389,0,0,"Cluster","Cluster_1","Cluster A — South, Kunene South & Erongo","SSP585_2090","Without_Intervention","SSP585_2090_Without_Intervention",26503.6698917294,-6242.10555099469,-23.5518536734513,20262,-6242
"Burchell's zebra","Grazer","General_Grazer",320,2920,92443387.3046023,31658.694282398,"Forage-limited potential carrying capacity","Estimated",2738207.08076389,0,0,"Cluster","Cluster_1","Cluster A — South, Kunene South & Erongo","SSP585_2090","Without_Intervention","SSP585_2090_Without_Intervention",41411.9842058272,-9753.2899234292,-23.5518536734513,31659,-9753
"Bushpig","Omnivore","Omnivore",60,547.5,88710834.6924393,162028.921812675,"Forage-limited potential carrying capacity","Estimated",2738207.08076389,0,0,"Cluster","Cluster_1","Cluster A — South, Kunene South & Erongo","SSP585_2090","Without_Intervention","SSP585_2090_Without_Intervention",190972.75044405,-28943.8286313758,-15.1559992533361,162029,-28944
"Cheetah","Carnivore","Carnivore",45,,,,"Prey biomass required - not estimated from forage","Not estimated: requires local preferred-prey biomass/density data",2738207.08076389,0,0,"Cluster","Cluster_1","Cluster A — South, Kunene South & Erongo","SSP585_2090","Without_Intervention","SSP585_2090_Without_Intervention",,,,,
"Damara dik dik","Browser","Shrub_Browser",5,45.625,162144624.955669,3553854.79354891,"Forage-limited potential carrying capacity","Estimated",2738207.08076389,0,0,"Cluster","Cluster_1","Cluster A — South, Kunene South & Erongo","SSP585_2090","Without_Intervention","SSP585_2090_Without_Intervention",4009129.72708269,-455274.933533779,-11.3559541478112,3553855,-455275
"Duiker","Browser","Woodland_Browser",17.5,159.6875,126295650.537468,790892.527827588,"Forage-limited potential carrying capacity","Estimated",2738207.08076389,0,0,"Cluster","Cluster_1","Cluster A — South, Kunene South & Erongo","SSP585_2090","Without_Intervention","SSP585_2090_Without_Intervention",889646.234001098,-98753.7061735099,-11.1003343125924,790893,-98754
"Eland","Mixed","Mixed_Open",500,4562.5,127684612.239273,27985.668436005,"Forage-limited potential carrying capacity","Estimated",2738207.08076389,0,0,"Cluster","Cluster_1","Cluster A — South, Kunene South & Erongo","SSP585_2090","Without_Intervention","SSP585_2090_Without_Intervention",34192.8046232009,-6207.13618719587,-18.1533403170565,27986,-6207
"Elephant","Mixed","Large_Mixed",3500,31937.5,138378520.467487,4332.79124751428,"Forage-limited potential carrying capacity","Estimated",2738207.08076389,0,0,"Cluster","Cluster_1","Cluster A — South, Kunene South & Erongo","SSP585_2090","Without_Intervention","SSP585_2090_Without_Intervention",5112.50864522573,-779.717397711455,-15.2511702535621,4333,-780
"Gemsbok","Mixed","Arid_Mixed",210,1916.25,148898988.83319,77703.3209827478,"Forage-limited potential carrying capacity","Estimated",2738207.08076389,0,0,"Cluster","Cluster_1","Cluster A — South, Kunene South & Erongo","SSP585_2090","Without_Intervention","SSP585_2090_Without_Intervention",93522.6826369575,-15819.3616542098,-16.9149998782845,77703,-15819
"Giraffe","Browser","Woodland_Browser",850,7756.25,126295650.537468,16283.0814552739,"Forage-limited potential carrying capacity","Estimated",2738207.08076389,0,0,"Cluster","Cluster_1","Cluster A — South, Kunene South & Erongo","SSP585_2090","Without_Intervention","SSP585_2090_Without_Intervention",18316.2459941402,-2033.16453886638,-11.1003343125924,16283,-2033
"Hartmann's zebra","Grazer","Arid_Grazer",280,2555,128934785.455497,50463.7125070439,"Forage-limited potential carrying capacity","Estimated",2738207.08076389,0,0,"Cluster","Cluster_1","Cluster A — South, Kunene South & Erongo","SSP585_2090","Without_Intervention","SSP585_2090_Without_Intervention",62330.7486966738,-11867.0361896299,-19.0388154125657,50464,-11867
"Hippopotamus","Grazer","Wetland_Grazer",1400,12775,27533354.22174,2155.25277665284,"Forage-limited potential carrying capacity","Estimated",2738207.08076389,0,0,"Cluster","Cluster_1","Cluster A — South, Kunene South & Erongo","SSP585_2090","Without_Intervention","SSP585_2090_Without_Intervention",3030.43906859549,-875.186291942652,-28.8798511414477,2155,-875
"Impala","Mixed","Mixed_Open",50,456.25,127684612.239273,279856.68436005,"Forage-limited potential carrying capacity","Estimated",2738207.08076389,0,0,"Cluster","Cluster_1","Cluster A — South, Kunene South & Erongo","SSP585_2090","Without_Intervention","SSP585_2090_Without_Intervention",341928.046232009,-62071.3618719588,-18.1533403170565,279857,-62071
"Klipspringer","Browser","Rocky_Browser",11,100.375,153447382.168326,1528741.04277286,"Forage-limited potential carrying capacity","Estimated",2738207.08076389,0,0,"Cluster","Cluster_1","Cluster A — South, Kunene South & Erongo","SSP585_2090","Without_Intervention","SSP585_2090_Without_Intervention",1727101.59639763,-198360.553624775,-11.485169954015,1528741,-198361
"Kudu","Browser","Woodland_Browser",190,1733.75,126295650.537468,72845.3644051725,"Forage-limited potential carrying capacity","Estimated",2738207.08076389,0,0,"Cluster","Cluster_1","Cluster A — South, Kunene South & Erongo","SSP585_2090","Without_Intervention","SSP585_2090_Without_Intervention",81941.1005001011,-9095.73609492855,-11.1003343125924,72845,-9096
"Leopard","Carnivore","Carnivore",50,,,,"Prey biomass required - not estimated from forage","Not estimated: requires local preferred-prey biomass/density data",2738207.08076389,0,0,"Cluster","Cluster_1","Cluster A — South, Kunene South & Erongo","SSP585_2090","Without_Intervention","SSP585_2090_Without_Intervention",,,,,
"Ostrich","Mixed","Mixed_Open",100,912.5,127684612.239273,139928.342180025,"Forage-limited potential carrying capacity","Estimated",2738207.08076389,0,0,"Cluster","Cluster_1","Cluster A — South, Kunene South & Erongo","SSP585_2090","Without_Intervention","SSP585_2090_Without_Intervention",170964.023116004,-31035.6809359794,-18.1533403170565,139928,-31036
"Red Hartebeest","Grazer","General_Grazer",150,1368.75,92443387.3046023,67538.5478024491,"Forage-limited potential carrying capacity","Estimated",2738207.08076389,0,0,"Cluster","Cluster_1","Cluster A — South, Kunene South & Erongo","SSP585_2090","Without_Intervention","SSP585_2090_Without_Intervention",88345.5663057648,-20807.0185033156,-23.5518536734513,67539,-20807
"Red Lechwe","Grazer","Wetland_Grazer",80,730,27533354.22174,37716.9235914247,"Forage-limited potential carrying capacity","Estimated",2738207.08076389,0,0,"Cluster","Cluster_1","Cluster A — South, Kunene South & Erongo","SSP585_2090","Without_Intervention","SSP585_2090_Without_Intervention",53032.6837004211,-15315.7601089964,-28.8798511414477,37717,-15316
"Reedbuck","Grazer","Wetland_Grazer",45,410.625,27533354.22174,67052.3086069772,"Forage-limited potential carrying capacity","Estimated",2738207.08076389,0,0,"Cluster","Cluster_1","Cluster A — South, Kunene South & Erongo","SSP585_2090","Without_Intervention","SSP585_2090_Without_Intervention",94280.3265785264,-27228.0179715492,-28.8798511414477,67052,-27228
"Roan","Grazer","General_Grazer",240,2190,92443387.3046023,42211.5923765307,"Forage-limited potential carrying capacity","Estimated",2738207.08076389,0,0,"Cluster","Cluster_1","Cluster A — South, Kunene South & Erongo","SSP585_2090","Without_Intervention","SSP585_2090_Without_Intervention",55215.978941103,-13004.3865645723,-23.5518536734513,42212,-13004
"Sable","Grazer","General_Grazer",200,1825,92443387.3046023,50653.9108518369,"Forage-limited potential carrying capacity","Estimated",2738207.08076389,0,0,"Cluster","Cluster_1","Cluster A — South, Kunene South & Erongo","SSP585_2090","Without_Intervention","SSP585_2090_Without_Intervention",66259.1747293236,-15605.2638774867,-23.5518536734513,50654,-15605
"Spotted Hyaena","Carnivore","Carnivore",55,,,,"Prey biomass required - not estimated from forage","Not estimated: requires local preferred-prey biomass/density data",2738207.08076389,0,0,"Cluster","Cluster_1","Cluster A — South, Kunene South & Erongo","SSP585_2090","Without_Intervention","SSP585_2090_Without_Intervention",,,,,
"Springbok","Grazer","Arid_Grazer",38,346.75,128934785.455497,371837.88163085,"Forage-limited potential carrying capacity","Estimated",2738207.08076389,0,0,"Cluster","Cluster_1","Cluster A — South, Kunene South & Erongo","SSP585_2090","Without_Intervention","SSP585_2090_Without_Intervention",459279.20092286,-87441.3192920099,-19.0388154125657,371838,-87441
"Steenbok","Browser","Shrub_Browser",10,91.25,162144624.955669,1776927.39677446,"Forage-limited potential carrying capacity","Estimated",2738207.08076389,0,0,"Cluster","Cluster_1","Cluster A — South, Kunene South & Erongo","SSP585_2090","Without_Intervention","SSP585_2090_Without_Intervention",2004564.86354135,-227637.46676689,-11.3559541478112,1776927,-227637
"Vervet monkey","Omnivore","Omnivore",5,45.625,88710834.6924393,1944347.06175209,"Forage-limited potential carrying capacity","Estimated",2738207.08076389,0,0,"Cluster","Cluster_1","Cluster A — South, Kunene South & Erongo","SSP585_2090","Without_Intervention","SSP585_2090_Without_Intervention",2291673.0053286,-347325.94357651,-15.1559992533362,1944347,-347326
"Warthog","Grazer","General_Grazer",70,638.75,92443387.3046023,144725.459576677,"Forage-limited potential carrying capacity","Estimated",2738207.08076389,0,0,"Cluster","Cluster_1","Cluster A — South, Kunene South & Erongo","SSP585_2090","Without_Intervention","SSP585_2090_Without_Intervention",189311.927798067,-44586.4682213906,-23.5518536734513,144725,-44586
"Baboon","Omnivore","Omnivore",24,219,84471686.6922447,385715.464348149,"Forage-limited potential carrying capacity","Estimated",783233.539348635,0,0,"Cluster","Cluster_2","Cluster C — Kavango East, Kavango West & Zambezi","SSP585_2090","Without_Intervention","SSP585_2090_Without_Intervention",432975.3361786,-47259.871830451,-10.9151417832623,385715,-47260
"Black rhinoceros","Browser","Shrub_Browser",1000,9125,134983520.550873,14792.7145809175,"Forage-limited potential carrying capacity","Estimated",783233.539348635,0,0,"Cluster","Cluster_2","Cluster C — Kavango East, Kavango West & Zambezi","SSP585_2090","Without_Intervention","SSP585_2090_Without_Intervention",15761.9166234691,-969.20204255158,-6.14901135251827,14793,-969
"Black-backed Jackal","Carnivore","Carnivore",8.5,,,,"Prey biomass required - not estimated from forage","Not estimated: requires local preferred-prey biomass/density data",783233.539348635,0,0,"Cluster","Cluster_2","Cluster C — Kavango East, Kavango West & Zambezi","SSP585_2090","Without_Intervention","SSP585_2090_Without_Intervention",,,,,
"Black-faced Impala","Mixed","Mixed_Open",50,456.25,107139609.363602,234826.541070909,"Forage-limited potential carrying capacity","Estimated",783233.539348635,0,0,"Cluster","Cluster_2","Cluster C — Kavango East, Kavango West & Zambezi","SSP585_2090","Without_Intervention","SSP585_2090_Without_Intervention",267943.34193654,-33116.8008656311,-12.3596282058296,234827,-33117
"Blue wildebeest","Grazer","General_Grazer",220,2007.5,79783165.5981212,39742.5482431488,"Forage-limited potential carrying capacity","Estimated",783233.539348635,0,0,"Cluster","Cluster_2","Cluster C — Kavango East, Kavango West & Zambezi","SSP585_2090","Without_Intervention","SSP585_2090_Without_Intervention",47602.2485300159,-7859.7002868671,-16.5111954363062,39743,-7860
"Buffalo","Grazer","General_Grazer",500,4562.5,79783165.5981212,17486.7212269855,"Forage-limited potential carrying capacity","Estimated",783233.539348635,0,0,"Cluster","Cluster_2","Cluster C — Kavango East, Kavango West & Zambezi","SSP585_2090","Without_Intervention","SSP585_2090_Without_Intervention",20944.989353207,-3458.26812622152,-16.5111954363062,17487,-3458
"Burchell's zebra","Grazer","General_Grazer",320,2920,79783165.5981212,27323.0019171648,"Forage-limited potential carrying capacity","Estimated",783233.539348635,0,0,"Cluster","Cluster_2","Cluster C — Kavango East, Kavango West & Zambezi","SSP585_2090","Without_Intervention","SSP585_2090_Without_Intervention",32726.5458643859,-5403.54394722113,-16.5111954363062,27323,-5404
"Bushpig","Omnivore","Omnivore",60,547.5,84471686.6922447,154286.18573926,"Forage-limited potential carrying capacity","Estimated",783233.539348635,0,0,"Cluster","Cluster_2","Cluster C — Kavango East, Kavango West & Zambezi","SSP585_2090","Without_Intervention","SSP585_2090_Without_Intervention",173190.13447144,-18903.9487321804,-10.9151417832623,154286,-18904
"Cheetah","Carnivore","Carnivore",45,,,,"Prey biomass required - not estimated from forage","Not estimated: requires local preferred-prey biomass/density data",783233.539348635,0,0,"Cluster","Cluster_2","Cluster C — Kavango East, Kavango West & Zambezi","SSP585_2090","Without_Intervention","SSP585_2090_Without_Intervention",,,,,
"Damara dik dik","Browser","Shrub_Browser",5,45.625,134983520.550873,2958542.91618351,"Forage-limited potential carrying capacity","Estimated",783233.539348635,0,0,"Cluster","Cluster_2","Cluster C — Kavango East, Kavango West & Zambezi","SSP585_2090","Without_Intervention","SSP585_2090_Without_Intervention",3152383.32469382,-193840.408510316,-6.14901135251827,2958543,-193840
"Duiker","Browser","Woodland_Browser",17.5,159.6875,124214298.305879,777858.619528012,"Forage-limited potential carrying capacity","Estimated",783233.539348635,0,0,"Cluster","Cluster_2","Cluster C — Kavango East, Kavango West & Zambezi","SSP585_2090","Without_Intervention","SSP585_2090_Without_Intervention",856885.54192539,-79026.9223973776,-9.22257624044012,777859,-79027
"Eland","Mixed","Mixed_Open",500,4562.5,107139609.363602,23482.6541070909,"Forage-limited potential carrying capacity","Estimated",783233.539348635,0,0,"Cluster","Cluster_2","Cluster C — Kavango East, Kavango West & Zambezi","SSP585_2090","Without_Intervention","SSP585_2090_Without_Intervention",26794.334193654,-3311.68008656312,-12.3596282058297,23483,-3312
"Elephant","Mixed","Large_Mixed",3500,31937.5,117245094.820915,3671.07928989165,"Forage-limited potential carrying capacity","Estimated",783233.539348635,0,0,"Cluster","Cluster_2","Cluster C — Kavango East, Kavango West & Zambezi","SSP585_2090","Without_Intervention","SSP585_2090_Without_Intervention",4090.71341347623,-419.634123584577,-10.2582136945149,3671,-420
"Gemsbok","Mixed","Arid_Mixed",210,1916.25,94344468.3500185,49233.9039008577,"Forage-limited potential carrying capacity","Estimated",783233.539348635,0,0,"Cluster","Cluster_2","Cluster C — Kavango East, Kavango West & Zambezi","SSP585_2090","Without_Intervention","SSP585_2090_Without_Intervention",55225.3366752983,-5991.43277444065,-10.8490651848222,49234,-5991
"Giraffe","Browser","Woodland_Browser",850,7756.25,124214298.305879,16014.7362844003,"Forage-limited potential carrying capacity","Estimated",783233.539348635,0,0,"Cluster","Cluster_2","Cluster C — Kavango East, Kavango West & Zambezi","SSP585_2090","Without_Intervention","SSP585_2090_Without_Intervention",17641.7611572874,-1627.02487288718,-9.22257624044012,16015,-1627
"Hartmann's zebra","Grazer","Arid_Grazer",280,2555,72877518.0874474,28523.4904451849,"Forage-limited potential carrying capacity","Estimated",783233.539348635,0,0,"Cluster","Cluster_2","Cluster C — Kavango East, Kavango West & Zambezi","SSP585_2090","Without_Intervention","SSP585_2090_Without_Intervention",33179.1938712978,-4655.70342611285,-14.031996811533,28523,-4656
"Hippopotamus","Grazer","Wetland_Grazer",1400,12775,59087275.9025836,4625.22707652318,"Forage-limited potential carrying capacity","Estimated",783233.539348635,0,0,"Cluster","Cluster_2","Cluster C — Kavango East, Kavango West & Zambezi","SSP585_2090","Without_Intervention","SSP585_2090_Without_Intervention",5386.07188484953,-760.84480832635,-14.1261539874083,4625,-761
"Impala","Mixed","Mixed_Open",50,456.25,107139609.363602,234826.541070909,"Forage-limited potential carrying capacity","Estimated",783233.539348635,0,0,"Cluster","Cluster_2","Cluster C — Kavango East, Kavango West & Zambezi","SSP585_2090","Without_Intervention","SSP585_2090_Without_Intervention",267943.34193654,-33116.8008656311,-12.3596282058296,234827,-33117
"Klipspringer","Browser","Rocky_Browser",11,100.375,98542939.7118276,981747.84270812,"Forage-limited potential carrying capacity","Estimated",783233.539348635,0,0,"Cluster","Cluster_2","Cluster C — Kavango East, Kavango West & Zambezi","SSP585_2090","Without_Intervention","SSP585_2090_Without_Intervention",1039014.42889579,-57266.5861876737,-5.5116256901777,981748,-57267
"Kudu","Browser","Woodland_Browser",190,1733.75,124214298.305879,71644.8728512643,"Forage-limited potential carrying capacity","Estimated",783233.539348635,0,0,"Cluster","Cluster_2","Cluster C — Kavango East, Kavango West & Zambezi","SSP585_2090","Without_Intervention","SSP585_2090_Without_Intervention",78923.6683352333,-7278.79548396899,-9.22257624044013,71645,-7279
"Leopard","Carnivore","Carnivore",50,,,,"Prey biomass required - not estimated from forage","Not estimated: requires local preferred-prey biomass/density data",783233.539348635,0,0,"Cluster","Cluster_2","Cluster C — Kavango East, Kavango West & Zambezi","SSP585_2090","Without_Intervention","SSP585_2090_Without_Intervention",,,,,
"Ostrich","Mixed","Mixed_Open",100,912.5,107139609.363602,117413.270535454,"Forage-limited potential carrying capacity","Estimated",783233.539348635,0,0,"Cluster","Cluster_2","Cluster C — Kavango East, Kavango West & Zambezi","SSP585_2090","Without_Intervention","SSP585_2090_Without_Intervention",133971.67096827,-16558.4004328156,-12.3596282058296,117413,-16558
"Red Hartebeest","Grazer","General_Grazer",150,1368.75,79783165.5981212,58289.0707566182,"Forage-limited potential carrying capacity","Estimated",783233.539348635,0,0,"Cluster","Cluster_2","Cluster C — Kavango East, Kavango West & Zambezi","SSP585_2090","Without_Intervention","SSP585_2090_Without_Intervention",69816.6311773566,-11527.5604207384,-16.5111954363062,58289,-11528
"Red Lechwe","Grazer","Wetland_Grazer",80,730,59087275.9025836,80941.4738391556,"Forage-limited potential carrying capacity","Estimated",783233.539348635,0,0,"Cluster","Cluster_2","Cluster C — Kavango East, Kavango West & Zambezi","SSP585_2090","Without_Intervention","SSP585_2090_Without_Intervention",94256.2579848667,-13314.7841457111,-14.1261539874083,80941,-13315
"Reedbuck","Grazer","Wetland_Grazer",45,410.625,59087275.9025836,143895.953491832,"Forage-limited potential carrying capacity","Estimated",783233.539348635,0,0,"Cluster","Cluster_2","Cluster C — Kavango East, Kavango West & Zambezi","SSP585_2090","Without_Intervention","SSP585_2090_Without_Intervention",167566.680861985,-23670.7273701531,-14.1261539874083,143896,-23671
"Roan","Grazer","General_Grazer",240,2190,79783165.5981212,36430.6692228864,"Forage-limited potential carrying capacity","Estimated",783233.539348635,0,0,"Cluster","Cluster_2","Cluster C — Kavango East, Kavango West & Zambezi","SSP585_2090","Without_Intervention","SSP585_2090_Without_Intervention",43635.3944858479,-7204.72526296151,-16.5111954363062,36431,-7205
"Sable","Grazer","General_Grazer",200,1825,79783165.5981212,43716.8030674637,"Forage-limited potential carrying capacity","Estimated",783233.539348635,0,0,"Cluster","Cluster_2","Cluster C — Kavango East, Kavango West & Zambezi","SSP585_2090","Without_Intervention","SSP585_2090_Without_Intervention",52362.4733830175,-8645.67031555381,-16.5111954363062,43717,-8646
"Spotted Hyaena","Carnivore","Carnivore",55,,,,"Prey biomass required - not estimated from forage","Not estimated: requires local preferred-prey biomass/density data",783233.539348635,0,0,"Cluster","Cluster_2","Cluster C — Kavango East, Kavango West & Zambezi","SSP585_2090","Without_Intervention","SSP585_2090_Without_Intervention",,,,,
"Springbok","Grazer","Arid_Grazer",38,346.75,72877518.0874474,210173.087490836,"Forage-limited potential carrying capacity","Estimated",783233.539348635,0,0,"Cluster","Cluster_2","Cluster C — Kavango East, Kavango West & Zambezi","SSP585_2090","Without_Intervention","SSP585_2090_Without_Intervention",244478.270630615,-34305.1831397789,-14.031996811533,210173,-34305
"Steenbok","Browser","Shrub_Browser",10,91.25,134983520.550873,1479271.45809175,"Forage-limited potential carrying capacity","Estimated",783233.539348635,0,0,"Cluster","Cluster_2","Cluster C — Kavango East, Kavango West & Zambezi","SSP585_2090","Without_Intervention","SSP585_2090_Without_Intervention",1576191.66234691,-96920.2042551581,-6.14901135251827,1479271,-96920
"Vervet monkey","Omnivore","Omnivore",5,45.625,84471686.6922447,1851434.22887112,"Forage-limited potential carrying capacity","Estimated",783233.539348635,0,0,"Cluster","Cluster_2","Cluster C — Kavango East, Kavango West & Zambezi","SSP585_2090","Without_Intervention","SSP585_2090_Without_Intervention",2078281.61365728,-226847.384786165,-10.9151417832623,1851434,-226847
"Warthog","Grazer","General_Grazer",70,638.75,79783165.5981212,124905.151621325,"Forage-limited potential carrying capacity","Estimated",783233.539348635,0,0,"Cluster","Cluster_2","Cluster C — Kavango East, Kavango West & Zambezi","SSP585_2090","Without_Intervention","SSP585_2090_Without_Intervention",149607.066808621,-24701.9151872966,-16.5111954363062,124905,-24702
"Baboon","Omnivore","Omnivore",24,219,632403527.932701,2887687.34215845,"Forage-limited potential carrying capacity","Estimated",5946321.81049356,0,0,"Cluster","Cluster_3","Cluster B — Omaheke & Otjozondjupa (Central / Group 4)","SSP585_2090","Without_Intervention","SSP585_2090_Without_Intervention",3317051.56221577,-429364.220057316,-12.9441527212952,2887687,-429364
"Black rhinoceros","Browser","Shrub_Browser",1000,9125,1255854233.88402,137627.861247564,"Forage-limited potential carrying capacity","Estimated",5946321.81049356,0,0,"Cluster","Cluster_3","Cluster B — Omaheke & Otjozondjupa (Central / Group 4)","SSP585_2090","Without_Intervention","SSP585_2090_Without_Intervention",155907.328362704,-18279.46711514,-11.7245720949143,137628,-18279
"Black-backed Jackal","Carnivore","Carnivore",8.5,,,,"Prey biomass required - not estimated from forage","Not estimated: requires local preferred-prey biomass/density data",5946321.81049356,0,0,"Cluster","Cluster_3","Cluster B — Omaheke & Otjozondjupa (Central / Group 4)","SSP585_2090","Without_Intervention","SSP585_2090_Without_Intervention",,,,,
"Black-faced Impala","Mixed","Mixed_Open",50,456.25,827547600.176586,1813802.95929115,"Forage-limited potential carrying capacity","Estimated",5946321.81049356,0,0,"Cluster","Cluster_3","Cluster B — Omaheke & Otjozondjupa (Central / Group 4)","SSP585_2090","Without_Intervention","SSP585_2090_Without_Intervention",2106256.35920855,-292453.399917399,-13.8849859675814,1813803,-292453
"Blue wildebeest","Grazer","General_Grazer",220,2007.5,455149816.5365,226724.690678207,"Forage-limited potential carrying capacity","Estimated",5946321.81049356,0,0,"Cluster","Cluster_3","Cluster B — Omaheke & Otjozondjupa (Central / Group 4)","SSP585_2090","Without_Intervention","SSP585_2090_Without_Intervention",272957.565510101,-46232.8748318942,-16.9377517510806,226725,-46233
"Buffalo","Grazer","General_Grazer",500,4562.5,455149816.5365,99758.863898411,"Forage-limited potential carrying capacity","Estimated",5946321.81049356,0,0,"Cluster","Cluster_3","Cluster B — Omaheke & Otjozondjupa (Central / Group 4)","SSP585_2090","Without_Intervention","SSP585_2090_Without_Intervention",120101.328824444,-20342.4649260334,-16.9377517510806,99759,-20342
"Burchell's zebra","Grazer","General_Grazer",320,2920,455149816.5365,155873.224841267,"Forage-limited potential carrying capacity","Estimated",5946321.81049356,0,0,"Cluster","Cluster_3","Cluster B — Omaheke & Otjozondjupa (Central / Group 4)","SSP585_2090","Without_Intervention","SSP585_2090_Without_Intervention",187658.326288194,-31785.1014469273,-16.9377517510806,155873,-31785
"Bushpig","Omnivore","Omnivore",60,547.5,632403527.932701,1155074.93686338,"Forage-limited potential carrying capacity","Estimated",5946321.81049356,0,0,"Cluster","Cluster_3","Cluster B — Omaheke & Otjozondjupa (Central / Group 4)","SSP585_2090","Without_Intervention","SSP585_2090_Without_Intervention",1326820.62488631,-171745.688022926,-12.9441527212952,1155075,-171746
"Cheetah","Carnivore","Carnivore",45,,,,"Prey biomass required - not estimated from forage","Not estimated: requires local preferred-prey biomass/density data",5946321.81049356,0,0,"Cluster","Cluster_3","Cluster B — Omaheke & Otjozondjupa (Central / Group 4)","SSP585_2090","Without_Intervention","SSP585_2090_Without_Intervention",,,,,
"Damara dik dik","Browser","Shrub_Browser",5,45.625,1255854233.88402,27525572.2495128,"Forage-limited potential carrying capacity","Estimated",5946321.81049356,0,0,"Cluster","Cluster_3","Cluster B — Omaheke & Otjozondjupa (Central / Group 4)","SSP585_2090","Without_Intervention","SSP585_2090_Without_Intervention",31181465.6725408,-3655893.423028,-11.7245720949143,27525572,-3655893
"Duiker","Browser","Woodland_Browser",17.5,159.6875,1067788538.52214,6686738.40170422,"Forage-limited potential carrying capacity","Estimated",5946321.81049356,0,0,"Cluster","Cluster_3","Cluster B — Omaheke & Otjozondjupa (Central / Group 4)","SSP585_2090","Without_Intervention","SSP585_2090_Without_Intervention",7589974.57713032,-903236.175426103,-11.9003847278709,6686738,-903236
"Eland","Mixed","Mixed_Open",500,4562.5,827547600.176586,181380.295929115,"Forage-limited potential carrying capacity","Estimated",5946321.81049356,0,0,"Cluster","Cluster_3","Cluster B — Omaheke & Otjozondjupa (Central / Group 4)","SSP585_2090","Without_Intervention","SSP585_2090_Without_Intervention",210625.635920855,-29245.3399917399,-13.8849859675814,181380,-29245
"Elephant","Mixed","Large_Mixed",3500,31937.5,948761513.525712,29706.8184274196,"Forage-limited potential carrying capacity","Estimated",5946321.81049356,0,0,"Cluster","Cluster_3","Cluster B — Omaheke & Otjozondjupa (Central / Group 4)","SSP585_2090","Without_Intervention","SSP585_2090_Without_Intervention",34112.5320535259,-4405.71362610635,-12.9152348444652,29707,-4406
"Gemsbok","Mixed","Arid_Mixed",210,1916.25,826333546.263262,431224.290287416,"Forage-limited potential carrying capacity","Estimated",5946321.81049356,0,0,"Cluster","Cluster_3","Cluster B — Omaheke & Otjozondjupa (Central / Group 4)","SSP585_2090","Without_Intervention","SSP585_2090_Without_Intervention",499030.981196808,-67806.6909093917,-13.5876716004232,431224,-67807
"Giraffe","Browser","Woodland_Browser",850,7756.25,1067788538.52214,137668.143564499,"Forage-limited potential carrying capacity","Estimated",5946321.81049356,0,0,"Cluster","Cluster_3","Cluster B — Omaheke & Otjozondjupa (Central / Group 4)","SSP585_2090","Without_Intervention","SSP585_2090_Without_Intervention",156264.18247033,-18596.0389058315,-11.9003847278709,137668,-18596
"Hartmann's zebra","Grazer","Arid_Grazer",280,2555,577545183.87351,226045.081750884,"Forage-limited potential carrying capacity","Estimated",5946321.81049356,0,0,"Cluster","Cluster_3","Cluster B — Omaheke & Otjozondjupa (Central / Group 4)","SSP585_2090","Without_Intervention","SSP585_2090_Without_Intervention",265935.514773241,-39890.4330223562,-15.0000397864761,226045,-39890
"Hippopotamus","Grazer","Wetland_Grazer",1400,12775,133282180.414068,10433.0473905337,"Forage-limited potential carrying capacity","Estimated",5946321.81049356,0,0,"Cluster","Cluster_3","Cluster B — Omaheke & Otjozondjupa (Central / Group 4)","SSP585_2090","Without_Intervention","SSP585_2090_Without_Intervention",13090.3505360604,-2657.30314552673,-20.2997096082841,10433,-2657
"Impala","Mixed","Mixed_Open",50,456.25,827547600.176586,1813802.95929115,"Forage-limited potential carrying capacity","Estimated",5946321.81049356,0,0,"Cluster","Cluster_3","Cluster B — Omaheke & Otjozondjupa (Central / Group 4)","SSP585_2090","Without_Intervention","SSP585_2090_Without_Intervention",2106256.35920855,-292453.399917399,-13.8849859675814,1813803,-292453
"Klipspringer","Browser","Rocky_Browser",11,100.375,941785196.841939,9382666.96729204,"Forage-limited potential carrying capacity","Estimated",5946321.81049356,0,0,"Cluster","Cluster_3","Cluster B — Omaheke & Otjozondjupa (Central / Group 4)","SSP585_2090","Without_Intervention","SSP585_2090_Without_Intervention",10624052.7250399,-1241385.75774787,-11.684672411518,9382667,-1241386
"Kudu","Browser","Woodland_Browser",190,1733.75,1067788538.52214,615883.800156967,"Forage-limited potential carrying capacity","Estimated",5946321.81049356,0,0,"Cluster","Cluster_3","Cluster B — Omaheke & Otjozondjupa (Central / Group 4)","SSP585_2090","Without_Intervention","SSP585_2090_Without_Intervention",699076.605788319,-83192.8056313517,-11.9003847278709,615884,-83193
"Leopard","Carnivore","Carnivore",50,,,,"Prey biomass required - not estimated from forage","Not estimated: requires local preferred-prey biomass/density data",5946321.81049356,0,0,"Cluster","Cluster_3","Cluster B — Omaheke & Otjozondjupa (Central / Group 4)","SSP585_2090","Without_Intervention","SSP585_2090_Without_Intervention",,,,,
"Ostrich","Mixed","Mixed_Open",100,912.5,827547600.176586,906901.479645574,"Forage-limited potential carrying capacity","Estimated",5946321.81049356,0,0,"Cluster","Cluster_3","Cluster B — Omaheke & Otjozondjupa (Central / Group 4)","SSP585_2090","Without_Intervention","SSP585_2090_Without_Intervention",1053128.17960427,-146226.699958699,-13.8849859675814,906901,-146227
"Red Hartebeest","Grazer","General_Grazer",150,1368.75,455149816.5365,332529.546328037,"Forage-limited potential carrying capacity","Estimated",5946321.81049356,0,0,"Cluster","Cluster_3","Cluster B — Omaheke & Otjozondjupa (Central / Group 4)","SSP585_2090","Without_Intervention","SSP585_2090_Without_Intervention",400337.762748148,-67808.2164201115,-16.9377517510806,332530,-67808
"Red Lechwe","Grazer","Wetland_Grazer",80,730,133282180.414068,182578.32933434,"Forage-limited potential carrying capacity","Estimated",5946321.81049356,0,0,"Cluster","Cluster_3","Cluster B — Omaheke & Otjozondjupa (Central / Group 4)","SSP585_2090","Without_Intervention","SSP585_2090_Without_Intervention",229081.134381058,-46502.8050467178,-20.2997096082841,182578,-46503
"Reedbuck","Grazer","Wetland_Grazer",45,410.625,133282180.414068,324583.696594382,"Forage-limited potential carrying capacity","Estimated",5946321.81049356,0,0,"Cluster","Cluster_3","Cluster B — Omaheke & Otjozondjupa (Central / Group 4)","SSP585_2090","Without_Intervention","SSP585_2090_Without_Intervention",407255.350010769,-82671.6534163873,-20.2997096082841,324584,-82672
"Roan","Grazer","General_Grazer",240,2190,455149816.5365,207830.966455023,"Forage-limited potential carrying capacity","Estimated",5946321.81049356,0,0,"Cluster","Cluster_3","Cluster B — Omaheke & Otjozondjupa (Central / Group 4)","SSP585_2090","Without_Intervention","SSP585_2090_Without_Intervention",250211.101717593,-42380.1352625697,-16.9377517510806,207831,-42380
"Sable","Grazer","General_Grazer",200,1825,455149816.5365,249397.159746028,"Forage-limited potential carrying capacity","Estimated",5946321.81049356,0,0,"Cluster","Cluster_3","Cluster B — Omaheke & Otjozondjupa (Central / Group 4)","SSP585_2090","Without_Intervention","SSP585_2090_Without_Intervention",300253.322061111,-50856.1623150836,-16.9377517510806,249397,-50856
"Spotted Hyaena","Carnivore","Carnivore",55,,,,"Prey biomass required - not estimated from forage","Not estimated: requires local preferred-prey biomass/density data",5946321.81049356,0,0,"Cluster","Cluster_3","Cluster B — Omaheke & Otjozondjupa (Central / Group 4)","SSP585_2090","Without_Intervention","SSP585_2090_Without_Intervention",,,,,
"Springbok","Grazer","Arid_Grazer",38,346.75,577545183.87351,1665595.33921704,"Forage-limited potential carrying capacity","Estimated",5946321.81049356,0,0,"Cluster","Cluster_3","Cluster B — Omaheke & Otjozondjupa (Central / Group 4)","SSP585_2090","Without_Intervention","SSP585_2090_Without_Intervention",1959524.84569756,-293929.50648052,-15.0000397864761,1665595,-293930
"Steenbok","Browser","Shrub_Browser",10,91.25,1255854233.88402,13762786.1247564,"Forage-limited potential carrying capacity","Estimated",5946321.81049356,0,0,"Cluster","Cluster_3","Cluster B — Omaheke & Otjozondjupa (Central / Group 4)","SSP585_2090","Without_Intervention","SSP585_2090_Without_Intervention",15590732.8362704,-1827946.711514,-11.7245720949143,13762786,-1827947
"Vervet monkey","Omnivore","Omnivore",5,45.625,632403527.932701,13860899.2423606,"Forage-limited potential carrying capacity","Estimated",5946321.81049356,0,0,"Cluster","Cluster_3","Cluster B — Omaheke & Otjozondjupa (Central / Group 4)","SSP585_2090","Without_Intervention","SSP585_2090_Without_Intervention",15921847.4986357,-2060948.25627512,-12.9441527212952,13860899,-2060948
"Warthog","Grazer","General_Grazer",70,638.75,455149816.5365,712563.313560079,"Forage-limited potential carrying capacity","Estimated",5946321.81049356,0,0,"Cluster","Cluster_3","Cluster B — Omaheke & Otjozondjupa (Central / Group 4)","SSP585_2090","Without_Intervention","SSP585_2090_Without_Intervention",857866.634460317,-145303.320900239,-16.9377517510806,712563,-145303
"Baboon","Omnivore","Omnivore",24,219,299959694.413293,1369678.96992371,"Forage-limited potential carrying capacity","Estimated",5126424.88987576,0,0,"Cluster","Cluster_4","Cluster E — Kunene (North)","SSP585_2090","Without_Intervention","SSP585_2090_Without_Intervention",1561177.40686056,-191498.436936847,-12.2662828769691,1369679,-191498
"Black rhinoceros","Browser","Shrub_Browser",1000,9125,572981629.83169,62792.5073788154,"Forage-limited potential carrying capacity","Estimated",5126424.88987576,0,0,"Cluster","Cluster_4","Cluster E — Kunene (North)","SSP585_2090","Without_Intervention","SSP585_2090_Without_Intervention",70031.8492860938,-7239.34190727842,-10.3372136835974,62793,-7239
"Black-backed Jackal","Carnivore","Carnivore",8.5,,,,"Prey biomass required - not estimated from forage","Not estimated: requires local preferred-prey biomass/density data",5126424.88987576,0,0,"Cluster","Cluster_4","Cluster E — Kunene (North)","SSP585_2090","Without_Intervention","SSP585_2090_Without_Intervention",,,,,
"Black-faced Impala","Mixed","Mixed_Open",50,456.25,410790119.07396,900361.904819639,"Forage-limited potential carrying capacity","Estimated",5126424.88987576,0,0,"Cluster","Cluster_4","Cluster E — Kunene (North)","SSP585_2090","Without_Intervention","SSP585_2090_Without_Intervention",1046230.4695093,-145868.564689657,-13.9422975090825,900362,-145869
"Blue wildebeest","Grazer","General_Grazer",220,2007.5,259850702.291885,129439.951328461,"Forage-limited potential carrying capacity","Estimated",5126424.88987576,0,0,"Cluster","Cluster_4","Cluster E — Kunene (North)","SSP585_2090","Without_Intervention","SSP585_2090_Without_Intervention",157569.9153034,-28129.963974939,-17.8523698009071,129440,-28130
"Buffalo","Grazer","General_Grazer",500,4562.5,259850702.291885,56953.5785845228,"Forage-limited potential carrying capacity","Estimated",5126424.88987576,0,0,"Cluster","Cluster_4","Cluster E — Kunene (North)","SSP585_2090","Without_Intervention","SSP585_2090_Without_Intervention",69330.7627334959,-12377.1841489731,-17.8523698009071,56954,-12377
"Burchell's zebra","Grazer","General_Grazer",320,2920,259850702.291885,88989.9665383168,"Forage-limited potential carrying capacity","Estimated",5126424.88987576,0,0,"Cluster","Cluster_4","Cluster E — Kunene (North)","SSP585_2090","Without_Intervention","SSP585_2090_Without_Intervention",108329.316771087,-19339.3502327705,-17.8523698009071,88990,-19339
"Bushpig","Omnivore","Omnivore",60,547.5,299959694.413293,547871.587969485,"Forage-limited potential carrying capacity","Estimated",5126424.88987576,0,0,"Cluster","Cluster_4","Cluster E — Kunene (North)","SSP585_2090","Without_Intervention","SSP585_2090_Without_Intervention",624470.962744223,-76599.3747747386,-12.2662828769691,547872,-76599
"Cheetah","Carnivore","Carnivore",45,,,,"Prey biomass required - not estimated from forage","Not estimated: requires local preferred-prey biomass/density data",5126424.88987576,0,0,"Cluster","Cluster_4","Cluster E — Kunene (North)","SSP585_2090","Without_Intervention","SSP585_2090_Without_Intervention",,,,,
"Damara dik dik","Browser","Shrub_Browser",5,45.625,572981629.83169,12558501.4757631,"Forage-limited potential carrying capacity","Estimated",5126424.88987576,0,0,"Cluster","Cluster_4","Cluster E — Kunene (North)","SSP585_2090","Without_Intervention","SSP585_2090_Without_Intervention",14006369.8572188,-1447868.38145568,-10.3372136835974,12558501,-1447868
"Duiker","Browser","Woodland_Browser",17.5,159.6875,472008174.460365,2955824.18448761,"Forage-limited potential carrying capacity","Estimated",5126424.88987576,0,0,"Cluster","Cluster_4","Cluster E — Kunene (North)","SSP585_2090","Without_Intervention","SSP585_2090_Without_Intervention",3295598.91632565,-339774.731838036,-10.309953986053,2955824,-339775
"Eland","Mixed","Mixed_Open",500,4562.5,410790119.07396,90036.1904819639,"Forage-limited potential carrying capacity","Estimated",5126424.88987576,0,0,"Cluster","Cluster_4","Cluster E — Kunene (North)","SSP585_2090","Without_Intervention","SSP585_2090_Without_Intervention",104623.04695093,-14586.8564689657,-13.9422975090825,90036,-14587
"Elephant","Mixed","Large_Mixed",3500,31937.5,457054430.588782,14310.9019362437,"Forage-limited potential carrying capacity","Estimated",5126424.88987576,0,0,"Cluster","Cluster_4","Cluster E — Kunene (North)","SSP585_2090","Without_Intervention","SSP585_2090_Without_Intervention",16318.2543234767,-2007.35238723309,-12.3012691642215,14311,-2007
"Gemsbok","Mixed","Arid_Mixed",210,1916.25,437162415.60769,228134.332998142,"Forage-limited potential carrying capacity","Estimated",5126424.88987576,0,0,"Cluster","Cluster_4","Cluster E — Kunene (North)","SSP585_2090","Without_Intervention","SSP585_2090_Without_Intervention",263420.728641587,-35286.3956434452,-13.3954513850944,228134,-35286
"Giraffe","Browser","Woodland_Browser",850,7756.25,472008174.460365,60855.2037982743,"Forage-limited potential carrying capacity","Estimated",5126424.88987576,0,0,"Cluster","Cluster_4","Cluster E — Kunene (North)","SSP585_2090","Without_Intervention","SSP585_2090_Without_Intervention",67850.5659243516,-6995.36212607721,-10.309953986053,60855,-6995
"Hartmann's zebra","Grazer","Arid_Grazer",280,2555,340557546.71209,133290.624936239,"Forage-limited potential carrying capacity","Estimated",5126424.88987576,0,0,"Cluster","Cluster_4","Cluster E — Kunene (North)","SSP585_2090","Without_Intervention","SSP585_2090_Without_Intervention",156909.927115636,-23619.3021793974,-15.0527774842385,133291,-23619
"Hippopotamus","Grazer","Wetland_Grazer",1400,12775,78094671.4499865,6113.08582778759,"Forage-limited potential carrying capacity","Estimated",5126424.88987576,0,0,"Cluster","Cluster_4","Cluster E — Kunene (North)","SSP585_2090","Without_Intervention","SSP585_2090_Without_Intervention",7787.49998578055,-1674.41415799296,-21.5013054388485,6113,-1674
"Impala","Mixed","Mixed_Open",50,456.25,410790119.07396,900361.904819639,"Forage-limited potential carrying capacity","Estimated",5126424.88987576,0,0,"Cluster","Cluster_4","Cluster E — Kunene (North)","SSP585_2090","Without_Intervention","SSP585_2090_Without_Intervention",1046230.4695093,-145868.564689657,-13.9422975090825,900362,-145869
"Klipspringer","Browser","Rocky_Browser",11,100.375,470424743.951241,4686672.41794511,"Forage-limited potential carrying capacity","Estimated",5126424.88987576,0,0,"Cluster","Cluster_4","Cluster E — Kunene (North)","SSP585_2090","Without_Intervention","SSP585_2090_Without_Intervention",5220569.59114109,-533897.173195975,-10.2267992768827,4686672,-533897
"Kudu","Browser","Woodland_Browser",190,1733.75,472008174.460365,272246.964360701,"Forage-limited potential carrying capacity","Estimated",5126424.88987576,0,0,"Cluster","Cluster_4","Cluster E — Kunene (North)","SSP585_2090","Without_Intervention","SSP585_2090_Without_Intervention",303542.005451046,-31295.0410903455,-10.309953986053,272247,-31295
"Leopard","Carnivore","Carnivore",50,,,,"Prey biomass required - not estimated from forage","Not estimated: requires local preferred-prey biomass/density data",5126424.88987576,0,0,"Cluster","Cluster_4","Cluster E — Kunene (North)","SSP585_2090","Without_Intervention","SSP585_2090_Without_Intervention",,,,,
"Ostrich","Mixed","Mixed_Open",100,912.5,410790119.07396,450180.952409819,"Forage-limited potential carrying capacity","Estimated",5126424.88987576,0,0,"Cluster","Cluster_4","Cluster E — Kunene (North)","SSP585_2090","Without_Intervention","SSP585_2090_Without_Intervention",523115.234754648,-72934.2823448283,-13.9422975090825,450181,-72934
"Red Hartebeest","Grazer","General_Grazer",150,1368.75,259850702.291885,189845.261948409,"Forage-limited potential carrying capacity","Estimated",5126424.88987576,0,0,"Cluster","Cluster_4","Cluster E — Kunene (North)","SSP585_2090","Without_Intervention","SSP585_2090_Without_Intervention",231102.542444986,-41257.2804965772,-17.8523698009071,189845,-41257
"Red Lechwe","Grazer","Wetland_Grazer",80,730,78094671.4499865,106979.001986283,"Forage-limited potential carrying capacity","Estimated",5126424.88987576,0,0,"Cluster","Cluster_4","Cluster E — Kunene (North)","SSP585_2090","Without_Intervention","SSP585_2090_Without_Intervention",136281.24975116,-29302.2477648768,-21.5013054388485,106979,-29302
"Reedbuck","Grazer","Wetland_Grazer",45,410.625,78094671.4499865,190184.892420058,"Forage-limited potential carrying capacity","Estimated",5126424.88987576,0,0,"Cluster","Cluster_4","Cluster E — Kunene (North)","SSP585_2090","Without_Intervention","SSP585_2090_Without_Intervention",242277.777335395,-52092.8849153364,-21.5013054388485,190185,-52093
"Roan","Grazer","General_Grazer",240,2190,259850702.291885,118653.288717756,"Forage-limited potential carrying capacity","Estimated",5126424.88987576,0,0,"Cluster","Cluster_4","Cluster E — Kunene (North)","SSP585_2090","Without_Intervention","SSP585_2090_Without_Intervention",144439.089028116,-25785.8003103607,-17.852369800907,118653,-25786
"Sable","Grazer","General_Grazer",200,1825,259850702.291885,142383.946461307,"Forage-limited potential carrying capacity","Estimated",5126424.88987576,0,0,"Cluster","Cluster_4","Cluster E — Kunene (North)","SSP585_2090","Without_Intervention","SSP585_2090_Without_Intervention",173326.90683374,-30942.9603724329,-17.8523698009071,142384,-30943
"Spotted Hyaena","Carnivore","Carnivore",55,,,,"Prey biomass required - not estimated from forage","Not estimated: requires local preferred-prey biomass/density data",5126424.88987576,0,0,"Cluster","Cluster_4","Cluster E — Kunene (North)","SSP585_2090","Without_Intervention","SSP585_2090_Without_Intervention",,,,,
"Springbok","Grazer","Arid_Grazer",38,346.75,340557546.71209,982141.4468986,"Forage-limited potential carrying capacity","Estimated",5126424.88987576,0,0,"Cluster","Cluster_4","Cluster E — Kunene (North)","SSP585_2090","Without_Intervention","SSP585_2090_Without_Intervention",1156178.41032574,-174036.963427139,-15.0527774842384,982141,-174037
"Steenbok","Browser","Shrub_Browser",10,91.25,572981629.83169,6279250.73788154,"Forage-limited potential carrying capacity","Estimated",5126424.88987576,0,0,"Cluster","Cluster_4","Cluster E — Kunene (North)","SSP585_2090","Without_Intervention","SSP585_2090_Without_Intervention",7003184.92860938,-723934.190727842,-10.3372136835974,6279251,-723934
"Vervet monkey","Omnivore","Omnivore",5,45.625,299959694.413293,6574459.05563382,"Forage-limited potential carrying capacity","Estimated",5126424.88987576,0,0,"Cluster","Cluster_4","Cluster E — Kunene (North)","SSP585_2090","Without_Intervention","SSP585_2090_Without_Intervention",7493651.55293068,-919192.497296864,-12.2662828769691,6574459,-919192
"Warthog","Grazer","General_Grazer",70,638.75,259850702.291885,406811.275603734,"Forage-limited potential carrying capacity","Estimated",5126424.88987576,0,0,"Cluster","Cluster_4","Cluster E — Kunene (North)","SSP585_2090","Without_Intervention","SSP585_2090_Without_Intervention",495219.733810685,-88408.458206951,-17.8523698009071,406811,-88408
"Baboon","Omnivore","Omnivore",24,219,154444301.245624,705225.11984303,"Forage-limited potential carrying capacity","Estimated",1422473.1935077,0,0,"Cluster","Cluster_5","Cluster D — Omusati, Oshana, Oshikoto & Ohangwena","SSP585_2090","Without_Intervention","SSP585_2090_Without_Intervention",783196.499598643,-77971.3797556133,-9.95553220623056,705225,-77971
"Black rhinoceros","Browser","Shrub_Browser",1000,9125,243384123.979642,26672.2327648923,"Forage-limited potential carrying capacity","Estimated",1422473.1935077,0,0,"Cluster","Cluster_5","Cluster D — Omusati, Oshana, Oshikoto & Ohangwena","SSP585_2090","Without_Intervention","SSP585_2090_Without_Intervention",28810.2263127114,-2137.99354781906,-7.42095367323011,26672,-2138
"Black-backed Jackal","Carnivore","Carnivore",8.5,,,,"Prey biomass required - not estimated from forage","Not estimated: requires local preferred-prey biomass/density data",1422473.1935077,0,0,"Cluster","Cluster_5","Cluster D — Omusati, Oshana, Oshikoto & Ohangwena","SSP585_2090","Without_Intervention","SSP585_2090_Without_Intervention",,,,,
"Black-faced Impala","Mixed","Mixed_Open",50,456.25,244975678.923882,536932.994901659,"Forage-limited potential carrying capacity","Estimated",1422473.1935077,0,0,"Cluster","Cluster_5","Cluster D — Omusati, Oshana, Oshikoto & Ohangwena","SSP585_2090","Without_Intervention","SSP585_2090_Without_Intervention",595696.659539816,-58763.6646381563,-9.864696015511,536933,-58764
"Blue wildebeest","Grazer","General_Grazer",220,2007.5,205534664.597622,102383.394569177,"Forage-limited potential carrying capacity","Estimated",1422473.1935077,0,0,"Cluster","Cluster_5","Cluster D — Omusati, Oshana, Oshikoto & Ohangwena","SSP585_2090","Without_Intervention","SSP585_2090_Without_Intervention",115479.607571885,-13096.2130027082,-11.3407148483389,102383,-13096
"Buffalo","Grazer","General_Grazer",500,4562.5,205534664.597622,45048.6936104377,"Forage-limited potential carrying capacity","Estimated",1422473.1935077,0,0,"Cluster","Cluster_5","Cluster D — Omusati, Oshana, Oshikoto & Ohangwena","SSP585_2090","Without_Intervention","SSP585_2090_Without_Intervention",50811.0273316293,-5762.33372119162,-11.3407148483389,45049,-5762
"Burchell's zebra","Grazer","General_Grazer",320,2920,205534664.597622,70388.5837663089,"Forage-limited potential carrying capacity","Estimated",1422473.1935077,0,0,"Cluster","Cluster_5","Cluster D — Omusati, Oshana, Oshikoto & Ohangwena","SSP585_2090","Without_Intervention","SSP585_2090_Without_Intervention",79392.2302056708,-9003.6464393619,-11.3407148483389,70389,-9004
"Bushpig","Omnivore","Omnivore",60,547.5,154444301.245624,282090.047937212,"Forage-limited potential carrying capacity","Estimated",1422473.1935077,0,0,"Cluster","Cluster_5","Cluster D — Omusati, Oshana, Oshikoto & Ohangwena","SSP585_2090","Without_Intervention","SSP585_2090_Without_Intervention",313278.599839457,-31188.5519022453,-9.95553220623056,282090,-31189
"Cheetah","Carnivore","Carnivore",45,,,,"Prey biomass required - not estimated from forage","Not estimated: requires local preferred-prey biomass/density data",1422473.1935077,0,0,"Cluster","Cluster_5","Cluster D — Omusati, Oshana, Oshikoto & Ohangwena","SSP585_2090","Without_Intervention","SSP585_2090_Without_Intervention",,,,,
"Damara dik dik","Browser","Shrub_Browser",5,45.625,243384123.979642,5334446.55297846,"Forage-limited potential carrying capacity","Estimated",1422473.1935077,0,0,"Cluster","Cluster_5","Cluster D — Omusati, Oshana, Oshikoto & Ohangwena","SSP585_2090","Without_Intervention","SSP585_2090_Without_Intervention",5762045.26254227,-427598.709563813,-7.42095367323012,5334447,-427599
"Duiker","Browser","Woodland_Browser",17.5,159.6875,204920636.6541,1283260.34695327,"Forage-limited potential carrying capacity","Estimated",1422473.1935077,0,0,"Cluster","Cluster_5","Cluster D — Omusati, Oshana, Oshikoto & Ohangwena","SSP585_2090","Without_Intervention","SSP585_2090_Without_Intervention",1392356.38512432,-109096.038171054,-7.83535302718588,1283260,-109096
"Eland","Mixed","Mixed_Open",500,4562.5,244975678.923882,53693.2994901659,"Forage-limited potential carrying capacity","Estimated",1422473.1935077,0,0,"Cluster","Cluster_5","Cluster D — Omusati, Oshana, Oshikoto & Ohangwena","SSP585_2090","Without_Intervention","SSP585_2090_Without_Intervention",59569.6659539816,-5876.36646381563,-9.86469601551099,53693,-5876
"Elephant","Mixed","Large_Mixed",3500,31937.5,234465836.458264,7341.3960534877,"Forage-limited potential carrying capacity","Estimated",1422473.1935077,0,0,"Cluster","Cluster_5","Cluster D — Omusati, Oshana, Oshikoto & Ohangwena","SSP585_2090","Without_Intervention","SSP585_2090_Without_Intervention",8065.78314837636,-724.387094888661,-8.98098896986189,7341,-724
"Gemsbok","Mixed","Arid_Mixed",210,1916.25,238286803.020307,124350.582137147,"Forage-limited potential carrying capacity","Estimated",1422473.1935077,0,0,"Cluster","Cluster_5","Cluster D — Omusati, Oshana, Oshikoto & Ohangwena","SSP585_2090","Without_Intervention","SSP585_2090_Without_Intervention",137314.707455286,-12964.1253181398,-9.44117753909303,124351,-12964
"Giraffe","Browser","Woodland_Browser",850,7756.25,204920636.6541,26420.0659666849,"Forage-limited potential carrying capacity","Estimated",1422473.1935077,0,0,"Cluster","Cluster_5","Cluster D — Omusati, Oshana, Oshikoto & Ohangwena","SSP585_2090","Without_Intervention","SSP585_2090_Without_Intervention",28666.1608702066,-2246.0949035217,-7.83535302718586,26420,-2246
"Hartmann's zebra","Grazer","Arid_Grazer",280,2555,207794599.717935,81328.6104571175,"Forage-limited potential carrying capacity","Estimated",1422473.1935077,0,0,"Cluster","Cluster_5","Cluster D — Omusati, Oshana, Oshikoto & Ohangwena","SSP585_2090","Without_Intervention","SSP585_2090_Without_Intervention",90698.3305757486,-9369.72011863103,-10.3306423162946,81329,-9370
"Hippopotamus","Grazer","Wetland_Grazer",1400,12775,80028127.1199868,6264.43265127098,"Forage-limited potential carrying capacity","Estimated",1422473.1935077,0,0,"Cluster","Cluster_5","Cluster D — Omusati, Oshana, Oshikoto & Ohangwena","SSP585_2090","Without_Intervention","SSP585_2090_Without_Intervention",7173.25266099403,-908.82000972305,-12.6695664111336,6264,-909
"Impala","Mixed","Mixed_Open",50,456.25,244975678.923882,536932.994901659,"Forage-limited potential carrying capacity","Estimated",1422473.1935077,0,0,"Cluster","Cluster_5","Cluster D — Omusati, Oshana, Oshikoto & Ohangwena","SSP585_2090","Without_Intervention","SSP585_2090_Without_Intervention",595696.659539816,-58763.6646381563,-9.864696015511,536933,-58764
"Klipspringer","Browser","Rocky_Browser",11,100.375,182574421.576446,1818923.25356359,"Forage-limited potential carrying capacity","Estimated",1422473.1935077,0,0,"Cluster","Cluster_5","Cluster D — Omusati, Oshana, Oshikoto & Ohangwena","SSP585_2090","Without_Intervention","SSP585_2090_Without_Intervention",1961016.77568894,-142093.522125346,-7.24591058510584,1818923,-142094
"Kudu","Browser","Woodland_Browser",190,1733.75,204920636.6541,118195.031956222,"Forage-limited potential carrying capacity","Estimated",1422473.1935077,0,0,"Cluster","Cluster_5","Cluster D — Omusati, Oshana, Oshikoto & Ohangwena","SSP585_2090","Without_Intervention","SSP585_2090_Without_Intervention",128243.351261451,-10048.3193052287,-7.83535302718587,118195,-10048
"Leopard","Carnivore","Carnivore",50,,,,"Prey biomass required - not estimated from forage","Not estimated: requires local preferred-prey biomass/density data",1422473.1935077,0,0,"Cluster","Cluster_5","Cluster D — Omusati, Oshana, Oshikoto & Ohangwena","SSP585_2090","Without_Intervention","SSP585_2090_Without_Intervention",,,,,
"Ostrich","Mixed","Mixed_Open",100,912.5,244975678.923882,268466.49745083,"Forage-limited potential carrying capacity","Estimated",1422473.1935077,0,0,"Cluster","Cluster_5","Cluster D — Omusati, Oshana, Oshikoto & Ohangwena","SSP585_2090","Without_Intervention","SSP585_2090_Without_Intervention",297848.329769908,-29381.8323190782,-9.864696015511,268466,-29382
"Red Hartebeest","Grazer","General_Grazer",150,1368.75,205534664.597622,150162.312034792,"Forage-limited potential carrying capacity","Estimated",1422473.1935077,0,0,"Cluster","Cluster_5","Cluster D — Omusati, Oshana, Oshikoto & Ohangwena","SSP585_2090","Without_Intervention","SSP585_2090_Without_Intervention",169370.091105431,-19207.7790706387,-11.3407148483389,150162,-19208
"Red Lechwe","Grazer","Wetland_Grazer",80,730,80028127.1199868,109627.571397242,"Forage-limited potential carrying capacity","Estimated",1422473.1935077,0,0,"Cluster","Cluster_5","Cluster D — Omusati, Oshana, Oshikoto & Ohangwena","SSP585_2090","Without_Intervention","SSP585_2090_Without_Intervention",125531.921567396,-15904.3501701534,-12.6695664111336,109628,-15904
"Reedbuck","Grazer","Wetland_Grazer",45,410.625,80028127.1199868,194893.460261764,"Forage-limited potential carrying capacity","Estimated",1422473.1935077,0,0,"Cluster","Cluster_5","Cluster D — Omusati, Oshana, Oshikoto & Ohangwena","SSP585_2090","Without_Intervention","SSP585_2090_Without_Intervention",223167.860564259,-28274.4003024949,-12.6695664111336,194893,-28274
"Roan","Grazer","General_Grazer",240,2190,205534664.597622,93851.4450217453,"Forage-limited potential carrying capacity","Estimated",1422473.1935077,0,0,"Cluster","Cluster_5","Cluster D — Omusati, Oshana, Oshikoto & Ohangwena","SSP585_2090","Without_Intervention","SSP585_2090_Without_Intervention",105856.306940894,-12004.8619191492,-11.3407148483389,93851,-12005
"Sable","Grazer","General_Grazer",200,1825,205534664.597622,112621.734026094,"Forage-limited potential carrying capacity","Estimated",1422473.1935077,0,0,"Cluster","Cluster_5","Cluster D — Omusati, Oshana, Oshikoto & Ohangwena","SSP585_2090","Without_Intervention","SSP585_2090_Without_Intervention",127027.568329073,-14405.834302979,-11.3407148483389,112622,-14406
"Spotted Hyaena","Carnivore","Carnivore",55,,,,"Prey biomass required - not estimated from forage","Not estimated: requires local preferred-prey biomass/density data",1422473.1935077,0,0,"Cluster","Cluster_5","Cluster D — Omusati, Oshana, Oshikoto & Ohangwena","SSP585_2090","Without_Intervention","SSP585_2090_Without_Intervention",,,,,
"Springbok","Grazer","Arid_Grazer",38,346.75,207794599.717935,599263.445473498,"Forage-limited potential carrying capacity","Estimated",1422473.1935077,0,0,"Cluster","Cluster_5","Cluster D — Omusati, Oshana, Oshikoto & Ohangwena","SSP585_2090","Without_Intervention","SSP585_2090_Without_Intervention",668303.488452884,-69040.0429793865,-10.3306423162946,599263,-69040
"Steenbok","Browser","Shrub_Browser",10,91.25,243384123.979642,2667223.27648923,"Forage-limited potential carrying capacity","Estimated",1422473.1935077,0,0,"Cluster","Cluster_5","Cluster D — Omusati, Oshana, Oshikoto & Ohangwena","SSP585_2090","Without_Intervention","SSP585_2090_Without_Intervention",2881022.63127114,-213799.354781907,-7.42095367323012,2667223,-213799
"Vervet monkey","Omnivore","Omnivore",5,45.625,154444301.245624,3385080.57524654,"Forage-limited potential carrying capacity","Estimated",1422473.1935077,0,0,"Cluster","Cluster_5","Cluster D — Omusati, Oshana, Oshikoto & Ohangwena","SSP585_2090","Without_Intervention","SSP585_2090_Without_Intervention",3759343.19807349,-374262.622826944,-9.95553220623056,3385081,-374263
"Warthog","Grazer","General_Grazer",70,638.75,205534664.597622,321776.382931698,"Forage-limited potential carrying capacity","Estimated",1422473.1935077,0,0,"Cluster","Cluster_5","Cluster D — Omusati, Oshana, Oshikoto & Ohangwena","SSP585_2090","Without_Intervention","SSP585_2090_Without_Intervention",362935.909511638,-41159.5265799401,-11.3407148483389,321776,-41160
"Baboon","Omnivore","Omnivore",24,219,36370830.6195887,166076.852144241,"Forage-limited potential carrying capacity","Estimated",797331.445462821,0,0,"Cluster","Cluster_6","Cluster F —    //Karas,Hardap","SSP585_2090","Without_Intervention","SSP585_2090_Without_Intervention",220657.268463603,-54580.4163193621,-24.7353811181457,166077,-54580
"Black rhinoceros","Browser","Shrub_Browser",1000,9125,36784841.7261043,4031.21553162787,"Forage-limited potential carrying capacity","Estimated",797331.445462821,0,0,"Cluster","Cluster_6","Cluster F —    //Karas,Hardap","SSP585_2090","Without_Intervention","SSP585_2090_Without_Intervention",5609.42788806347,-1578.2123564356,-28.1349967934153,4031,-1578
"Black-backed Jackal","Carnivore","Carnivore",8.5,,,,"Prey biomass required - not estimated from forage","Not estimated: requires local preferred-prey biomass/density data",797331.445462821,0,0,"Cluster","Cluster_6","Cluster F —    //Karas,Hardap","SSP585_2090","Without_Intervention","SSP585_2090_Without_Intervention",,,,,
"Black-faced Impala","Mixed","Mixed_Open",50,456.25,72484210.467404,158869.50239431,"Forage-limited potential carrying capacity","Estimated",797331.445462821,0,0,"Cluster","Cluster_6","Cluster F —    //Karas,Hardap","SSP585_2090","Without_Intervention","SSP585_2090_Without_Intervention",207400.497538045,-48530.9951437343,-23.3996522283328,158870,-48531
"Blue wildebeest","Grazer","General_Grazer",220,2007.5,81322079.6901257,40509.130605293,"Forage-limited potential carrying capacity","Estimated",797331.445462821,0,0,"Cluster","Cluster_6","Cluster F —    //Karas,Hardap","SSP585_2090","Without_Intervention","SSP585_2090_Without_Intervention",51921.408368843,-11412.27776355,-21.9799079456371,40509,-11412
"Buffalo","Grazer","General_Grazer",500,4562.5,81322079.6901257,17824.0174663289,"Forage-limited potential carrying capacity","Estimated",797331.445462821,0,0,"Cluster","Cluster_6","Cluster F —    //Karas,Hardap","SSP585_2090","Without_Intervention","SSP585_2090_Without_Intervention",22845.4196822909,-5021.40221596199,-21.9799079456371,17824,-5021
"Burchell's zebra","Grazer","General_Grazer",320,2920,81322079.6901257,27850.0272911389,"Forage-limited potential carrying capacity","Estimated",797331.445462821,0,0,"Cluster","Cluster_6","Cluster F —    //Karas,Hardap","SSP585_2090","Without_Intervention","SSP585_2090_Without_Intervention",35695.9682535795,-7845.94096244061,-21.9799079456371,27850,-7846
"Bushpig","Omnivore","Omnivore",60,547.5,36370830.6195887,66430.7408576962,"Forage-limited potential carrying capacity","Estimated",797331.445462821,0,0,"Cluster","Cluster_6","Cluster F —    //Karas,Hardap","SSP585_2090","Without_Intervention","SSP585_2090_Without_Intervention",88262.9073854411,-21832.1665277448,-24.7353811181457,66431,-21832
"Cheetah","Carnivore","Carnivore",45,,,,"Prey biomass required - not estimated from forage","Not estimated: requires local preferred-prey biomass/density data",797331.445462821,0,0,"Cluster","Cluster_6","Cluster F —    //Karas,Hardap","SSP585_2090","Without_Intervention","SSP585_2090_Without_Intervention",,,,,
"Damara dik dik","Browser","Shrub_Browser",5,45.625,36784841.7261043,806243.106325573,"Forage-limited potential carrying capacity","Estimated",797331.445462821,0,0,"Cluster","Cluster_6","Cluster F —    //Karas,Hardap","SSP585_2090","Without_Intervention","SSP585_2090_Without_Intervention",1121885.57761269,-315642.47128712,-28.1349967934153,806243,-315642
"Duiker","Browser","Woodland_Browser",17.5,159.6875,27477291.4991559,172069.144417414,"Forage-limited potential carrying capacity","Estimated",797331.445462821,0,0,"Cluster","Cluster_6","Cluster F —    //Karas,Hardap","SSP585_2090","Without_Intervention","SSP585_2090_Without_Intervention",244525.938978847,-72456.7945614329,-29.6315371956105,172069,-72457
"Eland","Mixed","Mixed_Open",500,4562.5,72484210.467404,15886.950239431,"Forage-limited potential carrying capacity","Estimated",797331.445462821,0,0,"Cluster","Cluster_6","Cluster F —    //Karas,Hardap","SSP585_2090","Without_Intervention","SSP585_2090_Without_Intervention",20740.0497538045,-4853.09951437343,-23.3996522283328,15887,-4853
"Elephant","Mixed","Large_Mixed",3500,31937.5,57333899.8998325,1795.19060351726,"Forage-limited potential carrying capacity","Estimated",797331.445462821,0,0,"Cluster","Cluster_6","Cluster F —    //Karas,Hardap","SSP585_2090","Without_Intervention","SSP585_2090_Without_Intervention",2375.29866877352,-580.108065256261,-24.4225314855162,1795,-580
"Gemsbok","Mixed","Arid_Mixed",210,1916.25,73787593.4900756,38506.2457873845,"Forage-limited potential carrying capacity","Estimated",797331.445462821,0,0,"Cluster","Cluster_6","Cluster F —    //Karas,Hardap","SSP585_2090","Without_Intervention","SSP585_2090_Without_Intervention",49887.1210865332,-11380.8752991487,-22.8132533032075,38506,-11381
"Giraffe","Browser","Woodland_Browser",850,7756.25,27477291.4991559,3542.60003212324,"Forage-limited potential carrying capacity","Estimated",797331.445462821,0,0,"Cluster","Cluster_6","Cluster F —    //Karas,Hardap","SSP585_2090","Without_Intervention","SSP585_2090_Without_Intervention",5034.35756721156,-1491.75753508832,-29.6315371956105,3543,-1492
"Hartmann's zebra","Grazer","Arid_Grazer",280,2555,78262197.9991476,30630.9972599404,"Forage-limited potential carrying capacity","Estimated",797331.445462821,0,0,"Cluster","Cluster_6","Cluster F —    //Karas,Hardap","SSP585_2090","Without_Intervention","SSP585_2090_Without_Intervention",39167.9360256571,-8536.93876571671,-21.7957330203066,30631,-8537
"Hippopotamus","Grazer","Wetland_Grazer",1400,12775,34209423.755935,2677.84138989706,"Forage-limited potential carrying capacity","Estimated",797331.445462821,0,0,"Cluster","Cluster_6","Cluster F —    //Karas,Hardap","SSP585_2090","Without_Intervention","SSP585_2090_Without_Intervention",3426.32087247397,-748.479482576907,-21.844990893584,2678,-748
"Impala","Mixed","Mixed_Open",50,456.25,72484210.467404,158869.50239431,"Forage-limited potential carrying capacity","Estimated",797331.445462821,0,0,"Cluster","Cluster_6","Cluster F —    //Karas,Hardap","SSP585_2090","Without_Intervention","SSP585_2090_Without_Intervention",207400.497538045,-48530.9951437343,-23.3996522283328,158870,-48531
"Klipspringer","Browser","Rocky_Browser",11,100.375,34447322.2581486,343186.274053785,"Forage-limited potential carrying capacity","Estimated",797331.445462821,0,0,"Cluster","Cluster_6","Cluster F —    //Karas,Hardap","SSP585_2090","Without_Intervention","SSP585_2090_Without_Intervention",459420.602506524,-116234.32845274,-25.300199385614,343186,-116234
"Kudu","Browser","Woodland_Browser",190,1733.75,27477291.4991559,15848.4738279197,"Forage-limited potential carrying capacity","Estimated",797331.445462821,0,0,"Cluster","Cluster_6","Cluster F —    //Karas,Hardap","SSP585_2090","Without_Intervention","SSP585_2090_Without_Intervention",22522.125958578,-6673.65213065829,-29.6315371956105,15848,-6674
"Leopard","Carnivore","Carnivore",50,,,,"Prey biomass required - not estimated from forage","Not estimated: requires local preferred-prey biomass/density data",797331.445462821,0,0,"Cluster","Cluster_6","Cluster F —    //Karas,Hardap","SSP585_2090","Without_Intervention","SSP585_2090_Without_Intervention",,,,,
"Ostrich","Mixed","Mixed_Open",100,912.5,72484210.467404,79434.7511971551,"Forage-limited potential carrying capacity","Estimated",797331.445462821,0,0,"Cluster","Cluster_6","Cluster F —    //Karas,Hardap","SSP585_2090","Without_Intervention","SSP585_2090_Without_Intervention",103700.248769022,-24265.4975718671,-23.3996522283328,79435,-24265
"Red Hartebeest","Grazer","General_Grazer",150,1368.75,81322079.6901257,59413.3915544297,"Forage-limited potential carrying capacity","Estimated",797331.445462821,0,0,"Cluster","Cluster_6","Cluster F —    //Karas,Hardap","SSP585_2090","Without_Intervention","SSP585_2090_Without_Intervention",76151.3989409697,-16738.00738654,-21.9799079456371,59413,-16738
"Red Lechwe","Grazer","Wetland_Grazer",80,730,34209423.755935,46862.2243231986,"Forage-limited potential carrying capacity","Estimated",797331.445462821,0,0,"Cluster","Cluster_6","Cluster F —    //Karas,Hardap","SSP585_2090","Without_Intervention","SSP585_2090_Without_Intervention",59960.6152682945,-13098.3909450959,-21.844990893584,46862,-13098
"Reedbuck","Grazer","Wetland_Grazer",45,410.625,34209423.755935,83310.6210190197,"Forage-limited potential carrying capacity","Estimated",797331.445462821,0,0,"Cluster","Cluster_6","Cluster F —    //Karas,Hardap","SSP585_2090","Without_Intervention","SSP585_2090_Without_Intervention",106596.649365857,-23286.0283468371,-21.844990893584,83311,-23286
"Roan","Grazer","General_Grazer",240,2190,81322079.6901257,37133.3697215186,"Forage-limited potential carrying capacity","Estimated",797331.445462821,0,0,"Cluster","Cluster_6","Cluster F —    //Karas,Hardap","SSP585_2090","Without_Intervention","SSP585_2090_Without_Intervention",47594.6243381061,-10461.2546165875,-21.9799079456371,37133,-10461
"Sable","Grazer","General_Grazer",200,1825,81322079.6901257,44560.0436658223,"Forage-limited potential carrying capacity","Estimated",797331.445462821,0,0,"Cluster","Cluster_6","Cluster F —    //Karas,Hardap","SSP585_2090","Without_Intervention","SSP585_2090_Without_Intervention",57113.5492057273,-12553.505539905,-21.9799079456371,44560,-12554
"Spotted Hyaena","Carnivore","Carnivore",55,,,,"Prey biomass required - not estimated from forage","Not estimated: requires local preferred-prey biomass/density data",797331.445462821,0,0,"Cluster","Cluster_6","Cluster F —    //Karas,Hardap","SSP585_2090","Without_Intervention","SSP585_2090_Without_Intervention",,,,,
"Springbok","Grazer","Arid_Grazer",38,346.75,78262197.9991476,225702.085073245,"Forage-limited potential carrying capacity","Estimated",797331.445462821,0,0,"Cluster","Cluster_6","Cluster F —    //Karas,Hardap","SSP585_2090","Without_Intervention","SSP585_2090_Without_Intervention",288605.844399578,-62903.7593263337,-21.7957330203066,225702,-62904
"Steenbok","Browser","Shrub_Browser",10,91.25,36784841.7261043,403121.553162787,"Forage-limited potential carrying capacity","Estimated",797331.445462821,0,0,"Cluster","Cluster_6","Cluster F —    //Karas,Hardap","SSP585_2090","Without_Intervention","SSP585_2090_Without_Intervention",560942.788806347,-157821.23564356,-28.1349967934153,403122,-157821
"Vervet monkey","Omnivore","Omnivore",5,45.625,36370830.6195887,797168.890292355,"Forage-limited potential carrying capacity","Estimated",797331.445462821,0,0,"Cluster","Cluster_6","Cluster F —    //Karas,Hardap","SSP585_2090","Without_Intervention","SSP585_2090_Without_Intervention",1059154.88862529,-261985.998332938,-24.7353811181457,797169,-261986
"Warthog","Grazer","General_Grazer",70,638.75,81322079.6901257,127314.410473778,"Forage-limited potential carrying capacity","Estimated",797331.445462821,0,0,"Cluster","Cluster_6","Cluster F —    //Karas,Hardap","SSP585_2090","Without_Intervention","SSP585_2090_Without_Intervention",163181.569159221,-35867.1586854428,-21.9799079456371,127314,-35867
"Baboon","Omnivore","Omnivore",24,219,139485950.569871,636922.148720871,"Forage-limited potential carrying capacity","Estimated",2738207.08076389,0,0,"Cluster","Cluster_1","Cluster A — South, Kunene South & Erongo","SSP585_2090","With_Intervention","SSP585_2090_With_Intervention",477431.876110126,159490.272610745,33.405870154752,636922,159490
"Black rhinoceros","Browser","Shrub_Browser",1000,9125,153525485.738517,16824.7107658648,"Forage-limited potential carrying capacity","Estimated",2738207.08076389,0,0,"Cluster","Cluster_1","Cluster A — South, Kunene South & Erongo","SSP585_2090","With_Intervention","SSP585_2090_With_Intervention",20045.6486354135,-3220.93786954863,-16.0680151993605,16825,-3221
"Black-backed Jackal","Carnivore","Carnivore",8.5,,,,"Prey biomass required - not estimated from forage","Not estimated: requires local preferred-prey biomass/density data",2738207.08076389,0,0,"Cluster","Cluster_1","Cluster A — South, Kunene South & Erongo","SSP585_2090","With_Intervention","SSP585_2090_With_Intervention",,,,,
"Black-faced Impala","Mixed","Mixed_Open",50,456.25,269250416.259189,590137.898650277,"Forage-limited potential carrying capacity","Estimated",2738207.08076389,0,0,"Cluster","Cluster_1","Cluster A — South, Kunene South & Erongo","SSP585_2090","With_Intervention","SSP585_2090_With_Intervention",341928.046232009,248209.852418268,72.5912527952885,590138,248210
"Blue wildebeest","Grazer","General_Grazer",220,2007.5,292516371.821416,145711.766785263,"Forage-limited potential carrying capacity","Estimated",2738207.08076389,0,0,"Cluster","Cluster_1","Cluster A — South, Kunene South & Erongo","SSP585_2090","With_Intervention","SSP585_2090_With_Intervention",60235.6133902942,85476.1533949692,141.90301813834,145712,85476
"Buffalo","Grazer","General_Grazer",500,4562.5,292516371.821416,64113.1773855159,"Forage-limited potential carrying capacity","Estimated",2738207.08076389,0,0,"Cluster","Cluster_1","Cluster A — South, Kunene South & Erongo","SSP585_2090","With_Intervention","SSP585_2090_With_Intervention",26503.6698917294,37609.5074937865,141.90301813834,64113,37610
"Burchell's zebra","Grazer","General_Grazer",320,2920,292516371.821416,100176.839664869,"Forage-limited potential carrying capacity","Estimated",2738207.08076389,0,0,"Cluster","Cluster_1","Cluster A — South, Kunene South & Erongo","SSP585_2090","With_Intervention","SSP585_2090_With_Intervention",41411.9842058272,58764.8554590413,141.90301813834,100177,58765
"Bushpig","Omnivore","Omnivore",60,547.5,139485950.569871,254768.859488348,"Forage-limited potential carrying capacity","Estimated",2738207.08076389,0,0,"Cluster","Cluster_1","Cluster A — South, Kunene South & Erongo","SSP585_2090","With_Intervention","SSP585_2090_With_Intervention",190972.75044405,63796.1090442981,33.405870154752,254769,63796
"Cheetah","Carnivore","Carnivore",45,,,,"Prey biomass required - not estimated from forage","Not estimated: requires local preferred-prey biomass/density data",2738207.08076389,0,0,"Cluster","Cluster_1","Cluster A — South, Kunene South & Erongo","SSP585_2090","With_Intervention","SSP585_2090_With_Intervention",,,,,
"Damara dik dik","Browser","Shrub_Browser",5,45.625,153525485.738517,3364942.15317297,"Forage-limited potential carrying capacity","Estimated",2738207.08076389,0,0,"Cluster","Cluster_1","Cluster A — South, Kunene South & Erongo","SSP585_2090","With_Intervention","SSP585_2090_With_Intervention",4009129.72708269,-644187.573909727,-16.0680151993605,3364942,-644188
"Duiker","Browser","Woodland_Browser",17.5,159.6875,117296606.7576,734538.437620981,"Forage-limited potential carrying capacity","Estimated",2738207.08076389,0,0,"Cluster","Cluster_1","Cluster A — South, Kunene South & Erongo","SSP585_2090","With_Intervention","SSP585_2090_With_Intervention",889646.234001098,-155107.796380117,-17.4347724356158,734538,-155108
"Eland","Mixed","Mixed_Open",500,4562.5,269250416.259189,59013.7898650277,"Forage-limited potential carrying capacity","Estimated",2738207.08076389,0,0,"Cluster","Cluster_1","Cluster A — South, Kunene South & Erongo","SSP585_2090","With_Intervention","SSP585_2090_With_Intervention",34192.8046232009,24820.9852418268,72.5912527952885,59014,24821
"Elephant","Mixed","Large_Mixed",3500,31937.5,218911580.803436,6854.37435000974,"Forage-limited potential carrying capacity","Estimated",2738207.08076389,0,0,"Cluster","Cluster_1","Cluster A — South, Kunene South & Erongo","SSP585_2090","With_Intervention","SSP585_2090_With_Intervention",5112.50864522573,1741.86570478401,34.0706652185445,6854,1742
"Gemsbok","Mixed","Arid_Mixed",210,1916.25,273761978.098354,142863.393658632,"Forage-limited potential carrying capacity","Estimated",2738207.08076389,0,0,"Cluster","Cluster_1","Cluster A — South, Kunene South & Erongo","SSP585_2090","With_Intervention","SSP585_2090_With_Intervention",93522.6826369575,49340.7110216748,52.758015093738,142863,49341
"Giraffe","Browser","Woodland_Browser",850,7756.25,117296606.7576,15122.8501863143,"Forage-limited potential carrying capacity","Estimated",2738207.08076389,0,0,"Cluster","Cluster_1","Cluster A — South, Kunene South & Erongo","SSP585_2090","With_Intervention","SSP585_2090_With_Intervention",18316.2459941402,-3193.39580782594,-17.4347724356158,15123,-3193
"Hartmann's zebra","Grazer","Arid_Grazer",280,2555,284322145.569755,111280.683197556,"Forage-limited potential carrying capacity","Estimated",2738207.08076389,0,0,"Cluster","Cluster_1","Cluster A — South, Kunene South & Erongo","SSP585_2090","With_Intervention","SSP585_2090_With_Intervention",62330.7486966738,48949.934500882,78.5325630197253,111281,48950
"Hippopotamus","Grazer","Wetland_Grazer",1400,12775,121869232.511586,9539.66595002633,"Forage-limited potential carrying capacity","Estimated",2738207.08076389,0,0,"Cluster","Cluster_1","Cluster A — South, Kunene South & Erongo","SSP585_2090","With_Intervention","SSP585_2090_With_Intervention",3030.43906859549,6509.22688143084,214.794844380344,9540,6509
"Impala","Mixed","Mixed_Open",50,456.25,269250416.259189,590137.898650277,"Forage-limited potential carrying capacity","Estimated",2738207.08076389,0,0,"Cluster","Cluster_1","Cluster A — South, Kunene South & Erongo","SSP585_2090","With_Intervention","SSP585_2090_With_Intervention",341928.046232009,248209.852418268,72.5912527952885,590138,248210
"Klipspringer","Browser","Rocky_Browser",11,100.375,139024933.689796,1385055.37922587,"Forage-limited potential carrying capacity","Estimated",2738207.08076389,0,0,"Cluster","Cluster_1","Cluster A — South, Kunene South & Erongo","SSP585_2090","With_Intervention","SSP585_2090_With_Intervention",1727101.59639763,-342046.217171767,-19.8046378907415,1385055,-342046
"Kudu","Browser","Woodland_Browser",190,1733.75,117296606.7576,67654.8560966693,"Forage-limited potential carrying capacity","Estimated",2738207.08076389,0,0,"Cluster","Cluster_1","Cluster A — South, Kunene South & Erongo","SSP585_2090","With_Intervention","SSP585_2090_With_Intervention",81941.1005001011,-14286.2444034318,-17.4347724356158,67655,-14286
"Leopard","Carnivore","Carnivore",50,,,,"Prey biomass required - not estimated from forage","Not estimated: requires local preferred-prey biomass/density data",2738207.08076389,0,0,"Cluster","Cluster_1","Cluster A — South, Kunene South & Erongo","SSP585_2090","With_Intervention","SSP585_2090_With_Intervention",,,,,
"Ostrich","Mixed","Mixed_Open",100,912.5,269250416.259189,295068.949325139,"Forage-limited potential carrying capacity","Estimated",2738207.08076389,0,0,"Cluster","Cluster_1","Cluster A — South, Kunene South & Erongo","SSP585_2090","With_Intervention","SSP585_2090_With_Intervention",170964.023116004,124104.926209134,72.5912527952885,295069,124105
"Red Hartebeest","Grazer","General_Grazer",150,1368.75,292516371.821416,213710.591285053,"Forage-limited potential carrying capacity","Estimated",2738207.08076389,0,0,"Cluster","Cluster_1","Cluster A — South, Kunene South & Erongo","SSP585_2090","With_Intervention","SSP585_2090_With_Intervention",88345.5663057648,125365.024979288,141.90301813834,213711,125365
"Red Lechwe","Grazer","Wetland_Grazer",80,730,121869232.511586,166944.154125461,"Forage-limited potential carrying capacity","Estimated",2738207.08076389,0,0,"Cluster","Cluster_1","Cluster A — South, Kunene South & Erongo","SSP585_2090","With_Intervention","SSP585_2090_With_Intervention",53032.6837004211,113911.47042504,214.794844380344,166944,113911
"Reedbuck","Grazer","Wetland_Grazer",45,410.625,121869232.511586,296789.607334153,"Forage-limited potential carrying capacity","Estimated",2738207.08076389,0,0,"Cluster","Cluster_1","Cluster A — South, Kunene South & Erongo","SSP585_2090","With_Intervention","SSP585_2090_With_Intervention",94280.3265785264,202509.280755626,214.794844380344,296790,202509
"Roan","Grazer","General_Grazer",240,2190,292516371.821416,133569.119553158,"Forage-limited potential carrying capacity","Estimated",2738207.08076389,0,0,"Cluster","Cluster_1","Cluster A — South, Kunene South & Erongo","SSP585_2090","With_Intervention","SSP585_2090_With_Intervention",55215.978941103,78353.1406120551,141.90301813834,133569,78353
"Sable","Grazer","General_Grazer",200,1825,292516371.821416,160282.94346379,"Forage-limited potential carrying capacity","Estimated",2738207.08076389,0,0,"Cluster","Cluster_1","Cluster A — South, Kunene South & Erongo","SSP585_2090","With_Intervention","SSP585_2090_With_Intervention",66259.1747293236,94023.7687344661,141.90301813834,160283,94024
"Spotted Hyaena","Carnivore","Carnivore",55,,,,"Prey biomass required - not estimated from forage","Not estimated: requires local preferred-prey biomass/density data",2738207.08076389,0,0,"Cluster","Cluster_1","Cluster A — South, Kunene South & Erongo","SSP585_2090","With_Intervention","SSP585_2090_With_Intervention",,,,,
"Springbok","Grazer","Arid_Grazer",38,346.75,284322145.569755,819962.928824095,"Forage-limited potential carrying capacity","Estimated",2738207.08076389,0,0,"Cluster","Cluster_1","Cluster A — South, Kunene South & Erongo","SSP585_2090","With_Intervention","SSP585_2090_With_Intervention",459279.20092286,360683.727901236,78.5325630197253,819963,360684
"Steenbok","Browser","Shrub_Browser",10,91.25,153525485.738517,1682471.07658648,"Forage-limited potential carrying capacity","Estimated",2738207.08076389,0,0,"Cluster","Cluster_1","Cluster A — South, Kunene South & Erongo","SSP585_2090","With_Intervention","SSP585_2090_With_Intervention",2004564.86354135,-322093.786954863,-16.0680151993605,1682471,-322094
"Vervet monkey","Omnivore","Omnivore",5,45.625,139485950.569871,3057226.31386018,"Forage-limited potential carrying capacity","Estimated",2738207.08076389,0,0,"Cluster","Cluster_1","Cluster A — South, Kunene South & Erongo","SSP585_2090","With_Intervention","SSP585_2090_With_Intervention",2291673.0053286,765553.308531577,33.405870154752,3057226,765553
"Warthog","Grazer","General_Grazer",70,638.75,292516371.821416,457951.267039399,"Forage-limited potential carrying capacity","Estimated",2738207.08076389,0,0,"Cluster","Cluster_1","Cluster A — South, Kunene South & Erongo","SSP585_2090","With_Intervention","SSP585_2090_With_Intervention",189311.927798067,268639.339241332,141.90301813834,457951,268639
"Baboon","Omnivore","Omnivore",24,219,83869175.2897124,382964.27072928,"Forage-limited potential carrying capacity","Estimated",783233.539348635,76.2068327676971,0.00972977138224615,"Cluster","Cluster_2","Cluster C — Kavango East, Kavango West & Zambezi","SSP585_2090","With_Intervention","SSP585_2090_With_Intervention",432975.3361786,-50011.0654493198,-11.5505575654061,382964,-50011
"Black rhinoceros","Browser","Shrub_Browser",1000,9125,117280892.625387,12852.7005616862,"Forage-limited potential carrying capacity","Estimated",783233.539348635,76.2068327676971,0.00972977138224615,"Cluster","Cluster_2","Cluster C — Kavango East, Kavango West & Zambezi","SSP585_2090","With_Intervention","SSP585_2090_With_Intervention",15761.9166234691,-2909.21606178288,-18.4572481334607,12853,-2909
"Black-backed Jackal","Carnivore","Carnivore",8.5,,,,"Prey biomass required - not estimated from forage","Not estimated: requires local preferred-prey biomass/density data",783233.539348635,76.2068327676971,0.00972977138224615,"Cluster","Cluster_2","Cluster C — Kavango East, Kavango West & Zambezi","SSP585_2090","With_Intervention","SSP585_2090_With_Intervention",,,,,
"Black-faced Impala","Mixed","Mixed_Open",50,456.25,112430933.161606,246423.963093931,"Forage-limited potential carrying capacity","Estimated",783233.539348635,76.2068327676971,0.00972977138224615,"Cluster","Cluster_2","Cluster C — Kavango East, Kavango West & Zambezi","SSP585_2090","With_Intervention","SSP585_2090_With_Intervention",267943.34193654,-21519.3788426085,-8.03131687732147,246424,-21519
"Blue wildebeest","Grazer","General_Grazer",220,2007.5,95549175.7381258,47596.1024847451,"Forage-limited potential carrying capacity","Estimated",783233.539348635,76.2068327676971,0.00972977138224615,"Cluster","Cluster_2","Cluster C — Kavango East, Kavango West & Zambezi","SSP585_2090","With_Intervention","SSP585_2090_With_Intervention",47602.2485300159,-6.14604527075426,-0.0129112499105559,47596,-6
"Buffalo","Grazer","General_Grazer",500,4562.5,95549175.7381258,20942.2850932879,"Forage-limited potential carrying capacity","Estimated",783233.539348635,76.2068327676971,0.00972977138224615,"Cluster","Cluster_2","Cluster C — Kavango East, Kavango West & Zambezi","SSP585_2090","With_Intervention","SSP585_2090_With_Intervention",20944.989353207,-2.70425991912998,-0.0129112499105468,20942,-3
"Burchell's zebra","Grazer","General_Grazer",320,2920,95549175.7381258,32722.3204582623,"Forage-limited potential carrying capacity","Estimated",783233.539348635,76.2068327676971,0.00972977138224615,"Cluster","Cluster_2","Cluster C — Kavango East, Kavango West & Zambezi","SSP585_2090","With_Intervention","SSP585_2090_With_Intervention",32726.5458643859,-4.22540612364173,-0.0129112499105503,32722,-4
"Bushpig","Omnivore","Omnivore",60,547.5,83869175.2897124,153185.708291712,"Forage-limited potential carrying capacity","Estimated",783233.539348635,76.2068327676971,0.00972977138224615,"Cluster","Cluster_2","Cluster C — Kavango East, Kavango West & Zambezi","SSP585_2090","With_Intervention","SSP585_2090_With_Intervention",173190.13447144,-20004.4261797279,-11.5505575654061,153186,-20004
"Cheetah","Carnivore","Carnivore",45,,,,"Prey biomass required - not estimated from forage","Not estimated: requires local preferred-prey biomass/density data",783233.539348635,76.2068327676971,0.00972977138224615,"Cluster","Cluster_2","Cluster C — Kavango East, Kavango West & Zambezi","SSP585_2090","With_Intervention","SSP585_2090_With_Intervention",,,,,
"Damara dik dik","Browser","Shrub_Browser",5,45.625,117280892.625387,2570540.11233725,"Forage-limited potential carrying capacity","Estimated",783233.539348635,76.2068327676971,0.00972977138224615,"Cluster","Cluster_2","Cluster C — Kavango East, Kavango West & Zambezi","SSP585_2090","With_Intervention","SSP585_2090_With_Intervention",3152383.32469382,-581843.212356576,-18.4572481334607,2570540,-581843
"Duiker","Browser","Woodland_Browser",17.5,159.6875,116664275.98963,730578.636334279,"Forage-limited potential carrying capacity","Estimated",783233.539348635,76.2068327676971,0.00972977138224615,"Cluster","Cluster_2","Cluster C — Kavango East, Kavango West & Zambezi","SSP585_2090","With_Intervention","SSP585_2090_With_Intervention",856885.54192539,-126306.90559111,-14.7402306855713,730579,-126307
"Eland","Mixed","Mixed_Open",500,4562.5,112430933.161606,24642.3963093931,"Forage-limited potential carrying capacity","Estimated",783233.539348635,76.2068327676971,0.00972977138224615,"Cluster","Cluster_2","Cluster C — Kavango East, Kavango West & Zambezi","SSP585_2090","With_Intervention","SSP585_2090_With_Intervention",26794.334193654,-2151.93788426085,-8.03131687732148,24642,-2152
"Elephant","Mixed","Large_Mixed",3500,31937.5,115543082.737807,3617.78732642839,"Forage-limited potential carrying capacity","Estimated",783233.539348635,76.2068327676971,0.00972977138224615,"Cluster","Cluster_2","Cluster C — Kavango East, Kavango West & Zambezi","SSP585_2090","With_Intervention","SSP585_2090_With_Intervention",4090.71341347623,-472.92608704784,-11.5609684484339,3618,-473
"Gemsbok","Mixed","Arid_Mixed",210,1916.25,95084709.5979507,49620.2007034315,"Forage-limited potential carrying capacity","Estimated",783233.539348635,76.2068327676971,0.00972977138224615,"Cluster","Cluster_2","Cluster C — Kavango East, Kavango West & Zambezi","SSP585_2090","With_Intervention","SSP585_2090_With_Intervention",55225.3366752983,-5605.13597186679,-10.1495732019211,49620,-5605
"Giraffe","Browser","Woodland_Browser",850,7756.25,116664275.98963,15041.3248657058,"Forage-limited potential carrying capacity","Estimated",783233.539348635,76.2068327676971,0.00972977138224615,"Cluster","Cluster_2","Cluster C — Kavango East, Kavango West & Zambezi","SSP585_2090","With_Intervention","SSP585_2090_With_Intervention",17641.7611572874,-2600.43629158169,-14.7402306855713,15041,-2600
"Hartmann's zebra","Grazer","Arid_Grazer",280,2555,80863210.75912,31649.006167953,"Forage-limited potential carrying capacity","Estimated",783233.539348635,76.2068327676971,0.00972977138224615,"Cluster","Cluster_2","Cluster C — Kavango East, Kavango West & Zambezi","SSP585_2090","With_Intervention","SSP585_2090_With_Intervention",33179.1938712978,-1530.18770334472,-4.6118893342627,31649,-1530
"Hippopotamus","Grazer","Wetland_Grazer",1400,12775,68093562.443558,5330.22015213761,"Forage-limited potential carrying capacity","Estimated",783233.539348635,76.2068327676971,0.00972977138224615,"Cluster","Cluster_2","Cluster C — Kavango East, Kavango West & Zambezi","SSP585_2090","With_Intervention","SSP585_2090_With_Intervention",5386.07188484953,-55.8517327119125,-1.03696597271599,5330,-56
"Impala","Mixed","Mixed_Open",50,456.25,112430933.161606,246423.963093931,"Forage-limited potential carrying capacity","Estimated",783233.539348635,76.2068327676971,0.00972977138224615,"Cluster","Cluster_2","Cluster C — Kavango East, Kavango West & Zambezi","SSP585_2090","With_Intervention","SSP585_2090_With_Intervention",267943.34193654,-21519.3788426085,-8.03131687732147,246424,-21519
"Klipspringer","Browser","Rocky_Browser",11,100.375,84254887.1347451,839401.117158108,"Forage-limited potential carrying capacity","Estimated",783233.539348635,76.2068327676971,0.00972977138224615,"Cluster","Cluster_2","Cluster C — Kavango East, Kavango West & Zambezi","SSP585_2090","With_Intervention","SSP585_2090_With_Intervention",1039014.42889579,-199613.311737686,-19.21179400269,839401,-199613
"Kudu","Browser","Woodland_Browser",190,1733.75,116664275.98963,67290.1375571047,"Forage-limited potential carrying capacity","Estimated",783233.539348635,76.2068327676971,0.00972977138224615,"Cluster","Cluster_2","Cluster C — Kavango East, Kavango West & Zambezi","SSP585_2090","With_Intervention","SSP585_2090_With_Intervention",78923.6683352333,-11633.5307781286,-14.7402306855713,67290,-11634
"Leopard","Carnivore","Carnivore",50,,,,"Prey biomass required - not estimated from forage","Not estimated: requires local preferred-prey biomass/density data",783233.539348635,76.2068327676971,0.00972977138224615,"Cluster","Cluster_2","Cluster C — Kavango East, Kavango West & Zambezi","SSP585_2090","With_Intervention","SSP585_2090_With_Intervention",,,,,
"Ostrich","Mixed","Mixed_Open",100,912.5,112430933.161606,123211.981546966,"Forage-limited potential carrying capacity","Estimated",783233.539348635,76.2068327676971,0.00972977138224615,"Cluster","Cluster_2","Cluster C — Kavango East, Kavango West & Zambezi","SSP585_2090","With_Intervention","SSP585_2090_With_Intervention",133971.67096827,-10759.6894213042,-8.03131687732147,123212,-10760
"Red Hartebeest","Grazer","General_Grazer",150,1368.75,95549175.7381258,69807.6169776262,"Forage-limited potential carrying capacity","Estimated",783233.539348635,76.2068327676971,0.00972977138224615,"Cluster","Cluster_2","Cluster C — Kavango East, Kavango West & Zambezi","SSP585_2090","With_Intervention","SSP585_2090_With_Intervention",69816.6311773566,-9.01419973043085,-0.0129112499105434,69808,-9
"Red Lechwe","Grazer","Wetland_Grazer",80,730,68093562.443558,93278.8526624082,"Forage-limited potential carrying capacity","Estimated",783233.539348635,76.2068327676971,0.00972977138224615,"Cluster","Cluster_2","Cluster C — Kavango East, Kavango West & Zambezi","SSP585_2090","With_Intervention","SSP585_2090_With_Intervention",94256.2579848667,-977.405322458464,-1.03696597271599,93279,-977
"Reedbuck","Grazer","Wetland_Grazer",45,410.625,68093562.443558,165829.071399837,"Forage-limited potential carrying capacity","Estimated",783233.539348635,76.2068327676971,0.00972977138224615,"Cluster","Cluster_2","Cluster C — Kavango East, Kavango West & Zambezi","SSP585_2090","With_Intervention","SSP585_2090_With_Intervention",167566.680861985,-1737.60946214836,-1.03696597271598,165829,-1738
"Roan","Grazer","General_Grazer",240,2190,95549175.7381258,43629.7606110164,"Forage-limited potential carrying capacity","Estimated",783233.539348635,76.2068327676971,0.00972977138224615,"Cluster","Cluster_2","Cluster C — Kavango East, Kavango West & Zambezi","SSP585_2090","With_Intervention","SSP585_2090_With_Intervention",43635.3944858479,-5.63387483152474,-0.0129112499105559,43630,-6
"Sable","Grazer","General_Grazer",200,1825,95549175.7381258,52355.7127332196,"Forage-limited potential carrying capacity","Estimated",783233.539348635,76.2068327676971,0.00972977138224615,"Cluster","Cluster_2","Cluster C — Kavango East, Kavango West & Zambezi","SSP585_2090","With_Intervention","SSP585_2090_With_Intervention",52362.4733830175,-6.76064979782677,-0.0129112499105503,52356,-7
"Spotted Hyaena","Carnivore","Carnivore",55,,,,"Prey biomass required - not estimated from forage","Not estimated: requires local preferred-prey biomass/density data",783233.539348635,76.2068327676971,0.00972977138224615,"Cluster","Cluster_2","Cluster C — Kavango East, Kavango West & Zambezi","SSP585_2090","With_Intervention","SSP585_2090_With_Intervention",,,,,
"Springbok","Grazer","Arid_Grazer",38,346.75,80863210.75912,233203.203342812,"Forage-limited potential carrying capacity","Estimated",783233.539348635,76.2068327676971,0.00972977138224615,"Cluster","Cluster_2","Cluster C — Kavango East, Kavango West & Zambezi","SSP585_2090","With_Intervention","SSP585_2090_With_Intervention",244478.270630615,-11275.0672878032,-4.61188933426271,233203,-11275
"Steenbok","Browser","Shrub_Browser",10,91.25,117280892.625387,1285270.05616862,"Forage-limited potential carrying capacity","Estimated",783233.539348635,76.2068327676971,0.00972977138224615,"Cluster","Cluster_2","Cluster C — Kavango East, Kavango West & Zambezi","SSP585_2090","With_Intervention","SSP585_2090_With_Intervention",1576191.66234691,-290921.606178288,-18.4572481334607,1285270,-290922
"Vervet monkey","Omnivore","Omnivore",5,45.625,83869175.2897124,1838228.49950055,"Forage-limited potential carrying capacity","Estimated",783233.539348635,76.2068327676971,0.00972977138224615,"Cluster","Cluster_2","Cluster C — Kavango East, Kavango West & Zambezi","SSP585_2090","With_Intervention","SSP585_2090_With_Intervention",2078281.61365728,-240053.114156735,-11.5505575654061,1838228,-240053
"Warthog","Grazer","General_Grazer",70,638.75,95549175.7381258,149587.750666342,"Forage-limited potential carrying capacity","Estimated",783233.539348635,76.2068327676971,0.00972977138224615,"Cluster","Cluster_2","Cluster C — Kavango East, Kavango West & Zambezi","SSP585_2090","With_Intervention","SSP585_2090_With_Intervention",149607.066808621,-19.3161422795092,-0.0129112499105531,149588,-19
"Baboon","Omnivore","Omnivore",24,219,632403910.100016,2887689.08721468,"Forage-limited potential carrying capacity","Estimated",5946321.81049356,0,0,"Cluster","Cluster_3","Cluster B — Omaheke & Otjozondjupa (Central / Group 4)","SSP585_2090","With_Intervention","SSP585_2090_With_Intervention",3317051.56221577,-429362.475001084,-12.9441001126396,2887689,-429362
"Black rhinoceros","Browser","Shrub_Browser",1000,9125,586850984.865254,64312.4366975621,"Forage-limited potential carrying capacity","Estimated",5946321.81049356,0,0,"Cluster","Cluster_3","Cluster B — Omaheke & Otjozondjupa (Central / Group 4)","SSP585_2090","With_Intervention","SSP585_2090_With_Intervention",155907.328362704,-91594.8916651419,-58.7495742676411,64312,-91595
"Black-backed Jackal","Carnivore","Carnivore",8.5,,,,"Prey biomass required - not estimated from forage","Not estimated: requires local preferred-prey biomass/density data",5946321.81049356,0,0,"Cluster","Cluster_3","Cluster B — Omaheke & Otjozondjupa (Central / Group 4)","SSP585_2090","With_Intervention","SSP585_2090_With_Intervention",,,,,
"Black-faced Impala","Mixed","Mixed_Open",50,456.25,1289165777.82227,2825568.8281036,"Forage-limited potential carrying capacity","Estimated",5946321.81049356,0,0,"Cluster","Cluster_3","Cluster B — Omaheke & Otjozondjupa (Central / Group 4)","SSP585_2090","With_Intervention","SSP585_2090_With_Intervention",2106256.35920855,719312.468895056,34.1512307250836,2825569,719312
"Blue wildebeest","Grazer","General_Grazer",220,2007.5,1465353064.50299,729939.260026394,"Forage-limited potential carrying capacity","Estimated",5946321.81049356,0,0,"Cluster","Cluster_3","Cluster B — Omaheke & Otjozondjupa (Central / Group 4)","SSP585_2090","With_Intervention","SSP585_2090_With_Intervention",272957.565510101,456981.694516293,167.418585252359,729939,456982
"Buffalo","Grazer","General_Grazer",500,4562.5,1465353064.50299,321173.274411613,"Forage-limited potential carrying capacity","Estimated",5946321.81049356,0,0,"Cluster","Cluster_3","Cluster B — Omaheke & Otjozondjupa (Central / Group 4)","SSP585_2090","With_Intervention","SSP585_2090_With_Intervention",120101.328824444,201071.945587169,167.418585252359,321173,201072
"Burchell's zebra","Grazer","General_Grazer",320,2920,1465353064.50299,501833.241268146,"Forage-limited potential carrying capacity","Estimated",5946321.81049356,0,0,"Cluster","Cluster_3","Cluster B — Omaheke & Otjozondjupa (Central / Group 4)","SSP585_2090","With_Intervention","SSP585_2090_With_Intervention",187658.326288194,314174.914979951,167.418585252359,501833,314175
"Bushpig","Omnivore","Omnivore",60,547.5,632403910.100016,1155075.63488587,"Forage-limited potential carrying capacity","Estimated",5946321.81049356,0,0,"Cluster","Cluster_3","Cluster B — Omaheke & Otjozondjupa (Central / Group 4)","SSP585_2090","With_Intervention","SSP585_2090_With_Intervention",1326820.62488631,-171744.990000434,-12.9441001126396,1155076,-171745
"Cheetah","Carnivore","Carnivore",45,,,,"Prey biomass required - not estimated from forage","Not estimated: requires local preferred-prey biomass/density data",5946321.81049356,0,0,"Cluster","Cluster_3","Cluster B — Omaheke & Otjozondjupa (Central / Group 4)","SSP585_2090","With_Intervention","SSP585_2090_With_Intervention",,,,,
"Damara dik dik","Browser","Shrub_Browser",5,45.625,586850984.865254,12862487.3395124,"Forage-limited potential carrying capacity","Estimated",5946321.81049356,0,0,"Cluster","Cluster_3","Cluster B — Omaheke & Otjozondjupa (Central / Group 4)","SSP585_2090","With_Intervention","SSP585_2090_With_Intervention",31181465.6725408,-18318978.3330284,-58.7495742676411,12862487,-18318978
"Duiker","Browser","Woodland_Browser",17.5,159.6875,472375382.435657,2958123.72562447,"Forage-limited potential carrying capacity","Estimated",5946321.81049356,0,0,"Cluster","Cluster_3","Cluster B — Omaheke & Otjozondjupa (Central / Group 4)","SSP585_2090","With_Intervention","SSP585_2090_With_Intervention",7589974.57713032,-4631850.85150585,-61.0259073259913,2958124,-4631851
"Eland","Mixed","Mixed_Open",500,4562.5,1289165777.82227,282556.88281036,"Forage-limited potential carrying capacity","Estimated",5946321.81049356,0,0,"Cluster","Cluster_3","Cluster B — Omaheke & Otjozondjupa (Central / Group 4)","SSP585_2090","With_Intervention","SSP585_2090_With_Intervention",210625.635920855,71931.2468895056,34.1512307250836,282557,71931
"Elephant","Mixed","Large_Mixed",3500,31937.5,982215474.719759,30754.3005783095,"Forage-limited potential carrying capacity","Estimated",5946321.81049356,0,0,"Cluster","Cluster_3","Cluster B — Omaheke & Otjozondjupa (Central / Group 4)","SSP585_2090","With_Intervention","SSP585_2090_With_Intervention",34112.5320535259,-3358.23147521642,-9.84456817789727,30754,-3358
"Gemsbok","Mixed","Arid_Mixed",210,1916.25,1221051368.43368,637208.802835581,"Forage-limited potential carrying capacity","Estimated",5946321.81049356,0,0,"Cluster","Cluster_3","Cluster B — Omaheke & Otjozondjupa (Central / Group 4)","SSP585_2090","With_Intervention","SSP585_2090_With_Intervention",499030.981196808,138177.821638773,27.6892270911489,637209,138178
"Giraffe","Browser","Woodland_Browser",850,7756.25,472375382.435657,60902.5472922685,"Forage-limited potential carrying capacity","Estimated",5946321.81049356,0,0,"Cluster","Cluster_3","Cluster B — Omaheke & Otjozondjupa (Central / Group 4)","SSP585_2090","With_Intervention","SSP585_2090_With_Intervention",156264.18247033,-95361.6351780616,-61.0259073259913,60903,-95362
"Hartmann's zebra","Grazer","Arid_Grazer",280,2555,1293385843.54044,506217.551287843,"Forage-limited potential carrying capacity","Estimated",5946321.81049356,0,0,"Cluster","Cluster_3","Cluster B — Omaheke & Otjozondjupa (Central / Group 4)","SSP585_2090","With_Intervention","SSP585_2090_With_Intervention",265935.514773241,240282.036514603,90.3534966811363,506218,240282
"Hippopotamus","Grazer","Wetland_Grazer",1400,12775,641728443.825432,50233.1462877051,"Forage-limited potential carrying capacity","Estimated",5946321.81049356,0,0,"Cluster","Cluster_3","Cluster B — Omaheke & Otjozondjupa (Central / Group 4)","SSP585_2090","With_Intervention","SSP585_2090_With_Intervention",13090.3505360604,37142.7957516446,283.741796289764,50233,37143
"Impala","Mixed","Mixed_Open",50,456.25,1289165777.82227,2825568.8281036,"Forage-limited potential carrying capacity","Estimated",5946321.81049356,0,0,"Cluster","Cluster_3","Cluster B — Omaheke & Otjozondjupa (Central / Group 4)","SSP585_2090","With_Intervention","SSP585_2090_With_Intervention",2106256.35920855,719312.468895056,34.1512307250836,2825569,719312
"Klipspringer","Browser","Rocky_Browser",11,100.375,440033104.028447,4383891.44735688,"Forage-limited potential carrying capacity","Estimated",5946321.81049356,0,0,"Cluster","Cluster_3","Cluster B — Omaheke & Otjozondjupa (Central / Group 4)","SSP585_2090","With_Intervention","SSP585_2090_With_Intervention",10624052.7250399,-6240161.27768303,-58.7361663122732,4383891,-6240161
"Kudu","Browser","Woodland_Browser",190,1733.75,472375382.435657,272458.764202254,"Forage-limited potential carrying capacity","Estimated",5946321.81049356,0,0,"Cluster","Cluster_3","Cluster B — Omaheke & Otjozondjupa (Central / Group 4)","SSP585_2090","With_Intervention","SSP585_2090_With_Intervention",699076.605788319,-426617.841586065,-61.0259073259913,272459,-426618
"Leopard","Carnivore","Carnivore",50,,,,"Prey biomass required - not estimated from forage","Not estimated: requires local preferred-prey biomass/density data",5946321.81049356,0,0,"Cluster","Cluster_3","Cluster B — Omaheke & Otjozondjupa (Central / Group 4)","SSP585_2090","With_Intervention","SSP585_2090_With_Intervention",,,,,
"Ostrich","Mixed","Mixed_Open",100,912.5,1289165777.82227,1412784.4140518,"Forage-limited potential carrying capacity","Estimated",5946321.81049356,0,0,"Cluster","Cluster_3","Cluster B — Omaheke & Otjozondjupa (Central / Group 4)","SSP585_2090","With_Intervention","SSP585_2090_With_Intervention",1053128.17960427,359656.234447528,34.1512307250836,1412784,359656
"Red Hartebeest","Grazer","General_Grazer",150,1368.75,1465353064.50299,1070577.58137204,"Forage-limited potential carrying capacity","Estimated",5946321.81049356,0,0,"Cluster","Cluster_3","Cluster B — Omaheke & Otjozondjupa (Central / Group 4)","SSP585_2090","With_Intervention","SSP585_2090_With_Intervention",400337.762748148,670239.818623896,167.418585252359,1070578,670240
"Red Lechwe","Grazer","Wetland_Grazer",80,730,641728443.825432,879080.060034839,"Forage-limited potential carrying capacity","Estimated",5946321.81049356,0,0,"Cluster","Cluster_3","Cluster B — Omaheke & Otjozondjupa (Central / Group 4)","SSP585_2090","With_Intervention","SSP585_2090_With_Intervention",229081.134381058,649998.925653781,283.741796289764,879080,649999
"Reedbuck","Grazer","Wetland_Grazer",45,410.625,641728443.825432,1562808.99561749,"Forage-limited potential carrying capacity","Estimated",5946321.81049356,0,0,"Cluster","Cluster_3","Cluster B — Omaheke & Otjozondjupa (Central / Group 4)","SSP585_2090","With_Intervention","SSP585_2090_With_Intervention",407255.350010769,1155553.64560672,283.741796289764,1562809,1155554
"Roan","Grazer","General_Grazer",240,2190,1465353064.50299,669110.988357528,"Forage-limited potential carrying capacity","Estimated",5946321.81049356,0,0,"Cluster","Cluster_3","Cluster B — Omaheke & Otjozondjupa (Central / Group 4)","SSP585_2090","With_Intervention","SSP585_2090_With_Intervention",250211.101717593,418899.886639935,167.418585252359,669111,418900
"Sable","Grazer","General_Grazer",200,1825,1465353064.50299,802933.186029033,"Forage-limited potential carrying capacity","Estimated",5946321.81049356,0,0,"Cluster","Cluster_3","Cluster B — Omaheke & Otjozondjupa (Central / Group 4)","SSP585_2090","With_Intervention","SSP585_2090_With_Intervention",300253.322061111,502679.863967922,167.418585252359,802933,502680
"Spotted Hyaena","Carnivore","Carnivore",55,,,,"Prey biomass required - not estimated from forage","Not estimated: requires local preferred-prey biomass/density data",5946321.81049356,0,0,"Cluster","Cluster_3","Cluster B — Omaheke & Otjozondjupa (Central / Group 4)","SSP585_2090","With_Intervention","SSP585_2090_With_Intervention",,,,,
"Springbok","Grazer","Arid_Grazer",38,346.75,1293385843.54044,3730024.06212095,"Forage-limited potential carrying capacity","Estimated",5946321.81049356,0,0,"Cluster","Cluster_3","Cluster B — Omaheke & Otjozondjupa (Central / Group 4)","SSP585_2090","With_Intervention","SSP585_2090_With_Intervention",1959524.84569756,1770499.21642339,90.3534966811363,3730024,1770499
"Steenbok","Browser","Shrub_Browser",10,91.25,586850984.865254,6431243.66975621,"Forage-limited potential carrying capacity","Estimated",5946321.81049356,0,0,"Cluster","Cluster_3","Cluster B — Omaheke & Otjozondjupa (Central / Group 4)","SSP585_2090","With_Intervention","SSP585_2090_With_Intervention",15590732.8362704,-9159489.16651419,-58.7495742676411,6431244,-9159489
"Vervet monkey","Omnivore","Omnivore",5,45.625,632403910.100016,13860907.6186305,"Forage-limited potential carrying capacity","Estimated",5946321.81049356,0,0,"Cluster","Cluster_3","Cluster B — Omaheke & Otjozondjupa (Central / Group 4)","SSP585_2090","With_Intervention","SSP585_2090_With_Intervention",15921847.4986357,-2060939.88000521,-12.9441001126396,13860908,-2060940
"Warthog","Grazer","General_Grazer",70,638.75,1465353064.50299,2294094.81722581,"Forage-limited potential carrying capacity","Estimated",5946321.81049356,0,0,"Cluster","Cluster_3","Cluster B — Omaheke & Otjozondjupa (Central / Group 4)","SSP585_2090","With_Intervention","SSP585_2090_With_Intervention",857866.634460317,1436228.18276549,167.418585252359,2294095,1436228
"Baboon","Omnivore","Omnivore",24,219,404132782.98577,1845355.17345101,"Forage-limited potential carrying capacity","Estimated",5126424.88987576,0,0,"Cluster","Cluster_4","Cluster E — Kunene (North)","SSP585_2090","With_Intervention","SSP585_2090_With_Intervention",1561177.40686056,284177.766590447,18.2027849840533,1845355,284178
"Black rhinoceros","Browser","Shrub_Browser",1000,9125,397966608.48788,43612.7790123704,"Forage-limited potential carrying capacity","Estimated",5126424.88987576,0,0,"Cluster","Cluster_4","Cluster E — Kunene (North)","SSP585_2090","With_Intervention","SSP585_2090_With_Intervention",70031.8492860938,-26419.0702737234,-37.7243647612336,43613,-26419
"Black-backed Jackal","Carnivore","Carnivore",8.5,,,,"Prey biomass required - not estimated from forage","Not estimated: requires local preferred-prey biomass/density data",5126424.88987576,0,0,"Cluster","Cluster_4","Cluster E — Kunene (North)","SSP585_2090","With_Intervention","SSP585_2090_With_Intervention",,,,,
"Black-faced Impala","Mixed","Mixed_Open",50,456.25,809797413.098714,1774898.43966842,"Forage-limited potential carrying capacity","Estimated",5126424.88987576,0,0,"Cluster","Cluster_4","Cluster E — Kunene (North)","SSP585_2090","With_Intervention","SSP585_2090_With_Intervention",1046230.4695093,728667.97015912,69.6469842348294,1774898,728668
"Blue wildebeest","Grazer","General_Grazer",220,2007.5,907909091.205193,452258.575942811,"Forage-limited potential carrying capacity","Estimated",5126424.88987576,0,0,"Cluster","Cluster_4","Cluster E — Kunene (North)","SSP585_2090","With_Intervention","SSP585_2090_With_Intervention",157569.9153034,294688.660639411,187.020891692421,452259,294689
"Buffalo","Grazer","General_Grazer",500,4562.5,907909091.205193,198993.773414837,"Forage-limited potential carrying capacity","Estimated",5126424.88987576,0,0,"Cluster","Cluster_4","Cluster E — Kunene (North)","SSP585_2090","With_Intervention","SSP585_2090_With_Intervention",69330.7627334959,129663.010681341,187.020891692421,198994,129663
"Burchell's zebra","Grazer","General_Grazer",320,2920,907909091.205193,310927.770960682,"Forage-limited potential carrying capacity","Estimated",5126424.88987576,0,0,"Cluster","Cluster_4","Cluster E — Kunene (North)","SSP585_2090","With_Intervention","SSP585_2090_With_Intervention",108329.316771087,202598.454189595,187.020891692421,310928,202598
"Bushpig","Omnivore","Omnivore",60,547.5,404132782.98577,738142.069380402,"Forage-limited potential carrying capacity","Estimated",5126424.88987576,0,0,"Cluster","Cluster_4","Cluster E — Kunene (North)","SSP585_2090","With_Intervention","SSP585_2090_With_Intervention",624470.962744223,113671.106636179,18.2027849840534,738142,113671
"Cheetah","Carnivore","Carnivore",45,,,,"Prey biomass required - not estimated from forage","Not estimated: requires local preferred-prey biomass/density data",5126424.88987576,0,0,"Cluster","Cluster_4","Cluster E — Kunene (North)","SSP585_2090","With_Intervention","SSP585_2090_With_Intervention",,,,,
"Damara dik dik","Browser","Shrub_Browser",5,45.625,397966608.48788,8722555.80247408,"Forage-limited potential carrying capacity","Estimated",5126424.88987576,0,0,"Cluster","Cluster_4","Cluster E — Kunene (North)","SSP585_2090","With_Intervention","SSP585_2090_With_Intervention",14006369.8572188,-5283814.05474468,-37.7243647612336,8722556,-5283814
"Duiker","Browser","Woodland_Browser",17.5,159.6875,313514167.028486,1963298.11055021,"Forage-limited potential carrying capacity","Estimated",5126424.88987576,0,0,"Cluster","Cluster_4","Cluster E — Kunene (North)","SSP585_2090","With_Intervention","SSP585_2090_With_Intervention",3295598.91632565,-1332300.80577544,-40.4266671886414,1963298,-1332301
"Eland","Mixed","Mixed_Open",500,4562.5,809797413.098714,177489.843966841,"Forage-limited potential carrying capacity","Estimated",5126424.88987576,0,0,"Cluster","Cluster_4","Cluster E — Kunene (North)","SSP585_2090","With_Intervention","SSP585_2090_With_Intervention",104623.04695093,72866.797015912,69.6469842348293,177490,72867
"Elephant","Mixed","Large_Mixed",3500,31937.5,630148549.569889,19730.6786558087,"Forage-limited potential carrying capacity","Estimated",5126424.88987576,0,0,"Cluster","Cluster_4","Cluster E — Kunene (North)","SSP585_2090","With_Intervention","SSP585_2090_With_Intervention",16318.2543234767,3412.42433233191,20.9116996505106,19731,3412
"Gemsbok","Mixed","Arid_Mixed",210,1916.25,786170303.766306,410264.998703878,"Forage-limited potential carrying capacity","Estimated",5126424.88987576,0,0,"Cluster","Cluster_4","Cluster E — Kunene (North)","SSP585_2090","With_Intervention","SSP585_2090_With_Intervention",263420.728641587,146844.270062291,55.7451461088654,410265,146844
"Giraffe","Browser","Woodland_Browser",850,7756.25,313514167.028486,40420.8434525042,"Forage-limited potential carrying capacity","Estimated",5126424.88987576,0,0,"Cluster","Cluster_4","Cluster E — Kunene (North)","SSP585_2090","With_Intervention","SSP585_2090_With_Intervention",67850.5659243516,-27429.7224718473,-40.4266671886414,40421,-27430
"Hartmann's zebra","Grazer","Arid_Grazer",280,2555,827710827.231344,323957.270932033,"Forage-limited potential carrying capacity","Estimated",5126424.88987576,0,0,"Cluster","Cluster_4","Cluster E — Kunene (North)","SSP585_2090","With_Intervention","SSP585_2090_With_Intervention",156909.927115636,167047.343816397,106.460659874815,323957,167047
"Hippopotamus","Grazer","Wetland_Grazer",1400,12775,391214095.360922,30623.4125527141,"Forage-limited potential carrying capacity","Estimated",5126424.88987576,0,0,"Cluster","Cluster_4","Cluster E — Kunene (North)","SSP585_2090","With_Intervention","SSP585_2090_With_Intervention",7787.49998578055,22835.9125669335,293.23804312848,30623,22836
"Impala","Mixed","Mixed_Open",50,456.25,809797413.098714,1774898.43966842,"Forage-limited potential carrying capacity","Estimated",5126424.88987576,0,0,"Cluster","Cluster_4","Cluster E — Kunene (North)","SSP585_2090","With_Intervention","SSP585_2090_With_Intervention",1046230.4695093,728667.97015912,69.6469842348294,1774898,728668
"Klipspringer","Browser","Rocky_Browser",11,100.375,322837035.961069,3216309.20011028,"Forage-limited potential carrying capacity","Estimated",5126424.88987576,0,0,"Cluster","Cluster_4","Cluster E — Kunene (North)","SSP585_2090","With_Intervention","SSP585_2090_With_Intervention",5220569.59114109,-2004260.39103081,-38.3916037520482,3216309,-2004260
"Kudu","Browser","Woodland_Browser",190,1733.75,313514167.028486,180830.089129624,"Forage-limited potential carrying capacity","Estimated",5126424.88987576,0,0,"Cluster","Cluster_4","Cluster E — Kunene (North)","SSP585_2090","With_Intervention","SSP585_2090_With_Intervention",303542.005451046,-122711.916321422,-40.4266671886414,180830,-122712
"Leopard","Carnivore","Carnivore",50,,,,"Prey biomass required - not estimated from forage","Not estimated: requires local preferred-prey biomass/density data",5126424.88987576,0,0,"Cluster","Cluster_4","Cluster E — Kunene (North)","SSP585_2090","With_Intervention","SSP585_2090_With_Intervention",,,,,
"Ostrich","Mixed","Mixed_Open",100,912.5,809797413.098714,887449.219834208,"Forage-limited potential carrying capacity","Estimated",5126424.88987576,0,0,"Cluster","Cluster_4","Cluster E — Kunene (North)","SSP585_2090","With_Intervention","SSP585_2090_With_Intervention",523115.234754648,364333.98507956,69.6469842348294,887449,364334
"Red Hartebeest","Grazer","General_Grazer",150,1368.75,907909091.205193,663312.578049456,"Forage-limited potential carrying capacity","Estimated",5126424.88987576,0,0,"Cluster","Cluster_4","Cluster E — Kunene (North)","SSP585_2090","With_Intervention","SSP585_2090_With_Intervention",231102.542444986,432210.03560447,187.020891692421,663313,432210
"Red Lechwe","Grazer","Wetland_Grazer",80,730,391214095.360922,535909.719672497,"Forage-limited potential carrying capacity","Estimated",5126424.88987576,0,0,"Cluster","Cluster_4","Cluster E — Kunene (North)","SSP585_2090","With_Intervention","SSP585_2090_With_Intervention",136281.24975116,399628.469921337,293.23804312848,535910,399628
"Reedbuck","Grazer","Wetland_Grazer",45,410.625,391214095.360922,952728.390528883,"Forage-limited potential carrying capacity","Estimated",5126424.88987576,0,0,"Cluster","Cluster_4","Cluster E — Kunene (North)","SSP585_2090","With_Intervention","SSP585_2090_With_Intervention",242277.777335395,710450.613193488,293.23804312848,952728,710451
"Roan","Grazer","General_Grazer",240,2190,907909091.205193,414570.36128091,"Forage-limited potential carrying capacity","Estimated",5126424.88987576,0,0,"Cluster","Cluster_4","Cluster E — Kunene (North)","SSP585_2090","With_Intervention","SSP585_2090_With_Intervention",144439.089028116,270131.272252794,187.020891692421,414570,270131
"Sable","Grazer","General_Grazer",200,1825,907909091.205193,497484.433537092,"Forage-limited potential carrying capacity","Estimated",5126424.88987576,0,0,"Cluster","Cluster_4","Cluster E — Kunene (North)","SSP585_2090","With_Intervention","SSP585_2090_With_Intervention",173326.90683374,324157.526703352,187.020891692421,497484,324158
"Spotted Hyaena","Carnivore","Carnivore",55,,,,"Prey biomass required - not estimated from forage","Not estimated: requires local preferred-prey biomass/density data",5126424.88987576,0,0,"Cluster","Cluster_4","Cluster E — Kunene (North)","SSP585_2090","With_Intervention","SSP585_2090_With_Intervention",,,,,
"Springbok","Grazer","Arid_Grazer",38,346.75,827710827.231344,2387053.57528866,"Forage-limited potential carrying capacity","Estimated",5126424.88987576,0,0,"Cluster","Cluster_4","Cluster E — Kunene (North)","SSP585_2090","With_Intervention","SSP585_2090_With_Intervention",1156178.41032574,1230875.16496292,106.460659874815,2387054,1230875
"Steenbok","Browser","Shrub_Browser",10,91.25,397966608.48788,4361277.90123704,"Forage-limited potential carrying capacity","Estimated",5126424.88987576,0,0,"Cluster","Cluster_4","Cluster E — Kunene (North)","SSP585_2090","With_Intervention","SSP585_2090_With_Intervention",7003184.92860938,-2641907.02737234,-37.7243647612336,4361278,-2641907
"Vervet monkey","Omnivore","Omnivore",5,45.625,404132782.98577,8857704.83256483,"Forage-limited potential carrying capacity","Estimated",5126424.88987576,0,0,"Cluster","Cluster_4","Cluster E — Kunene (North)","SSP585_2090","With_Intervention","SSP585_2090_With_Intervention",7493651.55293068,1364053.27963415,18.2027849840534,8857705,1364053
"Warthog","Grazer","General_Grazer",70,638.75,907909091.205193,1421384.09582026,"Forage-limited potential carrying capacity","Estimated",5126424.88987576,0,0,"Cluster","Cluster_4","Cluster E — Kunene (North)","SSP585_2090","With_Intervention","SSP585_2090_With_Intervention",495219.733810685,926164.362009578,187.020891692421,1421384,926164
"Baboon","Omnivore","Omnivore",24,219,154657997.312892,706200.900972111,"Forage-limited potential carrying capacity","Estimated",1422473.1935077,38.2242637518793,0.0026871693559034,"Cluster","Cluster_5","Cluster D — Omusati, Oshana, Oshikoto & Ohangwena","SSP585_2090","With_Intervention","SSP585_2090_With_Intervention",783196.499598643,-76995.5986265321,-9.8309426390426,706201,-76996
"Black rhinoceros","Browser","Shrub_Browser",1000,9125,182084242.969552,19954.4375857044,"Forage-limited potential carrying capacity","Estimated",1422473.1935077,38.2242637518793,0.0026871693559034,"Cluster","Cluster_5","Cluster D — Omusati, Oshana, Oshikoto & Ohangwena","SSP585_2090","With_Intervention","SSP585_2090_With_Intervention",28810.2263127114,-8855.78872700702,-30.7383518299534,19954,-8856
"Black-backed Jackal","Carnivore","Carnivore",8.5,,,,"Prey biomass required - not estimated from forage","Not estimated: requires local preferred-prey biomass/density data",1422473.1935077,38.2242637518793,0.0026871693559034,"Cluster","Cluster_5","Cluster D — Omusati, Oshana, Oshikoto & Ohangwena","SSP585_2090","With_Intervention","SSP585_2090_With_Intervention",,,,,
"Black-faced Impala","Mixed","Mixed_Open",50,456.25,286715637.996858,628417.836705443,"Forage-limited potential carrying capacity","Estimated",1422473.1935077,38.2242637518793,0.0026871693559034,"Cluster","Cluster_5","Cluster D — Omusati, Oshana, Oshikoto & Ohangwena","SSP585_2090","With_Intervention","SSP585_2090_With_Intervention",595696.659539816,32721.1771656274,5.49292607934128,628418,32721
"Blue wildebeest","Grazer","General_Grazer",220,2007.5,296983027.000102,147936.750684982,"Forage-limited potential carrying capacity","Estimated",1422473.1935077,38.2242637518793,0.0026871693559034,"Cluster","Cluster_5","Cluster D — Omusati, Oshana, Oshikoto & Ohangwena","SSP585_2090","With_Intervention","SSP585_2090_With_Intervention",115479.607571885,32457.1431130975,28.1063850107849,147937,32457
"Buffalo","Grazer","General_Grazer",500,4562.5,296983027.000102,65092.1703013922,"Forage-limited potential carrying capacity","Estimated",1422473.1935077,38.2242637518793,0.0026871693559034,"Cluster","Cluster_5","Cluster D — Omusati, Oshana, Oshikoto & Ohangwena","SSP585_2090","With_Intervention","SSP585_2090_With_Intervention",50811.0273316293,14281.1429697629,28.1063850107849,65092,14281
"Burchell's zebra","Grazer","General_Grazer",320,2920,296983027.000102,101706.516095925,"Forage-limited potential carrying capacity","Estimated",1422473.1935077,38.2242637518793,0.0026871693559034,"Cluster","Cluster_5","Cluster D — Omusati, Oshana, Oshikoto & Ohangwena","SSP585_2090","With_Intervention","SSP585_2090_With_Intervention",79392.2302056708,22314.2858902545,28.1063850107849,101707,22314
"Bushpig","Omnivore","Omnivore",60,547.5,154657997.312892,282480.360388844,"Forage-limited potential carrying capacity","Estimated",1422473.1935077,38.2242637518793,0.0026871693559034,"Cluster","Cluster_5","Cluster D — Omusati, Oshana, Oshikoto & Ohangwena","SSP585_2090","With_Intervention","SSP585_2090_With_Intervention",313278.599839457,-30798.2394506129,-9.8309426390426,282480,-30798
"Cheetah","Carnivore","Carnivore",45,,,,"Prey biomass required - not estimated from forage","Not estimated: requires local preferred-prey biomass/density data",1422473.1935077,38.2242637518793,0.0026871693559034,"Cluster","Cluster_5","Cluster D — Omusati, Oshana, Oshikoto & Ohangwena","SSP585_2090","With_Intervention","SSP585_2090_With_Intervention",,,,,
"Damara dik dik","Browser","Shrub_Browser",5,45.625,182084242.969552,3990887.51714087,"Forage-limited potential carrying capacity","Estimated",1422473.1935077,38.2242637518793,0.0026871693559034,"Cluster","Cluster_5","Cluster D — Omusati, Oshana, Oshikoto & Ohangwena","SSP585_2090","With_Intervention","SSP585_2090_With_Intervention",5762045.26254227,-1771157.7454014,-30.7383518299534,3990888,-1771158
"Duiker","Browser","Woodland_Browser",17.5,159.6875,152386759.508568,954281.077157373,"Forage-limited potential carrying capacity","Estimated",1422473.1935077,38.2242637518793,0.0026871693559034,"Cluster","Cluster_5","Cluster D — Omusati, Oshana, Oshikoto & Ohangwena","SSP585_2090","With_Intervention","SSP585_2090_With_Intervention",1392356.38512432,-438075.307966948,-31.4628720525337,954281,-438075
"Eland","Mixed","Mixed_Open",500,4562.5,286715637.996858,62841.7836705443,"Forage-limited potential carrying capacity","Estimated",1422473.1935077,38.2242637518793,0.0026871693559034,"Cluster","Cluster_5","Cluster D — Omusati, Oshana, Oshikoto & Ohangwena","SSP585_2090","With_Intervention","SSP585_2090_With_Intervention",59569.6659539816,3272.11771656275,5.49292607934129,62842,3272
"Elephant","Mixed","Large_Mixed",3500,31937.5,237587375.443877,7439.1350432525,"Forage-limited potential carrying capacity","Estimated",1422473.1935077,38.2242637518793,0.0026871693559034,"Cluster","Cluster_5","Cluster D — Omusati, Oshana, Oshikoto & Ohangwena","SSP585_2090","With_Intervention","SSP585_2090_With_Intervention",8065.78314837636,-626.648105123862,-7.76921587893181,7439,-627
"Gemsbok","Mixed","Arid_Mixed",210,1916.25,273094355.251263,142514.992955649,"Forage-limited potential carrying capacity","Estimated",1422473.1935077,38.2242637518793,0.0026871693559034,"Cluster","Cluster_5","Cluster D — Omusati, Oshana, Oshikoto & Ohangwena","SSP585_2090","With_Intervention","SSP585_2090_With_Intervention",137314.707455286,5200.28550036298,3.78712928624659,142515,5200
"Giraffe","Browser","Woodland_Browser",850,7756.25,152386759.508568,19646.96335324,"Forage-limited potential carrying capacity","Estimated",1422473.1935077,38.2242637518793,0.0026871693559034,"Cluster","Cluster_5","Cluster D — Omusati, Oshana, Oshikoto & Ohangwena","SSP585_2090","With_Intervention","SSP585_2090_With_Intervention",28666.1608702066,-9019.19751696657,-31.4628720525337,19647,-9019
"Hartmann's zebra","Grazer","Arid_Grazer",280,2555,271946240.717009,106436.884820747,"Forage-limited potential carrying capacity","Estimated",1422473.1935077,38.2242637518793,0.0026871693559034,"Cluster","Cluster_5","Cluster D — Omusati, Oshana, Oshikoto & Ohangwena","SSP585_2090","With_Intervention","SSP585_2090_With_Intervention",90698.3305757486,15738.5542449985,17.3526393982016,106437,15739
"Hippopotamus","Grazer","Wetland_Grazer",1400,12775,126262068.054238,9883.52783203427,"Forage-limited potential carrying capacity","Estimated",1422473.1935077,38.2242637518793,0.0026871693559034,"Cluster","Cluster_5","Cluster D — Omusati, Oshana, Oshikoto & Ohangwena","SSP585_2090","With_Intervention","SSP585_2090_With_Intervention",7173.25266099403,2710.27517104023,37.7830713502939,9884,2710
"Impala","Mixed","Mixed_Open",50,456.25,286715637.996858,628417.836705443,"Forage-limited potential carrying capacity","Estimated",1422473.1935077,38.2242637518793,0.0026871693559034,"Cluster","Cluster_5","Cluster D — Omusati, Oshana, Oshikoto & Ohangwena","SSP585_2090","With_Intervention","SSP585_2090_With_Intervention",595696.659539816,32721.1771656274,5.49292607934128,628418,32721
"Klipspringer","Browser","Rocky_Browser",11,100.375,136306490.817897,1357972.51126173,"Forage-limited potential carrying capacity","Estimated",1422473.1935077,38.2242637518793,0.0026871693559034,"Cluster","Cluster_5","Cluster D — Omusati, Oshana, Oshikoto & Ohangwena","SSP585_2090","With_Intervention","SSP585_2090_With_Intervention",1961016.77568894,-603044.264427207,-30.7516117099685,1357973,-603044
"Kudu","Browser","Woodland_Browser",190,1733.75,152386759.508568,87894.3097381791,"Forage-limited potential carrying capacity","Estimated",1422473.1935077,38.2242637518793,0.0026871693559034,"Cluster","Cluster_5","Cluster D — Omusati, Oshana, Oshikoto & Ohangwena","SSP585_2090","With_Intervention","SSP585_2090_With_Intervention",128243.351261451,-40349.0415232715,-31.4628720525336,87894,-40349
"Leopard","Carnivore","Carnivore",50,,,,"Prey biomass required - not estimated from forage","Not estimated: requires local preferred-prey biomass/density data",1422473.1935077,38.2242637518793,0.0026871693559034,"Cluster","Cluster_5","Cluster D — Omusati, Oshana, Oshikoto & Ohangwena","SSP585_2090","With_Intervention","SSP585_2090_With_Intervention",,,,,
"Ostrich","Mixed","Mixed_Open",100,912.5,286715637.996858,314208.918352722,"Forage-limited potential carrying capacity","Estimated",1422473.1935077,38.2242637518793,0.0026871693559034,"Cluster","Cluster_5","Cluster D — Omusati, Oshana, Oshikoto & Ohangwena","SSP585_2090","With_Intervention","SSP585_2090_With_Intervention",297848.329769908,16360.5885828137,5.49292607934128,314209,16361
"Red Hartebeest","Grazer","General_Grazer",150,1368.75,296983027.000102,216973.901004641,"Forage-limited potential carrying capacity","Estimated",1422473.1935077,38.2242637518793,0.0026871693559034,"Cluster","Cluster_5","Cluster D — Omusati, Oshana, Oshikoto & Ohangwena","SSP585_2090","With_Intervention","SSP585_2090_With_Intervention",169370.091105431,47603.8098992097,28.1063850107849,216974,47604
"Red Lechwe","Grazer","Wetland_Grazer",80,730,126262068.054238,172961.7370606,"Forage-limited potential carrying capacity","Estimated",1422473.1935077,38.2242637518793,0.0026871693559034,"Cluster","Cluster_5","Cluster D — Omusati, Oshana, Oshikoto & Ohangwena","SSP585_2090","With_Intervention","SSP585_2090_With_Intervention",125531.921567396,47429.8154932041,37.7830713502939,172962,47430
"Reedbuck","Grazer","Wetland_Grazer",45,410.625,126262068.054238,307487.532552177,"Forage-limited potential carrying capacity","Estimated",1422473.1935077,38.2242637518793,0.0026871693559034,"Cluster","Cluster_5","Cluster D — Omusati, Oshana, Oshikoto & Ohangwena","SSP585_2090","With_Intervention","SSP585_2090_With_Intervention",223167.860564259,84319.6719879184,37.7830713502939,307488,84320
"Roan","Grazer","General_Grazer",240,2190,296983027.000102,135608.6881279,"Forage-limited potential carrying capacity","Estimated",1422473.1935077,38.2242637518793,0.0026871693559034,"Cluster","Cluster_5","Cluster D — Omusati, Oshana, Oshikoto & Ohangwena","SSP585_2090","With_Intervention","SSP585_2090_With_Intervention",105856.306940894,29752.381187006,28.1063850107849,135609,29752
"Sable","Grazer","General_Grazer",200,1825,296983027.000102,162730.425753481,"Forage-limited potential carrying capacity","Estimated",1422473.1935077,38.2242637518793,0.0026871693559034,"Cluster","Cluster_5","Cluster D — Omusati, Oshana, Oshikoto & Ohangwena","SSP585_2090","With_Intervention","SSP585_2090_With_Intervention",127027.568329073,35702.8574244073,28.1063850107849,162730,35703
"Spotted Hyaena","Carnivore","Carnivore",55,,,,"Prey biomass required - not estimated from forage","Not estimated: requires local preferred-prey biomass/density data",1422473.1935077,38.2242637518793,0.0026871693559034,"Cluster","Cluster_5","Cluster D — Omusati, Oshana, Oshikoto & Ohangwena","SSP585_2090","With_Intervention","SSP585_2090_With_Intervention",,,,,
"Springbok","Grazer","Arid_Grazer",38,346.75,271946240.717009,784271.782889715,"Forage-limited potential carrying capacity","Estimated",1422473.1935077,38.2242637518793,0.0026871693559034,"Cluster","Cluster_5","Cluster D — Omusati, Oshana, Oshikoto & Ohangwena","SSP585_2090","With_Intervention","SSP585_2090_With_Intervention",668303.488452884,115968.294436831,17.3526393982016,784272,115968
"Steenbok","Browser","Shrub_Browser",10,91.25,182084242.969552,1995443.75857044,"Forage-limited potential carrying capacity","Estimated",1422473.1935077,38.2242637518793,0.0026871693559034,"Cluster","Cluster_5","Cluster D — Omusati, Oshana, Oshikoto & Ohangwena","SSP585_2090","With_Intervention","SSP585_2090_With_Intervention",2881022.63127114,-885578.872700702,-30.7383518299534,1995444,-885579
"Vervet monkey","Omnivore","Omnivore",5,45.625,154657997.312892,3389764.32466613,"Forage-limited potential carrying capacity","Estimated",1422473.1935077,38.2242637518793,0.0026871693559034,"Cluster","Cluster_5","Cluster D — Omusati, Oshana, Oshikoto & Ohangwena","SSP585_2090","With_Intervention","SSP585_2090_With_Intervention",3759343.19807349,-369578.873407354,-9.8309426390426,3389764,-369579
"Warthog","Grazer","General_Grazer",70,638.75,296983027.000102,464944.073581373,"Forage-limited potential carrying capacity","Estimated",1422473.1935077,38.2242637518793,0.0026871693559034,"Cluster","Cluster_5","Cluster D — Omusati, Oshana, Oshikoto & Ohangwena","SSP585_2090","With_Intervention","SSP585_2090_With_Intervention",362935.909511638,102008.164069735,28.1063850107849,464944,102008
"Baboon","Omnivore","Omnivore",24,219,47073070.4460051,214945.527150708,"Forage-limited potential carrying capacity","Estimated",797331.445462821,0,0,"Cluster","Cluster_6","Cluster F —    //Karas,Hardap","SSP585_2090","With_Intervention","SSP585_2090_With_Intervention",220657.268463603,-5711.74131289427,-2.58851265252403,214946,-5712
"Black rhinoceros","Browser","Shrub_Browser",1000,9125,38542283.6003511,4223.81190140834,"Forage-limited potential carrying capacity","Estimated",797331.445462821,0,0,"Cluster","Cluster_6","Cluster F —    //Karas,Hardap","SSP585_2090","With_Intervention","SSP585_2090_With_Intervention",5609.42788806347,-1385.61598665513,-24.7015562782015,4224,-1386
"Black-backed Jackal","Carnivore","Carnivore",8.5,,,,"Prey biomass required - not estimated from forage","Not estimated: requires local preferred-prey biomass/density data",797331.445462821,0,0,"Cluster","Cluster_6","Cluster F —    //Karas,Hardap","SSP585_2090","With_Intervention","SSP585_2090_With_Intervention",,,,,
"Black-faced Impala","Mixed","Mixed_Open",50,456.25,99857737.3553004,218866.273655453,"Forage-limited potential carrying capacity","Estimated",797331.445462821,0,0,"Cluster","Cluster_6","Cluster F —    //Karas,Hardap","SSP585_2090","With_Intervention","SSP585_2090_With_Intervention",207400.497538045,11465.7761174084,5.52832623523728,218866,11466
"Blue wildebeest","Grazer","General_Grazer",220,2007.5,118097310.799605,58828.0502115091,"Forage-limited potential carrying capacity","Estimated",797331.445462821,0,0,"Cluster","Cluster_6","Cluster F —    //Karas,Hardap","SSP585_2090","With_Intervention","SSP585_2090_With_Intervention",51921.408368843,6906.64184266613,13.3021080506951,58828,6907
"Buffalo","Grazer","General_Grazer",500,4562.5,118097310.799605,25884.342093064,"Forage-limited potential carrying capacity","Estimated",797331.445462821,0,0,"Cluster","Cluster_6","Cluster F —    //Karas,Hardap","SSP585_2090","With_Intervention","SSP585_2090_With_Intervention",22845.4196822909,3038.9224107731,13.3021080506951,25884,3039
"Burchell's zebra","Grazer","General_Grazer",320,2920,118097310.799605,40444.2845204125,"Forage-limited potential carrying capacity","Estimated",797331.445462821,0,0,"Cluster","Cluster_6","Cluster F —    //Karas,Hardap","SSP585_2090","With_Intervention","SSP585_2090_With_Intervention",35695.9682535795,4748.31626683297,13.3021080506951,40444,4748
"Bushpig","Omnivore","Omnivore",60,547.5,47073070.4460051,85978.2108602833,"Forage-limited potential carrying capacity","Estimated",797331.445462821,0,0,"Cluster","Cluster_6","Cluster F —    //Karas,Hardap","SSP585_2090","With_Intervention","SSP585_2090_With_Intervention",88262.9073854411,-2284.69652515772,-2.58851265252404,85978,-2285
"Cheetah","Carnivore","Carnivore",45,,,,"Prey biomass required - not estimated from forage","Not estimated: requires local preferred-prey biomass/density data",797331.445462821,0,0,"Cluster","Cluster_6","Cluster F —    //Karas,Hardap","SSP585_2090","With_Intervention","SSP585_2090_With_Intervention",,,,,
"Damara dik dik","Browser","Shrub_Browser",5,45.625,38542283.6003511,844762.380281669,"Forage-limited potential carrying capacity","Estimated",797331.445462821,0,0,"Cluster","Cluster_6","Cluster F —    //Karas,Hardap","SSP585_2090","With_Intervention","SSP585_2090_With_Intervention",1121885.57761269,-277123.197331025,-24.7015562782015,844762,-277123
"Duiker","Browser","Woodland_Browser",17.5,159.6875,28760281.3031386,180103.522837659,"Forage-limited potential carrying capacity","Estimated",797331.445462821,0,0,"Cluster","Cluster_6","Cluster F —    //Karas,Hardap","SSP585_2090","With_Intervention","SSP585_2090_With_Intervention",244525.938978847,-64422.4161411884,-26.3458414310644,180104,-64422
"Eland","Mixed","Mixed_Open",500,4562.5,99857737.3553004,21886.6273655453,"Forage-limited potential carrying capacity","Estimated",797331.445462821,0,0,"Cluster","Cluster_6","Cluster F —    //Karas,Hardap","SSP585_2090","With_Intervention","SSP585_2090_With_Intervention",20740.0497538045,1146.57761174084,5.52832623523729,21887,1147
"Elephant","Mixed","Large_Mixed",3500,31937.5,74130009.1442129,2321.09617672682,"Forage-limited potential carrying capacity","Estimated",797331.445462821,0,0,"Cluster","Cluster_6","Cluster F —    //Karas,Hardap","SSP585_2090","With_Intervention","SSP585_2090_With_Intervention",2375.29866877352,-54.2024920466961,-2.28192322756125,2321,-54
"Gemsbok","Mixed","Arid_Mixed",210,1916.25,97998404.6792458,51140.7199891694,"Forage-limited potential carrying capacity","Estimated",797331.445462821,0,0,"Cluster","Cluster_6","Cluster F —    //Karas,Hardap","SSP585_2090","With_Intervention","SSP585_2090_With_Intervention",49887.1210865332,1253.5989026362,2.51287080780174,51141,1254
"Giraffe","Browser","Woodland_Browser",850,7756.25,28760281.3031386,3708.01370548121,"Forage-limited potential carrying capacity","Estimated",797331.445462821,0,0,"Cluster","Cluster_6","Cluster F —    //Karas,Hardap","SSP585_2090","With_Intervention","SSP585_2090_With_Intervention",5034.35756721156,-1326.34386173035,-26.3458414310644,3708,-1326
"Hartmann's zebra","Grazer","Arid_Grazer",280,2555,107191407.09996,41953.5839921567,"Forage-limited potential carrying capacity","Estimated",797331.445462821,0,0,"Cluster","Cluster_6","Cluster F —    //Karas,Hardap","SSP585_2090","With_Intervention","SSP585_2090_With_Intervention",39167.9360256571,2785.64796649959,7.1120621844226,41954,2786
"Hippopotamus","Grazer","Wetland_Grazer",1400,12775,51377461.3866131,4021.71909092862,"Forage-limited potential carrying capacity","Estimated",797331.445462821,0,0,"Cluster","Cluster_6","Cluster F —    //Karas,Hardap","SSP585_2090","With_Intervention","SSP585_2090_With_Intervention",3426.32087247397,595.398218454646,17.3771879696936,4022,595
"Impala","Mixed","Mixed_Open",50,456.25,99857737.3553004,218866.273655453,"Forage-limited potential carrying capacity","Estimated",797331.445462821,0,0,"Cluster","Cluster_6","Cluster F —    //Karas,Hardap","SSP585_2090","With_Intervention","SSP585_2090_With_Intervention",207400.497538045,11465.7761174084,5.52832623523728,218866,11466
"Klipspringer","Browser","Rocky_Browser",11,100.375,34088186.9746193,339608.338476904,"Forage-limited potential carrying capacity","Estimated",797331.445462821,0,0,"Cluster","Cluster_6","Cluster F —    //Karas,Hardap","SSP585_2090","With_Intervention","SSP585_2090_With_Intervention",459420.602506524,-119812.26402962,-26.0789924038983,339608,-119812
"Kudu","Browser","Woodland_Browser",190,1733.75,28760281.3031386,16588.4823666265,"Forage-limited potential carrying capacity","Estimated",797331.445462821,0,0,"Cluster","Cluster_6","Cluster F —    //Karas,Hardap","SSP585_2090","With_Intervention","SSP585_2090_With_Intervention",22522.125958578,-5933.64359195157,-26.3458414310644,16588,-5934
"Leopard","Carnivore","Carnivore",50,,,,"Prey biomass required - not estimated from forage","Not estimated: requires local preferred-prey biomass/density data",797331.445462821,0,0,"Cluster","Cluster_6","Cluster F —    //Karas,Hardap","SSP585_2090","With_Intervention","SSP585_2090_With_Intervention",,,,,
"Ostrich","Mixed","Mixed_Open",100,912.5,99857737.3553004,109433.136827726,"Forage-limited potential carrying capacity","Estimated",797331.445462821,0,0,"Cluster","Cluster_6","Cluster F —    //Karas,Hardap","SSP585_2090","With_Intervention","SSP585_2090_With_Intervention",103700.248769022,5732.88805870418,5.52832623523728,109433,5733
"Red Hartebeest","Grazer","General_Grazer",150,1368.75,118097310.799605,86281.1403102134,"Forage-limited potential carrying capacity","Estimated",797331.445462821,0,0,"Cluster","Cluster_6","Cluster F —    //Karas,Hardap","SSP585_2090","With_Intervention","SSP585_2090_With_Intervention",76151.3989409697,10129.7413692437,13.3021080506951,86281,10130
"Red Lechwe","Grazer","Wetland_Grazer",80,730,51377461.3866131,70380.0840912508,"Forage-limited potential carrying capacity","Estimated",797331.445462821,0,0,"Cluster","Cluster_6","Cluster F —    //Karas,Hardap","SSP585_2090","With_Intervention","SSP585_2090_With_Intervention",59960.6152682945,10419.4688229563,17.3771879696936,70380,10419
"Reedbuck","Grazer","Wetland_Grazer",45,410.625,51377461.3866131,125120.149495557,"Forage-limited potential carrying capacity","Estimated",797331.445462821,0,0,"Cluster","Cluster_6","Cluster F —    //Karas,Hardap","SSP585_2090","With_Intervention","SSP585_2090_With_Intervention",106596.649365857,18523.5001297001,17.3771879696936,125120,18524
"Roan","Grazer","General_Grazer",240,2190,118097310.799605,53925.7126938833,"Forage-limited potential carrying capacity","Estimated",797331.445462821,0,0,"Cluster","Cluster_6","Cluster F —    //Karas,Hardap","SSP585_2090","With_Intervention","SSP585_2090_With_Intervention",47594.6243381061,6331.08835577728,13.3021080506951,53926,6331
"Sable","Grazer","General_Grazer",200,1825,118097310.799605,64710.85523266,"Forage-limited potential carrying capacity","Estimated",797331.445462821,0,0,"Cluster","Cluster_6","Cluster F —    //Karas,Hardap","SSP585_2090","With_Intervention","SSP585_2090_With_Intervention",57113.5492057273,7597.30602693274,13.3021080506951,64711,7597
"Spotted Hyaena","Carnivore","Carnivore",55,,,,"Prey biomass required - not estimated from forage","Not estimated: requires local preferred-prey biomass/density data",797331.445462821,0,0,"Cluster","Cluster_6","Cluster F —    //Karas,Hardap","SSP585_2090","With_Intervention","SSP585_2090_With_Intervention",,,,,
"Springbok","Grazer","Arid_Grazer",38,346.75,107191407.09996,309131.671521154,"Forage-limited potential carrying capacity","Estimated",797331.445462821,0,0,"Cluster","Cluster_6","Cluster F —    //Karas,Hardap","SSP585_2090","With_Intervention","SSP585_2090_With_Intervention",288605.844399578,20525.8271215759,7.1120621844226,309132,20526
"Steenbok","Browser","Shrub_Browser",10,91.25,38542283.6003511,422381.190140834,"Forage-limited potential carrying capacity","Estimated",797331.445462821,0,0,"Cluster","Cluster_6","Cluster F —    //Karas,Hardap","SSP585_2090","With_Intervention","SSP585_2090_With_Intervention",560942.788806347,-138561.598665513,-24.7015562782015,422381,-138562
"Vervet monkey","Omnivore","Omnivore",5,45.625,47073070.4460051,1031738.5303234,"Forage-limited potential carrying capacity","Estimated",797331.445462821,0,0,"Cluster","Cluster_6","Cluster F —    //Karas,Hardap","SSP585_2090","With_Intervention","SSP585_2090_With_Intervention",1059154.88862529,-27416.3583018925,-2.58851265252403,1031739,-27416
"Warthog","Grazer","General_Grazer",70,638.75,118097310.799605,184888.1578076,"Forage-limited potential carrying capacity","Estimated",797331.445462821,0,0,"Cluster","Cluster_6","Cluster F —    //Karas,Hardap","SSP585_2090","With_Intervention","SSP585_2090_With_Intervention",163181.569159221,21706.5886483793,13.3021080506951,184888,21707
